parent_id	child_id	child_label
DOID:0001816	DOID:265	spleen angiosarcoma
DOID:0001816	DOID:268	liver angiosarcoma
DOID:0001816	DOID:4505	childhood angiosarcoma
DOID:0001816	DOID:4510	aorta angiosarcoma
DOID:0001816	DOID:4512	conventional angiosarcoma
DOID:0001816	DOID:4513	gallbladder angiosarcoma
DOID:0001816	DOID:4522	superior vena cava angiosarcoma
DOID:0001816	DOID:4525	mediastinum angiosarcoma
DOID:0001816	DOID:4527	ovarian angiosarcoma
DOID:0002116	DOID:10525	double pterygium
DOID:0002116	DOID:10526	conjunctival pterygium
DOID:0014667	DOID:0060158	acquired metabolic disease
DOID:0014667	DOID:0061212	hypocholesteremia
DOID:0014667	DOID:655	inherited metabolic disorder
DOID:0014667	DOID:9120	amyloidosis
DOID:0040001	DOID:0060525	brown shrimp allergy
DOID:0040001	DOID:0060527	Indian prawn allergy
DOID:0040001	DOID:0060528	tiger prawn allergy
DOID:0040001	DOID:0060529	white shrimp allergy
DOID:0040021	DOID:0040005	ceftriaxone allergy
DOID:0040021	DOID:0040020	cefotaxime allergy
DOID:0040021	DOID:0040023	cefaclor allergy
DOID:0040021	DOID:0040024	ceftazidime allergy
DOID:0040021	DOID:0040025	cefuroxime allergy
DOID:0040021	DOID:0040030	cefixime allergy
DOID:0040021	DOID:0040103	cefotiam allergy
DOID:0040041	DOID:0040040	hexamethylene diisocyanate allergic asthma
DOID:0040041	DOID:0040042	diphenylmethane-4,4'-diisocyanate allergic asthma
DOID:0040041	DOID:0040043	toluene meta-diisocyanate allergic asthma
DOID:0040041	DOID:0040044	methyl isocyanate allergic asthma
DOID:0040043	DOID:0040104	toluene 2,4-diisocyanate allergic asthma
DOID:0050032	DOID:10575	calcium metabolism disease
DOID:0050032	DOID:2351	iron metabolism disease
DOID:0050032	DOID:2485	phosphorus metabolism disease
DOID:0050032	DOID:4500	hypokalemia
DOID:0050117	DOID:104	bacterial infectious disease
DOID:0050117	DOID:1398	parasitic infectious disease
DOID:0050117	DOID:1564	fungal infectious disease
DOID:0050117	DOID:649	prion disease
DOID:0050117	DOID:934	viral infectious disease
DOID:0050120	DOID:0110921	familial hemophagocytic lymphohistiocytosis 1
DOID:0050120	DOID:0110922	familial hemophagocytic lymphohistiocytosis 2
DOID:0050120	DOID:0110923	familial hemophagocytic lymphohistiocytosis 3
DOID:0050120	DOID:0110924	familial hemophagocytic lymphohistiocytosis 4
DOID:0050120	DOID:0110925	familial hemophagocytic lymphohistiocytosis 5
DOID:0050127	DOID:10791	frontal sinusitis
DOID:0050127	DOID:10794	sphenoid sinusitis
DOID:0050127	DOID:2051	maxillary sinusitis
DOID:0050127	DOID:9507	ethmoid sinusitis
DOID:0050129	DOID:0060296	congenital secretory chloride diarrhea 1
DOID:0050129	DOID:0060777	congenital secretory sodium diarrhea 8
DOID:0050129	DOID:0060781	congenital secretory sodium diarrhea 3
DOID:0050133	DOID:12711	black piedra
DOID:0050133	DOID:13902	white piedra
DOID:0050133	DOID:8912	tinea nigra
DOID:0050133	DOID:9060	pityriasis versicolor
DOID:0050134	DOID:1563	dermatomycosis
DOID:0050134	DOID:8913	dermatophytosis
DOID:0050135	DOID:0050278	basidiobolomycosis
DOID:0050135	DOID:0050279	conidiobolomycosis
DOID:0050135	DOID:1562	chromoblastomycosis
DOID:0050136	DOID:0050292	primary systemic mycosis
DOID:0050136	DOID:2473	opportunistic mycosis
DOID:0050147	DOID:10519	chronic fungal otitis externa
DOID:0050152	DOID:873	anaerobic pneumonia
DOID:0050155	DOID:0060030	autoimmune disease of eyes, ear, nose and throat
DOID:0050155	DOID:0060096	sensory organ benign neoplasm
DOID:0050155	DOID:0060116	sensory system cancer
DOID:0050155	DOID:0112240	Leber congenital amaurosis with early-onset deafness
DOID:0050155	DOID:2742	auditory system disease
DOID:0050155	DOID:5614	eye disease
DOID:0050161	DOID:1176	bronchial disease
DOID:0050161	DOID:1532	pleural disease
DOID:0050161	DOID:850	lung disease
DOID:0050169	DOID:0060386	Chilblain lupus
DOID:0050177	DOID:0050451	Brugada syndrome
DOID:0050177	DOID:0050467	erythrokeratodermia variabilis
DOID:0050177	DOID:0050572	cone-rod dystrophy
DOID:0050177	DOID:0050593	primary congenital glaucoma
DOID:0050177	DOID:0050735	X-linked monogenic disease
DOID:0050177	DOID:0050738	Y-linked monogenic disease
DOID:0050177	DOID:0050739	autosomal genetic disease
DOID:0050177	DOID:0060024	lambda 5 deficiency
DOID:0050177	DOID:0060233	cardiofaciocutaneous syndrome
DOID:0050177	DOID:0060340	ciliopathy
DOID:0050177	DOID:0060565	Ritscher-Schinzel syndrome
DOID:0050177	DOID:0060648	anterior segment dysgenesis
DOID:0050177	DOID:0060674	catecholaminergic polymorphic ventricular tachycardia
DOID:0050177	DOID:0060746	basal laminar drusen
DOID:0050177	DOID:0060836	isolated microphthalmia 4
DOID:0050177	DOID:0070085	schizophrenia 9
DOID:0050177	DOID:0070089	schizophrenia 13
DOID:0050177	DOID:0070090	schizophrenia 14
DOID:0050177	DOID:0070092	schizophrenia 16
DOID:0050177	DOID:0070093	schizophrenia 18
DOID:0050177	DOID:0070305	multiple epiphyseal dysplasia due to collagen 9 anomaly
DOID:0050177	DOID:0080044	hypochondrogenesis
DOID:0050177	DOID:0080110	contractures, pterygia, and spondylocarpotarsal fusion syndrome
DOID:0050177	DOID:0080198	infantile histiocytoid cardiomyopathy
DOID:0050177	DOID:0080712	gene duplication disease
DOID:0050177	DOID:0090030	corticosteroid-binding globulin deficiency
DOID:0050177	DOID:0110049	Alzheimer's disease 17
DOID:0050177	DOID:0110050	Alzheimer's disease 18
DOID:0050177	DOID:0110291	Leber congenital amaurosis 10
DOID:0050177	DOID:0110331	Leber congenital amaurosis 3
DOID:0050177	DOID:0110333	Leber congenital amaurosis 7
DOID:0050177	DOID:0110343	osteogenesis imperfecta type 14
DOID:0050177	DOID:0110350	osteogenesis imperfecta type 6
DOID:0050177	DOID:0110429	dilated cardiomyopathy 1H
DOID:0050177	DOID:0110430	dilated cardiomyopathy 1G
DOID:0050177	DOID:0110431	dilated cardiomyopathy 1I
DOID:0050177	DOID:0110434	dilated cardiomyopathy 1Z
DOID:0050177	DOID:0110435	dilated cardiomyopathy 1GG
DOID:0050177	DOID:0110436	dilated cardiomyopathy 1L
DOID:0050177	DOID:0110437	dilated cardiomyopathy 1K
DOID:0050177	DOID:0110439	dilated cardiomyopathy 1P
DOID:0050177	DOID:0110440	dilated cardiomyopathy 1J
DOID:0050177	DOID:0110442	dilated cardiomyopathy 1Q
DOID:0050177	DOID:0110446	dilated cardiomyopathy 1W
DOID:0050177	DOID:0110449	dilated cardiomyopathy 1M
DOID:0050177	DOID:0110451	dilated cardiomyopathy 1O
DOID:0050177	DOID:0110452	dilated cardiomyopathy 1T
DOID:0050177	DOID:0110453	dilated cardiomyopathy 1EE
DOID:0050177	DOID:0110458	dilated cardiomyopathy 1BB
DOID:0050177	DOID:0110459	dilated cardiomyopathy 1FF
DOID:0050177	DOID:0110857	posterior polymorphous corneal dystrophy 3
DOID:0050177	DOID:0110882	inflammatory bowel disease 7
DOID:0050177	DOID:0110883	inflammatory bowel disease 17
DOID:0050177	DOID:0110884	inflammatory bowel disease 23
DOID:0050177	DOID:0110885	inflammatory bowel disease 10
DOID:0050177	DOID:0110886	inflammatory bowel disease 9
DOID:0050177	DOID:0110887	inflammatory bowel disease 12
DOID:0050177	DOID:0110888	inflammatory bowel disease 18
DOID:0050177	DOID:0110889	inflammatory bowel disease 5
DOID:0050177	DOID:0110890	inflammatory bowel disease 19
DOID:0050177	DOID:0110892	inflammatory bowel disease 1
DOID:0050177	DOID:0110893	inflammatory bowel disease 13
DOID:0050177	DOID:0110894	inflammatory bowel disease 11
DOID:0050177	DOID:0110895	inflammatory bowel disease 14
DOID:0050177	DOID:0110896	inflammatory bowel disease 16
DOID:0050177	DOID:0110897	inflammatory bowel disease 15
DOID:0050177	DOID:0110898	inflammatory bowel disease 20
DOID:0050177	DOID:0110900	inflammatory bowel disease 2
DOID:0050177	DOID:0110901	inflammatory bowel disease 26
DOID:0050177	DOID:0110902	inflammatory bowel disease 27
DOID:0050177	DOID:0110903	inflammatory bowel disease 4
DOID:0050177	DOID:0110904	inflammatory bowel disease 8
DOID:0050177	DOID:0110905	inflammatory bowel disease 22
DOID:0050177	DOID:0110907	inflammatory bowel disease 6
DOID:0050177	DOID:0110908	inflammatory bowel disease 24
DOID:0050177	DOID:0110925	familial hemophagocytic lymphohistiocytosis 5
DOID:0050177	DOID:0111086	Fanconi anemia complementation group G
DOID:0050177	DOID:0111088	Fanconi anemia complementation group F
DOID:0050177	DOID:0111094	Fanconi anemia complementation group N
DOID:0050177	DOID:0111097	Fanconi anemia complementation group J
DOID:0050177	DOID:0111154	postural orthostatic tachycardia syndrome
DOID:0050177	DOID:0111375	fetal akinesia deformation sequence syndrome
DOID:0050177	DOID:0112120	SHOX-related short stature
DOID:0050177	DOID:0112172	hereditary combined deficiency of vitamin K-dependent clotting factors
DOID:0050177	DOID:10983	Alport syndrome
DOID:0050177	DOID:11725	Cornelia de Lange syndrome
DOID:0050177	DOID:2187	amelogenesis imperfecta
DOID:0050177	DOID:2581	chondrodysplasia punctata
DOID:0050177	DOID:2583	agammaglobulinemia
DOID:0050177	DOID:2590	familial nephrotic syndrome
DOID:0050177	DOID:3490	Noonan syndrome
DOID:0050177	DOID:445	Bartter disease
DOID:0050177	DOID:4997	Camurati-Engelmann disease
DOID:0050177	DOID:83	cataract
DOID:0050242	DOID:0050246	granulomatous amebic encephalitis
DOID:0050291	DOID:2409	rhinosporidiosis
DOID:0050292	DOID:0050072	adiaspiromycosis
DOID:0050292	DOID:11186	allescheriosis
DOID:0050292	DOID:12662	paracoccidioidomycosis
DOID:0050292	DOID:12663	blastomycosis
DOID:0050292	DOID:13450	coccidioidomycosis
DOID:0050292	DOID:14049	phaeohyphomycosis
DOID:0050292	DOID:14484	sporotrichosis
DOID:0050292	DOID:1731	histoplasmosis
DOID:0050328	DOID:0070123	congenital nongoitrous hypothyroidism 4
DOID:0050328	DOID:0070124	congenital nongoitrous hypothyroidism 2
DOID:0050328	DOID:0070125	congenital nongoitrous hypothyroidism 5
DOID:0050328	DOID:0070126	congenital nongoitrous hypothyroidism 1
DOID:0050328	DOID:0070127	congenital nongoitrous hypothyroidism 3
DOID:0050328	DOID:0070128	congenital nongoitrous hypothyroidism 6
DOID:0050328	DOID:0111835	congenital nongoitrous hypothyroidism 9
DOID:0050328	DOID:0111836	congenital nongoitrous hypothyroidism 7
DOID:0050328	DOID:0111837	congenital nongoitrous hypothyroidism 8
DOID:0050328	DOID:0112183	familial thyroid dyshormonogenesis
DOID:0050335	DOID:0070363	bradyopsia 1
DOID:0050335	DOID:0070364	bradyopsia 2
DOID:0050338	DOID:0050061	erysipeloid
DOID:0050338	DOID:0050456	Buruli ulcer disease
DOID:0050338	DOID:0050485	sennetsu fever
DOID:0050338	DOID:0060859	salmonellosis
DOID:0050338	DOID:0070527	Borrelia miyamotoi disease
DOID:0050338	DOID:1022	pinta disease
DOID:0050338	DOID:1024	leprosy
DOID:0050338	DOID:10242	ehrlichiosis
DOID:0050338	DOID:10371	yaws
DOID:0050338	DOID:10458	legionellosis
DOID:0050338	DOID:11055	pasteurellosis
DOID:0050338	DOID:11077	brucellosis
DOID:0050338	DOID:11100	Q fever
DOID:0050338	DOID:11102	bartonellosis
DOID:0050338	DOID:11104	spotted fever
DOID:0050338	DOID:11256	typhus
DOID:0050338	DOID:11262	ornithosis
DOID:0050338	DOID:11336	rhinoscleroma
DOID:0050338	DOID:11338	tetanus
DOID:0050338	DOID:11405	diphtheria
DOID:0050338	DOID:11573	listeriosis
DOID:0050338	DOID:11729	Lyme disease
DOID:0050338	DOID:11976	botulism
DOID:0050338	DOID:12096	sodoku disease
DOID:0050338	DOID:12385	shigellosis
DOID:0050338	DOID:13034	relapsing fever
DOID:0050338	DOID:13238	Haverhill fever
DOID:0050338	DOID:13258	typhoid fever
DOID:0050338	DOID:13431	bejel
DOID:0050338	DOID:13444	glanders
DOID:0050338	DOID:13778	chancroid
DOID:0050338	DOID:1498	cholera
DOID:0050338	DOID:2123	tularemia
DOID:0050338	DOID:2297	leptospirosis
DOID:0050338	DOID:2755	Mycobacterium avium complex disease
DOID:0050338	DOID:3055	paratyphoid fever
DOID:0050338	DOID:3482	plague
DOID:0050338	DOID:399	tuberculosis
DOID:0050338	DOID:4166	syphilis
DOID:0050338	DOID:5052	melioidosis
DOID:0050338	DOID:7427	anthrax disease
DOID:0050338	DOID:7551	gonorrhea
DOID:0050338	DOID:9113	granuloma inguinale
DOID:0050338	DOID:96	staphyloenterotoxemia
DOID:0050339	DOID:1116	pertussis
DOID:0050339	DOID:11263	chlamydia
DOID:0050339	DOID:11265	trachoma
DOID:0050339	DOID:11337	Lemierre's syndrome
DOID:0050339	DOID:13800	inclusion conjunctivitis
DOID:0050339	DOID:14115	toxic shock syndrome
DOID:0050339	DOID:4974	actinobacillosis
DOID:0050339	DOID:8478	actinomycosis
DOID:0050339	DOID:9063	Ritter's disease
DOID:0050339	DOID:9159	gas gangrene
DOID:0050340	DOID:0070528	cepacia syndrome
DOID:0050340	DOID:2312	nocardiosis
DOID:0050340	DOID:3091	Acinetobacter infectious disease
DOID:0050424	DOID:0080409	familial adenomatous polyposis 1
DOID:0050424	DOID:0080410	familial adenomatous polyposis 2
DOID:0050424	DOID:0080411	familial adenomatous polyposis 3
DOID:0050424	DOID:0080412	familial adenomatous polyposis 4
DOID:0050427	DOID:0110843	xeroderma pigmentosum group A
DOID:0050427	DOID:0110844	xeroderma pigmentosum group C
DOID:0050427	DOID:0110845	xeroderma pigmentosum group D
DOID:0050427	DOID:0110846	xeroderma pigmentosum group E
DOID:0050427	DOID:0110847	xeroderma pigmentosum variant type
DOID:0050427	DOID:0110848	xeroderma pigmentosum group F
DOID:0050427	DOID:0110849	xeroderma pigmentosum group G
DOID:0050427	DOID:0110850	xeroderma pigmentosum group B
DOID:0050427	DOID:0112158	De Sanctis-Cacchione syndrome
DOID:0050428	DOID:0070550	KRT1-related nonepidermolytic palmoplantar keratoderma
DOID:0050428	DOID:0070554	palmoplantar keratoderma and woolly hair
DOID:0050428	DOID:0070555	Nagashima-type palmoplantar keratosis
DOID:0050428	DOID:0080551	Naxos disease
DOID:0050428	DOID:0111707	Bothnian type palmoplantar keratoderma
DOID:0050428	DOID:0111708	focal nonepidermolytic palmoplantar keratoderma
DOID:0050428	DOID:0111710	focal or diffuse nonepidermolytic palmoplantar keratoderma
DOID:0050431	DOID:0080959	arrhythmogenic right ventricular dysplasia 14
DOID:0050431	DOID:0110070	arrhythmogenic right ventricular dysplasia 1
DOID:0050431	DOID:0110072	arrhythmogenic right ventricular dysplasia 3
DOID:0050431	DOID:0110073	arrhythmogenic right ventricular dysplasia 4
DOID:0050431	DOID:0110074	arrhythmogenic right ventricular dysplasia 5
DOID:0050431	DOID:0110075	arrhythmogenic right ventricular dysplasia 6
DOID:0050431	DOID:0110076	arrhythmogenic right ventricular dysplasia 8
DOID:0050431	DOID:0110077	arrhythmogenic right ventricular dysplasia 9
DOID:0050431	DOID:0110081	arrhythmogenic right ventricular dysplasia 10
DOID:0050431	DOID:0110082	arrhythmogenic right ventricular dysplasia 11
DOID:0050431	DOID:0110083	arrhythmogenic right ventricular dysplasia 12
DOID:0050431	DOID:0110084	arrhythmogenic right ventricular dysplasia 13
DOID:0050439	DOID:0110826	Usher syndrome type 1
DOID:0050439	DOID:0110827	Usher syndrome type 2
DOID:0050439	DOID:0110828	Usher syndrome type 3
DOID:0050439	DOID:0110829	retinitis pigmentosa-deafness syndrome
DOID:0050440	DOID:0070202	familial partial lipodystrophy type 2
DOID:0050440	DOID:0070203	familial partial lipodystrophy type 5
DOID:0050440	DOID:0070204	familial partial lipodystrophy type 3
DOID:0050440	DOID:0070205	familial partial lipodystrophy type 4
DOID:0050440	DOID:0070206	familial partial lipodystrophy type 6
DOID:0050440	DOID:0070207	familial partial lipodystrophy type 1
DOID:0050448	DOID:0081287	white sponge nevus 1
DOID:0050448	DOID:0081288	white sponge nevus 2
DOID:0050451	DOID:0110218	Brugada syndrome 1
DOID:0050451	DOID:0110219	Brugada syndrome 2
DOID:0050451	DOID:0110220	Brugada syndrome 3
DOID:0050451	DOID:0110221	Brugada syndrome 4
DOID:0050451	DOID:0110222	Brugada syndrome 5
DOID:0050451	DOID:0110223	Brugada syndrome 6
DOID:0050451	DOID:0110224	Brugada syndrome 7
DOID:0050451	DOID:0110225	Brugada syndrome 8
DOID:0050451	DOID:0110226	Brugada syndrome 9
DOID:0050453	DOID:0060902	Norman-Roberts syndrome
DOID:0050453	DOID:0112228	lissencephaly 9 with complex brainstem malformation
DOID:0050453	DOID:0112229	lissencephaly 10
DOID:0050453	DOID:0112230	leukoencephalopathy with variable cortical brain malformations and/or hydrocephalus
DOID:0050453	DOID:0112231	lissencephaly 7 with cerebellar hypoplasia
DOID:0050453	DOID:0112232	lissencephaly 3
DOID:0050453	DOID:0112233	lissencephaly 8
DOID:0050453	DOID:0112234	microlissencephaly
DOID:0050453	DOID:0112237	lissencephaly 1
DOID:0050453	DOID:0112238	X-linked lissencephaly 2
DOID:0050453	DOID:0112239	X-linked lissencephaly 1
DOID:0050454	DOID:0061245	periventricular nodular heterotopia 8
DOID:0050454	DOID:0061246	periventricular nodular heterotopia 9
DOID:0050454	DOID:0061269	periventricular nodular heterotopia 6
DOID:0050454	DOID:0061270	periventricular nodular heterotopia 7
DOID:0050457	DOID:0070186	Y-linked spermatogenic failure 1
DOID:0050457	DOID:0070189	X-linked spermatogenic failure 1
DOID:0050466	DOID:0060964	Loeys-Dietz syndrome 6
DOID:0050466	DOID:0070233	Loeys-Dietz syndrome 4
DOID:0050466	DOID:0070234	Loeys-Dietz syndrome 2
DOID:0050466	DOID:0070235	Loeys-Dietz syndrome 1
DOID:0050466	DOID:0070236	Loeys-Dietz syndrome 5
DOID:0050466	DOID:0070237	Loeys-Dietz syndrome 3
DOID:0050467	DOID:0080248	erythrokeratodermia variabilis et progressiva 2
DOID:0050467	DOID:0080249	erythrokeratodermia variabilis et progressiva 3
DOID:0050467	DOID:0080250	erythrokeratodermia variabilis et progressiva 4
DOID:0050467	DOID:0080251	erythrokeratodermia variabilis et progressiva 5
DOID:0050467	DOID:0080766	erythrokeratodermia variabilis et progressiva 6
DOID:0050467	DOID:0111195	erythrokeratodermia variabilis et progressiva 1
DOID:0050472	DOID:0061145	monilethrix 1
DOID:0050472	DOID:0061152	monilethrix 2
DOID:0050472	DOID:0061153	monilethrix 3
DOID:0050475	DOID:0061273	Weill-Marchesani syndrome 1
DOID:0050475	DOID:0061274	Weill-Marchesani syndrome 2
DOID:0050475	DOID:0061275	Weill-Marchesani syndrome 3
DOID:0050475	DOID:0061276	Weill-Marchesani syndrome 4
DOID:0050480	DOID:11254	Brill-Zinsser disease
DOID:0050486	DOID:0050487	bacterial exanthem
DOID:0050486	DOID:8672	viral exanthem
DOID:0050515	DOID:0050513	spinal polio
DOID:0050515	DOID:0050514	bulbospinal polio
DOID:0050515	DOID:9786	bulbar polio
DOID:0050524	DOID:0111099	maturity-onset diabetes of the young type 1
DOID:0050524	DOID:0111100	maturity-onset diabetes of the young type 2
DOID:0050524	DOID:0111102	maturity-onset diabetes of the young type 3
DOID:0050524	DOID:0111103	maturity-onset diabetes of the young type 4
DOID:0050524	DOID:0111104	maturity-onset diabetes of the young type 6
DOID:0050524	DOID:0111105	maturity-onset diabetes of the young type 8
DOID:0050524	DOID:0111106	maturity-onset diabetes of the young type 7
DOID:0050524	DOID:0111107	maturity-onset diabetes of the young type 9
DOID:0050524	DOID:0111108	maturity-onset diabetes of the young type 10
DOID:0050524	DOID:0111109	maturity-onset diabetes of the young type 11
DOID:0050524	DOID:0111110	maturity-onset diabetes of the young type 13
DOID:0050524	DOID:0111111	maturity-onset diabetes of the young type 14
DOID:0050534	DOID:0110712	Oguchi disease-1
DOID:0050534	DOID:0110713	Oguchi disease-2
DOID:0050534	DOID:0110714	congenital stationary night blindness 1G
DOID:0050534	DOID:0110715	congenital stationary night blindness autosomal dominant 3
DOID:0050534	DOID:0110862	congenital stationary night blindness autosomal dominant 1
DOID:0050534	DOID:0110863	congenital stationary night blindness autosomal dominant 2
DOID:0050534	DOID:0110864	congenital stationary night blindness 1F
DOID:0050534	DOID:0110865	congenital stationary night blindness 1B
DOID:0050534	DOID:0110866	congenital stationary night blindness 1H
DOID:0050534	DOID:0110867	congenital stationary night blindness 1C
DOID:0050534	DOID:0110868	congenital stationary night blindness 1D
DOID:0050534	DOID:0110869	congenital stationary night blindness 1E
DOID:0050534	DOID:0110870	congenital stationary night blindness 1A
DOID:0050534	DOID:0110871	congenital stationary night blindness 2A
DOID:0050535	DOID:0080264	exudative vitreoretinopathy 7
DOID:0050535	DOID:0111408	exudative vitreoretinopathy 5
DOID:0050535	DOID:0111409	exudative vitreoretinopathy 3
DOID:0050535	DOID:0111410	exudative vitreoretinopathy 6
DOID:0050535	DOID:0111411	exudative vitreoretinopathy 4
DOID:0050535	DOID:0111412	exudative vitreoretinopathy 1
DOID:0050535	DOID:0111413	X-linked exudative vitreoretinopathy 2
DOID:0050538	DOID:0110148	Charcot-Marie-Tooth disease type 1A
DOID:0050538	DOID:0110149	Charcot-Marie-Tooth disease type 1F
DOID:0050538	DOID:0110150	Charcot-Marie-Tooth disease type 1D
DOID:0050538	DOID:0110151	Charcot-Marie-Tooth disease type 1C
DOID:0050538	DOID:0110152	Charcot-Marie-Tooth disease type 1B
DOID:0050538	DOID:0110153	Charcot-Marie-Tooth disease type 1E
DOID:0050538	DOID:0111560	Charcot-Marie-Tooth disease type 1G
DOID:0050539	DOID:0051043	Charcot-Marie-Tooth disease axonal type 2JJ
DOID:0050539	DOID:0061251	Charcot-Marie-Tooth disease type 2KK
DOID:0050539	DOID:0110154	Charcot-Marie-Tooth disease type 2A1
DOID:0050539	DOID:0110155	Charcot-Marie-Tooth disease type 2A2A
DOID:0050539	DOID:0110156	Charcot-Marie-Tooth disease type 2B1
DOID:0050539	DOID:0110157	Charcot-Marie-Tooth disease type 2J
DOID:0050539	DOID:0110158	Charcot-Marie-Tooth disease type 2I
DOID:0050539	DOID:0110159	Charcot-Marie-Tooth disease type 2B
DOID:0050539	DOID:0110160	Charcot-Marie-Tooth disease axonal type 2T
DOID:0050539	DOID:0110161	Charcot-Marie-Tooth disease type 2R
DOID:0050539	DOID:0110162	Charcot-Marie-Tooth disease, axonal type 2W
DOID:0050539	DOID:0110163	Charcot-Marie-Tooth disease axonal type 2F
DOID:0050539	DOID:0110164	Charcot-Marie-Tooth disease type 2D
DOID:0050539	DOID:0110165	Charcot-Marie-Tooth disease type 2E
DOID:0050539	DOID:0110166	Charcot-Marie-Tooth disease axonal type 2H
DOID:0050539	DOID:0110167	Charcot-Marie-Tooth disease axonal type 2K
DOID:0050539	DOID:0110168	Charcot-Marie-Tooth disease type 2Y
DOID:0050539	DOID:0110169	Charcot-Marie-Tooth disease axonal type 2P
DOID:0050539	DOID:0110170	Charcot-Marie-Tooth disease axonal type 2Q
DOID:0050539	DOID:0110171	Charcot-Marie-Tooth disease axonal type 2S
DOID:0050539	DOID:0110173	Charcot-Marie-Tooth disease axonal type 2U
DOID:0050539	DOID:0110174	Charcot-Marie-Tooth disease axonal type 2L
DOID:0050539	DOID:0110175	Charcot-Marie-Tooth disease axonal type 2O
DOID:0050539	DOID:0110176	Charcot-Marie-Tooth disease axonal type 2X
DOID:0050539	DOID:0110177	Charcot-Marie-Tooth disease axonal type 2N
DOID:0050539	DOID:0110178	Charcot-Marie-Tooth disease axonal type 2V
DOID:0050539	DOID:0110179	Charcot-Marie-Tooth disease type 2B2
DOID:0050539	DOID:0110180	Charcot-Marie-Tooth disease axonal type 2CC
DOID:0050539	DOID:0110181	Charcot-Marie-Tooth disease axonal type 2Z
DOID:0050539	DOID:0110182	Charcot-Marie-Tooth disease axonal type 2C
DOID:0050539	DOID:0111557	Charcot-Marie-Tooth disease type 2A2B
DOID:0050539	DOID:0111558	Charcot-Marie-Tooth disease type 2DD
DOID:0050539	DOID:0111559	Charcot-Marie-Tooth disease type 2EE
DOID:0050541	DOID:0051028	autosomal recessive axonal Charcot-Marie-Tooth disease with vocal cord paresis
DOID:0050541	DOID:0110183	Charcot-Marie-Tooth disease type 4C
DOID:0050541	DOID:0110184	Charcot-Marie-Tooth disease type 4J
DOID:0050541	DOID:0110185	Charcot-Marie-Tooth disease type 4A
DOID:0050541	DOID:0110186	Charcot-Marie-Tooth disease type 4D
DOID:0050541	DOID:0110187	Charcot-Marie-Tooth disease type 4K
DOID:0050541	DOID:0110190	Charcot-Marie-Tooth disease type 4B2
DOID:0050541	DOID:0110191	Charcot-Marie-Tooth disease type 4B1
DOID:0050541	DOID:0110192	Charcot-Marie-Tooth disease type 4H
DOID:0050541	DOID:0110193	Charcot-Marie-Tooth disease type 4F
DOID:0050541	DOID:0110194	Charcot-Marie-Tooth disease type 4B3
DOID:0050541	DOID:0110195	congenital hypomyelinating neuropathy 1
DOID:0050541	DOID:0110196	Charcot-Marie-Tooth disease type 4G
DOID:0050542	DOID:0110207	Charcot-Marie-Tooth disease X-linked dominant 6
DOID:0050542	DOID:0110208	Charcot-Marie-Tooth disease X-linked recessive 2
DOID:0050542	DOID:0110209	Charcot-Marie-Tooth disease X-linked dominant 1
DOID:0050542	DOID:0110210	Charcot-Marie-Tooth disease X-linked recessive 5
DOID:0050542	DOID:0110211	Charcot-Marie-Tooth disease X-linked recessive 3
DOID:0050542	DOID:0110212	Charcot-Marie-Tooth disease X-linked recessive 4
DOID:0050543	DOID:0080294	Charcot-Marie-Tooth disease dominant intermediate G
DOID:0050543	DOID:0110197	Charcot-Marie-Tooth disease dominant intermediate B
DOID:0050543	DOID:0110198	Charcot-Marie-Tooth disease recessive intermediate C
DOID:0050543	DOID:0110199	Charcot-Marie-Tooth disease dominant intermediate C
DOID:0050543	DOID:0110200	Charcot-Marie-Tooth disease dominant intermediate D
DOID:0050543	DOID:0110201	Charcot-Marie-Tooth disease recessive intermediate A
DOID:0050543	DOID:0110202	Charcot-Marie-Tooth disease dominant intermediate A
DOID:0050543	DOID:0110203	Charcot-Marie-Tooth disease recessive intermediate D
DOID:0050543	DOID:0110204	Charcot-Marie-Tooth disease recessive intermediate B
DOID:0050543	DOID:0110205	Charcot-Marie-Tooth disease dominant intermediate E
DOID:0050543	DOID:0110206	Charcot-Marie-Tooth disease dominant intermediate F
DOID:0050544	DOID:0111037	glycine N-methyltransferase deficiency
DOID:0050544	DOID:0111038	hypermethioninemia due to adenosine kinase deficiency
DOID:0050544	DOID:0111039	hypermethioninemia with deficiency of S-adenosylhomocysteine hydrolase
DOID:0050545	DOID:0051016	visceral heterotaxy 1
DOID:0050545	DOID:0051017	visceral heterotaxy 2
DOID:0050545	DOID:0051018	visceral heterotaxy 3
DOID:0050545	DOID:0051019	visceral heterotaxy 4
DOID:0050545	DOID:0051020	visceral heterotaxy 6
DOID:0050545	DOID:0051021	visceral heterotaxy 7
DOID:0050545	DOID:0051022	visceral heterotaxy 8
DOID:0050545	DOID:0051023	visceral heterotaxy 9
DOID:0050545	DOID:0051024	visceral heterotaxy 10
DOID:0050545	DOID:0051025	visceral heterotaxy 11
DOID:0050545	DOID:0051026	visceral heterotaxy 12
DOID:0050545	DOID:0051027	visceral heterotaxy 13
DOID:0050545	DOID:0060856	right atrial isomerism
DOID:0050545	DOID:0061123	visceral heterotaxy 14
DOID:0050545	DOID:758	visceral heterotaxy 5
DOID:0050548	DOID:0061188	autosomal recessive sensory neuropathy with spastic paraplegia
DOID:0050548	DOID:0070145	hereditary sensory and autonomic neuropathy type 5
DOID:0050548	DOID:0070146	congenital insensitivity to pain with anhidrosis
DOID:0050548	DOID:0070149	hereditary sensory and autonomic neuropathy type 7
DOID:0050548	DOID:0070151	hereditary sensory and autonomic neuropathy type 6
DOID:0050548	DOID:0070153	hereditary sensory and autonomic neuropathy type 8
DOID:0050548	DOID:0070159	X-linked hereditary sensory neuropathy
DOID:0050548	DOID:0070160	atypical hereditary sensory neuropathy
DOID:0050548	DOID:0070161	hereditary sensory and autonomic neuropathy type 2
DOID:0050548	DOID:0070162	hereditary sensory and autonomic neuropathy type 1
DOID:0050548	DOID:0081075	Marsili syndrome
DOID:0050548	DOID:0110801	hereditary sensory and autonomic neuropathy type 9
DOID:0050548	DOID:11589	familial dysautonomia
DOID:0050557	DOID:0050558	Ullrich congenital muscular dystrophy
DOID:0050557	DOID:0050560	Walker-Warburg syndrome
DOID:0050557	DOID:0050663	Bethlem myopathy
DOID:0050557	DOID:0061202	congenital muscular dystrophy with rapid progression
DOID:0050557	DOID:0080197	congenital muscular dystrophy with cataracts and intellectual disability
DOID:0050557	DOID:0110632	megaconial type congenital muscular dystrophy
DOID:0050557	DOID:0110633	rigid spine muscular dystrophy 1
DOID:0050557	DOID:0110634	congenital muscular dystrophy 1B
DOID:0050557	DOID:0110636	congenital merosin-deficient muscular dystrophy 1A
DOID:0050557	DOID:0110639	congenital muscular dystrophy due to integrin alpha-7 deficiency
DOID:0050557	DOID:0110640	congenital muscular dystrophy due to LMNA mutation
DOID:0050557	DOID:0112374	muscular dystrophy-dystroglycanopathy
DOID:0050558	DOID:0060942	Ullrich congenital muscular dystrophy 1B
DOID:0050558	DOID:0060943	Ullrich congenital muscular dystrophy 1C
DOID:0050558	DOID:0060946	Ullrich congenital muscular dystrophy 1A
DOID:0050558	DOID:0060948	Ullrich congenital muscular dystrophy 2
DOID:0050563	DOID:0050564	autosomal dominant nonsyndromic deafness
DOID:0050563	DOID:0050565	autosomal recessive nonsyndromic deafness
DOID:0050563	DOID:0050566	X-linked nonsyndromic deafness
DOID:0050563	DOID:0070310	drug-induced hearing loss
DOID:0050563	DOID:0111757	Y-linked deafness
DOID:0050564	DOID:0060690	autosomal dominant auditory neuropathy 1
DOID:0050564	DOID:0070601	autosomal dominant nonsyndromic deafness 37
DOID:0050564	DOID:0070602	autosomal dominant nonsyndromic deafness 80
DOID:0050564	DOID:0070603	autosomal dominant nonsyndromic deafness 82
DOID:0050564	DOID:0070604	autosomal dominant nonsyndromic deafness 84
DOID:0050564	DOID:0070605	autosomal dominant nonsyndromic deafness 85
DOID:0050564	DOID:0070606	autosomal dominant nonsyndromic deafness 87
DOID:0050564	DOID:0070607	autosomal dominant nonsyndromic deafness 90
DOID:0050564	DOID:0070608	autosomal dominant nonsyndromic deafness 81
DOID:0050564	DOID:0070609	autosomal dominant nonsyndromic deafness 83
DOID:0050564	DOID:0070610	autosomal dominant nonsyndromic deafness 86
DOID:0050564	DOID:0070611	autosomal dominant nonsyndromic deafness 88
DOID:0050564	DOID:0070612	autosomal dominant nonsyndromic deafness 89
DOID:0050564	DOID:0080267	autosomal dominant nonsyndromic deafness 71
DOID:0050564	DOID:0080268	autosomal dominant nonsyndromic deafness 72
DOID:0050564	DOID:0080269	autosomal dominant nonsyndromic deafness 73
DOID:0050564	DOID:0080270	autosomal dominant nonsyndromic deafness 34
DOID:0050564	DOID:0110541	autosomal dominant nonsyndromic deafness 1
DOID:0050564	DOID:0110542	autosomal dominant nonsyndromic deafness 10
DOID:0050564	DOID:0110543	autosomal dominant nonsyndromic deafness 11
DOID:0050564	DOID:0110544	autosomal dominant nonsyndromic deafness 12
DOID:0050564	DOID:0110545	autosomal dominant nonsyndromic deafness 13
DOID:0050564	DOID:0110546	autosomal dominant nonsyndromic deafness 15
DOID:0050564	DOID:0110547	autosomal dominant nonsyndromic deafness 16
DOID:0050564	DOID:0110548	autosomal dominant nonsyndromic deafness 17
DOID:0050564	DOID:0110549	autosomal dominant nonsyndromic deafness 18
DOID:0050564	DOID:0110550	autosomal dominant nonsyndromic deafness 20
DOID:0050564	DOID:0110551	autosomal dominant nonsyndromic deafness 21
DOID:0050564	DOID:0110552	autosomal dominant nonsyndromic deafness 22
DOID:0050564	DOID:0110553	autosomal dominant nonsyndromic deafness 23
DOID:0050564	DOID:0110554	autosomal dominant nonsyndromic deafness 24
DOID:0050564	DOID:0110555	autosomal dominant nonsyndromic deafness 25
DOID:0050564	DOID:0110556	autosomal dominant nonsyndromic deafness 27
DOID:0050564	DOID:0110557	autosomal dominant nonsyndromic deafness 28
DOID:0050564	DOID:0110558	autosomal dominant nonsyndromic deafness 2A
DOID:0050564	DOID:0110559	autosomal dominant nonsyndromic deafness 2B
DOID:0050564	DOID:0110560	autosomal dominant nonsyndromic deafness 30
DOID:0050564	DOID:0110561	autosomal dominant nonsyndromic deafness 31
DOID:0050564	DOID:0110562	autosomal dominant nonsyndromic deafness 33
DOID:0050564	DOID:0110563	autosomal dominant nonsyndromic deafness 36
DOID:0050564	DOID:0110564	autosomal dominant nonsyndromic deafness 3A
DOID:0050564	DOID:0110565	autosomal dominant nonsyndromic deafness 3B
DOID:0050564	DOID:0110566	autosomal dominant nonsyndromic deafness 40
DOID:0050564	DOID:0110567	autosomal dominant nonsyndromic deafness 41
DOID:0050564	DOID:0110568	autosomal dominant nonsyndromic deafness 43
DOID:0050564	DOID:0110569	autosomal dominant nonsyndromic deafness 44
DOID:0050564	DOID:0110570	autosomal dominant nonsyndromic deafness 47
DOID:0050564	DOID:0110571	autosomal dominant nonsyndromic deafness 48
DOID:0050564	DOID:0110572	autosomal dominant nonsyndromic deafness 49
DOID:0050564	DOID:0110573	autosomal dominant nonsyndromic deafness 4A
DOID:0050564	DOID:0110574	autosomal dominant nonsyndromic deafness 4B
DOID:0050564	DOID:0110575	autosomal dominant nonsyndromic deafness 5
DOID:0050564	DOID:0110576	autosomal dominant nonsyndromic deafness 50
DOID:0050564	DOID:0110577	autosomal dominant nonsyndromic deafness 51
DOID:0050564	DOID:0110579	autosomal dominant nonsyndromic deafness 53
DOID:0050564	DOID:0110580	autosomal dominant nonsyndromic deafness 54
DOID:0050564	DOID:0110581	autosomal dominant nonsyndromic deafness 56
DOID:0050564	DOID:0110582	autosomal dominant nonsyndromic deafness 58
DOID:0050564	DOID:0110583	autosomal dominant nonsyndromic deafness 59
DOID:0050564	DOID:0110584	autosomal dominant nonsyndromic deafness 6
DOID:0050564	DOID:0110585	autosomal dominant nonsyndromic deafness 64
DOID:0050564	DOID:0110586	autosomal dominant nonsyndromic deafness 65
DOID:0050564	DOID:0110587	autosomal dominant nonsyndromic deafness 66
DOID:0050564	DOID:0110588	autosomal dominant nonsyndromic deafness 67
DOID:0050564	DOID:0110589	autosomal dominant nonsyndromic deafness 68
DOID:0050564	DOID:0110590	autosomal dominant nonsyndromic deafness 69
DOID:0050564	DOID:0110591	autosomal dominant nonsyndromic deafness 7
DOID:0050564	DOID:0110592	autosomal dominant nonsyndromic deafness 70
DOID:0050564	DOID:0110593	autosomal dominant nonsyndromic deafness 9
DOID:0050564	DOID:0112159	autosomal dominant nonsyndromic deafness 78
DOID:0050564	DOID:0112160	autosomal dominant nonsyndromic deafness 79
DOID:0050564	DOID:0112165	autosomal dominant nonsyndromic deafness 74
DOID:0050564	DOID:0112166	autosomal dominant nonsyndromic deafness 75
DOID:0050564	DOID:0112167	autosomal dominant nonsyndromic deafness 76
DOID:0050564	DOID:0112168	autosomal dominant nonsyndromic deafness 77
DOID:0050564	DOID:0112373	autosomal dominant auditory neuropathy 3
DOID:0050565	DOID:0061124	autosomal recessive nonsyndromic deafness 125
DOID:0050565	DOID:0070669	autosomal recessive nonsyndromic deafness 122
DOID:0050565	DOID:0070670	autosomal recessive nonsyndromic deafness 123
DOID:0050565	DOID:0070671	autosomal recessive nonsyndromic deafness 117
DOID:0050565	DOID:0070672	autosomal recessive nonsyndromic deafness 118
DOID:0050565	DOID:0070673	autosomal recessive nonsyndromic deafness 119
DOID:0050565	DOID:0070674	autosomal recessive nonsyndromic deafness 120
DOID:0050565	DOID:0070675	autosomal recessive nonsyndromic deafness 121
DOID:0050565	DOID:0070676	autosomal recessive nonsyndromic deafness 124
DOID:0050565	DOID:0080261	autosomal recessive nonsyndromic deafness 106
DOID:0050565	DOID:0080262	autosomal recessive nonsyndromic deafness 107
DOID:0050565	DOID:0080263	autosomal recessive nonsyndromic deafness 108
DOID:0050565	DOID:0110462	autosomal recessive nonsyndromic deafness 101
DOID:0050565	DOID:0110463	autosomal recessive nonsyndromic deafness 102
DOID:0050565	DOID:0110464	autosomal recessive nonsyndromic deafness 103
DOID:0050565	DOID:0110465	autosomal recessive nonsyndromic deafness 104
DOID:0050565	DOID:0110467	autosomal recessive nonsyndromic deafness 12
DOID:0050565	DOID:0110468	autosomal recessive nonsyndromic deafness 13
DOID:0050565	DOID:0110469	autosomal recessive nonsyndromic deafness 14
DOID:0050565	DOID:0110470	autosomal recessive nonsyndromic deafness 15
DOID:0050565	DOID:0110471	autosomal recessive nonsyndromic deafness 16
DOID:0050565	DOID:0110472	autosomal recessive nonsyndromic deafness 17
DOID:0050565	DOID:0110473	autosomal recessive nonsyndromic deafness 18A
DOID:0050565	DOID:0110474	autosomal recessive nonsyndromic deafness 18B
DOID:0050565	DOID:0110475	autosomal recessive nonsyndromic deafness 1A
DOID:0050565	DOID:0110476	autosomal recessive nonsyndromic deafness 1B
DOID:0050565	DOID:0110477	autosomal recessive nonsyndromic deafness 2
DOID:0050565	DOID:0110478	autosomal recessive nonsyndromic deafness 20
DOID:0050565	DOID:0110479	autosomal recessive nonsyndromic deafness 21
DOID:0050565	DOID:0110480	autosomal recessive nonsyndromic deafness 22
DOID:0050565	DOID:0110481	autosomal recessive nonsyndromic deafness 23
DOID:0050565	DOID:0110482	autosomal recessive nonsyndromic deafness 24
DOID:0050565	DOID:0110483	autosomal recessive nonsyndromic deafness 25
DOID:0050565	DOID:0110484	autosomal recessive nonsyndromic deafness 26
DOID:0050565	DOID:0110485	autosomal recessive nonsyndromic deafness 27
DOID:0050565	DOID:0110486	autosomal recessive nonsyndromic deafness 28
DOID:0050565	DOID:0110487	autosomal recessive nonsyndromic deafness 29
DOID:0050565	DOID:0110488	autosomal recessive nonsyndromic deafness 3
DOID:0050565	DOID:0110489	autosomal recessive nonsyndromic deafness 30
DOID:0050565	DOID:0110490	autosomal recessive nonsyndromic deafness 31
DOID:0050565	DOID:0110491	autosomal recessive nonsyndromic deafness 32
DOID:0050565	DOID:0110492	autosomal recessive nonsyndromic deafness 33
DOID:0050565	DOID:0110493	autosomal recessive nonsyndromic deafness 35
DOID:0050565	DOID:0110494	autosomal recessive nonsyndromic deafness 36
DOID:0050565	DOID:0110495	autosomal recessive nonsyndromic deafness 37
DOID:0050565	DOID:0110496	autosomal recessive nonsyndromic deafness 38
DOID:0050565	DOID:0110497	autosomal recessive nonsyndromic deafness 39
DOID:0050565	DOID:0110498	autosomal recessive nonsyndromic deafness 4
DOID:0050565	DOID:0110499	autosomal recessive nonsyndromic deafness 40
DOID:0050565	DOID:0110500	autosomal recessive nonsyndromic deafness 42
DOID:0050565	DOID:0110501	autosomal recessive nonsyndromic deafness 44
DOID:0050565	DOID:0110502	autosomal recessive nonsyndromic deafness 45
DOID:0050565	DOID:0110503	autosomal recessive nonsyndromic deafness 46
DOID:0050565	DOID:0110504	autosomal recessive nonsyndromic deafness 47
DOID:0050565	DOID:0110505	autosomal recessive nonsyndromic deafness 48
DOID:0050565	DOID:0110506	autosomal recessive nonsyndromic deafness 49
DOID:0050565	DOID:0110507	autosomal recessive nonsyndromic deafness 5
DOID:0050565	DOID:0110508	autosomal recessive nonsyndromic deafness 51
DOID:0050565	DOID:0110509	autosomal recessive nonsyndromic deafness 53
DOID:0050565	DOID:0110510	autosomal recessive nonsyndromic deafness 55
DOID:0050565	DOID:0110511	autosomal recessive nonsyndromic deafness 59
DOID:0050565	DOID:0110512	autosomal recessive nonsyndromic deafness 6
DOID:0050565	DOID:0110513	autosomal recessive nonsyndromic deafness 61
DOID:0050565	DOID:0110514	autosomal recessive nonsyndromic deafness 62
DOID:0050565	DOID:0110515	autosomal recessive nonsyndromic deafness 63
DOID:0050565	DOID:0110516	autosomal recessive nonsyndromic deafness 65
DOID:0050565	DOID:0110517	autosomal recessive nonsyndromic deafness 66
DOID:0050565	DOID:0110518	autosomal recessive nonsyndromic deafness 67
DOID:0050565	DOID:0110519	autosomal recessive nonsyndromic deafness 68
DOID:0050565	DOID:0110520	autosomal recessive nonsyndromic deafness 7
DOID:0050565	DOID:0110521	autosomal recessive nonsyndromic deafness 70
DOID:0050565	DOID:0110522	autosomal recessive nonsyndromic deafness 71
DOID:0050565	DOID:0110523	autosomal recessive nonsyndromic deafness 74
DOID:0050565	DOID:0110524	autosomal recessive nonsyndromic deafness 76
DOID:0050565	DOID:0110525	autosomal recessive nonsyndromic deafness 77
DOID:0050565	DOID:0110526	autosomal recessive nonsyndromic deafness 79
DOID:0050565	DOID:0110527	autosomal recessive nonsyndromic deafness 8
DOID:0050565	DOID:0110528	autosomal recessive nonsyndromic deafness 83
DOID:0050565	DOID:0110529	autosomal recessive nonsyndromic deafness 84A
DOID:0050565	DOID:0110530	autosomal recessive nonsyndromic deafness 84B
DOID:0050565	DOID:0110531	autosomal recessive nonsyndromic deafness 85
DOID:0050565	DOID:0110532	autosomal recessive nonsyndromic deafness 86
DOID:0050565	DOID:0110533	autosomal recessive nonsyndromic deafness 88
DOID:0050565	DOID:0110534	autosomal recessive nonsyndromic deafness 89
DOID:0050565	DOID:0110535	autosomal recessive nonsyndromic deafness 9
DOID:0050565	DOID:0110536	autosomal recessive nonsyndromic deafness 91
DOID:0050565	DOID:0110537	autosomal recessive nonsyndromic deafness 93
DOID:0050565	DOID:0110538	autosomal recessive nonsyndromic deafness 96
DOID:0050565	DOID:0110539	autosomal recessive nonsyndromic deafness 97
DOID:0050565	DOID:0110540	autosomal recessive nonsyndromic deafness 98
DOID:0050565	DOID:0111634	autosomal recessive nonsyndromic deafness 99
DOID:0050565	DOID:0111635	autosomal recessive nonsyndromic deafness 57
DOID:0050565	DOID:0111636	autosomal recessive nonsyndromic deafness 113
DOID:0050565	DOID:0111637	autosomal recessive nonsyndromic deafness 112
DOID:0050565	DOID:0111638	autosomal recessive nonsyndromic deafness 100
DOID:0050565	DOID:0111639	autosomal recessive nonsyndromic deafness 109
DOID:0050565	DOID:0111640	autosomal recessive nonsyndromic deafness 111
DOID:0050565	DOID:0111641	autosomal recessive nonsyndromic deafness 94
DOID:0050565	DOID:0111642	autosomal recessive nonsyndromic deafness 114
DOID:0050565	DOID:0111643	autosomal recessive nonsyndromic deafness 115
DOID:0050565	DOID:0111644	autosomal recessive nonsyndromic deafness 110
DOID:0050565	DOID:0112162	autosomal recessive nonsyndromic deafness 116
DOID:0050566	DOID:0111735	X-linked deafness 4
DOID:0050566	DOID:0111736	X-linked deafness 3
DOID:0050566	DOID:0111737	X-linked deafness 2
DOID:0050566	DOID:0111738	X-linked deafness 7
DOID:0050566	DOID:0111739	X-linked deafness 1
DOID:0050566	DOID:0111740	X-linked deafness 6
DOID:0050567	DOID:0080395	orofacial cleft 1
DOID:0050567	DOID:0080396	orofacial cleft 2
DOID:0050567	DOID:0080397	orofacial cleft 3
DOID:0050567	DOID:0080398	orofacial cleft 4
DOID:0050567	DOID:0080399	orofacial cleft 5
DOID:0050567	DOID:0080400	orofacial cleft 7
DOID:0050567	DOID:0080401	orofacial cleft 8
DOID:0050567	DOID:0080402	orofacial cleft 9
DOID:0050567	DOID:0080403	orofacial cleft 10
DOID:0050567	DOID:0080404	orofacial cleft 11
DOID:0050567	DOID:0080405	orofacial cleft 12
DOID:0050567	DOID:0080406	orofacial cleft 13
DOID:0050567	DOID:0080407	orofacial cleft 14
DOID:0050567	DOID:0080408	orofacial cleft 15
DOID:0050567	DOID:0080593	orofacial cleft 6
DOID:0050567	DOID:0111706	oblique facial clefting 1
DOID:0050567	DOID:674	cleft palate
DOID:0050567	DOID:9296	cleft lip
DOID:0050568	DOID:0061255	spondylocostal dysostosis 7
DOID:0050568	DOID:0112360	spondylocostal dysostosis 6
DOID:0050568	DOID:0112361	spondylocostal dysostosis 3
DOID:0050568	DOID:0112362	spondylocostal dysostosis 2
DOID:0050568	DOID:0112363	spondylocostal dysostosis 5
DOID:0050568	DOID:0112364	spondylocostal dysostosis 4
DOID:0050568	DOID:0112365	spondylocostal dysostosis 1
DOID:0050569	DOID:0070005	Seckel syndrome 9
DOID:0050569	DOID:0070006	Seckel syndrome 6
DOID:0050569	DOID:0070007	Seckel syndrome 1
DOID:0050569	DOID:0070008	Seckel syndrome 10
DOID:0050569	DOID:0070009	Seckel syndrome 8
DOID:0050569	DOID:0070010	Seckel syndrome 4
DOID:0050569	DOID:0070011	Seckel syndrome 7
DOID:0050569	DOID:0070012	Seckel syndrome 5
DOID:0050569	DOID:0070013	Seckel syndrome 2
DOID:0050570	DOID:0080552	congenital disorder of glycosylation Ia
DOID:0050570	DOID:0080553	congenital disorder of glycosylation Iaa
DOID:0050570	DOID:0080554	congenital disorder of glycosylation Ib
DOID:0050570	DOID:0080555	congenital disorder of glycosylation Ic
DOID:0050570	DOID:0080556	congenital disorder of glycosylation Id
DOID:0050570	DOID:0080557	congenital disorder of glycosylation Ie
DOID:0050570	DOID:0080558	congenital disorder of glycosylation If
DOID:0050570	DOID:0080559	congenital disorder of glycosylation Ig
DOID:0050570	DOID:0080560	congenital disorder of glycosylation Ih
DOID:0050570	DOID:0080561	congenital disorder of glycosylation Ii
DOID:0050570	DOID:0080562	congenital disorder of glycosylation Ij
DOID:0050570	DOID:0080563	congenital disorder of glycosylation Ik
DOID:0050570	DOID:0080564	congenital disorder of glycosylation Il
DOID:0050570	DOID:0080565	congenital disorder of glycosylation Im
DOID:0050570	DOID:0080566	congenital disorder of glycosylation In
DOID:0050570	DOID:0080567	congenital disorder of glycosylation Ip
DOID:0050570	DOID:0080568	congenital disorder of glycosylation Iq
DOID:0050570	DOID:0080569	congenital disorder of glycosylation Ir
DOID:0050570	DOID:0080570	congenital disorder of glycosylation It
DOID:0050570	DOID:0080571	congenital disorder of glycosylation Iu
DOID:0050570	DOID:0080572	congenital disorder of glycosylation Iw
DOID:0050570	DOID:0080573	congenital disorder of glycosylation Ix
DOID:0050570	DOID:0080574	congenital disorder of glycosylation Iy
DOID:0050570	DOID:0111839	congenital disorder of glycosylation Icc
DOID:0050571	DOID:0051047	congenital disorder of glycosylation type IIbb
DOID:0050571	DOID:0051048	congenital disorder of glycosylation type IIr
DOID:0050571	DOID:0051049	congenital disorder of glycosylation type IIt
DOID:0050571	DOID:0051050	congenital disorder of glycosylation type IIv
DOID:0050571	DOID:0051051	congenital disorder of glycosylation type IIw
DOID:0050571	DOID:0051052	congenital disorder of glycosylation type IIy
DOID:0050571	DOID:0051053	congenital disorder of glycosylation type IIz
DOID:0050571	DOID:0070253	congenital disorder of glycosylation type IIa
DOID:0050571	DOID:0070254	congenital disorder of glycosylation type IIb
DOID:0050571	DOID:0070255	congenital disorder of glycosylation type IIc
DOID:0050571	DOID:0070256	congenital disorder of glycosylation type IId
DOID:0050571	DOID:0070257	congenital disorder of glycosylation type IIe
DOID:0050571	DOID:0070258	congenital disorder of glycosylation type IIf
DOID:0050571	DOID:0070259	congenital disorder of glycosylation type IIg
DOID:0050571	DOID:0070260	congenital disorder of glycosylation type IIh
DOID:0050571	DOID:0070261	congenital disorder of glycosylation type IIi
DOID:0050571	DOID:0070262	congenital disorder of glycosylation type IIj
DOID:0050571	DOID:0070263	congenital disorder of glycosylation type IIk
DOID:0050571	DOID:0070264	congenital disorder of glycosylation type IIl
DOID:0050571	DOID:0070265	congenital disorder of glycosylation type IIm
DOID:0050571	DOID:0070266	congenital disorder of glycosylation type IIn
DOID:0050571	DOID:0070267	congenital disorder of glycosylation type IIo
DOID:0050571	DOID:0070268	congenital disorder of glycosylation type IIp
DOID:0050571	DOID:0070269	congenital disorder of glycosylation type IIq
DOID:0050572	DOID:0080314	cone-rod dystrophy 14
DOID:0050572	DOID:0081447	cone-rod dystrophy 21
DOID:0050572	DOID:0081448	cone-rod dystrophy 22
DOID:0050572	DOID:0081449	cone-rod dystrophy 24
DOID:0050572	DOID:0111005	cone-rod dystrophy 2
DOID:0050572	DOID:0111006	X-linked cone-rod dystrophy 2
DOID:0050572	DOID:0111007	X-linked cone-rod dystrophy 3
DOID:0050572	DOID:0111008	X-linked cone-rod dystrophy 1
DOID:0050572	DOID:0111009	cone-rod dystrophy 1
DOID:0050572	DOID:0111010	cone-rod dystrophy 5
DOID:0050572	DOID:0111011	cone-rod dystrophy 6
DOID:0050572	DOID:0111012	cone-rod dystrophy 7
DOID:0050572	DOID:0111013	cone-rod dystrophy 3
DOID:0050572	DOID:0111014	cone-rod dystrophy 8
DOID:0050572	DOID:0111015	Newfoundland cone-rod dystrophy
DOID:0050572	DOID:0111016	cone-rod dystrophy 13
DOID:0050572	DOID:0111017	cone-rod dystrophy 10
DOID:0050572	DOID:0111018	cone-rod dystrophy 11
DOID:0050572	DOID:0111019	cone-rod dystrophy 12
DOID:0050572	DOID:0111020	cone-rod dystrophy 9
DOID:0050572	DOID:0111021	cone-rod dystrophy 15
DOID:0050572	DOID:0111022	cone-rod dystrophy 16
DOID:0050572	DOID:0111023	cone-rod dystrophy 17
DOID:0050572	DOID:0111024	cone-rod dystrophy 18
DOID:0050572	DOID:0111025	cone-rod dystrophy 19
DOID:0050572	DOID:0111026	cone-rod dystrophy 20
DOID:0050573	DOID:0050574	L-2-hydroxyglutaric aciduria
DOID:0050573	DOID:0050575	D-2-hydroxyglutaric aciduria
DOID:0050573	DOID:0111619	combined D-2- and L-2-hydroxyglutaric aciduria
DOID:0050575	DOID:0111351	D-2-hydroxyglutaric aciduria 1
DOID:0050575	DOID:0111352	D-2-hydroxyglutaric aciduria 2
DOID:0050576	DOID:0061277	Senior-Loken syndrome 1
DOID:0050576	DOID:0061278	Senior-Loken syndrome 4
DOID:0050576	DOID:0061279	Senior-Loken syndrome 5
DOID:0050576	DOID:0061280	Senior-Loken syndrome 6
DOID:0050576	DOID:0061281	Senior-Loken syndrome 7
DOID:0050576	DOID:0061282	Senior-Loken syndrome 8
DOID:0050576	DOID:0061283	Senior-Loken syndrome 9
DOID:0050577	DOID:0080803	cranioectodermal dysplasia 1
DOID:0050577	DOID:0080804	cranioectodermal dysplasia 2
DOID:0050577	DOID:0080805	cranioectodermal dysplasia 3
DOID:0050577	DOID:0080806	cranioectodermal dysplasia 4
DOID:0050580	DOID:0070208	hereditary lymphedema IC
DOID:0050580	DOID:0070209	hereditary lymphedema ID
DOID:0050580	DOID:0070210	hereditary lymphedema IA
DOID:0050580	DOID:0070211	hereditary lymphedema IB
DOID:0050580	DOID:0070212	hereditary lymphedema I
DOID:0050580	DOID:0070213	hereditary lymphedema II
DOID:0050581	DOID:0110962	brachydactyly-preaxial hallux varus syndrome
DOID:0050581	DOID:0110963	Ballard syndrome
DOID:0050581	DOID:0110964	brachydactyly type A1
DOID:0050581	DOID:0110965	brachydactyly type A2
DOID:0050581	DOID:0110966	brachydactyly type A3
DOID:0050581	DOID:0110967	brachydactyly type A4
DOID:0050581	DOID:0110968	brachydactyly type A6
DOID:0050581	DOID:0110969	brachydactyly type B1
DOID:0050581	DOID:0110970	brachydactyly type C
DOID:0050581	DOID:0110971	brachydactyly type D
DOID:0050581	DOID:0110972	brachydactyly type E1
DOID:0050581	DOID:0110973	Mononen-Karnes-Senac syndrome
DOID:0050581	DOID:0110975	brachydactyly type B2
DOID:0050581	DOID:0110976	brachydactyly type E2
DOID:0050581	DOID:0110979	Sugarman brachydactyly
DOID:0050585	DOID:0111135	congenital generalized lipodystrophy type 1
DOID:0050585	DOID:0111136	congenital generalized lipodystrophy type 2
DOID:0050585	DOID:0111137	congenital generalized lipodystrophy type 3
DOID:0050585	DOID:0111138	congenital generalized lipodystrophy type 4
DOID:0050589	DOID:0060180	colitis
DOID:0050589	DOID:0110882	inflammatory bowel disease 7
DOID:0050589	DOID:0110883	inflammatory bowel disease 17
DOID:0050589	DOID:0110884	inflammatory bowel disease 23
DOID:0050589	DOID:0110885	inflammatory bowel disease 10
DOID:0050589	DOID:0110886	inflammatory bowel disease 9
DOID:0050589	DOID:0110887	inflammatory bowel disease 12
DOID:0050589	DOID:0110888	inflammatory bowel disease 18
DOID:0050589	DOID:0110889	inflammatory bowel disease 5
DOID:0050589	DOID:0110890	inflammatory bowel disease 19
DOID:0050589	DOID:0110891	inflammatory bowel disease 3
DOID:0050589	DOID:0110892	inflammatory bowel disease 1
DOID:0050589	DOID:0110893	inflammatory bowel disease 13
DOID:0050589	DOID:0110894	inflammatory bowel disease 11
DOID:0050589	DOID:0110895	inflammatory bowel disease 14
DOID:0050589	DOID:0110896	inflammatory bowel disease 16
DOID:0050589	DOID:0110897	inflammatory bowel disease 15
DOID:0050589	DOID:0110898	inflammatory bowel disease 20
DOID:0050589	DOID:0110899	inflammatory bowel disease 28
DOID:0050589	DOID:0110900	inflammatory bowel disease 2
DOID:0050589	DOID:0110901	inflammatory bowel disease 26
DOID:0050589	DOID:0110902	inflammatory bowel disease 27
DOID:0050589	DOID:0110903	inflammatory bowel disease 4
DOID:0050589	DOID:0110904	inflammatory bowel disease 8
DOID:0050589	DOID:0110905	inflammatory bowel disease 22
DOID:0050589	DOID:0110906	inflammatory bowel disease 21
DOID:0050589	DOID:0110907	inflammatory bowel disease 6
DOID:0050589	DOID:0110908	inflammatory bowel disease 24
DOID:0050589	DOID:0110909	inflammatory bowel disease 25
DOID:0050589	DOID:0112154	inflammatory bowel disease 30
DOID:0050589	DOID:0112155	inflammatory bowel disease 29
DOID:0050589	DOID:8778	Crohn's disease
DOID:0050590	DOID:0080625	severe congenital neutropenia 1
DOID:0050590	DOID:0112128	X-linked severe congenital neutropenia
DOID:0050590	DOID:0112129	severe congenital neutropenia 7
DOID:0050590	DOID:0112130	autosomal dominant severe congenital neutropenia
DOID:0050590	DOID:0112132	severe congenital neutropenia 5
DOID:0050590	DOID:0112133	severe congenital neutropenia 3
DOID:0050590	DOID:0112134	severe congenital neutropenia 6
DOID:0050590	DOID:0112136	severe congenital neutropenia 4
DOID:0050592	DOID:0080293	short-rib thoracic dysplasia 18 with polydactyly
DOID:0050592	DOID:0080295	short-rib thoracic dysplasia 19 with or without polydactyly
DOID:0050592	DOID:0110085	asphyxiating thoracic dystrophy 1
DOID:0050592	DOID:0110086	asphyxiating thoracic dystrophy 2
DOID:0050592	DOID:0110087	asphyxiating thoracic dystrophy 3
DOID:0050592	DOID:0110088	asphyxiating thoracic dystrophy 4
DOID:0050592	DOID:0110089	asphyxiating thoracic dystrophy 5
DOID:0050592	DOID:0110090	short-rib thoracic dysplasia 7 with or without polydactyly
DOID:0050592	DOID:0110091	short-rib thoracic dysplasia 10 with or without polydactyly
DOID:0050592	DOID:0110092	short-rib thoracic dysplasia 6 with or without polydactyly
DOID:0050592	DOID:0110093	short-rib thoracic dysplasia 13 with or without polydactyly
DOID:0050592	DOID:0110094	short-rib thoracic dysplasia 8 with or without polydactyly
DOID:0050592	DOID:0110095	short-rib thoracic dysplasia 11 with or without polydactyly
DOID:0050592	DOID:0110096	short-rib thoracic dysplasia 14 with polydactyly
DOID:0050592	DOID:0110097	short-rib thoracic dysplasia 9 with or without polydactyly
DOID:0050593	DOID:11212	hydrophthalmos
DOID:0050594	DOID:0111040	glycogen storage disease IXd
DOID:0050594	DOID:0111041	glycogen storage disease IXb
DOID:0050594	DOID:0111042	glycogen storage disease IXa1
DOID:0050594	DOID:0111043	glycogen storage disease IXc
DOID:0050596	DOID:10079	cysticercosis
DOID:0050598	DOID:0050599	abdominal tuberculosis
DOID:0050598	DOID:106	pleural tuberculosis
DOID:0050598	DOID:1638	central nervous system tuberculosis
DOID:0050598	DOID:1639	skeletal tuberculosis
DOID:0050598	DOID:2149	urogenital tuberculosis
DOID:0050598	DOID:4889	lymph node tuberculosis
DOID:0050598	DOID:4962	pericardial tuberculosis
DOID:0050598	DOID:9861	miliary tuberculosis
DOID:0050599	DOID:404	gastrointestinal tuberculosis
DOID:0050599	DOID:9305	splenic tuberculosis
DOID:0050610	DOID:8661	lip carcinoma in situ
DOID:0050615	DOID:0050619	paranasal sinus cancer
DOID:0050615	DOID:10811	nasal cavity cancer
DOID:0050615	DOID:11920	tracheal cancer
DOID:0050615	DOID:1324	lung cancer
DOID:0050615	DOID:1325	bronchus cancer
DOID:0050615	DOID:2596	larynx cancer
DOID:0050615	DOID:7474	malignant pleural mesothelioma
DOID:0050615	DOID:9261	nasopharynx carcinoma
DOID:0050619	DOID:0080799	sinonasal undifferentiated carcinoma
DOID:0050619	DOID:1355	paranasal sinus lymphoma
DOID:0050619	DOID:1357	maxillary sinus cancer
DOID:0050619	DOID:1360	frontal sinus cancer
DOID:0050619	DOID:1362	paranasal sinus sarcoma
DOID:0050619	DOID:1363	ethmoid sinus cancer
DOID:0050619	DOID:14546	sphenoidal sinus cancer
DOID:0050619	DOID:2442	paranasal sinus squamous cell carcinoma
DOID:0050621	DOID:0081463	recurrent respiratory papillomatosis
DOID:0050621	DOID:10195	pleural lipoma
DOID:0050621	DOID:1350	paranasal sinus benign neoplasm
DOID:0050621	DOID:248	trachea leiomyoma
DOID:0050621	DOID:2598	laryngeal benign neoplasm
DOID:0050621	DOID:3683	lung benign neoplasm
DOID:0050621	DOID:3906	bronchial benign neoplasm
DOID:0050621	DOID:5157	benign pleural mesothelioma
DOID:0050621	DOID:6059	nasal vestibule papilloma
DOID:0050621	DOID:6564	neurilemmoma of the pleura
DOID:0050621	DOID:9310	nasal cavity benign neoplasm
DOID:0050622	DOID:0060086	female reproductive organ benign neoplasm
DOID:0050622	DOID:0060087	male reproductive organ benign neoplasm
DOID:0050622	DOID:0080368	sex cord-stromal benign neoplasm
DOID:0050622	DOID:10207	paratesticular lipoma
DOID:0050622	DOID:2616	Wolffian duct adenoma
DOID:0050622	DOID:5147	dartoic leiomyoma
DOID:0050623	DOID:13109	bladder leiomyoma
DOID:0050623	DOID:13110	bladder squamous papilloma
DOID:0050623	DOID:5427	urinary bladder villous adenoma
DOID:0050623	DOID:5429	bladder flat intraepithelial lesion
DOID:0050623	DOID:6932	urinary bladder inverted papilloma
DOID:0050623	DOID:7333	nephrogenic adenoma of urinary bladder
DOID:0050624	DOID:10087	gastric leiomyoma
DOID:0050624	DOID:10187	esophageal lipoma
DOID:0050624	DOID:275	gastric hemangioma
DOID:0050624	DOID:3117	hepatobiliary benign neoplasm
DOID:0050624	DOID:3918	pancreatic cystadenoma
DOID:0050624	DOID:4147	gastrointestinal adenoma
DOID:0050624	DOID:4148	gastrointestinal neuroendocrine benign tumor
DOID:0050624	DOID:452	pleomorphic adenoma
DOID:0050624	DOID:4610	intestinal benign neoplasm
DOID:0050624	DOID:5146	appendix leiomyoma
DOID:0050624	DOID:7532	squamous papillomatosis
DOID:0050624	DOID:7851	pancreatic intraductal papillary-mucinous adenoma
DOID:0050624	DOID:959	esophagus squamous cell papilloma
DOID:0050624	DOID:960	esophagus leiomyoma
DOID:0050625	DOID:0080640	gallbladder benign neoplasm
DOID:0050625	DOID:10022	ampulla of Vater benign neoplasm
DOID:0050625	DOID:10209	extrahepatic bile duct lipoma
DOID:0050625	DOID:4608	common bile duct neoplasm
DOID:0050625	DOID:5125	extrahepatic bile duct leiomyoma
DOID:0050625	DOID:5381	bile duct adenoma
DOID:0050625	DOID:5384	bile duct cystadenoma
DOID:0050625	DOID:5468	biliary papillomatosis
DOID:0050625	DOID:5469	biliary tract intraductal papillary mucinous neoplasm
DOID:0050628	DOID:0061006	advanced sleep phase syndrome 4
DOID:0050628	DOID:0110011	advanced sleep phase syndrome 1
DOID:0050628	DOID:0110012	advanced sleep phase syndrome 2
DOID:0050628	DOID:0110013	advanced sleep phase syndrome 3
DOID:0050632	DOID:0070094	oculocutaneous albinism type IA
DOID:0050632	DOID:0070095	oculocutaneous albinism type IB
DOID:0050632	DOID:0070096	oculocutaneous albinism type II
DOID:0050632	DOID:0070097	oculocutaneous albinism type III
DOID:0050632	DOID:0070098	oculocutaneous albinism type IV
DOID:0050632	DOID:0070099	oculocutaneous albinism type V
DOID:0050632	DOID:0070100	oculocutaneous albinism type VII
DOID:0050632	DOID:0080614	oculocutaneous albinism type VI
DOID:0050633	DOID:0090100	ocular albinism with sensorineural deafness
DOID:0050639	DOID:0050637	Finnish type amyloidosis
DOID:0050639	DOID:0080930	primary localized cutaneous amyloidosis 1
DOID:0050639	DOID:0080931	primary localized cutaneous amyloidosis 2
DOID:0050639	DOID:0080932	primary localized cutaneous amyloidosis 3
DOID:0050646	DOID:0111593	distal arthrogryposis type 10
DOID:0050646	DOID:0111594	distal arthrogryposis type 5D
DOID:0050646	DOID:0111595	congenital contractural arachnodactyly
DOID:0050646	DOID:0111596	distal arthrogryposis type 1
DOID:0050646	DOID:0111599	distal arthrogryposis type 2B
DOID:0050646	DOID:0111603	distal arthrogryposis type 7
DOID:0050646	DOID:0111604	Freeman-Sheldon syndrome
DOID:0050646	DOID:0111607	distal arthrogryposis type 3
DOID:0050646	DOID:0111608	distal arthrogryposis type 5
DOID:0050646	DOID:0111609	distal arthrogryposis type 6
DOID:0050646	DOID:0111610	distal arthrogryposis type 4
DOID:0050663	DOID:0061198	Bethlem myopathy 1A
DOID:0050663	DOID:0061199	Bethlem myopathy 1B
DOID:0050663	DOID:0061200	Bethlem myopathy 1C
DOID:0050663	DOID:0061201	Bethlem myopathy 2
DOID:0050669	DOID:10965	spastic diplegia
DOID:0050669	DOID:10967	spastic hemiplegia
DOID:0050669	DOID:10968	spastic monoplegia
DOID:0050669	DOID:10970	spastic quadriplegic cerebral palsy
DOID:0050671	DOID:11889	female breast nipple and areola cancer
DOID:0050671	DOID:13799	female breast central part cancer
DOID:0050671	DOID:13972	female breast lower-outer quadrant cancer
DOID:0050671	DOID:1647	female breast upper-inner quadrant cancer
DOID:0050671	DOID:1649	female breast lower-inner quadrant cancer
DOID:0050671	DOID:1650	female breast axillary tail cancer
DOID:0050671	DOID:9773	female breast upper-outer quadrant cancer
DOID:0050674	DOID:0111066	congenital bile acid synthesis defect 5
DOID:0050674	DOID:0111067	congenital bile acid synthesis defect 6
DOID:0050674	DOID:0111068	congenital bile acid synthesis defect 4
DOID:0050674	DOID:0111069	congenital bile acid synthesis defect 2
DOID:0050674	DOID:0111070	congenital bile acid synthesis defect 3
DOID:0050674	DOID:0111071	congenital bile acid synthesis defect 1
DOID:0050686	DOID:0050615	respiratory system cancer
DOID:0050686	DOID:0060083	immune system cancer
DOID:0050686	DOID:0060100	musculoskeletal system cancer
DOID:0050686	DOID:0060122	integumentary system cancer
DOID:0050686	DOID:11934	head and neck cancer
DOID:0050686	DOID:1612	breast cancer
DOID:0050686	DOID:170	endocrine gland cancer
DOID:0050686	DOID:1725	peritoneum cancer
DOID:0050686	DOID:176	cardiovascular cancer
DOID:0050686	DOID:193	reproductive organ cancer
DOID:0050686	DOID:2531	hematologic cancer
DOID:0050686	DOID:3093	nervous system cancer
DOID:0050686	DOID:3119	gastrointestinal system cancer
DOID:0050686	DOID:3996	urinary system cancer
DOID:0050686	DOID:5093	thoracic cancer
DOID:0050687	DOID:0070003	blastoma
DOID:0050687	DOID:0080364	malignant adenoma
DOID:0050687	DOID:1035	aggressive NK-cell leukemia
DOID:0050687	DOID:1115	sarcoma
DOID:0050687	DOID:154	mixed cell type cancer
DOID:0050687	DOID:1790	malignant mesothelioma
DOID:0050687	DOID:1909	melanoma
DOID:0050687	DOID:2994	germ cell cancer
DOID:0050687	DOID:305	carcinoma
DOID:0050687	DOID:3070	high grade glioma
DOID:0050687	DOID:3350	mesenchymal cell neoplasm
DOID:0050687	DOID:3664	mast cell neoplasm
DOID:0050687	DOID:5240	retinal hemangioblastoma
DOID:0050687	DOID:6500	cerebellar angioblastoma
DOID:0050687	DOID:6501	brain stem angioblastoma
DOID:0050688	DOID:3692	anal canal adenocarcinoma
DOID:0050688	DOID:6126	anal canal carcinoma
DOID:0050688	DOID:7177	anal canal squamous cell carcinoma
DOID:0050694	DOID:0080785	Brown-Vialetto-Van Laere syndrome 1
DOID:0050694	DOID:0080786	Brown-Vialetto-Van Laere syndrome 2
DOID:0050696	DOID:0050665	fetal alcohol syndrome
DOID:0050696	DOID:0050666	partial fetal alcohol syndrome
DOID:0050696	DOID:0050667	alcohol-related neurodevelopmental disorder
DOID:0050696	DOID:0050668	alcohol-related birth defects
DOID:0050696	DOID:0081052	neurobehavioral disorder with prenatal alcohol exposure
DOID:0050699	DOID:0081453	Dent disease 1
DOID:0050699	DOID:0081454	Dent disease 2
DOID:0050699	DOID:0111815	low molecular weight proteinuria with hypercalciuric nephrocalcinosis
DOID:0050700	DOID:0060036	intrinsic cardiomyopathy
DOID:0050700	DOID:3978	extrinsic cardiomyopathy
DOID:0050701	DOID:0050702	neonatal period electroclinical syndrome
DOID:0050701	DOID:0050703	infancy electroclinical syndrome
DOID:0050701	DOID:0050706	variable age at onset electroclinical syndrome
DOID:0050701	DOID:0070309	absence epilepsy
DOID:0050701	DOID:0112202	developmental and epileptic encephalopathy
DOID:0050702	DOID:0050709	early infantile epileptic encephalopathy
DOID:0050702	DOID:14264	benign neonatal seizures
DOID:0050702	DOID:14777	benign familial neonatal epilepsy
DOID:0050702	DOID:308	early myoclonic encephalopathy
DOID:0050703	DOID:0050562	West syndrome
DOID:0050703	DOID:0060169	benign familial infantile epilepsy
DOID:0050703	DOID:0111645	Rolandic epilepsy-paroxysmal exercise-induced dystonia-writer's cramp syndrome
DOID:0050704	DOID:0050561	Lennox-Gastaut syndrome
DOID:0050704	DOID:0050708	early onset absence epilepsy
DOID:0050704	DOID:1825	childhood absence epilepsy
DOID:0050704	DOID:2538	Landau-Kleffner syndrome
DOID:0050704	DOID:3329	benign epilepsy with centrotemporal spikes
DOID:0050705	DOID:0060172	juvenile absence epilepsy
DOID:0050705	DOID:0111689	familial adult myoclonic epilepsy
DOID:0050705	DOID:4890	juvenile myoclonic epilepsy
DOID:0050705	DOID:7725	epilepsy with generalized tonic-clonic seizures
DOID:0050706	DOID:2548	reflex epilepsy
DOID:0050706	DOID:891	progressive myoclonus epilepsy
DOID:0050710	DOID:0080579	3-methylcrotonyl-CoA carboxylase 1 deficiency
DOID:0050710	DOID:0080580	3-methylcrotonyl-CoA carboxylase 2 deficiency
DOID:0050713	DOID:0080357	mitochondrial complex IV deficiency nuclear type 2
DOID:0050713	DOID:0080358	mitochondrial complex IV deficiency nuclear type 6
DOID:0050713	DOID:0080359	mitochondrial complex IV deficiency nuclear type 9
DOID:0050713	DOID:0080360	mitochondrial complex IV deficiency nuclear type 13
DOID:0050718	DOID:0050719	cerebral folate receptor alpha deficiency
DOID:0050718	DOID:0050731	vitamin B12 deficiency
DOID:0050718	DOID:0061185	autoinflammatory syndrome with cytopenia, hyperzincemia, and hypercalprotectinemia
DOID:0050718	DOID:0070691	craniosynostosis-scoliosis syndrome
DOID:0050718	DOID:0070742	combined immunodeficiency and megaloblastic anemia with or without hyperhomocysteinemia
DOID:0050718	DOID:0090028	familial isolated deficiency of vitamin E
DOID:0050718	DOID:0111329	pyridoxamine 5'-phosphate oxidase deficiency
DOID:0050718	DOID:0111678	hereditary folate malabsorption
DOID:0050718	DOID:0111679	glutamate formiminotransferase deficiency
DOID:0050721	DOID:0050722	PHGDH deficiency
DOID:0050721	DOID:0050723	PSAT deficiency
DOID:0050721	DOID:0050724	PSPH deficiency
DOID:0050721	DOID:0080075	Neu-Laxova syndrome 2
DOID:0050721	DOID:0080076	Neu-Laxova syndrome 1
DOID:0050728	DOID:2747	glycogen storage disease
DOID:0050730	DOID:0070238	primary coenzyme Q10 deficiency 1
DOID:0050730	DOID:0070239	primary coenzyme Q10 deficiency 2
DOID:0050730	DOID:0070240	primary coenzyme Q10 deficiency 3
DOID:0050730	DOID:0070241	primary coenzyme Q10 deficiency 4
DOID:0050730	DOID:0070242	primary coenzyme Q10 deficiency 5
DOID:0050730	DOID:0070243	primary coenzyme Q10 deficiency 6
DOID:0050730	DOID:0070244	primary coenzyme Q10 deficiency 7
DOID:0050730	DOID:0070245	primary coenzyme Q10 deficiency 8
DOID:0050730	DOID:0112138	primary coenzyme Q10 deficiency 9
DOID:0050731	DOID:0050734	congenital intrinsic factor deficiency
DOID:0050731	DOID:0050818	transcobalamin II deficiency
DOID:0050735	DOID:0050566	X-linked nonsyndromic deafness
DOID:0050735	DOID:0050776	non-syndromic X-linked intellectual disability
DOID:0050735	DOID:0050781	Ogden syndrome
DOID:0050735	DOID:0050953	X-linked hereditary ataxia
DOID:0050735	DOID:0051003	congenital nonspherocytic hemolytic anemia 1
DOID:0050735	DOID:0051073	dilated cardiomyopathy 3C
DOID:0050735	DOID:0060309	syndromic X-linked intellectual disability
DOID:0050735	DOID:0060613	X-linked cleft palate with or without ankyloglossia
DOID:0050735	DOID:0070381	developmental and epileptic encephalopathy 90
DOID:0050735	DOID:0070595	X-linked spermatogenic failure 4
DOID:0050735	DOID:0070596	X-linked spermatogenic failure 5
DOID:0050735	DOID:0070597	X-linked spermatogenic failure 6
DOID:0050735	DOID:0070599	X-linked spermatogenic failure 8
DOID:0050735	DOID:0080009	X-linked dominant disease
DOID:0050735	DOID:0080012	X-linked recessive disease
DOID:0050735	DOID:0080494	ovarian dysgenesis 2
DOID:0050735	DOID:0080687	reducing body myopathy 1B
DOID:0050735	DOID:0080857	primary ovarian insufficiency 1
DOID:0050735	DOID:0080861	primary ovarian insufficiency 4
DOID:0050735	DOID:0081043	fetal akinesia deformation sequence syndrome X-linked
DOID:0050735	DOID:0081059	X-linked central diabetes insipidus
DOID:0050735	DOID:0090027	split hand-foot malformation 2
DOID:0050735	DOID:0110272	cataract 40
DOID:0050735	DOID:0110415	retinitis pigmentosa 2
DOID:0050735	DOID:0110416	retinitis pigmentosa 24
DOID:0050735	DOID:0110461	dilated cardiomyopathy 3B
DOID:0050735	DOID:0111388	X-linked hypoparathyroidism
DOID:0050735	DOID:0111413	X-linked exudative vitreoretinopathy 2
DOID:0050735	DOID:0111765	X-linked cardiac valvular dysplasia
DOID:0050735	DOID:0111777	46,XY sex reversal 2
DOID:0050735	DOID:0111779	X-linked panhypopituitarism
DOID:0050735	DOID:0111780	TARP syndrome
DOID:0050735	DOID:0111788	Melnick-Needles syndrome
DOID:0050735	DOID:0111799	syndromic microphthalmia 1
DOID:0050735	DOID:0111811	syndromic microphthalmia 13
DOID:0050735	DOID:0111826	Abruzzo-Erickson syndrome
DOID:0050735	DOID:0111834	X-linked reticulate pigmentary disorder
DOID:0050735	DOID:0111861	Meester-Loeys syndrome
DOID:0050735	DOID:0111862	congenital bilateral absence of vas deferens
DOID:0050735	DOID:0111899	X-linked thrombophilia due to factor IX defect
DOID:0050735	DOID:0112107	McLeod syndrome
DOID:0050735	DOID:0112122	X-linked epilepsy with variable learning disabilities and behavior disorders
DOID:0050735	DOID:0112124	X-linked retinitis pigmentosa and sinorespiratory infections
DOID:0050735	DOID:0112151	corpus callosum agenesis-abnormal genitalia syndrome
DOID:0050735	DOID:0112238	X-linked lissencephaly 2
DOID:0050735	DOID:0112239	X-linked lissencephaly 1
DOID:0050736	DOID:0050156	idiopathic pulmonary fibrosis
DOID:0050736	DOID:0050331	lacrimoauriculodentodigital syndrome 1
DOID:0050736	DOID:0050429	Hailey-Hailey disease
DOID:0050736	DOID:0050430	multiple endocrine neoplasia type 2A
DOID:0050736	DOID:0050434	Andersen-Tawil syndrome
DOID:0050736	DOID:0050438	Frasier syndrome
DOID:0050736	DOID:0050449	pachyonychia congenita
DOID:0050736	DOID:0050463	campomelic dysplasia
DOID:0050736	DOID:0050466	Loeys-Dietz syndrome
DOID:0050736	DOID:0050469	Costello syndrome
DOID:0050736	DOID:0050471	Carney complex
DOID:0050736	DOID:0050472	monilethrix
DOID:0050736	DOID:0050524	maturity-onset diabetes of the young
DOID:0050736	DOID:0050540	Charcot-Marie-Tooth disease type 3
DOID:0050736	DOID:0050546	congenital adrenal insufficiency
DOID:0050736	DOID:0050547	familial medullary thyroid carcinoma
DOID:0050736	DOID:0050558	Ullrich congenital muscular dystrophy
DOID:0050736	DOID:0050564	autosomal dominant nonsyndromic deafness
DOID:0050736	DOID:0050601	ADULT syndrome
DOID:0050736	DOID:0050606	acrokeratosis verruciformis
DOID:0050736	DOID:0050628	advanced sleep phase syndrome
DOID:0050736	DOID:0050636	hereditary systemic amyloidosis 2
DOID:0050736	DOID:0050637	Finnish type amyloidosis
DOID:0050736	DOID:0050638	hereditary systemic amyloidosis 1
DOID:0050736	DOID:0050657	Cowden syndrome 1
DOID:0050736	DOID:0050658	Bart-Pumphrey syndrome
DOID:0050736	DOID:0050660	Beare-Stevenson cutis gyrata syndrome
DOID:0050736	DOID:0050675	Birk-Barel syndrome
DOID:0050736	DOID:0050676	Birt-Hogg-Dube syndrome
DOID:0050736	DOID:0050678	Blau syndrome
DOID:0050736	DOID:0050689	brachydactyly-syndactyly syndrome
DOID:0050736	DOID:0050691	branchiooculofacial syndrome
DOID:0050736	DOID:0050693	Brooke-Spiegler syndrome
DOID:0050736	DOID:0050770	polycystic liver disease
DOID:0050736	DOID:0050772	spastic ataxia 1
DOID:0050736	DOID:0050773	paraganglioma
DOID:0050736	DOID:0050787	juvenile polyposis syndrome
DOID:0050736	DOID:0050788	proximal symphalangism
DOID:0050736	DOID:0050789	tarsal-carpal coalition syndrome
DOID:0050736	DOID:0050792	multiple cutaneous and mucosal venous malformations
DOID:0050736	DOID:0050794	multiple synostoses syndrome
DOID:0050736	DOID:0050831	familial encephalopathy with neuroserpin inclusion bodies
DOID:0050736	DOID:0050854	Muckle-Wells syndrome
DOID:0050736	DOID:0050880	Koolen de Vries syndrome
DOID:0050736	DOID:0050887	Townes-Brocks syndrome
DOID:0050736	DOID:0050945	spastic ataxia 7
DOID:0050736	DOID:0050948	autosomal dominant hypophosphatemic rickets
DOID:0050736	DOID:0051014	atypical autosomal dominant adult-onset demyelinating leukodystrophy
DOID:0050736	DOID:0051017	visceral heterotaxy 2
DOID:0050736	DOID:0051043	Charcot-Marie-Tooth disease axonal type 2JJ
DOID:0050736	DOID:0051045	myofibrillar myopathy 13 with rimmed vacuoles
DOID:0050736	DOID:0051051	congenital disorder of glycosylation type IIw
DOID:0050736	DOID:0051067	Fontaine progeroid syndrome
DOID:0050736	DOID:0051084	developmental and epileptic encephalopathy 112
DOID:0050736	DOID:0051086	developmental and epileptic encephalopathy 114
DOID:0050736	DOID:0051088	developmental and epileptic encephalopathy 119
DOID:0050736	DOID:0051089	developmental and epileptic encephalopathy 120
DOID:0050736	DOID:0051093	retinitis pigmentosa 102
DOID:0050736	DOID:0051094	retinitis pigmentosa 103
DOID:0050736	DOID:0051095	retinitis pigmentosa 104
DOID:0050736	DOID:0051096	retinitis pigmentosa 105
DOID:0050736	DOID:0051097	retinitis pigmentosa 106
DOID:0050736	DOID:0060055	popliteal pterygium syndrome
DOID:0050736	DOID:0060062	autosomal dominant tubulointerstitial kidney disease
DOID:0050736	DOID:0060173	Timothy syndrome
DOID:0050736	DOID:0060193	amyotrophic lateral sclerosis type 1
DOID:0050736	DOID:0060255	rippling muscle disease 2
DOID:0050736	DOID:0060293	autosomal dominant chondrodysplasia punctata
DOID:0050736	DOID:0060307	autosomal dominant intellectual developmental disorder
DOID:0050736	DOID:0060330	Rapp-Hodgkin syndrome
DOID:0050736	DOID:0060335	autosomal dominant sideroblastic anemia 4
DOID:0050736	DOID:0060342	acromelic frontonasal dysostosis
DOID:0050736	DOID:0060349	microcephaly with or without chorioretinopathy, lymphedema, or mental retardation
DOID:0050736	DOID:0060352	Kleefstra syndrome 1
DOID:0050736	DOID:0060353	acrofacial dysostosis Cincinnati type
DOID:0050736	DOID:0060354	Stormorken syndrome
DOID:0050736	DOID:0060362	punctate palmoplantar keratoderma type III
DOID:0050736	DOID:0060367	Parkinson's disease 1
DOID:0050736	DOID:0060371	Parkinson's disease 8
DOID:0050736	DOID:0060380	orofaciodigital syndrome X
DOID:0050736	DOID:0060391	chromosome 13q14 deletion syndrome
DOID:0050736	DOID:0060393	chromosome 15q11.2 deletion syndrome
DOID:0050736	DOID:0060395	chromosome 15q24 deletion syndrome
DOID:0050736	DOID:0060396	chromosome 15q25 deletion syndrome
DOID:0050736	DOID:0060402	chromosome 17p13.1 deletion syndrome
DOID:0050736	DOID:0060403	chromosome 17q11.2 deletion syndrome
DOID:0050736	DOID:0060404	chromosome 17q12 deletion syndrome
DOID:0050736	DOID:0060406	chromosome 18p deletion syndrome
DOID:0050736	DOID:0060407	chromosome 18q deletion syndrome
DOID:0050736	DOID:0060408	chromosome 19q13.11 deletion syndrome
DOID:0050736	DOID:0060409	NFIA-related disorder
DOID:0050736	DOID:0060421	chromosome 5q12 deletion syndrome
DOID:0050736	DOID:0060426	chromosome 19p13.13 deletion syndrome
DOID:0050736	DOID:0060447	epithelial basement membrane dystrophy
DOID:0050736	DOID:0060452	posterior amorphous corneal dystrophy
DOID:0050736	DOID:0060455	Thiel-Behnke corneal dystrophy
DOID:0050736	DOID:0060456	Schnyder corneal dystrophy
DOID:0050736	DOID:0060464	Feingold syndrome
DOID:0050736	DOID:0060468	Holt-Oram syndrome
DOID:0050736	DOID:0060469	Miller-Dieker lissencephaly syndrome
DOID:0050736	DOID:0060475	myoclonic-atonic epilepsy
DOID:0050736	DOID:0060485	Mowat-Wilson syndrome
DOID:0050736	DOID:0060486	Perry syndrome
DOID:0050736	DOID:0060488	Pitt-Hopkins syndrome
DOID:0050736	DOID:0060550	ablepharon macrostomia syndrome
DOID:0050736	DOID:0060578	Noonan syndrome 1
DOID:0050736	DOID:0060581	Noonan syndrome 3
DOID:0050736	DOID:0060582	Noonan syndrome 4
DOID:0050736	DOID:0060583	Noonan syndrome 5
DOID:0050736	DOID:0060584	Noonan syndrome 6
DOID:0050736	DOID:0060585	Noonan syndrome 7
DOID:0050736	DOID:0060586	Noonan syndrome 8
DOID:0050736	DOID:0060587	Noonan syndrome 9
DOID:0050736	DOID:0060588	Noonan syndrome 10
DOID:0050736	DOID:0060591	WHIM syndrome 1
DOID:0050736	DOID:0060611	abdominal obesity-metabolic syndrome
DOID:0050736	DOID:0060614	ulnar-mammary syndrome
DOID:0050736	DOID:0060639	permanent neonatal diabetes mellitus
DOID:0050736	DOID:0060652	familial erythrocytosis 1
DOID:0050736	DOID:0060672	frontotemporal dementia 2
DOID:0050736	DOID:0060681	autosomal dominant nocturnal frontal lobe epilepsy
DOID:0050736	DOID:0060691	platelet-type bleeding disorder 16
DOID:0050736	DOID:0060696	hyperekplexia 1
DOID:0050736	DOID:0060698	hyperekplexia 3
DOID:0050736	DOID:0060699	familial hypocalciuric hypercalcemia
DOID:0050736	DOID:0060703	Muenke Syndrome
DOID:0050736	DOID:0060730	torsion dystonia 1
DOID:0050736	DOID:0060731	congenital central hypoventilation syndrome
DOID:0050736	DOID:0060735	generalized severe epidermolysis bullosa simplex 1A
DOID:0050736	DOID:0060736	epidermolysis bullosa simplex 5A Ogna type
DOID:0050736	DOID:0060739	hand-foot-genital syndrome
DOID:0050736	DOID:0060745	Doyne honeycomb retinal dystrophy
DOID:0050736	DOID:0060747	Duane-radial ray syndrome
DOID:0050736	DOID:0060748	familial temporal lobe epilepsy 1
DOID:0050736	DOID:0060749	familial temporal lobe epilepsy 6
DOID:0050736	DOID:0060750	familial temporal lobe epilepsy 3
DOID:0050736	DOID:0060751	familial temporal lobe epilepsy 7
DOID:0050736	DOID:0060752	familial temporal lobe epilepsy 5
DOID:0050736	DOID:0060753	familial temporal lobe epilepsy 4
DOID:0050736	DOID:0060754	familial temporal lobe epilepsy 8
DOID:0050736	DOID:0060755	familial temporal lobe epilepsy 2
DOID:0050736	DOID:0060757	sclerosteosis 2
DOID:0050736	DOID:0060765	autosomal dominant Robinow syndrome 2
DOID:0050736	DOID:0060766	autosomal dominant Robinow syndrome 1
DOID:0050736	DOID:0060767	autosomal dominant Robinow syndrome 3
DOID:0050736	DOID:0060772	multiple types of congenital heart defects 6
DOID:0050736	DOID:0060780	congenital diarrhea 6
DOID:0050736	DOID:0060782	EEC syndrome
DOID:0050736	DOID:0060785	typical adult-onset autosomal dominant demyelinating leukodystrophy
DOID:0050736	DOID:0060798	hypomyelinating leukodystrophy 6
DOID:0050736	DOID:0060838	isolated microphthalmia 7
DOID:0050736	DOID:0060843	hereditary neuropathy with liability to pressure palsies
DOID:0050736	DOID:0060855	autosomal dominant pseudohypoaldosteronism type 1
DOID:0050736	DOID:0060867	macrocephaly-autism syndrome
DOID:0050736	DOID:0060871	autosomal dominant keratitis-ichthyosis-deafness syndrome
DOID:0050736	DOID:0060877	bullous congenital ichthyosiform erythroderma
DOID:0050736	DOID:0060895	Parkinson's disease 4
DOID:0050736	DOID:0060897	Parkinson's disease 17
DOID:0050736	DOID:0060914	proteosome-associated autoinflammatory syndrome 2
DOID:0050736	DOID:0060931	developmental dysplasia of the hip 1
DOID:0050736	DOID:0060932	developmental dysplasia of the hip 2
DOID:0050736	DOID:0060936	dystonia 28, childhood-onset
DOID:0050736	DOID:0060937	dystonia 30
DOID:0050736	DOID:0060940	dystonia 33
DOID:0050736	DOID:0060941	interstitial lung disease 1
DOID:0050736	DOID:0060944	episodic kinesigenic dyskinesia 3
DOID:0050736	DOID:0060945	amelogenesis imperfecta type 1K
DOID:0050736	DOID:0060953	ZTTK syndrome
DOID:0050736	DOID:0060957	myoclonic dystonia 34
DOID:0050736	DOID:0060965	episodic ataxia type 9
DOID:0050736	DOID:0060970	Cornelia de Lange syndrome 6
DOID:0050736	DOID:0060971	interstitial lung disease 2
DOID:0050736	DOID:0060972	renal hypomagnesemia 7, with or without dilated cardiomyopathy
DOID:0050736	DOID:0060985	preaxial polydactyly type IV
DOID:0050736	DOID:0060986	preaxial polydactyly II
DOID:0050736	DOID:0060989	short stature, facial dysmorphism, and skeletal anomalies with or without cardiac anomalies 1
DOID:0050736	DOID:0060992	bent bone dysplasia syndrome 1
DOID:0050736	DOID:0060995	autosomal dominant isolated macrothrombocytopenia 2
DOID:0050736	DOID:0060996	poor metabolism of thiopurines 2
DOID:0050736	DOID:0060998	striatal degeneration 2
DOID:0050736	DOID:0061008	craniosynostosis 6
DOID:0050736	DOID:0061009	craniosynostosis 2
DOID:0050736	DOID:0061010	craniosynostosis 1
DOID:0050736	DOID:0061011	craniosynostosis 3
DOID:0050736	DOID:0061012	craniosynostosis 4
DOID:0050736	DOID:0061017	combined pituitary hormone deficiency 4
DOID:0050736	DOID:0061018	combined or isolated pituitary hormone deficiency 8
DOID:0050736	DOID:0061019	combined or isolated pituitary hormone deficiency 1
DOID:0050736	DOID:0061022	combined pituitary hormone deficiency 6
DOID:0050736	DOID:0061027	Duane retraction syndrome 1
DOID:0050736	DOID:0061028	Duane retraction syndrome 2
DOID:0050736	DOID:0061029	Duane retraction syndrome 3
DOID:0050736	DOID:0061053	immunodeficiency 82
DOID:0050736	DOID:0061054	immunodeficiency 84
DOID:0050736	DOID:0061055	immunodeficiency 85
DOID:0050736	DOID:0061064	immunodeficiency 94
DOID:0050736	DOID:0061070	immunodeficiency 100
DOID:0050736	DOID:0061071	immunodeficiency 101
DOID:0050736	DOID:0061076	immunodeficiency 107
DOID:0050736	DOID:0061087	immunodeficiency 121
DOID:0050736	DOID:0061096	immunodeficiency 133
DOID:0050736	DOID:0061097	immunodeficiency 132B
DOID:0050736	DOID:0061100	autosomal dominant primary microcephaly
DOID:0050736	DOID:0061101	immunodeficiency 132A
DOID:0050736	DOID:0061104	retinitis pigmentosa 96
DOID:0050736	DOID:0061106	retinitis pigmentosa 91
DOID:0050736	DOID:0061108	retinitis pigmentosa 79
DOID:0050736	DOID:0061110	retinitis pigmentosa 97
DOID:0050736	DOID:0061125	immunodeficiency 131
DOID:0050736	DOID:0061144	complex cortical dysplasia with other brain malformations 13
DOID:0050736	DOID:0061146	Pan-Chung-Bellen syndrome
DOID:0050736	DOID:0061149	hereditary congenital ptosis 1
DOID:0050736	DOID:0061150	familial isolated hypoparathyroidism 1
DOID:0050736	DOID:0061151	familial isolated hypoparathyroidism 2
DOID:0050736	DOID:0061156	CASGID syndrome
DOID:0050736	DOID:0061160	infantile onset multisystem autoimmune disease 1
DOID:0050736	DOID:0061169	autosomal dominant autoinflammation, panniculitis, and dermatosis syndrome
DOID:0050736	DOID:0061172	transient neonatal diabetes mellitus 3
DOID:0050736	DOID:0061174	transient neonatal diabetes mellitus 2
DOID:0050736	DOID:0061176	developmental and epileptic encephalopathy 118
DOID:0050736	DOID:0061179	Adams-Oliver syndrome 3
DOID:0050736	DOID:0061184	myopathy with myalgia, increased serum creatine kinase, and with or without episodic rhabdomyolysis 2
DOID:0050736	DOID:0061185	autoinflammatory syndrome with cytopenia, hyperzincemia, and hypercalprotectinemia
DOID:0050736	DOID:0061187	multiple familial trichoepithelioma 1
DOID:0050736	DOID:0061189	neuronal ceroid lipofuscinosis 15
DOID:0050736	DOID:0061198	Bethlem myopathy 1A
DOID:0050736	DOID:0061199	Bethlem myopathy 1B
DOID:0050736	DOID:0061200	Bethlem myopathy 1C
DOID:0050736	DOID:0061201	Bethlem myopathy 2
DOID:0050736	DOID:0061209	branchiootic syndrome 1
DOID:0050736	DOID:0061210	branchiootic syndrome 3
DOID:0050736	DOID:0061223	epidermolytic hyperkeratosis 2A
DOID:0050736	DOID:0061229	Camurati-Engelmann disease 1
DOID:0050736	DOID:0061230	Camurati-Engelmann disease 2
DOID:0050736	DOID:0061235	brain small vessel disease 5 with osteoporosis
DOID:0050736	DOID:0061236	brain small vessel disease 6 with leukoencephalopathy
DOID:0050736	DOID:0061246	periventricular nodular heterotopia 9
DOID:0050736	DOID:0061248	familial hyperaldosteronism III
DOID:0050736	DOID:0061249	familial hyperaldosteronism II
DOID:0050736	DOID:0061250	familial hyperaldosteronism IV
DOID:0050736	DOID:0061257	congenital myopathy 26
DOID:0050736	DOID:0061269	periventricular nodular heterotopia 6
DOID:0050736	DOID:0061270	periventricular nodular heterotopia 7
DOID:0050736	DOID:0061274	Weill-Marchesani syndrome 2
DOID:0050736	DOID:0070014	autosomal dominant dyskeratosis congenita 1
DOID:0050736	DOID:0070016	autosomal dominant dyskeratosis congenita 2
DOID:0050736	DOID:0070018	autosomal dominant dyskeratosis congenita 3
DOID:0050736	DOID:0070020	autosomal dominant dyskeratosis congenita 4
DOID:0050736	DOID:0070023	autosomal dominant dyskeratosis congenita 6
DOID:0050736	DOID:0070026	Revesz syndrome
DOID:0050736	DOID:0070027	CST3-related cerebral amyloid angiopathy
DOID:0050736	DOID:0070028	APP-related cerebral amyloid angiopathy
DOID:0050736	DOID:0070029	ITM2B-related cerebral amyloid angiopathy 1
DOID:0050736	DOID:0070030	ITM2B-related cerebral amyloid angiopathy 2
DOID:0050736	DOID:0070077	schizophrenia 1
DOID:0050736	DOID:0070078	schizophrenia 2
DOID:0050736	DOID:0070079	schizophrenia 3
DOID:0050736	DOID:0070080	schizophrenia 4
DOID:0050736	DOID:0070081	schizophrenia 5
DOID:0050736	DOID:0070082	schizophrenia 6
DOID:0050736	DOID:0070083	schizophrenia 7
DOID:0050736	DOID:0070084	schizophrenia 8
DOID:0050736	DOID:0070086	schizophrenia 10
DOID:0050736	DOID:0070087	schizophrenia 11
DOID:0050736	DOID:0070088	schizophrenia 12
DOID:0050736	DOID:0070091	schizophrenia 15
DOID:0050736	DOID:0070124	congenital nongoitrous hypothyroidism 2
DOID:0050736	DOID:0070125	congenital nongoitrous hypothyroidism 5
DOID:0050736	DOID:0070127	congenital nongoitrous hypothyroidism 3
DOID:0050736	DOID:0070128	congenital nongoitrous hypothyroidism 6
DOID:0050736	DOID:0070142	autosomal dominant cutis laxa
DOID:0050736	DOID:0070149	hereditary sensory and autonomic neuropathy type 7
DOID:0050736	DOID:0070162	hereditary sensory and autonomic neuropathy type 1
DOID:0050736	DOID:0070164	spermatogenic failure 2
DOID:0050736	DOID:0070168	spermatogenic failure 3
DOID:0050736	DOID:0070169	spermatogenic failure 8
DOID:0050736	DOID:0070171	spermatogenic failure 12
DOID:0050736	DOID:0070176	spermatogenic failure 4
DOID:0050736	DOID:0070178	spermatogenic failure 10
DOID:0050736	DOID:0070180	spermatogenic failure 11
DOID:0050736	DOID:0070196	infantile-onset distal myopathy
DOID:0050736	DOID:0070197	distal myopathy 1
DOID:0050736	DOID:0070202	familial partial lipodystrophy type 2
DOID:0050736	DOID:0070204	familial partial lipodystrophy type 3
DOID:0050736	DOID:0070205	familial partial lipodystrophy type 4
DOID:0050736	DOID:0070208	hereditary lymphedema IC
DOID:0050736	DOID:0070209	hereditary lymphedema ID
DOID:0050736	DOID:0070210	hereditary lymphedema IA
DOID:0050736	DOID:0070211	hereditary lymphedema IB
DOID:0050736	DOID:0070213	hereditary lymphedema II
DOID:0050736	DOID:0070214	familial hyperinsulinemic hypoglycemia 7
DOID:0050736	DOID:0070216	familial hyperinsulinemic hypoglycemia 3
DOID:0050736	DOID:0070217	familial hyperinsulinemic hypoglycemia 6
DOID:0050736	DOID:0070218	familial hyperinsulinemic hypoglycemia 2
DOID:0050736	DOID:0070219	familial hyperinsulinemic hypoglycemia 1
DOID:0050736	DOID:0070220	familial hyperinsulinemic hypoglycemia 5
DOID:0050736	DOID:0070228	intrahepatic cholestasis of pregnancy 1
DOID:0050736	DOID:0070229	intrahepatic cholestasis of pregnancy 3
DOID:0050736	DOID:0070247	autosomal dominant Emery-Dreifuss muscular dystrophy 2
DOID:0050736	DOID:0070249	autosomal dominant Emery-Dreifuss muscular dystrophy 4
DOID:0050736	DOID:0070250	autosomal dominant Emery-Dreifuss muscular dystrophy 5
DOID:0050736	DOID:0070252	autosomal dominant Emery-Dreifuss muscular dystrophy 7
DOID:0050736	DOID:0070298	multiple epiphyseal dysplasia 2
DOID:0050736	DOID:0070299	multiple epiphyseal dysplasia 5
DOID:0050736	DOID:0070301	multiple epiphyseal dysplasia 6
DOID:0050736	DOID:0070303	multiple epiphyseal dysplasia 1
DOID:0050736	DOID:0070304	multiple epiphyseal dysplasia 3
DOID:0050736	DOID:0070316	Miura type epiphyseal chondrodysplasia
DOID:0050736	DOID:0070337	epithelial recurrent erosion dystrophy
DOID:0050736	DOID:0070345	vertebral anomalies and variable endocrine and T-cell dysfunction
DOID:0050736	DOID:0070348	spinal muscular atrophy with lower extremity predominant
DOID:0050736	DOID:0070353	cataract 47
DOID:0050736	DOID:0070365	nevoid basal cell carcinoma syndrome 1
DOID:0050736	DOID:0070375	developmental and epileptic encephalopathy 64
DOID:0050736	DOID:0070377	developmental and epileptic encephalopathy 96
DOID:0050736	DOID:0070378	developmental and epileptic encephalopathy 109
DOID:0050736	DOID:0070379	developmental and epileptic encephalopathy 6B
DOID:0050736	DOID:0070383	developmental and epileptic encephalopathy 97
DOID:0050736	DOID:0070384	developmental and epileptic encephalopathy 98
DOID:0050736	DOID:0070385	developmental and epileptic encephalopathy 99
DOID:0050736	DOID:0070386	developmental and epileptic encephalopathy 100
DOID:0050736	DOID:0070389	developmental and epileptic encephalopathy 103
DOID:0050736	DOID:0070390	developmental and epileptic encephalopathy 104
DOID:0050736	DOID:0070394	developmental and epileptic encephalopathy 108
DOID:0050736	DOID:0070400	hypomyelinating leukodystrophy 19
DOID:0050736	DOID:0070401	hypomyelinating leukodystrophy 25
DOID:0050736	DOID:0070402	hypomyelinating leukodystrophy 22
DOID:0050736	DOID:0070405	hypomyelinating leukodystrophy 16
DOID:0050736	DOID:0070406	hypomyelinating leukodystrophy 24
DOID:0050736	DOID:0070415	brachycephaly, trichomegaly, and developmental delay
DOID:0050736	DOID:0070418	vertebral hypersegmentation and orofacial anomalies
DOID:0050736	DOID:0070438	retinal macular dystrophy
DOID:0050736	DOID:0070442	paroxysmal nonkinesigenic dyskinesia 3
DOID:0050736	DOID:0070445	early-onset dystonia and/or spastic paraplegia
DOID:0050736	DOID:0070455	hereditary spastic paraplegia 79A
DOID:0050736	DOID:0070457	hereditary spastic paraplegia 88
DOID:0050736	DOID:0070459	hereditary spastic paraplegia 90A
DOID:0050736	DOID:0070460	hereditary spastic paraplegia 90B
DOID:0050736	DOID:0070461	mitochondrial complex V (ATP synthase) deficiency nuclear type 4A
DOID:0050736	DOID:0070466	carpal tunnel syndrome 1
DOID:0050736	DOID:0070467	carpal tunnel syndrome 2
DOID:0050736	DOID:0070470	chromosome 1p36.33 duplication syndrome
DOID:0050736	DOID:0070471	early-onset epilepsy 2
DOID:0050736	DOID:0070472	early-onset epilepsy 3
DOID:0050736	DOID:0070474	childhood-onset neurodegeneration with brain atrophy
DOID:0050736	DOID:0070483	Watson syndrome
DOID:0050736	DOID:0070484	Legius syndrome
DOID:0050736	DOID:0070509	Schinzel Giedion syndrome
DOID:0050736	DOID:0070516	Mitchell syndrome
DOID:0050736	DOID:0070518	familial multiple lipomatosis
DOID:0050736	DOID:0070530	foveal hypoplasia 1
DOID:0050736	DOID:0070532	aniridia 1
DOID:0050736	DOID:0070533	long QT syndrome 16
DOID:0050736	DOID:0070545	developmental and epileptic encephalopathy 116
DOID:0050736	DOID:0070546	primary pigmented nodular adrenocortical disease 1
DOID:0050736	DOID:0070547	primary pigmented nodular adrenocortical disease 2
DOID:0050736	DOID:0070549	primary pigmented nodular adrenocortical disease 4
DOID:0050736	DOID:0070551	epidermolytic palmoplantar keratoderma 2
DOID:0050736	DOID:0070552	epidermolytic palmoplantar keratoderma 1
DOID:0050736	DOID:0070613	familial renal glucosuria
DOID:0050736	DOID:0070615	autoinflammation, antibody deficiency, and immune dysregulation syndrome
DOID:0050736	DOID:0070617	rhabdoid tumor predisposition syndrome
DOID:0050736	DOID:0070636	mirror movements 1
DOID:0050736	DOID:0070637	mirror movements 2
DOID:0050736	DOID:0070638	mirror movements 4
DOID:0050736	DOID:0070640	hereditary spastic paraplegia 18A
DOID:0050736	DOID:0070643	hereditary spastic paraplegia 91
DOID:0050736	DOID:0070647	hereditary spastic paraplegia 30A
DOID:0050736	DOID:0070652	Nil-Deshwar neurodevelopmental syndrome
DOID:0050736	DOID:0070653	Fliedner-Zweier syndrome
DOID:0050736	DOID:0070657	congenital variant of Rett syndrome
DOID:0050736	DOID:0070666	infantile myofibromatosis 1
DOID:0050736	DOID:0070667	infantile myofibromatosis 2
DOID:0050736	DOID:0070679	congenital hypomyelinating neuropathy 2
DOID:0050736	DOID:0070685	congenital hydrocephalus 4
DOID:0050736	DOID:0070687	normal pressure hydrocephalus 1
DOID:0050736	DOID:0070690	lobodontia
DOID:0050736	DOID:0070699	STAD syndrome
DOID:0050736	DOID:0070705	dentin dysplasia type IB
DOID:0050736	DOID:0070706	dentin dysplasia type IC
DOID:0050736	DOID:0070707	dentin dysplasia type II
DOID:0050736	DOID:0070708	dentin dysplasia with sclerotic bones
DOID:0050736	DOID:0070716	progressive microcephaly with simplified gyral pattern and cerebellar hypoplasia
DOID:0050736	DOID:0070722	adult-onset leukoencephalopathy without lacunae
DOID:0050736	DOID:0070724	dental radicular dysplasia
DOID:0050736	DOID:0070743	congenital facial palsy with ptosis and velopharyngeal dysfunction
DOID:0050736	DOID:0070771	gingival fibromatosis 1
DOID:0050736	DOID:0070773	gingival fibromatosis 3
DOID:0050736	DOID:0070775	gingival fibromatosis 6
DOID:0050736	DOID:0070788	autosomal dominant adult-onset leukodystrophy without amyloid angiopathy
DOID:0050736	DOID:0070790	congenital nonprogressive movement disorder with ataxia and eye movement abnormalities
DOID:0050736	DOID:0070791	craniofaciocardiohepatic syndrome
DOID:0050736	DOID:0070796	ICHAD syndrome
DOID:0050736	DOID:0070797	immunodysregulation with variable immunodeficiency and autoimmunity
DOID:0050736	DOID:0080020	Jansen's metaphyseal chondrodysplasia
DOID:0050736	DOID:0080028	spondyloepimetaphyseal dysplasia, Strudwick type
DOID:0050736	DOID:0080030	spondyloepimetaphyseal dysplasia, Missouri type
DOID:0050736	DOID:0080037	Worth syndrome
DOID:0050736	DOID:0080041	hypochondroplasia
DOID:0050736	DOID:0080045	Kniest dysplasia
DOID:0050736	DOID:0080047	pseudoachondroplasia
DOID:0050736	DOID:0080056	achondrogenesis type II
DOID:0050736	DOID:0080067	Charcot-Marie-Tooth disease type 5
DOID:0050736	DOID:0080077	hypophosphatemic nephrolithiasis/osteoporosis 1
DOID:0050736	DOID:0080078	hypophosphatemic nephrolithiasis/osteoporosis 2
DOID:0050736	DOID:0080079	nonsyndromic congenital nail disorder 1
DOID:0050736	DOID:0080080	nonsyndromic congenital nail disorder 2
DOID:0050736	DOID:0080081	nonsyndromic congenital nail disorder 3
DOID:0050736	DOID:0080083	nonsyndromic congenital nail disorder 5
DOID:0050736	DOID:0080084	nonsyndromic congenital nail disorder 6
DOID:0050736	DOID:0080085	nonsyndromic congenital nail disorder 7
DOID:0050736	DOID:0080086	nonsyndromic congenital nail disorder 8
DOID:0050736	DOID:0080089	tubular aggregate myopathy 1
DOID:0050736	DOID:0080092	myofibrillar myopathy 1
DOID:0050736	DOID:0080093	adult-onset myofibrillar myopathy 2A
DOID:0050736	DOID:0080094	myofibrillar myopathy 3
DOID:0050736	DOID:0080095	myofibrillar myopathy 4
DOID:0050736	DOID:0080096	myofibrillar myopathy 5
DOID:0050736	DOID:0080097	myofibrillar myopathy 6
DOID:0050736	DOID:0080102	congenital myopathy 4A
DOID:0050736	DOID:0080130	mitochondrial DNA depletion syndrome 12a
DOID:0050736	DOID:0080137	multiple endocrine neoplasia type 4
DOID:0050736	DOID:0080196	mandibulofacial dysostosis, Guion-Almeida type
DOID:0050736	DOID:0080213	punctate palmoplantar keratoderma type II
DOID:0050736	DOID:0080219	dystransthyretinemic hyperthyroxinemia
DOID:0050736	DOID:0080243	amelogenesis imperfecta type 3B
DOID:0050736	DOID:0080248	erythrokeratodermia variabilis et progressiva 2
DOID:0050736	DOID:0080249	erythrokeratodermia variabilis et progressiva 3
DOID:0050736	DOID:0080264	exudative vitreoretinopathy 7
DOID:0050736	DOID:0080280	gingival fibromatosis 5
DOID:0050736	DOID:0080282	developmental and epileptic encephalopathy 56
DOID:0050736	DOID:0080284	developmental and epileptic encephalopathy 57
DOID:0050736	DOID:0080285	developmental and epileptic encephalopathy 58
DOID:0050736	DOID:0080290	familial erythrocytosis 5
DOID:0050736	DOID:0080291	developmental and epileptic encephalopathy 59
DOID:0050736	DOID:0080294	Charcot-Marie-Tooth disease dominant intermediate G
DOID:0050736	DOID:0080317	megalencephalic leukoencephalopathy with subcortical cysts 2B
DOID:0050736	DOID:0080328	Culler-Jones syndrome
DOID:0050736	DOID:0080333	aortic valve disease 1
DOID:0050736	DOID:0080334	aortic valve disease 2
DOID:0050736	DOID:0080338	familial erythrocytosis 3
DOID:0050736	DOID:0080344	blepharocheilodontic syndrome
DOID:0050736	DOID:0080348	Alzheimer's disease 1
DOID:0050736	DOID:0080376	trichorhinophalangeal syndrome type III
DOID:0050736	DOID:0080383	nephrotic syndrome type 4
DOID:0050736	DOID:0080395	orofacial cleft 1
DOID:0050736	DOID:0080406	orofacial cleft 13
DOID:0050736	DOID:0080409	familial adenomatous polyposis 1
DOID:0050736	DOID:0080416	developmental and epileptic encephalopathy 32
DOID:0050736	DOID:0080418	developmental and epileptic encephalopathy 54
DOID:0050736	DOID:0080420	developmental and epileptic encephalopathy 62
DOID:0050736	DOID:0080421	developmental and epileptic encephalopathy 11
DOID:0050736	DOID:0080422	Dravet syndrome
DOID:0050736	DOID:0080425	developmental and epileptic encephalopathy 47
DOID:0050736	DOID:0080428	developmental and epileptic encephalopathy 45
DOID:0050736	DOID:0080429	developmental and epileptic encephalopathy 24
DOID:0050736	DOID:0080430	developmental and epileptic encephalopathy 65
DOID:0050736	DOID:0080431	developmental and epileptic encephalopathy 19
DOID:0050736	DOID:0080436	developmental and epileptic encephalopathy 4
DOID:0050736	DOID:0080437	developmental and epileptic encephalopathy 31A
DOID:0050736	DOID:0080438	developmental and epileptic encephalopathy 5
DOID:0050736	DOID:0080439	developmental and epileptic encephalopathy 14
DOID:0050736	DOID:0080442	developmental and epileptic encephalopathy 41
DOID:0050736	DOID:0080444	developmental and epileptic encephalopathy 27
DOID:0050736	DOID:0080445	developmental and epileptic encephalopathy 13
DOID:0050736	DOID:0080446	developmental and epileptic encephalopathy 66
DOID:0050736	DOID:0080447	developmental and epileptic encephalopathy 43
DOID:0050736	DOID:0080450	developmental and epileptic encephalopathy 17
DOID:0050736	DOID:0080454	developmental and epileptic encephalopathy 42
DOID:0050736	DOID:0080456	developmental and epileptic encephalopathy 46
DOID:0050736	DOID:0080461	developmental and epileptic encephalopathy 26
DOID:0050736	DOID:0080462	developmental and epileptic encephalopathy 7
DOID:0050736	DOID:0080463	developmental and epileptic encephalopathy 33
DOID:0050736	DOID:0080465	developmental and epileptic encephalopathy 30
DOID:0050736	DOID:0080471	developmental and epileptic encephalopathy 92
DOID:0050736	DOID:0080472	developmental and epileptic encephalopathy 91
DOID:0050736	DOID:0080473	developmental delay and seizures with or without movement abnormalities
DOID:0050736	DOID:0080500	ovarian dysgenesis 8
DOID:0050736	DOID:0080504	Parkinson's disease 22
DOID:0050736	DOID:0080505	Cornelia de Lange syndrome 1
DOID:0050736	DOID:0080507	Cornelia de Lange syndrome 3
DOID:0050736	DOID:0080508	Cornelia de Lange syndrome 4
DOID:0050736	DOID:0080510	epidermolysis bullosa simplex 1C
DOID:0050736	DOID:0080511	generalized intermediate epidermolysis bullosa simplex 1B
DOID:0050736	DOID:0080517	Meier-Gorlin syndrome 6
DOID:0050736	DOID:0080519	PAPA syndrome
DOID:0050736	DOID:0080523	adult-onset leukoencephalopathy with axonal spheroids and pigmented glia
DOID:0050736	DOID:0080526	bronchiectasis 1
DOID:0050736	DOID:0080527	bronchiectasis 2
DOID:0050736	DOID:0080528	bronchiectasis 3
DOID:0050736	DOID:0080533	Carney-Stratakis syndrome
DOID:0050736	DOID:0080538	Sweeney-Cox syndrome
DOID:0050736	DOID:0080584	autosomal dominant Wolfram syndrome
DOID:0050736	DOID:0080588	agammaglobulinemia 5
DOID:0050736	DOID:0080589	Klippel-Feil syndrome 1
DOID:0050736	DOID:0080591	Klippel-Feil syndrome 3
DOID:0050736	DOID:0080593	orofacial cleft 6
DOID:0050736	DOID:0080598	Kleefstra syndrome 2
DOID:0050736	DOID:0080604	ankylosing spondylitis 2
DOID:0050736	DOID:0080606	anterior segment dysgenesis 1
DOID:0050736	DOID:0080608	anterior segment dysgenesis 3
DOID:0050736	DOID:0080609	anterior segment dysgenesis 4
DOID:0050736	DOID:0080625	severe congenital neutropenia 1
DOID:0050736	DOID:0080662	atrial standstill 1
DOID:0050736	DOID:0080664	diaphyseal medullary stenosis with malignant fibrous histiocytoma
DOID:0050736	DOID:0080666	warfarin sensitivity
DOID:0050736	DOID:0080669	posterior polymorphous corneal dystrophy 4
DOID:0050736	DOID:0080670	Meesmann corneal dystrophy 1
DOID:0050736	DOID:0080671	Meesmann corneal dystrophy 2
DOID:0050736	DOID:0080673	fibrochondrogenesis 2
DOID:0050736	DOID:0080675	Stickler syndrome 2
DOID:0050736	DOID:0080676	Stickler syndrome 1
DOID:0050736	DOID:0080677	otospondylomegaepiphyseal dysplasia, autosomal dominant
DOID:0050736	DOID:0080682	autosomal dominant familial visceral neuropathy
DOID:0050736	DOID:0080686	tubular aggregate myopathy 2
DOID:0050736	DOID:0080698	Teebi hypertelorism syndrome 1
DOID:0050736	DOID:0080719	congenital myopathy 6
DOID:0050736	DOID:0080720	autosomal dominant congenital deafness with onychodystrophy
DOID:0050736	DOID:0080723	Kenny-Caffey syndrome type 2
DOID:0050736	DOID:0080726	Ehlers-Danlos syndrome classic type 2
DOID:0050736	DOID:0080727	Ehlers-Danlos syndrome arthrochalasia type 1
DOID:0050736	DOID:0080728	Ehlers-Danlos syndrome arthrochalasia type 2
DOID:0050736	DOID:0080757	Fanconi renotubular syndrome 1
DOID:0050736	DOID:0080759	Fanconi renotubular syndrome 3
DOID:0050736	DOID:0080760	Fanconi renotubular syndrome 4
DOID:0050736	DOID:0080764	hereditary diffuse gastric cancer
DOID:0050736	DOID:0080766	erythrokeratodermia variabilis et progressiva 6
DOID:0050736	DOID:0080770	autosomal dominant beta thalassemia
DOID:0050736	DOID:0080773	delta beta-thalassemia
DOID:0050736	DOID:0080801	autosomal dominant craniometaphyseal dysplasia
DOID:0050736	DOID:0080807	autosomal dominant craniodiaphyseal dysplasia
DOID:0050736	DOID:0080837	growth hormone insensitivity syndrome with immune dysregulation 2
DOID:0050736	DOID:0080840	optic atrophy 12
DOID:0050736	DOID:0080845	omodysplasia 2
DOID:0050736	DOID:0080860	primary ovarian insufficiency 3
DOID:0050736	DOID:0080862	primary ovarian insufficiency 5
DOID:0050736	DOID:0080863	primary ovarian insufficiency 6
DOID:0050736	DOID:0080864	primary ovarian insufficiency 7
DOID:0050736	DOID:0080868	primary ovarian insufficiency 11
DOID:0050736	DOID:0080873	primary ovarian insufficiency 16
DOID:0050736	DOID:0080893	Bainbridge-Ropers syndrome
DOID:0050736	DOID:0080929	variant ABeta2M amyloidosis
DOID:0050736	DOID:0080943	46,XX sex reversal 5
DOID:0050736	DOID:0080944	familial Behcet-like autoinflammatory syndrome
DOID:0050736	DOID:0080959	arrhythmogenic right ventricular dysplasia 14
DOID:0050736	DOID:0080964	intracranial berry aneurysm 1
DOID:0050736	DOID:0080966	intracranial berry aneurysm 3
DOID:0050736	DOID:0080977	aortic valve disease 3
DOID:0050736	DOID:0080986	Ehlers-Danlos syndrome periodontal type 1
DOID:0050736	DOID:0080987	Ehlers-Danlos syndrome periodontal type 2
DOID:0050736	DOID:0080990	King Denborough syndrome
DOID:0050736	DOID:0081001	Cowden syndrome 5
DOID:0050736	DOID:0081002	Cowden syndrome 6
DOID:0050736	DOID:0081003	Cowden syndrome 7
DOID:0050736	DOID:0081015	congenital fibrosis of the extraocular muscles 1
DOID:0050736	DOID:0081017	congenital fibrosis of the extraocular muscles 3A
DOID:0050736	DOID:0081019	congenital fibrosis of the extraocular muscles 3C
DOID:0050736	DOID:0081024	retinal cone dystrophy 1
DOID:0050736	DOID:0081030	central conducting lymphatic anomaly
DOID:0050736	DOID:0081048	congenital limbs-face contractures-hypotonia-developmental delay syndrome
DOID:0050736	DOID:0081061	nephrogenic diabetes insipidus type 2
DOID:0050736	DOID:0081063	DICER1 syndrome
DOID:0050736	DOID:0081075	Marsili syndrome
DOID:0050736	DOID:0081079	ectodermal dysplasia and immunodeficiency 2
DOID:0050736	DOID:0081101	nonautoimmune hyperthyroidism
DOID:0050736	DOID:0081102	familial gestational hyperthyroidism
DOID:0050736	DOID:0081106	hot water epilepsy 1
DOID:0050736	DOID:0081108	keratosis palmoplantaris striata 1
DOID:0050736	DOID:0081109	keratosis palmoplantaris striata 2
DOID:0050736	DOID:0081110	keratosis palmoplantaris striata 3
DOID:0050736	DOID:0081112	Baraitser-Winter syndrome 1
DOID:0050736	DOID:0081113	Baraitser-Winter syndrome 2
DOID:0050736	DOID:0081114	benign familial infantile seizures 1
DOID:0050736	DOID:0081115	benign familial infantile seizures 2
DOID:0050736	DOID:0081116	benign familial infantile seizures 3
DOID:0050736	DOID:0081118	benign familial infantile seizures 5
DOID:0050736	DOID:0081121	inclusion body myopathy and brain white matter abnormalities
DOID:0050736	DOID:0081126	DeSanto-Shinawi syndrome
DOID:0050736	DOID:0081133	3-methylglutaconic aciduria type 7a
DOID:0050736	DOID:0081140	agammaglobulinemia 8A
DOID:0050736	DOID:0081142	agammaglobulinemia 10
DOID:0050736	DOID:0081145	common variable immunodeficiency 2
DOID:0050736	DOID:0081152	common variable immunodeficiency 10
DOID:0050736	DOID:0081154	common variable immunodeficiency 12
DOID:0050736	DOID:0081155	common variable immunodeficiency 13
DOID:0050736	DOID:0081156	common variable immunodeficiency 14
DOID:0050736	DOID:0081157	dilated cardiomyopathy 1LL
DOID:0050736	DOID:0081158	dilated cardiomyopathy 1MM
DOID:0050736	DOID:0081176	hypotonia, ataxia, and delayed development syndrome
DOID:0050736	DOID:0081242	autoimmune interstitial lung, joint, and kidney disease
DOID:0050736	DOID:0081268	pulmonary venoocclusive disease 1
DOID:0050736	DOID:0081287	white sponge nevus 1
DOID:0050736	DOID:0081288	white sponge nevus 2
DOID:0050736	DOID:0081290	Antley-Bixler syndrome without disordered steroidogenesis
DOID:0050736	DOID:0081294	neuronal intranuclear inclusion disease
DOID:0050736	DOID:0081295	essential tremor 6
DOID:0050736	DOID:0081297	oculopharyngodistal myopathy 1
DOID:0050736	DOID:0081298	oculopharyngodistal myopathy 2
DOID:0050736	DOID:0081299	oculopharyngodistal myopathy 3
DOID:0050736	DOID:0081300	oculopharyngodistal myopathy 4
DOID:0050736	DOID:0081301	intellectual developmental disorder with ocular anomalies and distinctive facial features
DOID:0050736	DOID:0081321	contractures, pterygia, and spondylocarpotarsal fusion syndrome 1A
DOID:0050736	DOID:0081336	Thomsen disease
DOID:0050736	DOID:0081340	congenital myopathy 2C
DOID:0050736	DOID:0081342	congenital myopathy 8
DOID:0050736	DOID:0081347	congenital myopathy 15
DOID:0050736	DOID:0081348	congenital myopathy 16
DOID:0050736	DOID:0081350	congenital myopathy 18
DOID:0050736	DOID:0081356	spinal muscular atrophy, Jokela type
DOID:0050736	DOID:0081357	isolated mitochondrial myopathy
DOID:0050736	DOID:0081358	epidermolytic hyperkeratosis 1
DOID:0050736	DOID:0081363	distal myopathy with rimmed vacuoles
DOID:0050736	DOID:0081365	Paget disease of bone 2
DOID:0050736	DOID:0081366	Paget disease of bone 3
DOID:0050736	DOID:0081367	Paget disease of bone 4
DOID:0050736	DOID:0081369	Paget disease of bone 6
DOID:0050736	DOID:0081371	lacrimoauriculodentodigital syndrome 2
DOID:0050736	DOID:0081372	lacrimoauriculodentodigital syndrome 3
DOID:0050736	DOID:0081375	nemaline myopathy 5C
DOID:0050736	DOID:0081378	amyotrophic lateral sclerosis type 24
DOID:0050736	DOID:0081379	amyotrophic lateral sclerosis type 25
DOID:0050736	DOID:0081380	amyotrophic lateral sclerosis type 26
DOID:0050736	DOID:0081381	juvenile amyotrophic lateral sclerosis type 27
DOID:0050736	DOID:0081382	amyotrophic lateral sclerosis type 28
DOID:0050736	DOID:0081395	Harel-Yoon syndrome
DOID:0050736	DOID:0081397	Vissers-Bodmer syndrome
DOID:0050736	DOID:0081398	holoprosencephaly 12
DOID:0050736	DOID:0081420	familial focal epilepsy with variable foci
DOID:0050736	DOID:0081433	Peroxisome biogenesis disorder 4B
DOID:0050736	DOID:0081441	Nicolaides-Baraitser syndrome
DOID:0050736	DOID:0081442	blepharophimosis-impaired intellectual development syndrome
DOID:0050736	DOID:0081449	cone-rod dystrophy 24
DOID:0050736	DOID:0081470	spermatogenic failure 103
DOID:0050736	DOID:0090002	Tietz syndrome
DOID:0050736	DOID:0090006	renal coloboma syndrome
DOID:0050736	DOID:0090018	TNF receptor–associated periodic syndrome
DOID:0050736	DOID:0090021	split hand-foot malformation 1
DOID:0050736	DOID:0090023	split hand-foot malformation 4
DOID:0050736	DOID:0090029	CINCA Syndrome
DOID:0050736	DOID:0090034	myoclonic dystonia 11
DOID:0050736	DOID:0090035	myoclonic dystonia 15
DOID:0050736	DOID:0090036	myoclonic dystonia 26
DOID:0050736	DOID:0090037	torsion dystonia 13
DOID:0050736	DOID:0090039	torsion dystonia 6
DOID:0050736	DOID:0090040	torsion dystonia 7
DOID:0050736	DOID:0090041	torsion dystonia 4
DOID:0050736	DOID:0090043	dopa-responsive dystonia
DOID:0050736	DOID:0090044	dystonia 9
DOID:0050736	DOID:0090045	glucose transporter type 1 deficiency syndrome 2
DOID:0050736	DOID:0090046	dystonia 21
DOID:0050736	DOID:0090047	paroxysmal nonkinesigenic dyskinesia 2
DOID:0050736	DOID:0090049	paroxysmal nonkinesigenic dyskinesia 1
DOID:0050736	DOID:0090051	dystonia 23
DOID:0050736	DOID:0090052	dystonia 24
DOID:0050736	DOID:0090053	episodic kinesigenic dyskinesia 1
DOID:0050736	DOID:0090054	episodic kinesigenic dyskinesia 2
DOID:0050736	DOID:0090055	dystonia 25
DOID:0050736	DOID:0090056	dystonia 12
DOID:0050736	DOID:0090058	torsion dystonia with onset in infancy
DOID:0050736	DOID:0090062	familial cold autoinflammatory syndrome 1
DOID:0050736	DOID:0090063	familial cold autoinflammatory syndrome 2
DOID:0050736	DOID:0090064	familial cold autoinflammatory syndrome 3
DOID:0050736	DOID:0090065	familial cold autoinflammatory syndrome 4
DOID:0050736	DOID:0090069	giant axonal neuropathy 2
DOID:0050736	DOID:0090075	hypogonadotropic hypogonadism 15 with or without anosmia
DOID:0050736	DOID:0090076	hypogonadotropic hypogonadism 18 with or without anosmia
DOID:0050736	DOID:0090077	hypogonadotropic hypogonadism 4 with or without anosmia
DOID:0050736	DOID:0090079	hypogonadotropic hypogonadism 17 with or without anosmia
DOID:0050736	DOID:0090080	hypogonadotropic hypogonadism 16 with or without anosmia
DOID:0050736	DOID:0090082	hypogonadotropic hypogonadism 20 with or without anosmia
DOID:0050736	DOID:0090083	hypogonadotropic hypogonadism 2 with or without anosmia
DOID:0050736	DOID:0090084	hypogonadotropic hypogonadism 5 with or without anosmia
DOID:0050736	DOID:0090085	hypogonadotropic hypogonadism 9 with or without anosmia
DOID:0050736	DOID:0090086	hypogonadotropic hypogonadism 6 with or without anosmia
DOID:0050736	DOID:0090087	hypogonadotropic hypogonadism 14 with or without anosmia
DOID:0050736	DOID:0090090	hypogonadotropic hypogonadism 19 with or without anosmia
DOID:0050736	DOID:0090092	hypogonadotropic hypogonadism 3 with or without anosmia
DOID:0050736	DOID:0090093	hypogonadotropic hypogonadism 21 with or without anosmia
DOID:0050736	DOID:0090100	ocular albinism with sensorineural deafness
DOID:0050736	DOID:0090102	autosomal dominant isolated macrothrombocytopenia 1
DOID:0050736	DOID:0090109	autosomal dominant hypocalcemia
DOID:0050736	DOID:0090111	PCWH syndrome
DOID:0050736	DOID:0090114	Sorsby's fundus dystrophy
DOID:0050736	DOID:0090119	ankyloblepharon-ectodermal defects-cleft lip/palate syndrome
DOID:0050736	DOID:0090120	hereditary neutrophilia
DOID:0050736	DOID:0090125	brain small vessel disease 1
DOID:0050736	DOID:0090132	complex cortical dysplasia with other brain malformations 7
DOID:0050736	DOID:0090133	complex cortical dysplasia with other brain malformations 2
DOID:0050736	DOID:0090134	complex cortical dysplasia with other brain malformations 3
DOID:0050736	DOID:0090135	complex cortical dysplasia with other brain malformations 5
DOID:0050736	DOID:0090136	complex cortical dysplasia with other brain malformations 6
DOID:0050736	DOID:0090137	complex cortical dysplasia with other brain malformations 1
DOID:0050736	DOID:0090138	complex cortical dysplasia with other brain malformations 4
DOID:0050736	DOID:0090140	cortisone reductase deficiency 2
DOID:0050736	DOID:0110032	Alport syndrome 3A
DOID:0050736	DOID:0110035	Alzheimer's disease 2
DOID:0050736	DOID:0110037	Alzheimer's disease 5
DOID:0050736	DOID:0110040	Alzheimer's disease 4
DOID:0050736	DOID:0110042	Alzheimer's disease 3
DOID:0050736	DOID:0110052	amelogenesis imperfecta type 1B
DOID:0050736	DOID:0110053	amelogenesis imperfecta type 4
DOID:0050736	DOID:0110054	amelogenesis imperfecta type 1A
DOID:0050736	DOID:0110055	amelogenesis imperfecta type 3A
DOID:0050736	DOID:0110070	arrhythmogenic right ventricular dysplasia 1
DOID:0050736	DOID:0110072	arrhythmogenic right ventricular dysplasia 3
DOID:0050736	DOID:0110073	arrhythmogenic right ventricular dysplasia 4
DOID:0050736	DOID:0110074	arrhythmogenic right ventricular dysplasia 5
DOID:0050736	DOID:0110076	arrhythmogenic right ventricular dysplasia 8
DOID:0050736	DOID:0110077	arrhythmogenic right ventricular dysplasia 9
DOID:0050736	DOID:0110081	arrhythmogenic right ventricular dysplasia 10
DOID:0050736	DOID:0110083	arrhythmogenic right ventricular dysplasia 12
DOID:0050736	DOID:0110084	arrhythmogenic right ventricular dysplasia 13
DOID:0050736	DOID:0110107	atrial heart septal defect 2
DOID:0050736	DOID:0110110	atrial heart septal defect 5
DOID:0050736	DOID:0110111	atrial heart septal defect 6
DOID:0050736	DOID:0110112	atrial heart septal defect 7
DOID:0050736	DOID:0110113	atrial heart septal defect 8
DOID:0050736	DOID:0110114	atrial heart septal defect 9
DOID:0050736	DOID:0110115	autoimmune lymphoproliferative syndrome type 2A
DOID:0050736	DOID:0110117	autoimmune lymphoproliferative syndrome type 4
DOID:0050736	DOID:0110148	Charcot-Marie-Tooth disease type 1A
DOID:0050736	DOID:0110149	Charcot-Marie-Tooth disease type 1F
DOID:0050736	DOID:0110150	Charcot-Marie-Tooth disease type 1D
DOID:0050736	DOID:0110151	Charcot-Marie-Tooth disease type 1C
DOID:0050736	DOID:0110152	Charcot-Marie-Tooth disease type 1B
DOID:0050736	DOID:0110153	Charcot-Marie-Tooth disease type 1E
DOID:0050736	DOID:0110154	Charcot-Marie-Tooth disease type 2A1
DOID:0050736	DOID:0110155	Charcot-Marie-Tooth disease type 2A2A
DOID:0050736	DOID:0110157	Charcot-Marie-Tooth disease type 2J
DOID:0050736	DOID:0110158	Charcot-Marie-Tooth disease type 2I
DOID:0050736	DOID:0110159	Charcot-Marie-Tooth disease type 2B
DOID:0050736	DOID:0110160	Charcot-Marie-Tooth disease axonal type 2T
DOID:0050736	DOID:0110162	Charcot-Marie-Tooth disease, axonal type 2W
DOID:0050736	DOID:0110163	Charcot-Marie-Tooth disease axonal type 2F
DOID:0050736	DOID:0110164	Charcot-Marie-Tooth disease type 2D
DOID:0050736	DOID:0110165	Charcot-Marie-Tooth disease type 2E
DOID:0050736	DOID:0110167	Charcot-Marie-Tooth disease axonal type 2K
DOID:0050736	DOID:0110168	Charcot-Marie-Tooth disease type 2Y
DOID:0050736	DOID:0110169	Charcot-Marie-Tooth disease axonal type 2P
DOID:0050736	DOID:0110170	Charcot-Marie-Tooth disease axonal type 2Q
DOID:0050736	DOID:0110173	Charcot-Marie-Tooth disease axonal type 2U
DOID:0050736	DOID:0110174	Charcot-Marie-Tooth disease axonal type 2L
DOID:0050736	DOID:0110175	Charcot-Marie-Tooth disease axonal type 2O
DOID:0050736	DOID:0110177	Charcot-Marie-Tooth disease axonal type 2N
DOID:0050736	DOID:0110178	Charcot-Marie-Tooth disease axonal type 2V
DOID:0050736	DOID:0110180	Charcot-Marie-Tooth disease axonal type 2CC
DOID:0050736	DOID:0110181	Charcot-Marie-Tooth disease axonal type 2Z
DOID:0050736	DOID:0110182	Charcot-Marie-Tooth disease axonal type 2C
DOID:0050736	DOID:0110195	congenital hypomyelinating neuropathy 1
DOID:0050736	DOID:0110197	Charcot-Marie-Tooth disease dominant intermediate B
DOID:0050736	DOID:0110199	Charcot-Marie-Tooth disease dominant intermediate C
DOID:0050736	DOID:0110200	Charcot-Marie-Tooth disease dominant intermediate D
DOID:0050736	DOID:0110202	Charcot-Marie-Tooth disease dominant intermediate A
DOID:0050736	DOID:0110205	Charcot-Marie-Tooth disease dominant intermediate E
DOID:0050736	DOID:0110206	Charcot-Marie-Tooth disease dominant intermediate F
DOID:0050736	DOID:0110216	Leber congenital amaurosis 11
DOID:0050736	DOID:0110218	Brugada syndrome 1
DOID:0050736	DOID:0110224	Brugada syndrome 7
DOID:0050736	DOID:0110226	Brugada syndrome 9
DOID:0050736	DOID:0110227	cataract 32 multiple types
DOID:0050736	DOID:0110228	cataract 8 multiple types
DOID:0050736	DOID:0110229	cataract 6 multiple types
DOID:0050736	DOID:0110231	cataract 1 multiple types
DOID:0050736	DOID:0110232	cataract 29
DOID:0050736	DOID:0110234	cataract 4 multiple types
DOID:0050736	DOID:0110235	cataract 2 multiple types
DOID:0050736	DOID:0110236	cataract 39 multiple types
DOID:0050736	DOID:0110237	cataract 42
DOID:0050736	DOID:0110239	cataract 12 multiple types
DOID:0050736	DOID:0110240	cataract 20 multiple types
DOID:0050736	DOID:0110241	cataract 41
DOID:0050736	DOID:0110248	cataract 30
DOID:0050736	DOID:0110249	cataract 11 multiple types
DOID:0050736	DOID:0110250	cataract 16 multiple types
DOID:0050736	DOID:0110251	cataract 15 multiple types
DOID:0050736	DOID:0110252	cataract 37
DOID:0050736	DOID:0110253	cataract 14 multiple types
DOID:0050736	DOID:0110255	cataract 5 multiple types
DOID:0050736	DOID:0110256	cataract 21 multiple types
DOID:0050736	DOID:0110257	cataract 24
DOID:0050736	DOID:0110258	cataract 10 multiple types
DOID:0050736	DOID:0110259	cataract 43
DOID:0050736	DOID:0110260	cataract 7
DOID:0050736	DOID:0110264	cataract 33
DOID:0050736	DOID:0110265	cataract 31 multiple types
DOID:0050736	DOID:0110266	cataract 9 multiple types
DOID:0050736	DOID:0110268	cataract 22 multiple types
DOID:0050736	DOID:0110269	cataract 3 multiple types
DOID:0050736	DOID:0110270	cataract 17 multiple types
DOID:0050736	DOID:0110273	autosomal dominant limb-girdle muscular dystrophy
DOID:0050736	DOID:0110330	Leber congenital amaurosis 13
DOID:0050736	DOID:0110334	osteogenesis imperfecta type 1
DOID:0050736	DOID:0110339	osteogenesis imperfecta type 3
DOID:0050736	DOID:0110340	osteogenesis imperfecta type 4
DOID:0050736	DOID:0110341	osteogenesis imperfecta type 2
DOID:0050736	DOID:0110344	osteogenesis imperfecta type 5
DOID:0050736	DOID:0110356	retinitis pigmentosa 18
DOID:0050736	DOID:0110357	retinitis pigmentosa 35
DOID:0050736	DOID:0110366	retinitis pigmentosa 33
DOID:0050736	DOID:0110372	retinitis pigmentosa 4
DOID:0050736	DOID:0110383	retinitis pigmentosa 7
DOID:0050736	DOID:0110385	retinitis pigmentosa 63
DOID:0050736	DOID:0110386	retinitis pigmentosa 42
DOID:0050736	DOID:0110387	retinitis pigmentosa 9
DOID:0050736	DOID:0110388	retinitis pigmentosa 10
DOID:0050736	DOID:0110390	retinitis pigmentosa 1
DOID:0050736	DOID:0110392	retinitis pigmentosa 70
DOID:0050736	DOID:0110397	retinitis pigmentosa 27
DOID:0050736	DOID:0110399	retinitis pigmentosa 37
DOID:0050736	DOID:0110403	retinitis pigmentosa 13
DOID:0050736	DOID:0110404	retinitis pigmentosa 17
DOID:0050736	DOID:0110408	retinitis pigmentosa 11
DOID:0050736	DOID:0110411	retinitis pigmentosa 60
DOID:0050736	DOID:0110420	dominant pericentral pigmentary retinopathy
DOID:0050736	DOID:0110423	dilated cardiomyopathy 1C
DOID:0050736	DOID:0110424	dilated cardiomyopathy 1CC
DOID:0050736	DOID:0110425	dilated cardiomyopathy 1A
DOID:0050736	DOID:0110426	dilated cardiomyopathy 1D
DOID:0050736	DOID:0110427	dilated cardiomyopathy 1V
DOID:0050736	DOID:0110428	dilated cardiomyopathy 1AA
DOID:0050736	DOID:0110432	dilated cardiomyopathy 1NN
DOID:0050736	DOID:0110433	dilated cardiomyopathy 1E
DOID:0050736	DOID:0110438	dilated cardiomyopathy 1JJ
DOID:0050736	DOID:0110443	dilated cardiomyopathy 1B
DOID:0050736	DOID:0110445	dilated cardiomyopathy 1KK
DOID:0050736	DOID:0110447	dilated cardiomyopathy 1DD
DOID:0050736	DOID:0110448	dilated cardiomyopathy 1HH
DOID:0050736	DOID:0110450	dilated cardiomyopathy 1II
DOID:0050736	DOID:0110454	dilated cardiomyopathy 1S
DOID:0050736	DOID:0110455	dilated cardiomyopathy 1U
DOID:0050736	DOID:0110456	dilated cardiomyopathy 1R
DOID:0050736	DOID:0110457	dilated cardiomyopathy 1Y
DOID:0050736	DOID:0110640	congenital muscular dystrophy due to LMNA mutation
DOID:0050736	DOID:0110644	long QT syndrome 1
DOID:0050736	DOID:0110645	long QT syndrome 2
DOID:0050736	DOID:0110646	long QT syndrome 3
DOID:0050736	DOID:0110647	long QT syndrome 5
DOID:0050736	DOID:0110648	long QT syndrome 6
DOID:0050736	DOID:0110649	long QT syndrome 8
DOID:0050736	DOID:0110650	long QT syndrome 9
DOID:0050736	DOID:0110651	long QT syndrome 10
DOID:0050736	DOID:0110652	long QT syndrome 11
DOID:0050736	DOID:0110653	long QT syndrome 12
DOID:0050736	DOID:0110654	long QT syndrome 13
DOID:0050736	DOID:0110655	long QT syndrome 14
DOID:0050736	DOID:0110656	long QT syndrome 15
DOID:0050736	DOID:0110659	congenital myasthenic syndrome 7
DOID:0050736	DOID:0110662	congenital myasthenic syndrome 1B
DOID:0050736	DOID:0110663	congenital myasthenic syndrome 1A
DOID:0050736	DOID:0110666	congenital myasthenic syndrome 3A
DOID:0050736	DOID:0110678	congenital myasthenic syndrome 4A
DOID:0050736	DOID:0110681	congenital myasthenic syndrome 2A
DOID:0050736	DOID:0110683	developmental and epileptic encephalopathy 117
DOID:0050736	DOID:0110698	hypotrichosis 1
DOID:0050736	DOID:0110699	hypotrichosis 2
DOID:0050736	DOID:0110700	hypotrichosis 3
DOID:0050736	DOID:0110701	hypotrichosis 4
DOID:0050736	DOID:0110702	hypotrichosis 5
DOID:0050736	DOID:0110708	hypotrichosis 11
DOID:0050736	DOID:0110709	hypotrichosis 12
DOID:0050736	DOID:0110710	hypotrichosis 13
DOID:0050736	DOID:0110715	congenital stationary night blindness autosomal dominant 3
DOID:0050736	DOID:0110720	neuronal ceroid lipofuscinosis 4
DOID:0050736	DOID:0110737	neurodegeneration with brain iron accumulation 3
DOID:0050736	DOID:0110741	type 1 diabetes mellitus 2
DOID:0050736	DOID:0110763	hereditary spastic paraplegia 10
DOID:0050736	DOID:0110765	hereditary spastic paraplegia 12
DOID:0050736	DOID:0110766	hereditary spastic paraplegia 13
DOID:0050736	DOID:0110770	hereditary spastic paraplegia 17
DOID:0050736	DOID:0110772	hereditary spastic paraplegia 19
DOID:0050736	DOID:0110780	hereditary spastic paraplegia 29
DOID:0050736	DOID:0110782	hereditary spastic paraplegia 31
DOID:0050736	DOID:0110784	hereditary spastic paraplegia 33
DOID:0050736	DOID:0110787	hereditary spastic paraplegia 36
DOID:0050736	DOID:0110788	hereditary spastic paraplegia 37
DOID:0050736	DOID:0110789	hereditary spastic paraplegia 38
DOID:0050736	DOID:0110791	hereditary spastic paraplegia 3A
DOID:0050736	DOID:0110792	hereditary spastic paraplegia 4
DOID:0050736	DOID:0110793	hereditary spastic paraplegia 41
DOID:0050736	DOID:0110794	hereditary spastic paraplegia 42
DOID:0050736	DOID:0110811	hereditary spastic paraplegia 6
DOID:0050736	DOID:0110817	hereditary spastic paraplegia 72A
DOID:0050736	DOID:0110818	hereditary spastic paraplegia 73
DOID:0050736	DOID:0110823	hereditary spastic paraplegia 8
DOID:0050736	DOID:0110824	hereditary spastic paraplegia 9A
DOID:0050736	DOID:0110829	retinitis pigmentosa-deafness syndrome
DOID:0050736	DOID:0110855	posterior polymorphous corneal dystrophy 1
DOID:0050736	DOID:0110856	posterior polymorphous corneal dystrophy 2
DOID:0050736	DOID:0110862	congenital stationary night blindness autosomal dominant 1
DOID:0050736	DOID:0110863	congenital stationary night blindness autosomal dominant 2
DOID:0050736	DOID:0110872	holoprosencephaly 2
DOID:0050736	DOID:0110873	holoprosencephaly 9
DOID:0050736	DOID:0110875	holoprosencephaly 3
DOID:0050736	DOID:0110876	holoprosencephaly 7
DOID:0050736	DOID:0110877	holoprosencephaly 11
DOID:0050736	DOID:0110878	holoprosencephaly 5
DOID:0050736	DOID:0110880	holoprosencephaly 4
DOID:0050736	DOID:0110881	holoprosencephaly 1
DOID:0050736	DOID:0110891	inflammatory bowel disease 3
DOID:0050736	DOID:0110906	inflammatory bowel disease 21
DOID:0050736	DOID:0110916	hereditary spherocytosis type 1
DOID:0050736	DOID:0110917	hereditary spherocytosis type 2
DOID:0050736	DOID:0110919	hereditary spherocytosis type 4
DOID:0050736	DOID:0110932	congenital myopathy 23
DOID:0050736	DOID:0110935	nemaline myopathy 6
DOID:0050736	DOID:0110937	autosomal dominant osteopetrosis 1
DOID:0050736	DOID:0110938	autosomal dominant osteopetrosis 2
DOID:0050736	DOID:0110964	brachydactyly type A1
DOID:0050736	DOID:0110965	brachydactyly type A2
DOID:0050736	DOID:0110970	brachydactyly type C
DOID:0050736	DOID:0110971	brachydactyly type D
DOID:0050736	DOID:0111035	autosomal dominant cerebral arteriopathy with subcortical infarcts and leukoencephalopathy 1
DOID:0050736	DOID:0111036	autosomal dominant cerebral arteriopathy with subcortical infarcts and leukoencephalopathy 2
DOID:0050736	DOID:0111045	platelet-type bleeding disorder 9
DOID:0050736	DOID:0111047	platelet-type bleeding disorder 14
DOID:0050736	DOID:0111049	platelet-type bleeding disorder 17
DOID:0050736	DOID:0111053	platelet-type bleeding disorder 15
DOID:0050736	DOID:0111055	platelet-type bleeding disorder 20
DOID:0050736	DOID:0111056	platelet-type bleeding disorder 3
DOID:0050736	DOID:0111058	platelet-type bleeding disorder 12
DOID:0050736	DOID:0111074	progressive familial heart block type IA
DOID:0050736	DOID:0111075	progressive familial heart block type II
DOID:0050736	DOID:0111076	progressive familial heart block type IB
DOID:0050736	DOID:0111078	tibial muscular dystrophy
DOID:0050736	DOID:0111090	Fanconi anemia complementation group R
DOID:0050736	DOID:0111128	focal segmental glomerulosclerosis 1
DOID:0050736	DOID:0111129	focal segmental glomerulosclerosis 2
DOID:0050736	DOID:0111130	focal segmental glomerulosclerosis 5
DOID:0050736	DOID:0111132	focal segmental glomerulosclerosis 7
DOID:0050736	DOID:0111133	focal segmental glomerulosclerosis 8
DOID:0050736	DOID:0111150	autosomal dominant isolated ectopia lentis 1
DOID:0050736	DOID:0111158	SADDAN
DOID:0050736	DOID:0111161	Crouzon syndrome-acanthosis nigricans syndrome
DOID:0050736	DOID:0111168	sepiapterin reductase deficiency
DOID:0050736	DOID:0111170	autosomal dominant sensory ataxia 1
DOID:0050736	DOID:0111189	distal myopathy 3
DOID:0050736	DOID:0111191	distal myopathy Tateyama type
DOID:0050736	DOID:0111195	erythrokeratodermia variabilis et progressiva 1
DOID:0050736	DOID:0111198	autosomal dominant distal hereditary motor neuronopathy
DOID:0050736	DOID:0111217	autosomal dominant centronuclear myopathy
DOID:0050736	DOID:0111247	hypertension and brachydactyly syndrome
DOID:0050736	DOID:0111248	cerebrocostomandibular syndrome
DOID:0050736	DOID:0111249	uveal coloboma-cleft lip and palate-intellectual disability
DOID:0050736	DOID:0111250	Parkinson's disease 3
DOID:0050736	DOID:0111251	Parkinson's disease 21
DOID:0050736	DOID:0111256	hyperferritinemia-cataract syndrome
DOID:0050736	DOID:0111269	autosomal dominant hyaline body myopathy
DOID:0050736	DOID:0111275	speech-language disorder-1
DOID:0050736	DOID:0111331	intellectual disability-severe speech delay-mild dysmorphism syndrome
DOID:0050736	DOID:0111336	craniofacial-deafness-hand syndrome
DOID:0050736	DOID:0111338	isolated elevated serum creatine phosphokinase levels
DOID:0050736	DOID:0111339	Vohwinkel syndrome
DOID:0050736	DOID:0111340	dominant optic atrophy plus syndrome
DOID:0050736	DOID:0111341	primary failure of tooth eruption
DOID:0050736	DOID:0111342	dermatopathia pigmentosa reticularis
DOID:0050736	DOID:0111343	lateral meningocele syndrome
DOID:0050736	DOID:0111346	epidermolysis bullosa simplex 2F with mottled pigmentation
DOID:0050736	DOID:0111347	epidermolysis bullosa with congenital localized absence of skin and deformity of nails
DOID:0050736	DOID:0111348	multiple epiphyseal dysplasia with myopia and deafness
DOID:0050736	DOID:0111350	Laurin-Sandrow syndrome
DOID:0050736	DOID:0111352	D-2-hydroxyglutaric aciduria 2
DOID:0050736	DOID:0111357	adermatoglyphia
DOID:0050736	DOID:0111358	Floating-Harbor syndrome
DOID:0050736	DOID:0111360	hypotrichosis-lymphedema-telangiectasia-renal defect syndrome
DOID:0050736	DOID:0111362	hawkinsinuria
DOID:0050736	DOID:0111363	Heinz body anemia
DOID:0050736	DOID:0111364	Alzheimer's disease 9
DOID:0050736	DOID:0111365	benign familial hematuria
DOID:0050736	DOID:0111367	Beukes hip dysplasia
DOID:0050736	DOID:0111369	hyperalphalipoproteinemia 1
DOID:0050736	DOID:0111370	apolipoprotein C-III deficiency
DOID:0050736	DOID:0111373	familial progressive hyperpigmentation with or without hypopigmentation
DOID:0050736	DOID:0111374	selective pituitary thyroid hormone resistance
DOID:0050736	DOID:0111380	solitary median maxillary central incisor
DOID:0050736	DOID:0111381	IVIC syndrome
DOID:0050736	DOID:0111382	ischiocoxopodopatellar syndrome
DOID:0050736	DOID:0111383	autosomal dominant keratitis
DOID:0050736	DOID:0111384	inclusion body myopathy with early-onset Paget disease of bone with or without frontotemporal dementia 2
DOID:0050736	DOID:0111385	inclusion body myopathy with early-onset Paget disease of bone with or without frontotemporal dementia 1
DOID:0050736	DOID:0111386	inclusion body myopathy with early-onset Paget disease of bone with or without frontotemporal dementia 3
DOID:0050736	DOID:0111399	congenital dyserythropoietic anemia type IIIa
DOID:0050736	DOID:0111400	congenital dyserythropoietic anemia type IVa
DOID:0050736	DOID:0111403	mega-corpus-callosum syndrome with cerebellar hypoplasia and cortical malformations
DOID:0050736	DOID:0111408	exudative vitreoretinopathy 5
DOID:0050736	DOID:0111409	exudative vitreoretinopathy 3
DOID:0050736	DOID:0111410	exudative vitreoretinopathy 6
DOID:0050736	DOID:0111412	exudative vitreoretinopathy 1
DOID:0050736	DOID:0111421	familial apolipoprotein A5 deficiency
DOID:0050736	DOID:0111428	essential tremor 1
DOID:0050736	DOID:0111429	essential tremor 2
DOID:0050736	DOID:0111431	essential tremor 4
DOID:0050736	DOID:0111432	essential tremor 5
DOID:0050736	DOID:0111433	optic atrophy 3
DOID:0050736	DOID:0111434	optic atrophy 10
DOID:0050736	DOID:0111438	optic atrophy 5
DOID:0050736	DOID:0111439	optic atrophy 8
DOID:0050736	DOID:0111440	optic atrophy 4
DOID:0050736	DOID:0111441	optic atrophy 1
DOID:0050736	DOID:0111447	progressive myoclonus epilepsy 7
DOID:0050736	DOID:0111454	SHORT syndrome
DOID:0050736	DOID:0111457	STING-associated vasculopathy with onset in infancy
DOID:0050736	DOID:0111460	cardiofaciocutaneous syndrome 1
DOID:0050736	DOID:0111461	cardiofaciocutaneous syndrome 2
DOID:0050736	DOID:0111462	cardiofaciocutaneous syndrome 3
DOID:0050736	DOID:0111463	cardiofaciocutaneous syndrome 4
DOID:0050736	DOID:0111505	palmoplantar keratoderma-deafness syndrome
DOID:0050736	DOID:0111506	palmoplantar keratoderma-esophageal carcinoma syndrome
DOID:0050736	DOID:0111507	Lenz-Majewski hyperostotic dwarfism
DOID:0050736	DOID:0111509	lymphedema-distichiasis syndrome
DOID:0050736	DOID:0111511	melanoma and neural system tumor syndrome
DOID:0050736	DOID:0111512	metachondromatosis
DOID:0050736	DOID:0111513	metaphyseal dysplasia-maxillary hypoplasia-brachydactyly syndrome
DOID:0050736	DOID:0111514	metatropic dysplasia
DOID:0050736	DOID:0111517	autosomal dominant progressive external ophthalmoplegia with mitochondrial DNA deletions 2
DOID:0050736	DOID:0111518	autosomal dominant progressive external ophthalmoplegia with mitochondrial DNA deletions 5
DOID:0050736	DOID:0111519	autosomal dominant progressive external ophthalmoplegia with mitochondrial DNA deletions 6
DOID:0050736	DOID:0111520	autosomal dominant progressive external ophthalmoplegia with mitochondrial DNA deletions 3
DOID:0050736	DOID:0111521	autosomal dominant progressive external ophthalmoplegia 1
DOID:0050736	DOID:0111525	autosomal dominant progressive external ophthalmoplegia with mitochondrial DNA deletions 4
DOID:0050736	DOID:0111526	Mullerian aplasia and hyperandrogenism
DOID:0050736	DOID:0111528	Naegeli-Franceschetti-Jadassohn syndrome
DOID:0050736	DOID:0111531	bilateral optic nerve hypoplasia
DOID:0050736	DOID:0111532	osteoglophonic dysplasia
DOID:0050736	DOID:0111533	gnathodiaphyseal dysplasia
DOID:0050736	DOID:0111534	multicentric carpotarsal osteolysis syndrome
DOID:0050736	DOID:0111535	progressive osseous heteroplasia
DOID:0050736	DOID:0111536	Buschke-Ollendorff syndrome
DOID:0050736	DOID:0111537	paroxysmal extreme pain disorder
DOID:0050736	DOID:0111538	paramyotonia congenita of Von Eulenburg
DOID:0050736	DOID:0111539	parastremmatic dwarfism
DOID:0050736	DOID:0111541	pigmented paravenous chorioretinal atrophy
DOID:0050736	DOID:0111542	familial expansile osteolysis
DOID:0050736	DOID:0111543	juvenile polyposis-hereditary hemorrhagic telangiectasia syndrome
DOID:0050736	DOID:0111544	Guttmacher syndrome
DOID:0050736	DOID:0111545	familial male-limited precocious puberty
DOID:0050736	DOID:0111546	Currarino syndrome
DOID:0050736	DOID:0111547	retinal arterial tortuosity
DOID:0050736	DOID:0111548	ring dermoid of cornea
DOID:0050736	DOID:0111549	aplasia of lacrimal and salivary glands
DOID:0050736	DOID:0111550	scalp-ear-nipple syndrome
DOID:0050736	DOID:0111551	neurogenic scapuloperoneal syndrome Kaeser type
DOID:0050736	DOID:0111552	scapuloperoneal spinal muscular atrophy
DOID:0050736	DOID:0111553	spondyloepiphyseal dysplasia Maroteaux type
DOID:0050736	DOID:0111554	spondylometaphyseal dysplasia Kozlowski type
DOID:0050736	DOID:0111556	steatocystoma multiplex
DOID:0050736	DOID:0111558	Charcot-Marie-Tooth disease type 2DD
DOID:0050736	DOID:0111560	Charcot-Marie-Tooth disease type 1G
DOID:0050736	DOID:0111561	stiff skin syndrome
DOID:0050736	DOID:0111562	overhydrated hereditary stomatocytosis
DOID:0050736	DOID:0111564	hypoplastic or aplastic tibia with polydactyly
DOID:0050736	DOID:0111565	trichodontoosseous syndrome
DOID:0050736	DOID:0111567	retinal vasculopathy with cerebral leukodystrophy
DOID:0050736	DOID:0111568	congenital vertical talus
DOID:0050736	DOID:0111569	autosomal dominant vitreoretinochoroidopathy
DOID:0050736	DOID:0111570	snowflake vitreoretinal degeneration
DOID:0050736	DOID:0111571	Weyers acrofacial dysostosis
DOID:0050736	DOID:0111573	autosomal dominant woolly hair
DOID:0050736	DOID:0111576	dehydrated hereditary stomatocytosis 1
DOID:0050736	DOID:0111577	dehydrated hereditary stomatocytosis 2
DOID:0050736	DOID:0111581	C syndrome
DOID:0050736	DOID:0111584	dilated cardiomyopathy-hypergonadotropic hypogonadism syndrome
DOID:0050736	DOID:0111593	distal arthrogryposis type 10
DOID:0050736	DOID:0111595	congenital contractural arachnodactyly
DOID:0050736	DOID:0111597	distal arthrogryposis type 1A
DOID:0050736	DOID:0111598	distal arthrogryposis type 1B
DOID:0050736	DOID:0111600	distal arthrogryposis type 2B1
DOID:0050736	DOID:0111601	distal arthrogryposis type 2B2
DOID:0050736	DOID:0111602	distal arthrogryposis type 2B3
DOID:0050736	DOID:0111603	distal arthrogryposis type 7
DOID:0050736	DOID:0111605	distal arthrogryposis type 2A
DOID:0050736	DOID:0111607	distal arthrogryposis type 3
DOID:0050736	DOID:0111608	distal arthrogryposis type 5
DOID:0050736	DOID:0111647	Schopf-Schulz-Passarge syndrome
DOID:0050736	DOID:0111652	ectodermal dysplasia 12
DOID:0050736	DOID:0111653	ectodermal dysplasia 11A
DOID:0050736	DOID:0111663	ectodermal dysplasia 10A
DOID:0050736	DOID:0111673	Saul-Wilson syndrome
DOID:0050736	DOID:0111675	neurooculocardiogenitourinary syndrome
DOID:0050736	DOID:0111682	cystic renal dysplasia
DOID:0050736	DOID:0111683	neurofibromatosis-Noonan syndrome
DOID:0050736	DOID:0111686	hereditary mixed polyposis syndrome 2
DOID:0050736	DOID:0111688	Ayme-Gripp syndrome
DOID:0050736	DOID:0111690	familial adult myoclonic epilepsy 1
DOID:0050736	DOID:0111692	familial adult myoclonic epilepsy 2
DOID:0050736	DOID:0111693	familial adult myoclonic epilepsy 4
DOID:0050736	DOID:0111694	familial adult myoclonic epilepsy 7
DOID:0050736	DOID:0111695	familial adult myoclonic epilepsy 3
DOID:0050736	DOID:0111696	familial adult myoclonic epilepsy 6
DOID:0050736	DOID:0111697	cleft palate, cardiac defects, and intellectual disability
DOID:0050736	DOID:0111700	ankyrin-B-related cardiac arrhythmia
DOID:0050736	DOID:0111701	long QT syndrome 4
DOID:0050736	DOID:0111706	oblique facial clefting 1
DOID:0050736	DOID:0111707	Bothnian type palmoplantar keratoderma
DOID:0050736	DOID:0111709	focal nonepidermolytic palmoplantar keratoderma 1
DOID:0050736	DOID:0111710	focal or diffuse nonepidermolytic palmoplantar keratoderma
DOID:0050736	DOID:0111711	focal nonepidermolytic palmoplantar keratoderma 2
DOID:0050736	DOID:0111726	geleophysic dysplasia 2
DOID:0050736	DOID:0111727	geleophysic dysplasia 3
DOID:0050736	DOID:0111729	familial episodic pain syndrome 1
DOID:0050736	DOID:0111730	familial episodic pain syndrome 2
DOID:0050736	DOID:0111731	familial episodic pain syndrome 3
DOID:0050736	DOID:0111733	pancreatic hypoplasia-diabetes-congenital heart disease syndrome
DOID:0050736	DOID:0111763	46,XX sex reversal 2
DOID:0050736	DOID:0111764	46,XX sex reversal 4
DOID:0050736	DOID:0111769	46,XY sex reversal 6
DOID:0050736	DOID:0111770	46,XY sex reversal 9
DOID:0050736	DOID:0111772	46,XY sex reversal 3
DOID:0050736	DOID:0111775	46,XY sex reversal 10
DOID:0050736	DOID:0111787	frontometaphyseal dysplasia 2
DOID:0050736	DOID:0111791	congenital nystagmus 7
DOID:0050736	DOID:0111792	congenital nystagmus 2
DOID:0050736	DOID:0111793	congenital nystagmus 3
DOID:0050736	DOID:0111801	syndromic microphthalmia 3
DOID:0050736	DOID:0111805	syndromic microphthalmia 6
DOID:0050736	DOID:0111806	syndromic microphthalmia 5
DOID:0050736	DOID:0111816	syndactyly type 1
DOID:0050736	DOID:0111817	syndactyly type 3
DOID:0050736	DOID:0111818	syndactyly type 4
DOID:0050736	DOID:0111819	syndactyly type 5
DOID:0050736	DOID:0111825	autosomal dominant Aarskog syndrome
DOID:0050736	DOID:0111837	congenital nongoitrous hypothyroidism 8
DOID:0050736	DOID:0111856	primary ciliary dyskinesia 43
DOID:0050736	DOID:0111878	Diamond-Blackfan anemia 7
DOID:0050736	DOID:0111879	Diamond-Blackfan anemia 6
DOID:0050736	DOID:0111880	Diamond-Blackfan anemia 17
DOID:0050736	DOID:0111881	Diamond-Blackfan anemia 8
DOID:0050736	DOID:0111882	Diamond-Blackfan anemia 12
DOID:0050736	DOID:0111883	Diamond-Blackfan anemia 5
DOID:0050736	DOID:0111884	Diamond-Blackfan anemia 9
DOID:0050736	DOID:0111885	Diamond-Blackfan anemia 2
DOID:0050736	DOID:0111886	Diamond-Blackfan anemia 19
DOID:0050736	DOID:0111887	Diamond-blackfan anemia 3
DOID:0050736	DOID:0111888	Diamond-Blackfan anemia 10
DOID:0050736	DOID:0111889	Diamond-Blackfan anemia 13
DOID:0050736	DOID:0111890	Diamond-Blackfan anemia 4
DOID:0050736	DOID:0111891	Diamond-Blackfan anemia 20
DOID:0050736	DOID:0111892	Diamond-Blackfan anemia 11
DOID:0050736	DOID:0111893	Diamond-Blackfan anemia 16
DOID:0050736	DOID:0111894	Diamond-Blackfan anemia 15 with mandibulofacial dysostosis
DOID:0050736	DOID:0111895	Diamond-Blackfan anemia 1
DOID:0050736	DOID:0111896	Diamond-Blackfan anemia 18
DOID:0050736	DOID:0111900	autosomal dominant thrombophilia due to protein S deficiency
DOID:0050736	DOID:0111901	heparin cofactor II deficiency
DOID:0050736	DOID:0111902	thrombophilia due to activated protein C resistance
DOID:0050736	DOID:0111903	thrombophilia due to HRG deficiency
DOID:0050736	DOID:0111907	thrombophilia due to thrombin defect
DOID:0050736	DOID:0111921	spermatogenic failure 36
DOID:0050736	DOID:0111925	spermatogenic failure 32
DOID:0050736	DOID:0111931	syndactyly-telecanthus-anogenital and renal malformations syndrome
DOID:0050736	DOID:0111936	immunodeficiency 14
DOID:0050736	DOID:0111945	immunodeficiency 31A
DOID:0050736	DOID:0111946	immunodeficiency 31C
DOID:0050736	DOID:0111947	immunodeficiency 21
DOID:0050736	DOID:0111949	immunodeficiency 36
DOID:0050736	DOID:0111954	immunodeficiency 60
DOID:0050736	DOID:0111956	immunodeficiency 27B
DOID:0050736	DOID:0111958	immunodeficiency 11B
DOID:0050736	DOID:0111960	immunodeficiency 15A
DOID:0050736	DOID:0111969	immunodeficiency 39
DOID:0050736	DOID:0111979	immunodeficiency 49
DOID:0050736	DOID:0111986	immunodeficiency 32A
DOID:0050736	DOID:0111987	immunodeficiency 13
DOID:0050736	DOID:0112005	immunodeficiency 70
DOID:0050736	DOID:0112013	autosomal dominant mutilating palmoplantar keratoderma with periorificial keratotic plaques
DOID:0050736	DOID:0112014	congenital megabladder
DOID:0050736	DOID:0112061	immunodeficiency 73b with defective neutrophil chemotaxis and lymphopenia
DOID:0050736	DOID:0112064	immunodeficiency 73a with defective neutrophil chemotaxis and leukocytosis
DOID:0050736	DOID:0112102	Sotos syndrome 2
DOID:0050736	DOID:0112103	Sotos syndrome 1
DOID:0050736	DOID:0112130	autosomal dominant severe congenital neutropenia
DOID:0050736	DOID:0112140	retinitis pigmentosa 83
DOID:0050736	DOID:0112144	retinitis pigmentosa 87
DOID:0050736	DOID:0112146	retinitis pigmentosa 89
DOID:0050736	DOID:0112149	terminal osseous dysplasia
DOID:0050736	DOID:0112154	inflammatory bowel disease 30
DOID:0050736	DOID:0112155	inflammatory bowel disease 29
DOID:0050736	DOID:0112161	Noonan syndrome 13
DOID:0050736	DOID:0112169	Noonan syndrome 11
DOID:0050736	DOID:0112170	Noonan syndrome 12
DOID:0050736	DOID:0112195	spondyloperipheral dysplasia
DOID:0050736	DOID:0112199	spondyloepimetaphyseal dysplasia with joint laxity type 2
DOID:0050736	DOID:0112203	developmental and epileptic encephalopathy 67
DOID:0050736	DOID:0112205	developmental and epileptic encephalopathy 69
DOID:0050736	DOID:0112206	developmental and epileptic encephalopathy 70
DOID:0050736	DOID:0112208	developmental and epileptic encephalopathy 72
DOID:0050736	DOID:0112209	developmental and epileptic encephalopathy 73
DOID:0050736	DOID:0112210	developmental and epileptic encephalopathy 74
DOID:0050736	DOID:0112214	developmental and epileptic encephalopathy 78
DOID:0050736	DOID:0112215	developmental and epileptic encephalopathy 79
DOID:0050736	DOID:0112221	developmental and epileptic encephalopathy 87
DOID:0050736	DOID:0112226	Bosch-Boonstra-Schaaf optic atrophy syndrome
DOID:0050736	DOID:0112228	lissencephaly 9 with complex brainstem malformation
DOID:0050736	DOID:0112229	lissencephaly 10
DOID:0050736	DOID:0112232	lissencephaly 3
DOID:0050736	DOID:0112237	lissencephaly 1
DOID:0050736	DOID:0112240	Leber congenital amaurosis with early-onset deafness
DOID:0050736	DOID:0112242	congenital symmetric circumferential skin creases 1
DOID:0050736	DOID:0112243	congenital symmetric circumferential skin creases 2
DOID:0050736	DOID:0112247	congenital heart defects, dysmorphic facial features, and intellectual developmental disorder
DOID:0050736	DOID:0112262	leucine-sensitive hypoglycemia of infancy
DOID:0050736	DOID:0112263	hypoinsulinemic hypoglycemia with hemihypertrophy
DOID:0050736	DOID:0112275	developmental and epileptic encephalopathy 93
DOID:0050736	DOID:0112276	neurodevelopmental disorder with involuntary movements
DOID:0050736	DOID:0112281	spondyloepiphyseal dysplasia Stanescu type
DOID:0050736	DOID:0112282	spondyloepiphyseal dysplasia Kimberley type
DOID:0050736	DOID:0112285	autosomal dominant spondyloepiphyseal dysplasia tarda
DOID:0050736	DOID:0112288	spondyloepiphyseal dysplasia Nishimura type
DOID:0050736	DOID:0112297	spondylometaphyseal dysplasia corner fracture type
DOID:0050736	DOID:0112309	central precocious puberty 2
DOID:0050736	DOID:0112310	central precocious puberty 1
DOID:0050736	DOID:0112314	autosomal dominant brain small vessel disease 2A
DOID:0050736	DOID:0112339	Tatton-Brown-Rahman syndrome
DOID:0050736	DOID:0112341	hereditary spastic paraplegia 80
DOID:0050736	DOID:0112359	congenital anomalies of kidney and urinary tract syndrome with or without hearing loss, abnormal ears, or developmental delay
DOID:0050736	DOID:0112383	KINSSHIP syndrome
DOID:0050736	DOID:10016	multiple endocrine neoplasia type 2B
DOID:0050736	DOID:10017	multiple endocrine neoplasia type 1
DOID:0050736	DOID:10041	dysplastic nevus syndrome
DOID:0050736	DOID:10383	amyotrophic neuralgia
DOID:0050736	DOID:1068	juvenile glaucoma
DOID:0050736	DOID:10871	age related macular degeneration
DOID:0050736	DOID:11198	DiGeorge syndrome
DOID:0050736	DOID:11661	blue color blindness
DOID:0050736	DOID:12185	otosclerosis
DOID:0050736	DOID:12318	granular corneal dystrophy
DOID:0050736	DOID:12388	neurohypophyseal diabetes insipidus
DOID:0050736	DOID:1270	hereditary hemorrhagic telangiectasia
DOID:0050736	DOID:13374	fibrodysplasia ossificans progressiva
DOID:0050736	DOID:13501	Moebius syndrome
DOID:0050736	DOID:13515	tuberous sclerosis
DOID:0050736	DOID:13994	cleidocranial dysplasia
DOID:0050736	DOID:14291	Noonan syndrome with multiple lentigines
DOID:0050736	DOID:1441	autosomal dominant cerebellar ataxia
DOID:0050736	DOID:14686	Axenfeld-Rieger syndrome
DOID:0050736	DOID:14693	Clouston syndrome
DOID:0050736	DOID:14702	branchiootorenal syndrome
DOID:0050736	DOID:14705	Pfeiffer syndrome
DOID:0050736	DOID:14720	Ehlers-Danlos syndrome classic type 1
DOID:0050736	DOID:14725	autosomal dominant microcephaly
DOID:0050736	DOID:14731	Weaver syndrome
DOID:0050736	DOID:14735	hereditary angioedema
DOID:0050736	DOID:14743	trichorhinophalangeal syndrome type I
DOID:0050736	DOID:14756	vascular type Ehlers-Danlos syndrome
DOID:0050736	DOID:14761	Greig cephalopolysyndactyly syndrome
DOID:0050736	DOID:14764	Larsen syndrome
DOID:0050736	DOID:14768	Saethre-Chotzen syndrome
DOID:0050736	DOID:14789	spondyloepiphyseal dysplasia congenita
DOID:0050736	DOID:1702	ichthyosis vulgaris
DOID:0050736	DOID:1856	cherubism 1
DOID:0050736	DOID:1928	Williams-Beuren syndrome
DOID:0050736	DOID:1933	Rubinstein-Taybi syndrome
DOID:0050736	DOID:206	hereditary multiple exostoses
DOID:0050736	DOID:2436	glomangioma
DOID:0050736	DOID:2736	Hajdu-Cheney syndrome
DOID:0050736	DOID:2908	Treacher Collins syndrome
DOID:0050736	DOID:3012	Li-Fraumeni syndrome
DOID:0050736	DOID:3204	schwannomatosis
DOID:0050736	DOID:3261	autosomal dominant hyper-IgE syndrome 1 with recurrent infections
DOID:0050736	DOID:3263	piebaldism
DOID:0050736	DOID:3529	congenital myopathy 1A
DOID:0050736	DOID:3755	antithrombin III deficiency
DOID:0050736	DOID:3756	protein C deficiency
DOID:0050736	DOID:3764	Denys-Drash syndrome
DOID:0050736	DOID:3883	Lynch syndrome
DOID:0050736	DOID:3911	progeria
DOID:0050736	DOID:4154	dentinogenesis imperfecta
DOID:0050736	DOID:4252	Alexander disease
DOID:0050736	DOID:4998	trichorhinophalangeal syndrome type II
DOID:0050736	DOID:5683	hereditary breast ovarian cancer syndrome
DOID:0050736	DOID:758	visceral heterotaxy 5
DOID:0050736	DOID:8545	malignant hyperthermia
DOID:0050736	DOID:8712	neurofibromatosis
DOID:0050736	DOID:8943	lattice corneal dystrophy
DOID:0050736	DOID:898	autosomal dominant polycystic kidney disease
DOID:0050736	DOID:9248	Pallister-Hall syndrome
DOID:0050736	DOID:9258	Waardenburg syndrome
DOID:0050736	DOID:9467	nail-patella syndrome
DOID:0050736	DOID:9631	Pelger-Huet anomaly
DOID:0050737	DOID:0050335	bradyopsia
DOID:0050737	DOID:0050427	xeroderma pigmentosum
DOID:0050737	DOID:0050436	mulibrey nanism
DOID:0050737	DOID:0050439	Usher syndrome
DOID:0050737	DOID:0050441	mucosulfatidosis
DOID:0050737	DOID:0050450	Gitelman syndrome
DOID:0050737	DOID:0050462	Antley-Bixler syndrome with disordered steroidogenesis
DOID:0050737	DOID:0050470	Donohue syndrome
DOID:0050737	DOID:0050473	Alstrom syndrome
DOID:0050737	DOID:0050474	Netherton syndrome
DOID:0050737	DOID:0050528	nonphotosensitive trichothiodystrophy 4
DOID:0050737	DOID:0050529	adult spinal muscular atrophy
DOID:0050737	DOID:0050530	intermediate spinal muscular atrophy
DOID:0050737	DOID:0050540	Charcot-Marie-Tooth disease type 3
DOID:0050737	DOID:0050546	congenital adrenal insufficiency
DOID:0050737	DOID:0050553	proteasome-associated autoinflammatory syndrome 1
DOID:0050737	DOID:0050558	Ullrich congenital muscular dystrophy
DOID:0050737	DOID:0050560	Walker-Warburg syndrome
DOID:0050737	DOID:0050565	autosomal recessive nonsyndromic deafness
DOID:0050737	DOID:0050569	Seckel syndrome
DOID:0050737	DOID:0050576	Senior-Loken syndrome
DOID:0050737	DOID:0050577	cranioectodermal dysplasia
DOID:0050737	DOID:0050579	glycogen storage disease XV
DOID:0050737	DOID:0050585	congenital generalized lipodystrophy
DOID:0050737	DOID:0050588	muscular dystrophy-dystroglycanopathy type B1
DOID:0050737	DOID:0050600	ABCD syndrome
DOID:0050737	DOID:0050602	triple-A syndrome
DOID:0050737	DOID:0050603	acheiropody
DOID:0050737	DOID:0050604	acrocapitofemoral dysplasia
DOID:0050737	DOID:0050632	oculocutaneous albinism
DOID:0050737	DOID:0050634	alopecia universalis
DOID:0050737	DOID:0050640	anauxetic dysplasia 1
DOID:0050737	DOID:0050649	atransferrinemia
DOID:0050737	DOID:0050656	pseudo-TORCH syndrome 1
DOID:0050737	DOID:0050677	Bjornstad syndrome
DOID:0050737	DOID:0050682	Athabaskan brainstem dysgenesis syndrome
DOID:0050737	DOID:0050684	Bowen-Conradi syndrome
DOID:0050737	DOID:0050710	3-methylcrotonyl-CoA carboxylase deficiency
DOID:0050737	DOID:0050711	aceruloplasminemia
DOID:0050737	DOID:0050712	AGAT deficiency
DOID:0050737	DOID:0050719	cerebral folate receptor alpha deficiency
DOID:0050737	DOID:0050763	ARC syndrome
DOID:0050737	DOID:0050766	choreaacanthocytosis
DOID:0050737	DOID:0050774	rapadilino syndrome
DOID:0050737	DOID:0050779	hydrolethalus syndrome
DOID:0050737	DOID:0050790	fibular hypoplasia and complex brachydactyly
DOID:0050737	DOID:0050796	achalasia microcephaly syndrome
DOID:0050737	DOID:0050797	peroxisomal acyl-CoA oxidase deficiency
DOID:0050737	DOID:0050802	Ehlers-Danlos syndrome spondylodysplastic type 2
DOID:0050737	DOID:0050807	Kahrizi syndrome
DOID:0050737	DOID:0050812	spondyloepimetaphyseal dysplasia, Pakistani type
DOID:0050737	DOID:0050814	temtamy preaxial brachydactyly syndrome
DOID:0050737	DOID:0050816	urofacial syndrome
DOID:0050737	DOID:0050857	Perrault syndrome
DOID:0050737	DOID:0050883	infantile cerebellar-retinal degeneration
DOID:0050737	DOID:0050886	Troyer syndrome
DOID:0050737	DOID:0050941	spastic ataxia 2
DOID:0050737	DOID:0050942	spastic ataxia 3
DOID:0050737	DOID:0050943	spastic ataxia 4
DOID:0050737	DOID:0050944	spastic ataxia 5
DOID:0050737	DOID:0050949	autosomal recessive hypophosphatemic rickets
DOID:0050737	DOID:0050950	autosomal recessive cerebellar ataxia
DOID:0050737	DOID:0050997	cerebellar ataxia, impaired intellectual development, and dysequilibrium syndrome
DOID:0050737	DOID:0051001	congenital dyserythropoietic anemia type IIIb
DOID:0050737	DOID:0051004	congenital nonspherocytic hemolytic anemia 3
DOID:0050737	DOID:0051005	congenital nonspherocytic hemolytic anemia 4
DOID:0050737	DOID:0051006	congenital nonspherocytic hemolytic anemia 5
DOID:0050737	DOID:0051007	congenital nonspherocytic hemolytic anemia 8
DOID:0050737	DOID:0051020	visceral heterotaxy 6
DOID:0050737	DOID:0051021	visceral heterotaxy 7
DOID:0050737	DOID:0051022	visceral heterotaxy 8
DOID:0050737	DOID:0051023	visceral heterotaxy 9
DOID:0050737	DOID:0051024	visceral heterotaxy 10
DOID:0050737	DOID:0051025	visceral heterotaxy 11
DOID:0050737	DOID:0051026	visceral heterotaxy 12
DOID:0050737	DOID:0051027	visceral heterotaxy 13
DOID:0050737	DOID:0051028	autosomal recessive axonal Charcot-Marie-Tooth disease with vocal cord paresis
DOID:0050737	DOID:0051044	infantile-onset myofibrillar myopathy 12 with cardiomyopathy
DOID:0050737	DOID:0051047	congenital disorder of glycosylation type IIbb
DOID:0050737	DOID:0051049	congenital disorder of glycosylation type IIt
DOID:0050737	DOID:0051050	congenital disorder of glycosylation type IIv
DOID:0050737	DOID:0051052	congenital disorder of glycosylation type IIy
DOID:0050737	DOID:0051053	congenital disorder of glycosylation type IIz
DOID:0050737	DOID:0051056	immunodeficiency 113
DOID:0050737	DOID:0051059	autosomal recessive Segawa syndrome
DOID:0050737	DOID:0051068	early-onset obesity, adrenal insufficiency, and red hair
DOID:0050737	DOID:0051069	Meier-Gorlin syndrome 9
DOID:0050737	DOID:0051070	Meier-Gorlin syndrome 10
DOID:0050737	DOID:0051080	Alport syndrome 3B
DOID:0050737	DOID:0051083	developmental and epileptic encephalopathy 111
DOID:0050737	DOID:0051085	developmental and epileptic encephalopathy 113
DOID:0050737	DOID:0051087	developmental and epileptic encephalopathy 115
DOID:0050737	DOID:0051090	developmental and epileptic encephalopathy 121
DOID:0050737	DOID:0051091	developmental and epileptic encephalopathy 122
DOID:0050737	DOID:0051098	retinitis pigmentosa 107
DOID:0050737	DOID:0051100	hydroxyprolinemia
DOID:0050737	DOID:0051101	retinitis pigmentosa 108
DOID:0050737	DOID:0060017	CD3epsilon deficiency
DOID:0050737	DOID:0060018	CD3gamma deficiency
DOID:0050737	DOID:0060020	reticular dysgenesis
DOID:0050737	DOID:0060021	DNA ligase IV deficiency
DOID:0050737	DOID:0060023	immunodeficiency with hyper IgM type 3
DOID:0050737	DOID:0060025	immunoglobulin alpha deficiency
DOID:0050737	DOID:0060027	agammaglobulinemia 4
DOID:0050737	DOID:0060065	autosomal recessive pyridoxine-refractory sideroblastic anemia 2
DOID:0050737	DOID:0060193	amyotrophic lateral sclerosis type 1
DOID:0050737	DOID:0060225	3MC syndrome
DOID:0050737	DOID:0060236	xanthinuria
DOID:0050737	DOID:0060237	Warburg micro syndrome
DOID:0050737	DOID:0060238	Van Maldergem syndrome
DOID:0050737	DOID:0060240	UV-sensitive syndrome
DOID:0050737	DOID:0060241	3-M syndrome
DOID:0050737	DOID:0060265	pontocerebellar hypoplasia type 1A
DOID:0050737	DOID:0060266	pontocerebellar hypoplasia type 1B
DOID:0050737	DOID:0060267	pontocerebellar hypoplasia type 2A
DOID:0050737	DOID:0060268	pontocerebellar hypoplasia type 2B
DOID:0050737	DOID:0060269	pontocerebellar hypoplasia type 2C
DOID:0050737	DOID:0060270	pontocerebellar hypoplasia type 2D
DOID:0050737	DOID:0060271	pontocerebellar hypoplasia type 2E
DOID:0050737	DOID:0060283	peeling skin syndrome
DOID:0050737	DOID:0060294	cold-induced sweating syndrome
DOID:0050737	DOID:0060296	congenital secretory chloride diarrhea 1
DOID:0050737	DOID:0060308	autosomal recessive intellectual developmental disorder
DOID:0050737	DOID:0060337	CEDNIK syndrome
DOID:0050737	DOID:0060346	congenital myopathy 13
DOID:0050737	DOID:0060347	acrorenal syndrome
DOID:0050737	DOID:0060348	hypoparathyroidism-retardation-dysmorphism syndrome
DOID:0050737	DOID:0060350	adenine phosphoribosyltransferase deficiency
DOID:0050737	DOID:0060356	Vici syndrome
DOID:0050737	DOID:0060364	Galloway-Mowat syndrome 1
DOID:0050737	DOID:0060368	Parkinson's disease 2
DOID:0050737	DOID:0060369	Parkinson's disease 6
DOID:0050737	DOID:0060370	Parkinson's disease 7
DOID:0050737	DOID:0060372	Parkinson's disease 15
DOID:0050737	DOID:0060373	orofaciodigital syndrome III
DOID:0050737	DOID:0060374	orofaciodigital syndrome IV
DOID:0050737	DOID:0060375	orofaciodigital syndrome V
DOID:0050737	DOID:0060382	orofaciodigital syndrome IX
DOID:0050737	DOID:0060449	gelatinous drop-like corneal dystrophy
DOID:0050737	DOID:0060470	salt and pepper syndrome
DOID:0050737	DOID:0060474	familial erythrocytosis 2
DOID:0050737	DOID:0060481	Goldberg-Shprintzen syndrome
DOID:0050737	DOID:0060484	EAST syndrome
DOID:0050737	DOID:0060490	Schimke immuno-osseous dysplasia
DOID:0050737	DOID:0060491	SPOAN syndrome
DOID:0050737	DOID:0060535	Warsaw breakage syndrome
DOID:0050737	DOID:0060551	poikiloderma with neutropenia
DOID:0050737	DOID:0060556	Kufor-Rakeb syndrome
DOID:0050737	DOID:0060558	lethal congenital contracture syndrome
DOID:0050737	DOID:0060571	Ritscher-Schinzel syndrome 1
DOID:0050737	DOID:0060580	Noonan syndrome 2
DOID:0050737	DOID:0060589	Yunis-Varon syndrome
DOID:0050737	DOID:0060590	XFE progeroid syndrome
DOID:0050737	DOID:0060601	alpha-2-plasmin inhibitor deficiency
DOID:0050737	DOID:0060608	microcephalic osteodysplastic primordial dwarfism type I
DOID:0050737	DOID:0060609	microcephalic osteodysplastic primordial dwarfism type II
DOID:0050737	DOID:0060638	neonatal diabetes mellitus with congenital hypothyroidism
DOID:0050737	DOID:0060639	permanent neonatal diabetes mellitus
DOID:0050737	DOID:0060641	endocrine-cerebro-osteodysplasia syndrome
DOID:0050737	DOID:0060642	recessive dystrophic epidermolysis bullosa
DOID:0050737	DOID:0060647	fetal encasement syndrome
DOID:0050737	DOID:0060649	congenital hereditary endothelial dystrophy of cornea
DOID:0050737	DOID:0060650	dicarboxylic aminoaciduria
DOID:0050737	DOID:0060655	autosomal recessive congenital ichthyosis
DOID:0050737	DOID:0060672	frontotemporal dementia 2
DOID:0050737	DOID:0060689	atrichia with papular lesions
DOID:0050737	DOID:0060692	platelet-type bleeding disorder 8
DOID:0050737	DOID:0060696	hyperekplexia 1
DOID:0050737	DOID:0060697	hyperekplexia 2
DOID:0050737	DOID:0060698	hyperekplexia 3
DOID:0050737	DOID:0060707	lymphoproliferative syndrome 1
DOID:0050737	DOID:0060708	lymphoproliferative syndrome 2
DOID:0050737	DOID:0060728	congenital disorder of deglycosylation 1
DOID:0050737	DOID:0060733	junctional epidermolysis bullosa with pyloric atresia
DOID:0050737	DOID:0060737	junctional epidermolysis bullosa Herlitz type
DOID:0050737	DOID:0060738	junctional epidermolysis bullosa non-Herlitz type
DOID:0050737	DOID:0060744	Pendred Syndrome
DOID:0050737	DOID:0060752	familial temporal lobe epilepsy 5
DOID:0050737	DOID:0060757	sclerosteosis 2
DOID:0050737	DOID:0060758	immunodeficiency with hyper-IgM type 2
DOID:0050737	DOID:0060759	immunodeficiency with hyper IgM type 5
DOID:0050737	DOID:0060764	autosomal recessive Robinow syndrome
DOID:0050737	DOID:0060769	T-cell immunodeficiency, congenital alopecia, and nail dystrophy
DOID:0050737	DOID:0060773	cleft lip-palate-ectodermal dysplasia syndrome
DOID:0050737	DOID:0060775	microvillus inclusion disease
DOID:0050737	DOID:0060776	congenital diarrhea 5 with tufting enteropathy
DOID:0050737	DOID:0060777	congenital secretory sodium diarrhea 8
DOID:0050737	DOID:0060778	congenital diarrhea 7 with exudative enteropathy
DOID:0050737	DOID:0060779	congenital malabsorptive diarrhea 4
DOID:0050737	DOID:0060781	congenital secretory sodium diarrhea 3
DOID:0050737	DOID:0060787	hypomyelinating leukodystrophy 2
DOID:0050737	DOID:0060788	hypomyelinating leukodystrophy 10
DOID:0050737	DOID:0060789	hypomyelinating leukodystrophy 4
DOID:0050737	DOID:0060790	hypomyelinating leukodystrophy 3
DOID:0050737	DOID:0060791	hypomyelinating leukodystrophy 9
DOID:0050737	DOID:0060792	hypomyelinating leukodystrophy 11
DOID:0050737	DOID:0060793	hypomyelinating leukodystrophy 5
DOID:0050737	DOID:0060794	hypomyelinating leukodystrophy 7
DOID:0050737	DOID:0060795	hypomyelinating leukodystrophy 13
DOID:0050737	DOID:0060796	hypomyelinating leukodystrophy 12
DOID:0050737	DOID:0060797	hypomyelinating leukodystrophy 8
DOID:0050737	DOID:0060831	Griscelli syndrome
DOID:0050737	DOID:0060835	isolated microphthalmia 6
DOID:0050737	DOID:0060837	isolated microphthalmia 5
DOID:0050737	DOID:0060839	isolated microphthalmia 2
DOID:0050737	DOID:0060840	isolated microphthalmia 1
DOID:0050737	DOID:0060841	isolated microphthalmia 8
DOID:0050737	DOID:0060842	syndromic microphthalmia 16
DOID:0050737	DOID:0060849	osteoporosis-pseudoglioma syndrome
DOID:0050737	DOID:0060852	Pierson syndrome
DOID:0050737	DOID:0060854	autosomal recessive pseudohypoaldosteronism type 1
DOID:0050737	DOID:0060856	right atrial isomerism
DOID:0050737	DOID:0060861	microphthalmia with limb anomalies
DOID:0050737	DOID:0060862	mal de Meleda
DOID:0050737	DOID:0060868	leukoencephalopathy with vanishing white matter
DOID:0050737	DOID:0060889	prune belly syndrome
DOID:0050737	DOID:0060891	Parkinson's disease 19A
DOID:0050737	DOID:0060896	Parkinson's disease 23
DOID:0050737	DOID:0060898	Parkinson's disease 20
DOID:0050737	DOID:0060900	Parkinson's disease 14
DOID:0050737	DOID:0060902	Norman-Roberts syndrome
DOID:0050737	DOID:0060911	karyomegalic interstitial nephritis
DOID:0050737	DOID:0060915	proteosome-associated autoinflammatory syndrome 4
DOID:0050737	DOID:0060916	proteasome-associated autoinflammatory syndrome 3
DOID:0050737	DOID:0060919	proteosome-associated autoinflammatory syndrome 5
DOID:0050737	DOID:0060938	dystonia 31
DOID:0050737	DOID:0060939	dystonia 32
DOID:0050737	DOID:0060940	dystonia 33
DOID:0050737	DOID:0060941	interstitial lung disease 1
DOID:0050737	DOID:0060949	3-hydroxyisobutryl-CoA hydrolase deficiency
DOID:0050737	DOID:0060950	hypervalinemia and hyperleucine-isoleucinemia
DOID:0050737	DOID:0060955	dystonia 35, childhood-onset
DOID:0050737	DOID:0060956	dystonia 37, early-onset with striatal lesions
DOID:0050737	DOID:0060958	orofaciodigital syndrome XIV
DOID:0050737	DOID:0060959	orofaciodigital syndrome II
DOID:0050737	DOID:0060960	orofaciodigital syndrome XIX
DOID:0050737	DOID:0060961	orofaciodigital syndrome XVIII
DOID:0050737	DOID:0060962	orofaciodigital syndrome XX
DOID:0050737	DOID:0060966	dystonia 22, juvenile-onset
DOID:0050737	DOID:0060967	dystonia 22, adult-onset
DOID:0050737	DOID:0060968	hypotrichosis 15
DOID:0050737	DOID:0060973	WHIM syndrome 2
DOID:0050737	DOID:0060974	autosomal recessive Robinow syndrome 2
DOID:0050737	DOID:0060978	Fanconi anemia complementation group W
DOID:0050737	DOID:0060979	Fanconi anemia complementation group S
DOID:0050737	DOID:0060981	mosaic variegated aneuploidy syndrome 4
DOID:0050737	DOID:0060987	preaxial polydactyly I
DOID:0050737	DOID:0060988	pancreatic agenesis 2
DOID:0050737	DOID:0060990	congenital disorder of deglycosylation 2
DOID:0050737	DOID:0060993	bent bone dysplasia syndrome 2
DOID:0050737	DOID:0060994	encephalopathy due to defective mitochondrial and peroxisomal fission 2
DOID:0050737	DOID:0061003	pancreatic agenesis 1
DOID:0050737	DOID:0061007	sideroblastic anemia 5
DOID:0050737	DOID:0061013	ovarian dysgenesis 9
DOID:0050737	DOID:0061014	ovarian dysgenesis 10
DOID:0050737	DOID:0061016	combined or isolated pituitary growth hormone deficiency 7
DOID:0050737	DOID:0061019	combined or isolated pituitary hormone deficiency 1
DOID:0050737	DOID:0061020	combined pituitary hormone deficiency 2
DOID:0050737	DOID:0061021	combined pituitary hormone deficiency 3
DOID:0050737	DOID:0061023	nonphotosensitive trichothiodystrophy 8
DOID:0050737	DOID:0061024	nonphotosensitive trichothiodystrophy 9
DOID:0050737	DOID:0061025	familial restrictive cardiomyopathy 6
DOID:0050737	DOID:0061026	hereditary pyropoikilocytosis
DOID:0050737	DOID:0061051	immunodeficiency 80
DOID:0050737	DOID:0061052	immunodeficiency 81
DOID:0050737	DOID:0061056	immunodeficiency 86
DOID:0050737	DOID:0061057	immunodeficiency 87
DOID:0050737	DOID:0061058	immunodeficiency 88
DOID:0050737	DOID:0061059	immunodeficiency 89
DOID:0050737	DOID:0061060	immunodeficiency 90
DOID:0050737	DOID:0061061	immunodeficiency 91
DOID:0050737	DOID:0061062	immunodeficiency 92
DOID:0050737	DOID:0061063	immunodeficiency 93
DOID:0050737	DOID:0061065	immunodeficiency 95
DOID:0050737	DOID:0061066	immunodeficiency 96
DOID:0050737	DOID:0061067	immunodeficiency 97
DOID:0050737	DOID:0061069	immunodeficiency 99
DOID:0050737	DOID:0061074	severe combined immunodeficiency 105
DOID:0050737	DOID:0061075	immunodeficiency 106
DOID:0050737	DOID:0061077	immunodeficiency 108
DOID:0050737	DOID:0061078	immunodeficiency 109
DOID:0050737	DOID:0061079	immunodeficiency 112
DOID:0050737	DOID:0061080	immunodeficiency 114
DOID:0050737	DOID:0061081	immunodeficiency 115
DOID:0050737	DOID:0061082	immunodeficiency 116
DOID:0050737	DOID:0061083	immunodeficiency 117
DOID:0050737	DOID:0061085	immunodeficiency 119
DOID:0050737	DOID:0061086	immunodeficiency 120
DOID:0050737	DOID:0061088	immunodeficiency 122
DOID:0050737	DOID:0061089	immunodeficiency 123
DOID:0050737	DOID:0061090	severe combined immunodeficiency 124
DOID:0050737	DOID:0061091	immunodeficiency 125
DOID:0050737	DOID:0061092	immunodeficiency 127
DOID:0050737	DOID:0061093	immunodeficiency 128
DOID:0050737	DOID:0061094	immunodeficiency 129
DOID:0050737	DOID:0061098	Carpenter syndrome 1
DOID:0050737	DOID:0061099	Carpenter syndrome 2
DOID:0050737	DOID:0061102	hypertrophic cardiomyopathy 27
DOID:0050737	DOID:0061103	retinitis pigmentosa 76
DOID:0050737	DOID:0061105	retinitis pigmentosa 93
DOID:0050737	DOID:0061107	retinitis pigmentosa 92
DOID:0050737	DOID:0061109	retinitis pigmentosa 98
DOID:0050737	DOID:0061111	retinitis pigmentosa 80
DOID:0050737	DOID:0061112	retinitis pigmentosa 95
DOID:0050737	DOID:0061113	retinitis pigmentosa 78
DOID:0050737	DOID:0061115	Carey-Fineman-Ziter syndrome 1
DOID:0050737	DOID:0061116	Carey-Fineman-Ziter syndrome 2
DOID:0050737	DOID:0061123	visceral heterotaxy 14
DOID:0050737	DOID:0061135	infantile hypercalcemia 2
DOID:0050737	DOID:0061136	infantile hypercalcemia 1
DOID:0050737	DOID:0061138	complex cortical dysplasia with other brain malformations 9
DOID:0050737	DOID:0061141	complex cortical dysplasia with other brain malformations 12
DOID:0050737	DOID:0061142	complex cortical dysplasia with other brain malformations 11
DOID:0050737	DOID:0061143	complex cortical dysplasia with other brain malformations 10
DOID:0050737	DOID:0061150	familial isolated hypoparathyroidism 1
DOID:0050737	DOID:0061151	familial isolated hypoparathyroidism 2
DOID:0050737	DOID:0061155	kyphomelic dysplasia
DOID:0050737	DOID:0061157	retinopathy sensory neuropathy syndrome
DOID:0050737	DOID:0061161	infantile onset multisystem autoimmune disease 2
DOID:0050737	DOID:0061162	infantile onset multisystem autoimmune disease 3
DOID:0050737	DOID:0061163	infantile onset multisystem autoimmune disease 4
DOID:0050737	DOID:0061164	infantile onset multisystem autoimmune disease 5
DOID:0050737	DOID:0061166	autosomal recessive distal renal tubular acidosis 3 with or without sensorineural hearing loss
DOID:0050737	DOID:0061167	autosomal recessive proximal renal tubular acidosis
DOID:0050737	DOID:0061171	immunodeficiency 130 with HPV-related verrucosis
DOID:0050737	DOID:0061180	familial hypercholanemia 3
DOID:0050737	DOID:0061181	familial hypercholanemia 1
DOID:0050737	DOID:0061182	familial hypercholanemia 2
DOID:0050737	DOID:0061183	myopathy with myalgia, increased serum creatine kinase, and with or without episodic rhabdomyolysis 1
DOID:0050737	DOID:0061186	long chain 3-hydroxyacyl-CoA dehydrogenase deficiency
DOID:0050737	DOID:0061188	autosomal recessive sensory neuropathy with spastic paraplegia
DOID:0050737	DOID:0061191	neonatal nephrocutaneous inflammatory syndrome
DOID:0050737	DOID:0061192	neonatal inflammatory skin and bowel disease 1
DOID:0050737	DOID:0061193	nephrotic syndrome type 26
DOID:0050737	DOID:0061194	nephrotic syndrome type 24
DOID:0050737	DOID:0061195	proximal renal tubular acidosis-ocular anomaly syndrome
DOID:0050737	DOID:0061197	BCARD syndrome
DOID:0050737	DOID:0061199	Bethlem myopathy 1B
DOID:0050737	DOID:0061200	Bethlem myopathy 1C
DOID:0050737	DOID:0061202	congenital muscular dystrophy with rapid progression
DOID:0050737	DOID:0061203	maple syrup urine disease type IA
DOID:0050737	DOID:0061204	dihydrolipoamide dehydrogenase deficiency
DOID:0050737	DOID:0061205	mild variant of maple syrup urine disease
DOID:0050737	DOID:0061206	maple syrup urine disease type IB
DOID:0050737	DOID:0061207	maple syrup urine disease type II
DOID:0050737	DOID:0061208	epidermolytic hyperkeratosis 2B
DOID:0050737	DOID:0061224	Majeed syndrome
DOID:0050737	DOID:0061225	interleukin-1 receptor antagonist deficiency
DOID:0050737	DOID:0061226	primary ciliary dyskinesia 55
DOID:0050737	DOID:0061227	autosomal recessive cerebral arteriopathy with subcortical infarcts and leukoencephalopathy 1
DOID:0050737	DOID:0061228	autosomal recessive cerebral arteriopathy with subcortical infarcts and leukoencephalopathy 2
DOID:0050737	DOID:0061233	autosomal recessive brain small vessel disease 2B
DOID:0050737	DOID:0061234	brain small vessel disease 4
DOID:0050737	DOID:0061240	Stargardt disease 5
DOID:0050737	DOID:0061241	Stargardt disease 1
DOID:0050737	DOID:0061242	glucocorticoid deficiency 2
DOID:0050737	DOID:0061243	glucocorticoid deficiency 4 with or without mineralocorticoid deficiency
DOID:0050737	DOID:0061244	glucocorticoid deficiency 5
DOID:0050737	DOID:0061245	periventricular nodular heterotopia 8
DOID:0050737	DOID:0061251	Charcot-Marie-Tooth disease type 2KK
DOID:0050737	DOID:0061255	spondylocostal dysostosis 7
DOID:0050737	DOID:0061256	congenital myopathy 25
DOID:0050737	DOID:0061258	congenital myopathy 27
DOID:0050737	DOID:0061259	congenital myopathy 28
DOID:0050737	DOID:0061260	congenital myopathy 29
DOID:0050737	DOID:0061271	liver glycogen storage disease
DOID:0050737	DOID:0061272	muscle glycogen storage disease
DOID:0050737	DOID:0061273	Weill-Marchesani syndrome 1
DOID:0050737	DOID:0061275	Weill-Marchesani syndrome 3
DOID:0050737	DOID:0061276	Weill-Marchesani syndrome 4
DOID:0050737	DOID:0061285	glycogen storage disease X
DOID:0050737	DOID:0061286	glycogen storage disease XI
DOID:0050737	DOID:0061287	glycogen storage disease XII
DOID:0050737	DOID:0061288	glycogen storage disease XIII
DOID:0050737	DOID:0061289	Galloway-Mowat syndrome 6
DOID:0050737	DOID:0061290	Galloway-Mowat syndrome 7
DOID:0050737	DOID:0061291	Galloway-Mowat syndrome 8
DOID:0050737	DOID:0061292	Galloway-Mowat syndrome 9
DOID:0050737	DOID:0061293	Galloway-Mowat syndrome 10
DOID:0050737	DOID:0061294	Meckel syndrome 9
DOID:0050737	DOID:0061295	Meckel syndrome 10
DOID:0050737	DOID:0061296	Meckel syndrome 11
DOID:0050737	DOID:0061297	Meckel syndrome 12
DOID:0050737	DOID:0061298	retinitis pigmentosa 100
DOID:0050737	DOID:0061299	retinitis pigmentosa 101
DOID:0050737	DOID:0070000	3-methylglutaconic aciduria type 8
DOID:0050737	DOID:0070002	3-methylglutaconic aciduria type 9
DOID:0050737	DOID:0070015	autosomal recessive dyskeratosis congenita 1
DOID:0050737	DOID:0070017	autosomal recessive dyskeratosis congenita 2
DOID:0050737	DOID:0070019	autosomal recessive dyskeratosis congenita 3
DOID:0050737	DOID:0070021	autosomal recessive dyskeratosis congenita 4
DOID:0050737	DOID:0070022	autosomal recessive dyskeratosis congenita 5
DOID:0050737	DOID:0070024	autosomal recessive dyskeratosis congenita 6
DOID:0050737	DOID:0070123	congenital nongoitrous hypothyroidism 4
DOID:0050737	DOID:0070126	congenital nongoitrous hypothyroidism 1
DOID:0050737	DOID:0070137	autosomal recessive cutis laxa type IIB
DOID:0050737	DOID:0070141	autosomal recessive cutis laxa type II classic type
DOID:0050737	DOID:0070143	autosomal recessive cutis laxa type III
DOID:0050737	DOID:0070144	autosomal recessive cutis laxa type I
DOID:0050737	DOID:0070145	hereditary sensory and autonomic neuropathy type 5
DOID:0050737	DOID:0070146	congenital insensitivity to pain with anhidrosis
DOID:0050737	DOID:0070148	cerebellar ataxia, neuropathy, and vestibular areflexia syndrome
DOID:0050737	DOID:0070151	hereditary sensory and autonomic neuropathy type 6
DOID:0050737	DOID:0070153	hereditary sensory and autonomic neuropathy type 8
DOID:0050737	DOID:0070161	hereditary sensory and autonomic neuropathy type 2
DOID:0050737	DOID:0070163	spermatogenic failure 21
DOID:0050737	DOID:0070165	spermatogenic failure 18
DOID:0050737	DOID:0070166	spermatogenic failure 20
DOID:0050737	DOID:0070167	spermatogenic failure 6
DOID:0050737	DOID:0070170	spermatogenic failure 19
DOID:0050737	DOID:0070172	spermatogenic failure 15
DOID:0050737	DOID:0070173	spermatogenic failure 7
DOID:0050737	DOID:0070174	spermatogenic failure 17
DOID:0050737	DOID:0070177	spermatogenic failure 22
DOID:0050737	DOID:0070179	spermatogenic failure 14
DOID:0050737	DOID:0070181	spermatogenic failure 23
DOID:0050737	DOID:0070182	spermatogenic failure 13
DOID:0050737	DOID:0070183	spermatogenic failure 5
DOID:0050737	DOID:0070184	spermatogenic failure 16
DOID:0050737	DOID:0070191	autosomal recessive chronic granulomatous disease 2
DOID:0050737	DOID:0070192	autosomal recessive chronic granulomatous disease 1
DOID:0050737	DOID:0070193	autosomal recessive chronic granulomatous disease 4
DOID:0050737	DOID:0070194	autosomal recessive chronic granulomatous disease 3
DOID:0050737	DOID:0070199	Miyoshi muscular dystrophy 1
DOID:0050737	DOID:0070201	Miyoshi muscular dystrophy 3
DOID:0050737	DOID:0070203	familial partial lipodystrophy type 5
DOID:0050737	DOID:0070206	familial partial lipodystrophy type 6
DOID:0050737	DOID:0070215	familial hyperinsulinemic hypoglycemia 4
DOID:0050737	DOID:0070218	familial hyperinsulinemic hypoglycemia 2
DOID:0050737	DOID:0070219	familial hyperinsulinemic hypoglycemia 1
DOID:0050737	DOID:0070222	progressive familial intrahepatic cholestasis 2
DOID:0050737	DOID:0070223	progressive familial intrahepatic cholestasis 3
DOID:0050737	DOID:0070224	progressive familial intrahepatic cholestasis 4
DOID:0050737	DOID:0070225	progressive familial intrahepatic cholestasis 5
DOID:0050737	DOID:0070226	progressive familial intrahepatic cholestasis 1
DOID:0050737	DOID:0070231	benign recurrent intrahepatic cholestasis 1
DOID:0050737	DOID:0070232	benign recurrent intrahepatic cholestasis 2
DOID:0050737	DOID:0070248	autosomal recessive Emery-Dreifuss muscular dystrophy 3
DOID:0050737	DOID:0070253	congenital disorder of glycosylation type IIa
DOID:0050737	DOID:0070254	congenital disorder of glycosylation type IIb
DOID:0050737	DOID:0070255	congenital disorder of glycosylation type IIc
DOID:0050737	DOID:0070256	congenital disorder of glycosylation type IId
DOID:0050737	DOID:0070257	congenital disorder of glycosylation type IIe
DOID:0050737	DOID:0070258	congenital disorder of glycosylation type IIf
DOID:0050737	DOID:0070259	congenital disorder of glycosylation type IIg
DOID:0050737	DOID:0070260	congenital disorder of glycosylation type IIh
DOID:0050737	DOID:0070261	congenital disorder of glycosylation type IIi
DOID:0050737	DOID:0070262	congenital disorder of glycosylation type IIj
DOID:0050737	DOID:0070263	congenital disorder of glycosylation type IIk
DOID:0050737	DOID:0070264	congenital disorder of glycosylation type IIl
DOID:0050737	DOID:0070266	congenital disorder of glycosylation type IIn
DOID:0050737	DOID:0070267	congenital disorder of glycosylation type IIo
DOID:0050737	DOID:0070268	congenital disorder of glycosylation type IIp
DOID:0050737	DOID:0070269	congenital disorder of glycosylation type IIq
DOID:0050737	DOID:0070296	autosomal recessive primary microcephaly
DOID:0050737	DOID:0070300	multiple epiphyseal dysplasia 4
DOID:0050737	DOID:0070302	multiple epiphyseal dysplasia 7
DOID:0050737	DOID:0070307	craniolenticulosutural dysplasia
DOID:0050737	DOID:0070331	mitochondrial DNA depletion syndrome 8b
DOID:0050737	DOID:0070332	multiple mitochondrial dysfunctions syndrome 6
DOID:0050737	DOID:0070341	neonatal-onset type II citrullinemia
DOID:0050737	DOID:0070352	stress-induced childhood-onset neurodegeneration with variable ataxia and seizures
DOID:0050737	DOID:0070354	cataract 48
DOID:0050737	DOID:0070356	visual impairment and progressive phthisis bulbi
DOID:0050737	DOID:0070368	autosomal recessive chronic granulomatous disease 5
DOID:0050737	DOID:0070369	restrictive dermopathy 1
DOID:0050737	DOID:0070376	developmental and epileptic encephalopathy 31B
DOID:0050737	DOID:0070382	developmental and epileptic encephalopathy 95
DOID:0050737	DOID:0070387	developmental and epileptic encephalopathy 101
DOID:0050737	DOID:0070388	developmental and epileptic encephalopathy 102
DOID:0050737	DOID:0070391	developmental and epileptic encephalopathy 105
DOID:0050737	DOID:0070392	developmental and epileptic encephalopathy 106
DOID:0050737	DOID:0070393	developmental and epileptic encephalopathy 107
DOID:0050737	DOID:0070395	developmental and epileptic encephalopathy 110
DOID:0050737	DOID:0070396	progressive leukoencephalopathy with ovarian failure
DOID:0050737	DOID:0070397	hypomyelinating leukodystrophy 23
DOID:0050737	DOID:0070398	hypomyelinating leukodystrophy 15
DOID:0050737	DOID:0070399	hypomyelinating leukodystrophy 18
DOID:0050737	DOID:0070403	hypomyelinating leukodystrophy 26
DOID:0050737	DOID:0070404	hypomyelinating leukodystrophy 17
DOID:0050737	DOID:0070407	hypomyelinating leukodystrophy 21
DOID:0050737	DOID:0070408	Hengel-Maroofian-Schols syndrome
DOID:0050737	DOID:0070424	combined oxidative phosphorylation deficiency 44
DOID:0050737	DOID:0070425	combined oxidative phosphorylation deficiency 52
DOID:0050737	DOID:0070426	combined oxidative phosphorylation deficiency 53
DOID:0050737	DOID:0070427	combined oxidative phosphorylation deficiency 54
DOID:0050737	DOID:0070429	combined oxidative phosphorylation deficiency 56
DOID:0050737	DOID:0070430	combined oxidative phosphorylation deficiency 57
DOID:0050737	DOID:0070446	mitochondrial DNA depletion syndrome 16
DOID:0050737	DOID:0070447	mitochondrial DNA depletion syndrome 16B
DOID:0050737	DOID:0070448	mitochondrial DNA depletion syndrome 17
DOID:0050737	DOID:0070449	mitochondrial DNA depletion syndrome 18
DOID:0050737	DOID:0070450	mitochondrial DNA depletion syndrome 19
DOID:0050737	DOID:0070451	mitochondrial DNA depletion syndrome 20
DOID:0050737	DOID:0070454	hereditary spastic paraplegia 70
DOID:0050737	DOID:0070456	hereditary spastic paraplegia 87
DOID:0050737	DOID:0070458	hereditary spastic paraplegia 89
DOID:0050737	DOID:0070462	mitochondrial complex V (ATP synthase) deficiency nuclear type 4B
DOID:0050737	DOID:0070463	mitochondrial complex V (ATP synthase) deficiency nuclear type 5
DOID:0050737	DOID:0070464	mitochondrial complex V (ATP synthase) deficiency nuclear type 7
DOID:0050737	DOID:0070468	Yoon-Bellen neurodevelopmental syndrome
DOID:0050737	DOID:0070473	Zaki syndrome
DOID:0050737	DOID:0070476	diphthamide deficiency syndrome
DOID:0050737	DOID:0070485	mitochondrial complex IV deficiency nuclear type 23
DOID:0050737	DOID:0070486	Parkinson's disease 25
DOID:0050737	DOID:0070489	classic dopamine transporter deficiency syndrome
DOID:0050737	DOID:0070490	infantile parkinsonism-dystonia 2
DOID:0050737	DOID:0070491	mitochondrial complex IV deficiency nuclear type 1
DOID:0050737	DOID:0070492	mitochondrial complex IV deficiency nuclear type 3
DOID:0050737	DOID:0070493	mitochondrial complex IV deficiency nuclear type 4
DOID:0050737	DOID:0070494	mitochondrial complex IV deficiency nuclear type 7
DOID:0050737	DOID:0070495	mitochondrial complex IV deficiency nuclear type 8
DOID:0050737	DOID:0070496	mitochondrial complex IV deficiency nuclear type 10
DOID:0050737	DOID:0070497	mitochondrial complex IV deficiency nuclear type 11
DOID:0050737	DOID:0070498	mitochondrial complex IV deficiency nuclear type 12
DOID:0050737	DOID:0070499	mitochondrial complex IV deficiency nuclear type 14
DOID:0050737	DOID:0070500	mitochondrial complex IV deficiency nuclear type 15
DOID:0050737	DOID:0070501	mitochondrial complex IV deficiency nuclear type 16
DOID:0050737	DOID:0070502	mitochondrial complex IV deficiency nuclear type 17
DOID:0050737	DOID:0070503	mitochondrial complex IV deficiency nuclear type 18
DOID:0050737	DOID:0070504	mitochondrial complex IV deficiency nuclear type 19
DOID:0050737	DOID:0070505	mitochondrial complex IV deficiency nuclear type 20
DOID:0050737	DOID:0070506	mitochondrial complex IV deficiency nuclear type 21
DOID:0050737	DOID:0070507	mitochondrial complex IV deficiency nuclear type 22
DOID:0050737	DOID:0070510	inflammatory poikiloderma with hair abnormalities and acral keratoses
DOID:0050737	DOID:0070511	polyhydramnios, megalencephaly, and symptomatic epilepsy
DOID:0050737	DOID:0070526	PLACK syndrome
DOID:0050737	DOID:0070531	foveal hypoplasia 2
DOID:0050737	DOID:0070539	Halperin-Birk syndrome
DOID:0050737	DOID:0070540	mitochondrial short-chain enoyl-CoA hydratase 1 deficiency
DOID:0050737	DOID:0070541	3-hydroxy-3-methylglutaryl-CoA lyase deficiency
DOID:0050737	DOID:0070543	neurodevelopmental disorder with cardiomyopathy, spasticity, and brain abnormalities
DOID:0050737	DOID:0070544	congenital glutamine deficiency
DOID:0050737	DOID:0070554	palmoplantar keratoderma and woolly hair
DOID:0050737	DOID:0070555	Nagashima-type palmoplantar keratosis
DOID:0050737	DOID:0070562	Fanconi-Bickel syndrome
DOID:0050737	DOID:0070563	glucose-galactose malabsorption
DOID:0050737	DOID:0070565	spermatogenic failure 66
DOID:0050737	DOID:0070566	spermatogenic failure 67
DOID:0050737	DOID:0070567	spermatogenic failure 68
DOID:0050737	DOID:0070568	spermatogenic failure 69
DOID:0050737	DOID:0070569	spermatogenic failure 70
DOID:0050737	DOID:0070570	spermatogenic failure 71
DOID:0050737	DOID:0070571	spermatogenic failure 72
DOID:0050737	DOID:0070572	spermatogenic failure 73
DOID:0050737	DOID:0070573	spermatogenic failure 74
DOID:0050737	DOID:0070574	spermatogenic failure 75
DOID:0050737	DOID:0070575	spermatogenic failure 76
DOID:0050737	DOID:0070576	spermatogenic failure 77
DOID:0050737	DOID:0070577	spermatogenic failure 78
DOID:0050737	DOID:0070578	spermatogenic failure 79
DOID:0050737	DOID:0070579	spermatogenic failure 80
DOID:0050737	DOID:0070580	spermatogenic failure 81
DOID:0050737	DOID:0070581	spermatogenic failure 82
DOID:0050737	DOID:0070582	spermatogenic failure 83
DOID:0050737	DOID:0070583	spermatogenic failure 84
DOID:0050737	DOID:0070584	spermatogenic failure 85
DOID:0050737	DOID:0070585	spermatogenic failure 86
DOID:0050737	DOID:0070586	spermatogenic failure 87
DOID:0050737	DOID:0070587	spermatogenic failure 88
DOID:0050737	DOID:0070588	spermatogenic failure 89
DOID:0050737	DOID:0070589	spermatogenic failure 90
DOID:0050737	DOID:0070590	spermatogenic failure 91
DOID:0050737	DOID:0070591	spermatogenic failure 92
DOID:0050737	DOID:0070592	spermatogenic failure 93
DOID:0050737	DOID:0070593	spermatogenic failure 94
DOID:0050737	DOID:0070594	spermatogenic failure 95
DOID:0050737	DOID:0070613	familial renal glucosuria
DOID:0050737	DOID:0070639	mirror movements 3
DOID:0050737	DOID:0070641	hereditary spastic paraplegia 18B
DOID:0050737	DOID:0070642	hereditary spastic paraplegia 72B
DOID:0050737	DOID:0070644	hereditary spastic paraplegia 92
DOID:0050737	DOID:0070645	hereditary spastic paraplegia 93
DOID:0050737	DOID:0070646	hereditary spastic paraplegia 30B
DOID:0050737	DOID:0070649	cherubism 2
DOID:0050737	DOID:0070650	Ramon syndrome
DOID:0050737	DOID:0070651	neurodevelopmental disorder with seizures and gingival overgrowth
DOID:0050737	DOID:0070654	desmosterolosis
DOID:0050737	DOID:0070677	Ferguson-Bonni neurodevelopmental syndrome
DOID:0050737	DOID:0070680	congenital hypomyelinating neuropathy 3
DOID:0050737	DOID:0070682	congenital hydrocephalus 1
DOID:0050737	DOID:0070683	congenital hydrocephalus 2
DOID:0050737	DOID:0070684	congenital hydrocephalus 3
DOID:0050737	DOID:0070688	autosomal recessive congenital indifference to pain
DOID:0050737	DOID:0070691	craniosynostosis-scoliosis syndrome
DOID:0050737	DOID:0070692	Davis-Wells syndrome
DOID:0050737	DOID:0070700	Luo-Agrawal neurodevelopmental syndrome
DOID:0050737	DOID:0070703	Meckel syndrome 14
DOID:0050737	DOID:0070704	dentin dysplasia type IA
DOID:0050737	DOID:0070714	neurodevelopmental disorder with structural brain abnormalities and craniofacial abnormalities
DOID:0050737	DOID:0070718	neurodevelopmental disorder with behavioral abnormalities and childhood-onset spastic paraplegia
DOID:0050737	DOID:0070719	neurocardiorenal malformation syndrome
DOID:0050737	DOID:0070720	immune dysregulation, neurodevelopmental defects, and colitis
DOID:0050737	DOID:0070723	dyschromatosis, ichthyosis, deafness, and atopic disease
DOID:0050737	DOID:0070725	spermatogenic failure 96
DOID:0050737	DOID:0070726	spermatogenic failure 97
DOID:0050737	DOID:0070727	spermatogenic failure 98
DOID:0050737	DOID:0070728	spermatogenic failure 99
DOID:0050737	DOID:0070729	spermatogenic failure 100
DOID:0050737	DOID:0070730	spermatogenic failure 101
DOID:0050737	DOID:0070731	spermatogenic failure 102
DOID:0050737	DOID:0070733	multiple mitochondrial dysfunctions syndrome 7
DOID:0050737	DOID:0070734	episodic mitochondrial myopathy with optic atrophy and reversible leukoencephalopathy
DOID:0050737	DOID:0070735	auditory neuropathy and optic atrophy
DOID:0050737	DOID:0070736	multiple mitochondrial dysfunctions syndrome 9B
DOID:0050737	DOID:0070737	multiple mitochondrial dysfunctions syndrome 10
DOID:0050737	DOID:0070742	combined immunodeficiency and megaloblastic anemia with or without hyperhomocysteinemia
DOID:0050737	DOID:0070744	early childhood-onset progressive leukodystrophy
DOID:0050737	DOID:0070746	HELIX syndrome
DOID:0050737	DOID:0070748	joint laxity, short stature, and myopia
DOID:0050737	DOID:0070749	Mendez-Johnson immunoneurologic syndrome
DOID:0050737	DOID:0070750	mitochondrial myopathy and ataxia
DOID:0050737	DOID:0070752	neonatal severe encephalopathy with lactic acidosis and brain abnormalities
DOID:0050737	DOID:0070758	primary ciliary dyskinesia 46
DOID:0050737	DOID:0070760	primary ciliary dyskinesia 47 and lissencephaly
DOID:0050737	DOID:0070761	primary ciliary dyskinesia 48
DOID:0050737	DOID:0070762	primary ciliary dyskinesia 49
DOID:0050737	DOID:0070763	primary ciliary dyskinesia 50
DOID:0050737	DOID:0070764	primary ciliary dyskinesia 51
DOID:0050737	DOID:0070765	primary ciliary dyskinesia 52
DOID:0050737	DOID:0070766	primary ciliary dyskinesia 53
DOID:0050737	DOID:0070767	primary ciliary dyskinesia 54
DOID:0050737	DOID:0070776	impaired intellectual development and distinctive facial features with or without cardiac defects
DOID:0050737	DOID:0070783	idiopathic generalized epilepsy 20
DOID:0050737	DOID:0070787	Alsahan-Harris syndrome
DOID:0050737	DOID:0070789	cataract, alopecia, oral mucosal disorder, and psoriasis-like syndrome
DOID:0050737	DOID:0070794	Guillouet-Gordon syndrome
DOID:0050737	DOID:0070795	hyposulfatemia with skeletal dysplasia
DOID:0050737	DOID:0070797	immunodysregulation with variable immunodeficiency and autoimmunity
DOID:0050737	DOID:0080026	otospondylomegaepiphyseal dysplasia, autosomal recessive
DOID:0050737	DOID:0080036	SOST-related sclerosing bone dysplasia
DOID:0050737	DOID:0080038	pycnodysostosis
DOID:0050737	DOID:0080050	acromesomelic dysplasia, Maroteaux type
DOID:0050737	DOID:0080051	acromesomelic dysplasia, Hunter-Thompson type
DOID:0050737	DOID:0080052	acromesomelic dysplasia, Grebe type
DOID:0050737	DOID:0080054	achondrogenesis type IA
DOID:0050737	DOID:0080055	achondrogenesis type IB
DOID:0050737	DOID:0080071	mucolipidosis III alpha/beta
DOID:0050737	DOID:0080081	nonsyndromic congenital nail disorder 3
DOID:0050737	DOID:0080082	nonsyndromic congenital nail disorder 4
DOID:0050737	DOID:0080087	nonsyndromic congenital nail disorder 9
DOID:0050737	DOID:0080092	myofibrillar myopathy 1
DOID:0050737	DOID:0080098	myofibrillar myopathy 7
DOID:0050737	DOID:0080101	Compton-North congenital myopathy
DOID:0050737	DOID:0080105	microcephaly and chorioretinopathy 1
DOID:0050737	DOID:0080106	microcephaly and chorioretinopathy 2
DOID:0050737	DOID:0080107	microcephaly and chorioretinopathy 3
DOID:0050737	DOID:0080119	mitochondrial DNA depletion syndrome 1
DOID:0050737	DOID:0080120	mitochondrial DNA depletion syndrome 2
DOID:0050737	DOID:0080121	mitochondrial DNA depletion syndrome 3
DOID:0050737	DOID:0080122	Alpers-Huttenlocher syndrome
DOID:0050737	DOID:0080123	mitochondrial DNA depletion syndrome 4b
DOID:0050737	DOID:0080124	mitochondrial DNA depletion syndrome 5
DOID:0050737	DOID:0080125	mitochondrial DNA depletion syndrome 6
DOID:0050737	DOID:0080126	mitochondrial DNA depletion syndrome 7
DOID:0050737	DOID:0080127	mitochondrial DNA depletion syndrome 8a
DOID:0050737	DOID:0080128	mitochondrial DNA depletion syndrome 9
DOID:0050737	DOID:0080129	mitochondrial DNA depletion syndrome 11
DOID:0050737	DOID:0080131	mitochondrial DNA depletion syndrome 13
DOID:0050737	DOID:0080132	Sengers syndrome
DOID:0050737	DOID:0080133	multiple mitochondrial dysfunctions syndrome 1
DOID:0050737	DOID:0080134	multiple mitochondrial dysfunctions syndrome 2
DOID:0050737	DOID:0080135	multiple mitochondrial dysfunctions syndrome 3
DOID:0050737	DOID:0080136	multiple mitochondrial dysfunctions syndrome 4
DOID:0050737	DOID:0080138	multiple congenital anomalies-hypotonia-seizures syndrome 1
DOID:0050737	DOID:0080140	multiple congenital anomalies-hypotonia-seizures syndrome 3
DOID:0050737	DOID:0080141	mosaic variegated aneuploidy syndrome 1
DOID:0050737	DOID:0080142	mosaic variegated aneuploidy syndrome 2
DOID:0050737	DOID:0080163	autosomal recessive autoinflammation, panniculitis, and dermatosis syndrome
DOID:0050737	DOID:0080172	poor metabolism of thiopurines
DOID:0050737	DOID:0080181	PHARC syndrome
DOID:0050737	DOID:0080195	Marinesco-Sjogren syndrome
DOID:0050737	DOID:0080197	congenital muscular dystrophy with cataracts and intellectual disability
DOID:0050737	DOID:0080209	sideroblastic anemia with B-cell immunodeficiency, periodic fevers, and developmental delay
DOID:0050737	DOID:0080217	lysosomal acid lipase deficiency
DOID:0050737	DOID:0080245	Galloway-Mowat syndrome 3
DOID:0050737	DOID:0080246	Galloway-Mowat syndrome 4
DOID:0050737	DOID:0080250	erythrokeratodermia variabilis et progressiva 4
DOID:0050737	DOID:0080251	erythrokeratodermia variabilis et progressiva 5
DOID:0050737	DOID:0080252	spastic ataxia 8
DOID:0050737	DOID:0080253	Meckel syndrome 13
DOID:0050737	DOID:0080254	orofaciodigital syndrome XVI
DOID:0050737	DOID:0080255	Meier-Gorlin syndrome 8
DOID:0050737	DOID:0080265	RENI syndrome
DOID:0050737	DOID:0080271	nephrotic syndrome type 15
DOID:0050737	DOID:0080272	nephrotic syndrome type 16
DOID:0050737	DOID:0080274	multiple mitochondrial dysfunctions syndrome 5
DOID:0050737	DOID:0080283	developmental and epileptic encephalopathy 55
DOID:0050737	DOID:0080289	orofaciodigital syndrome XVII
DOID:0050737	DOID:0080292	retinitis pigmentosa 81
DOID:0050737	DOID:0080293	short-rib thoracic dysplasia 18 with polydactyly
DOID:0050737	DOID:0080295	short-rib thoracic dysplasia 19 with or without polydactyly
DOID:0050737	DOID:0080296	hypomyelinating leukodystrophy 14
DOID:0050737	DOID:0080308	myofibrillar myopathy 8
DOID:0050737	DOID:0080309	infantile-onset myofibrillar myopathy-2B
DOID:0050737	DOID:0080312	neurodevelopmental disorder with midbrain and hindbrain malformations
DOID:0050737	DOID:0080316	megalencephalic leukoencephalopathy with subcortical cysts 1
DOID:0050737	DOID:0080318	megalencephalic leukoencephalopathy with subcortical cysts 2A
DOID:0050737	DOID:0080327	multinucleated neurons, anhydramnios, renal dysplasia, cerebellar hypoplasia and hydranencephaly
DOID:0050737	DOID:0080335	mitochondrial DNA depletion syndrome 12b
DOID:0050737	DOID:0080337	mitochondrial DNA depletion syndrome 15
DOID:0050737	DOID:0080343	autosomal recessive pyridoxine-refractory sideroblastic anemia 3
DOID:0050737	DOID:0080349	developmental and epileptic encephalopathy 39
DOID:0050737	DOID:0080350	retinitis pigmentosa 77
DOID:0050737	DOID:0080357	mitochondrial complex IV deficiency nuclear type 2
DOID:0050737	DOID:0080358	mitochondrial complex IV deficiency nuclear type 6
DOID:0050737	DOID:0080359	mitochondrial complex IV deficiency nuclear type 9
DOID:0050737	DOID:0080360	mitochondrial complex IV deficiency nuclear type 13
DOID:0050737	DOID:0080361	trimethylaminuria
DOID:0050737	DOID:0080363	mitochondrial pyruvate carrier deficiency
DOID:0050737	DOID:0080379	nephrotic syndrome type 2
DOID:0050737	DOID:0080380	nephrotic syndrome type 5
DOID:0050737	DOID:0080381	nephrotic syndrome type 13
DOID:0050737	DOID:0080382	nephrotic syndrome type 3
DOID:0050737	DOID:0080384	nephrotic syndrome type 6
DOID:0050737	DOID:0080385	nephrotic syndrome type 11
DOID:0050737	DOID:0080386	nephrotic syndrome type 10
DOID:0050737	DOID:0080387	nephrotic syndrome type 12
DOID:0050737	DOID:0080388	nephrotic syndrome type 7
DOID:0050737	DOID:0080389	nephrotic syndrome type 8
DOID:0050737	DOID:0080390	nephrotic syndrome type 1
DOID:0050737	DOID:0080391	nephrotic syndrome type 9
DOID:0050737	DOID:0080392	nephrotic syndrome type 17
DOID:0050737	DOID:0080393	nephrotic syndrome type 18
DOID:0050737	DOID:0080394	nephrotic syndrome type 19
DOID:0050737	DOID:0080400	orofacial cleft 7
DOID:0050737	DOID:0080407	orofacial cleft 14
DOID:0050737	DOID:0080410	familial adenomatous polyposis 2
DOID:0050737	DOID:0080411	familial adenomatous polyposis 3
DOID:0050737	DOID:0080412	familial adenomatous polyposis 4
DOID:0050737	DOID:0080413	developmental and epileptic encephalopathy 18
DOID:0050737	DOID:0080414	developmental and epileptic encephalopathy 15
DOID:0050737	DOID:0080415	developmental and epileptic encephalopathy 23
DOID:0050737	DOID:0080417	developmental and epileptic encephalopathy 38
DOID:0050737	DOID:0080419	developmental and epileptic encephalopathy 50
DOID:0050737	DOID:0080424	developmental and epileptic encephalopathy 44
DOID:0050737	DOID:0080426	developmental and epileptic encephalopathy 63
DOID:0050737	DOID:0080427	developmental and epileptic encephalopathy 40
DOID:0050737	DOID:0080432	developmental and epileptic encephalopathy 60
DOID:0050737	DOID:0080433	developmental and epileptic encephalopathy 51
DOID:0050737	DOID:0080434	developmental and epileptic encephalopathy 61
DOID:0050737	DOID:0080435	developmental and epileptic encephalopathy 37
DOID:0050737	DOID:0080440	developmental and epileptic encephalopathy 3
DOID:0050737	DOID:0080441	developmental and epileptic encephalopathy 49
DOID:0050737	DOID:0080443	developmental and epileptic encephalopathy 21
DOID:0050737	DOID:0080448	developmental and epileptic encephalopathy 48
DOID:0050737	DOID:0080449	developmental and epileptic encephalopathy 16
DOID:0050737	DOID:0080451	developmental and epileptic encephalopathy 29
DOID:0050737	DOID:0080452	developmental and epileptic encephalopathy 28
DOID:0050737	DOID:0080453	developmental and epileptic encephalopathy 25
DOID:0050737	DOID:0080455	developmental and epileptic encephalopathy 52
DOID:0050737	DOID:0080457	microcephaly, seizures, and developmental delay
DOID:0050737	DOID:0080458	developmental and epileptic encephalopathy 35
DOID:0050737	DOID:0080459	developmental and epileptic encephalopathy 12
DOID:0050737	DOID:0080460	developmental and epileptic encephalopathy 34
DOID:0050737	DOID:0080464	developmental and epileptic encephalopathy 53
DOID:0050737	DOID:0080493	ovarian dysgenesis 1
DOID:0050737	DOID:0080495	ovarian dysgenesis 3
DOID:0050737	DOID:0080496	ovarian dysgenesis 4
DOID:0050737	DOID:0080497	ovarian dysgenesis 5
DOID:0050737	DOID:0080498	ovarian dysgenesis 6
DOID:0050737	DOID:0080499	ovarian dysgenesis 7
DOID:0050737	DOID:0080512	Meier-Gorlin syndrome 1
DOID:0050737	DOID:0080513	Meier-Gorlin syndrome 2
DOID:0050737	DOID:0080514	Meier-Gorlin syndrome 3
DOID:0050737	DOID:0080515	Meier-Gorlin syndrome 4
DOID:0050737	DOID:0080516	Meier-Gorlin syndrome 5
DOID:0050737	DOID:0080518	Meier-Gorlin syndrome 7
DOID:0050737	DOID:0080542	hyperprolinemia type 1
DOID:0050737	DOID:0080543	hyperprolinemia type 2
DOID:0050737	DOID:0080552	congenital disorder of glycosylation Ia
DOID:0050737	DOID:0080553	congenital disorder of glycosylation Iaa
DOID:0050737	DOID:0080554	congenital disorder of glycosylation Ib
DOID:0050737	DOID:0080555	congenital disorder of glycosylation Ic
DOID:0050737	DOID:0080556	congenital disorder of glycosylation Id
DOID:0050737	DOID:0080557	congenital disorder of glycosylation Ie
DOID:0050737	DOID:0080558	congenital disorder of glycosylation If
DOID:0050737	DOID:0080559	congenital disorder of glycosylation Ig
DOID:0050737	DOID:0080560	congenital disorder of glycosylation Ih
DOID:0050737	DOID:0080561	congenital disorder of glycosylation Ii
DOID:0050737	DOID:0080562	congenital disorder of glycosylation Ij
DOID:0050737	DOID:0080563	congenital disorder of glycosylation Ik
DOID:0050737	DOID:0080564	congenital disorder of glycosylation Il
DOID:0050737	DOID:0080565	congenital disorder of glycosylation Im
DOID:0050737	DOID:0080566	congenital disorder of glycosylation In
DOID:0050737	DOID:0080567	congenital disorder of glycosylation Ip
DOID:0050737	DOID:0080568	congenital disorder of glycosylation Iq
DOID:0050737	DOID:0080569	congenital disorder of glycosylation Ir
DOID:0050737	DOID:0080570	congenital disorder of glycosylation It
DOID:0050737	DOID:0080571	congenital disorder of glycosylation Iu
DOID:0050737	DOID:0080572	congenital disorder of glycosylation Iw
DOID:0050737	DOID:0080573	congenital disorder of glycosylation Ix
DOID:0050737	DOID:0080575	Larsen-like syndrome B3GAT3 type
DOID:0050737	DOID:0080576	spondyloepimetaphyseal dysplasia, Genevieve-type
DOID:0050737	DOID:0080581	hyperekplexia 4
DOID:0050737	DOID:0080587	congenital myasthenic syndrome 22
DOID:0050737	DOID:0080590	Klippel-Feil syndrome 2
DOID:0050737	DOID:0080592	Klippel-Feil syndrome 4
DOID:0050737	DOID:0080594	hyper IgE recurrent infection syndrome 2
DOID:0050737	DOID:0080595	autosomal recessive hyper-IgE syndrome 3 with recurrent infections
DOID:0050737	DOID:0080596	hyper IgE recurrent infection syndrome 4
DOID:0050737	DOID:0080607	anterior segment dysgenesis 2
DOID:0050737	DOID:0080612	anterior segment dysgenesis 7
DOID:0050737	DOID:0080613	anterior segment dysgenesis 8
DOID:0050737	DOID:0080621	glucocorticoid deficiency 1
DOID:0050737	DOID:0080622	peroxisome biogenesis disorder 2B
DOID:0050737	DOID:0080623	Heimler syndrome 1
DOID:0050737	DOID:0080624	Heimler syndrome 2
DOID:0050737	DOID:0080626	corticosterone methyloxidase deficiency 1
DOID:0050737	DOID:0080628	alopecia-mental retardation syndrome 1
DOID:0050737	DOID:0080629	alopecia-mental retardation syndrome 2
DOID:0050737	DOID:0080632	Fazio-Londe disease
DOID:0050737	DOID:0080635	optic disc anomalies with retinal and/or macular dystrophy
DOID:0050737	DOID:0080663	atrial standstill 2
DOID:0050737	DOID:0080672	fibrochondrogenesis 1
DOID:0050737	DOID:0080673	fibrochondrogenesis 2
DOID:0050737	DOID:0080678	mucolipidosis III gamma
DOID:0050737	DOID:0080689	mosaic variegated aneuploidy syndrome 3
DOID:0050737	DOID:0080715	developmental and epileptic encephalopathy 82
DOID:0050737	DOID:0080717	infantile liver failure syndrome 1
DOID:0050737	DOID:0080718	GNE myopathy
DOID:0050737	DOID:0080719	congenital myopathy 6
DOID:0050737	DOID:0080722	Kenny-Caffey syndrome type 1
DOID:0050737	DOID:0080729	brittle cornea syndrome 2
DOID:0050737	DOID:0080730	Ehlers-Danlos syndrome cardiac valvular type
DOID:0050737	DOID:0080731	Ehlers-Danlos syndrome classic-like 1
DOID:0050737	DOID:0080732	Ehlers-Danlos syndrome classic-like 2
DOID:0050737	DOID:0080733	Ehlers-Danlos syndrome dermatosparaxis type
DOID:0050737	DOID:0080734	Ehlers-Danlos syndrome kyphoscoliotic type 1
DOID:0050737	DOID:0080735	Ehlers-Danlos syndrome kyphoscoliotic type 2
DOID:0050737	DOID:0080736	Ehlers-Danlos syndrome musculocontractural type 1
DOID:0050737	DOID:0080737	Ehlers-Danlos syndrome musculocontractural type 2
DOID:0050737	DOID:0080738	Ehlers-Danlos syndrome spondylodysplastic type 1
DOID:0050737	DOID:0080751	keratosis pilaris atrophicans
DOID:0050737	DOID:0080758	Fanconi renotubular syndrome 2
DOID:0050737	DOID:0080761	Fanconi renotubular syndrome 5
DOID:0050737	DOID:0080768	pyridoxine-dependent epilepsy
DOID:0050737	DOID:0080771	beta-thalassemia major
DOID:0050737	DOID:0080772	beta-thalassemia intermedia
DOID:0050737	DOID:0080778	transient infantile liver failure
DOID:0050737	DOID:0080785	Brown-Vialetto-Van Laere syndrome 1
DOID:0050737	DOID:0080786	Brown-Vialetto-Van Laere syndrome 2
DOID:0050737	DOID:0080790	Treacher Collins syndrome 2
DOID:0050737	DOID:0080791	Treacher Collins syndrome 3
DOID:0050737	DOID:0080802	autosomal recessive craniometaphyseal dysplasia
DOID:0050737	DOID:0080836	growth hormone insensitivity syndrome with immune dysregulation 1
DOID:0050737	DOID:0080844	omodysplasia 1
DOID:0050737	DOID:0080865	primary ovarian insufficiency 8
DOID:0050737	DOID:0080866	primary ovarian insufficiency 9
DOID:0050737	DOID:0080867	primary ovarian insufficiency 10
DOID:0050737	DOID:0080869	primary ovarian insufficiency 12
DOID:0050737	DOID:0080870	primary ovarian insufficiency 13
DOID:0050737	DOID:0080871	primary ovarian insufficiency 14
DOID:0050737	DOID:0080872	primary ovarian insufficiency 15
DOID:0050737	DOID:0080884	vitamin D-dependent rickets type 2A
DOID:0050737	DOID:0080886	vitamin D-dependent rickets type 1A
DOID:0050737	DOID:0080887	vitamin D-dependent rickets type 1B
DOID:0050737	DOID:0080898	cerebellofaciodental syndrome
DOID:0050737	DOID:0080922	complex cortical dysplasia with other brain malformations 14A
DOID:0050737	DOID:0080923	bilateral parasagittal parieto-occipital polymicrogyria
DOID:0050737	DOID:0080924	complex cortical dysplasia with other brain malformations 14B
DOID:0050737	DOID:0080925	cytochrome P450 oxidoreductase deficiency
DOID:0050737	DOID:0080939	hereditary angioedema type I
DOID:0050737	DOID:0080946	retinal dystrophy with leukodystrophy
DOID:0050737	DOID:0080950	alopecia-mental retardation syndrome 4
DOID:0050737	DOID:0080951	alopecia-mental retardation syndrome 3
DOID:0050737	DOID:0080952	AMED syndrome
DOID:0050737	DOID:0080953	amelogenesis imperfecta type 1J
DOID:0050737	DOID:0080954	arthrogryposis multiplex congenita
DOID:0050737	DOID:0080960	amelogenesis imperfecta type 2A6
DOID:0050737	DOID:0080962	anauxetic dysplasia 2
DOID:0050737	DOID:0080963	anauxetic dysplasia 3
DOID:0050737	DOID:0081007	RNASET2-deficient cystic leukoencephalopathy
DOID:0050737	DOID:0081008	Lodder-Merla syndrome type 1 with impaired intellectual development and cardiac arrhythmia
DOID:0050737	DOID:0081016	congenital fibrosis of the extraocular muscles 2
DOID:0050737	DOID:0081020	congenital fibrosis of the extraocular muscles 5
DOID:0050737	DOID:0081021	Tukel syndrome
DOID:0050737	DOID:0081022	cone dystrophy with supernormal rod responses
DOID:0050737	DOID:0081034	glutathione synthetase deficiency with 5-oxoprolinuria
DOID:0050737	DOID:0081045	frontonasal dysplasia 1
DOID:0050737	DOID:0081046	frontonasal dysplasia 2
DOID:0050737	DOID:0081047	frontonasal dysplasia 3
DOID:0050737	DOID:0081061	nephrogenic diabetes insipidus type 2
DOID:0050737	DOID:0081111	osteosclerotic metaphyseal dysplasia
DOID:0050737	DOID:0081124	craniofacial dysmorphism, skeletal anomalies, and impaired intellectual development syndrome 1
DOID:0050737	DOID:0081129	mandibuloacral dysplasia type B lipodystrophy
DOID:0050737	DOID:0081130	BH4-deficient hyperphenylalaninemia C
DOID:0050737	DOID:0081131	BH4-deficient hyperphenylalaninemia D
DOID:0050737	DOID:0081135	agammaglobulinemia 2
DOID:0050737	DOID:0081136	agammaglobulinemia 1
DOID:0050737	DOID:0081137	agammaglobulinemia 3
DOID:0050737	DOID:0081138	agammaglobulinemia 6
DOID:0050737	DOID:0081139	agammaglobulinemia 7
DOID:0050737	DOID:0081141	agammaglobulinemia 9
DOID:0050737	DOID:0081143	agammaglobulinemia 8B
DOID:0050737	DOID:0081144	common variable immunodeficiency 1
DOID:0050737	DOID:0081145	common variable immunodeficiency 2
DOID:0050737	DOID:0081146	common variable immunodeficiency 3
DOID:0050737	DOID:0081147	common variable immunodeficiency 4
DOID:0050737	DOID:0081148	common variable immunodeficiency 5
DOID:0050737	DOID:0081149	common variable immunodeficiency 6
DOID:0050737	DOID:0081150	common variable immunodeficiency 7
DOID:0050737	DOID:0081151	common variable immunodeficiency 8
DOID:0050737	DOID:0081153	common variable immunodeficiency 11
DOID:0050737	DOID:0081159	dilated cardiomyopathy 2C
DOID:0050737	DOID:0081160	dilated cardiomyopathy 2D
DOID:0050737	DOID:0081161	dilated cardiomyopathy 2E
DOID:0050737	DOID:0081162	dilated cardiomyopathy 2F
DOID:0050737	DOID:0081163	dilated cardiomyopathy 2G
DOID:0050737	DOID:0081168	HMG-CoA synthase 2 deficiency
DOID:0050737	DOID:0081175	short stature, hearing loss, retinitis pigmentosa, and distinctive facies
DOID:0050737	DOID:0081237	acromesomelic dysplasia 3
DOID:0050737	DOID:0081238	acromesomelic dysplasia 4
DOID:0050737	DOID:0081240	peroxisome biogenesis disorder 1B
DOID:0050737	DOID:0081241	peroxisome biogenesis disorder 3B
DOID:0050737	DOID:0081266	complex cortical dysplasia with other brain malformations 15
DOID:0050737	DOID:0081269	pulmonary venoocclusive disease 2
DOID:0050737	DOID:0081272	Sandestig-Stefanova syndrome
DOID:0050737	DOID:0081274	peroxisome biogenesis disorder 14B
DOID:0050737	DOID:0081276	cerebellar atrophy, visual impairment, and psychomotor retardation
DOID:0050737	DOID:0081322	contractures, pterygia, and spondylocarpotarsal fusion syndrome 1B
DOID:0050737	DOID:0081326	oxoglutarate dehydrogenase deficiency
DOID:0050737	DOID:0081328	familial hyperinsulinemic hypoglycemia 8
DOID:0050737	DOID:0081330	glycogen storage disease Ib
DOID:0050737	DOID:0081331	glycogen storage disease Ic
DOID:0050737	DOID:0081333	Wiedemann-Rautenstrauch syndrome
DOID:0050737	DOID:0081334	Nestor-Guillermo progeria syndrome
DOID:0050737	DOID:0081335	Becker disease
DOID:0050737	DOID:0081339	congenital myopathy 2B
DOID:0050737	DOID:0081341	congenital myopathy 5
DOID:0050737	DOID:0081343	congenital myopathy 9A
DOID:0050737	DOID:0081344	congenital myopathy 9B
DOID:0050737	DOID:0081345	congenital myopathy 10B
DOID:0050737	DOID:0081346	congenital myopathy 14
DOID:0050737	DOID:0081349	congenital myopathy 17
DOID:0050737	DOID:0081350	congenital myopathy 18
DOID:0050737	DOID:0081351	congenital myopathy 19
DOID:0050737	DOID:0081352	congenital myopathy 20
DOID:0050737	DOID:0081353	congenital myopathy 21
DOID:0050737	DOID:0081354	congenital myopathy 22A
DOID:0050737	DOID:0081355	congenital myopathy 22B
DOID:0050737	DOID:0081361	spastic quadriplegic cerebral palsy 3
DOID:0050737	DOID:0081368	Paget disease of bone 5
DOID:0050737	DOID:0081374	nemaline myopathy 5B
DOID:0050737	DOID:0081386	TANGO2-related metabolic encephalopathy and arrythmias
DOID:0050737	DOID:0081394	Caroli syndrome
DOID:0050737	DOID:0081395	Harel-Yoon syndrome
DOID:0050737	DOID:0081396	neonatal lethal pontocerebellar hypoplasia, hypotonia, and respiratory insufficiency syndrome
DOID:0050737	DOID:0081419	childhood-onset dystonia with optic atrophy and basal ganglia abnormalities
DOID:0050737	DOID:0081431	microcephaly, short stature, and limb abnormalities
DOID:0050737	DOID:0081433	Peroxisome biogenesis disorder 4B
DOID:0050737	DOID:0081434	Peroxisome biogenesis disorder 5B
DOID:0050737	DOID:0081435	Peroxisome biogenesis disorder 6B
DOID:0050737	DOID:0081436	Peroxisome biogenesis disorder 7B
DOID:0050737	DOID:0081437	Peroxisome biogenesis disorder 8B
DOID:0050737	DOID:0081438	Peroxisome biogenesis disorder 9B
DOID:0050737	DOID:0081439	Peroxisome biogenesis disorder 11B
DOID:0050737	DOID:0081440	Peroxisome biogenesis disorder 10B
DOID:0050737	DOID:0081446	dimethylglycine dehydrogenase deficiency
DOID:0050737	DOID:0081447	cone-rod dystrophy 21
DOID:0050737	DOID:0081448	cone-rod dystrophy 22
DOID:0050737	DOID:0090001	Fraser syndrome
DOID:0050737	DOID:0090003	agenesis of the corpus callosum with peripheral neuropathy
DOID:0050737	DOID:0090004	progressive pseudorheumatoid arthropathy of childhood
DOID:0050737	DOID:0090005	Schwartz-Jampel syndrome 1
DOID:0050737	DOID:0090007	immunodeficiency-centromeric instability-facial anomalies syndrome
DOID:0050737	DOID:0090012	severe combined immunodeficiency with sensitivity to ionizing radiation
DOID:0050737	DOID:0090013	severe combined immunodeficiency, autosomal recessive, T cell-negative, B cell-negative, Nk cell-positive
DOID:0050737	DOID:0090014	severe combined immunodeficiency 104
DOID:0050737	DOID:0090017	epidermolysis bullosa simplex with muscular dystrophy
DOID:0050737	DOID:0090019	sitosterolemia
DOID:0050737	DOID:0090024	split hand-foot malformation 1 with sensorineural hearing loss
DOID:0050737	DOID:0090026	split hand-foot malformation 6
DOID:0050737	DOID:0090032	Silverman-Handmaker type dyssegmental dysplasia
DOID:0050737	DOID:0090038	torsion dystonia 2
DOID:0050737	DOID:0090042	torsion dystonia 17
DOID:0050737	DOID:0090043	dopa-responsive dystonia
DOID:0050737	DOID:0090048	dystonia 16
DOID:0050737	DOID:0090050	dystonia 27
DOID:0050737	DOID:0090059	enhanced S-cone syndrome
DOID:0050737	DOID:0090060	Wolcott-Rallison syndrome
DOID:0050737	DOID:0090067	Fuhrmann syndrome
DOID:0050737	DOID:0090068	giant axonal neuropathy 1
DOID:0050737	DOID:0090071	hypogonadotropic hypogonadism 11 with or without anosmia
DOID:0050737	DOID:0090072	hypogonadotropic hypogonadism 12 with or without anosmia
DOID:0050737	DOID:0090073	hypogonadotropic hypogonadism 13 with or without anosmia
DOID:0050737	DOID:0090074	hypogonadotropic hypogonadism 8 with or without anosmia
DOID:0050737	DOID:0090076	hypogonadotropic hypogonadism 18 with or without anosmia
DOID:0050737	DOID:0090078	hypogonadotropic hypogonadism 7 with or without anosmia
DOID:0050737	DOID:0090081	hypogonadotropic hypogonadism 22 with or without anosmia
DOID:0050737	DOID:0090088	hypogonadotropic hypogonadism 24 without anosmia
DOID:0050737	DOID:0090089	hypogonadotropic hypogonadism 10 with or without anosmia
DOID:0050737	DOID:0090091	hypogonadotropic hypogonadism 23 with or without anosmia
DOID:0050737	DOID:0090106	BH4-deficient hyperphenylalaninemia A
DOID:0050737	DOID:0090112	Nasu-Hakola disease
DOID:0050737	DOID:0090113	RIDDLE syndrome
DOID:0050737	DOID:0090116	spondylocarpotarsal synostosis syndrome
DOID:0050737	DOID:0090117	thiamine-responsive megaloblastic anemia syndrome
DOID:0050737	DOID:0090118	congenital amegakaryocytic thrombocytopenia
DOID:0050737	DOID:0090126	branched-chain keto acid dehydrogenase kinase deficiency
DOID:0050737	DOID:0090127	camptodactyly-arthropathy-coxa vara-pericarditis syndrome
DOID:0050737	DOID:0090130	cortical dysplasia-focal epilepsy syndrome
DOID:0050737	DOID:0090141	cortisone reductase deficiency 1
DOID:0050737	DOID:0090142	cystathioninuria
DOID:0050737	DOID:0090143	brachyolmia-amelogenesis imperfecta syndrome
DOID:0050737	DOID:0090144	Donnai-Barrow syndrome
DOID:0050737	DOID:0110000	3-methylglutaconic aciduria type 5
DOID:0050737	DOID:0110001	3-methylglutaconic aciduria with deafness, encephalopathy, and Leigh-like syndrome
DOID:0050737	DOID:0110002	3-methylglutaconic aciduria type 1
DOID:0050737	DOID:0110003	3-methylglutaconic aciduria with cataracts, neurologic involvement and neutropenia
DOID:0050737	DOID:0110004	3-methylglutaconic aciduria type 3
DOID:0050737	DOID:0110005	Leber congenital amaurosis 9
DOID:0050737	DOID:0110007	achromatopsia 2
DOID:0050737	DOID:0110008	achromatopsia 3
DOID:0050737	DOID:0110009	achromatopsia 7
DOID:0050737	DOID:0110016	Leber congenital amaurosis 2
DOID:0050737	DOID:0110033	Alport syndrome 2
DOID:0050737	DOID:0110056	amelogenesis imperfecta type 1C
DOID:0050737	DOID:0110057	amelogenesis imperfecta type 2A1
DOID:0050737	DOID:0110060	amelogenesis imperfecta hypomaturation type 2A2
DOID:0050737	DOID:0110061	amelogenesis imperfecta hypomaturation type 2A3
DOID:0050737	DOID:0110062	amelogenesis imperfecta hypomaturation type 2A4
DOID:0050737	DOID:0110063	amelogenesis imperfecta hypomaturation type 2A5
DOID:0050737	DOID:0110064	amelogenesis imperfecta type 1H
DOID:0050737	DOID:0110065	amelogenesis imperfecta type 1F
DOID:0050737	DOID:0110066	amelogenesis imperfecta type 1G
DOID:0050737	DOID:0110078	Leber congenital amaurosis 1
DOID:0050737	DOID:0110079	Leber congenital amaurosis 8
DOID:0050737	DOID:0110080	Leber congenital amaurosis 12
DOID:0050737	DOID:0110085	asphyxiating thoracic dystrophy 1
DOID:0050737	DOID:0110086	asphyxiating thoracic dystrophy 2
DOID:0050737	DOID:0110087	asphyxiating thoracic dystrophy 3
DOID:0050737	DOID:0110088	asphyxiating thoracic dystrophy 4
DOID:0050737	DOID:0110089	asphyxiating thoracic dystrophy 5
DOID:0050737	DOID:0110090	short-rib thoracic dysplasia 7 with or without polydactyly
DOID:0050737	DOID:0110091	short-rib thoracic dysplasia 10 with or without polydactyly
DOID:0050737	DOID:0110092	short-rib thoracic dysplasia 6 with or without polydactyly
DOID:0050737	DOID:0110093	short-rib thoracic dysplasia 13 with or without polydactyly
DOID:0050737	DOID:0110094	short-rib thoracic dysplasia 8 with or without polydactyly
DOID:0050737	DOID:0110095	short-rib thoracic dysplasia 11 with or without polydactyly
DOID:0050737	DOID:0110096	short-rib thoracic dysplasia 14 with polydactyly
DOID:0050737	DOID:0110097	short-rib thoracic dysplasia 9 with or without polydactyly
DOID:0050737	DOID:0110116	autoimmune lymphoproliferative syndrome type 2B
DOID:0050737	DOID:0110118	Leber congenital amaurosis 16
DOID:0050737	DOID:0110119	autoimmune lymphoproliferative syndrome type 3
DOID:0050737	DOID:0110149	Charcot-Marie-Tooth disease type 1F
DOID:0050737	DOID:0110156	Charcot-Marie-Tooth disease type 2B1
DOID:0050737	DOID:0110160	Charcot-Marie-Tooth disease axonal type 2T
DOID:0050737	DOID:0110161	Charcot-Marie-Tooth disease type 2R
DOID:0050737	DOID:0110166	Charcot-Marie-Tooth disease axonal type 2H
DOID:0050737	DOID:0110167	Charcot-Marie-Tooth disease axonal type 2K
DOID:0050737	DOID:0110169	Charcot-Marie-Tooth disease axonal type 2P
DOID:0050737	DOID:0110171	Charcot-Marie-Tooth disease axonal type 2S
DOID:0050737	DOID:0110176	Charcot-Marie-Tooth disease axonal type 2X
DOID:0050737	DOID:0110179	Charcot-Marie-Tooth disease type 2B2
DOID:0050737	DOID:0110183	Charcot-Marie-Tooth disease type 4C
DOID:0050737	DOID:0110184	Charcot-Marie-Tooth disease type 4J
DOID:0050737	DOID:0110185	Charcot-Marie-Tooth disease type 4A
DOID:0050737	DOID:0110186	Charcot-Marie-Tooth disease type 4D
DOID:0050737	DOID:0110187	Charcot-Marie-Tooth disease type 4K
DOID:0050737	DOID:0110188	Leber congenital amaurosis 14
DOID:0050737	DOID:0110189	Leber congenital amaurosis 15
DOID:0050737	DOID:0110190	Charcot-Marie-Tooth disease type 4B2
DOID:0050737	DOID:0110191	Charcot-Marie-Tooth disease type 4B1
DOID:0050737	DOID:0110192	Charcot-Marie-Tooth disease type 4H
DOID:0050737	DOID:0110193	Charcot-Marie-Tooth disease type 4F
DOID:0050737	DOID:0110194	Charcot-Marie-Tooth disease type 4B3
DOID:0050737	DOID:0110195	congenital hypomyelinating neuropathy 1
DOID:0050737	DOID:0110196	Charcot-Marie-Tooth disease type 4G
DOID:0050737	DOID:0110198	Charcot-Marie-Tooth disease recessive intermediate C
DOID:0050737	DOID:0110201	Charcot-Marie-Tooth disease recessive intermediate A
DOID:0050737	DOID:0110203	Charcot-Marie-Tooth disease recessive intermediate D
DOID:0050737	DOID:0110204	Charcot-Marie-Tooth disease recessive intermediate B
DOID:0050737	DOID:0110215	Leber congenital amaurosis 5
DOID:0050737	DOID:0110217	Leber congenital amaurosis 17
DOID:0050737	DOID:0110238	cataract 18
DOID:0050737	DOID:0110242	cataract 13 with adult i phenotype
DOID:0050737	DOID:0110243	cataract 46 juvenile-onset
DOID:0050737	DOID:0110245	cataract 38
DOID:0050737	DOID:0110247	cataract 36
DOID:0050737	DOID:0110249	cataract 11 multiple types
DOID:0050737	DOID:0110250	cataract 16 multiple types
DOID:0050737	DOID:0110261	cataract 35
DOID:0050737	DOID:0110262	cataract 45
DOID:0050737	DOID:0110263	cataract 19 multiple types
DOID:0050737	DOID:0110264	cataract 33
DOID:0050737	DOID:0110266	cataract 9 multiple types
DOID:0050737	DOID:0110267	cataract 44
DOID:0050737	DOID:0110268	cataract 22 multiple types
DOID:0050737	DOID:0110270	cataract 17 multiple types
DOID:0050737	DOID:0110274	autosomal recessive limb-girdle muscular dystrophy
DOID:0050737	DOID:0110329	Leber congenital amaurosis 6
DOID:0050737	DOID:0110330	Leber congenital amaurosis 13
DOID:0050737	DOID:0110332	Leber congenital amaurosis 4
DOID:0050737	DOID:0110336	osteogenesis imperfecta type 8
DOID:0050737	DOID:0110337	osteogenesis imperfecta type 7
DOID:0050737	DOID:0110338	osteogenesis imperfecta type 17
DOID:0050737	DOID:0110342	osteogenesis imperfecta type 13
DOID:0050737	DOID:0110346	osteogenesis imperfecta type 10
DOID:0050737	DOID:0110347	osteogenesis imperfecta type 15
DOID:0050737	DOID:0110348	osteogenesis imperfecta type 12
DOID:0050737	DOID:0110349	osteogenesis imperfecta type 9
DOID:0050737	DOID:0110351	osteogenesis imperfecta type 11
DOID:0050737	DOID:0110352	retinitis pigmentosa 59
DOID:0050737	DOID:0110353	retinitis pigmentosa 20
DOID:0050737	DOID:0110354	retinitis pigmentosa 19
DOID:0050737	DOID:0110357	retinitis pigmentosa 35
DOID:0050737	DOID:0110358	retinitis pigmentosa 12
DOID:0050737	DOID:0110361	retinitis pigmentosa 75
DOID:0050737	DOID:0110363	retinitis pigmentosa 71
DOID:0050737	DOID:0110365	retinitis pigmentosa 28
DOID:0050737	DOID:0110367	retinitis pigmentosa 38
DOID:0050737	DOID:0110368	retinitis pigmentosa 26
DOID:0050737	DOID:0110371	retinitis pigmentosa 56
DOID:0050737	DOID:0110372	retinitis pigmentosa 4
DOID:0050737	DOID:0110374	retinitis pigmentosa 68
DOID:0050737	DOID:0110375	retinitis pigmentosa 40
DOID:0050737	DOID:0110376	retinitis pigmentosa 41
DOID:0050737	DOID:0110378	retinitis pigmentosa 29
DOID:0050737	DOID:0110380	retinitis pigmentosa 62
DOID:0050737	DOID:0110381	retinitis pigmentosa 14
DOID:0050737	DOID:0110383	retinitis pigmentosa 7
DOID:0050737	DOID:0110384	retinitis pigmentosa 25
DOID:0050737	DOID:0110389	retinitis pigmentosa 73
DOID:0050737	DOID:0110390	retinitis pigmentosa 1
DOID:0050737	DOID:0110395	retinitis pigmentosa 72
DOID:0050737	DOID:0110396	retinitis pigmentosa 50
DOID:0050737	DOID:0110399	retinitis pigmentosa 37
DOID:0050737	DOID:0110401	retinitis pigmentosa 74
DOID:0050737	DOID:0110402	retinitis pigmentosa 45
DOID:0050737	DOID:0110407	retinitis pigmentosa 57
DOID:0050737	DOID:0110410	retinitis pigmentosa 69
DOID:0050737	DOID:0110419	retinitis pigmentosa with or without situs inversus
DOID:0050737	DOID:0110421	late-adult onset retinitis pigmentosa
DOID:0050737	DOID:0110422	autosomal recessive pericentral pigmentary retinopathy
DOID:0050737	DOID:0110441	dilated cardiomyopathy 2B
DOID:0050737	DOID:0110444	dilated cardiomyopathy 1X
DOID:0050737	DOID:0110460	dilated cardiomyopathy 2A
DOID:0050737	DOID:0110629	Wolfram syndrome 1
DOID:0050737	DOID:0110630	Wolfram syndrome 2
DOID:0050737	DOID:0110632	megaconial type congenital muscular dystrophy
DOID:0050737	DOID:0110633	rigid spine muscular dystrophy 1
DOID:0050737	DOID:0110634	congenital muscular dystrophy 1B
DOID:0050737	DOID:0110635	muscular dystrophy-dystroglycanopathy type B5
DOID:0050737	DOID:0110636	congenital merosin-deficient muscular dystrophy 1A
DOID:0050737	DOID:0110637	muscular dystrophy-dystroglycanopathy type B6
DOID:0050737	DOID:0110639	congenital muscular dystrophy due to integrin alpha-7 deficiency
DOID:0050737	DOID:0110657	congenital myasthenic syndrome 8
DOID:0050737	DOID:0110658	congenital myasthenic syndrome 15
DOID:0050737	DOID:0110660	congenital myasthenic syndrome 12
DOID:0050737	DOID:0110661	congenital myasthenic syndrome 20
DOID:0050737	DOID:0110662	congenital myasthenic syndrome 1B
DOID:0050737	DOID:0110664	congenital myasthenic syndrome 3C
DOID:0050737	DOID:0110665	congenital myasthenic syndrome 3B
DOID:0050737	DOID:0110667	congenital myasthenic syndrome 5
DOID:0050737	DOID:0110668	congenital myasthenic syndrome 10
DOID:0050737	DOID:0110669	congenital myasthenic syndrome 14
DOID:0050737	DOID:0110670	congenital myasthenic syndrome 9
DOID:0050737	DOID:0110671	congenital myasthenic syndrome 6
DOID:0050737	DOID:0110672	congenital myasthenic syndrome 21
DOID:0050737	DOID:0110673	congenital myasthenic syndrome 19
DOID:0050737	DOID:0110674	congenital myasthenic syndrome 17
DOID:0050737	DOID:0110675	congenital myasthenic syndrome 11
DOID:0050737	DOID:0110676	congenital myasthenic syndrome 13
DOID:0050737	DOID:0110677	congenital myasthenic syndrome 4B
DOID:0050737	DOID:0110678	congenital myasthenic syndrome 4A
DOID:0050737	DOID:0110679	congenital myasthenic syndrome 4C
DOID:0050737	DOID:0110680	congenital myasthenic syndrome 2C
DOID:0050737	DOID:0110682	congenital myasthenic syndrome 16
DOID:0050737	DOID:0110703	hypotrichosis 6
DOID:0050737	DOID:0110704	hypotrichosis 7
DOID:0050737	DOID:0110705	hypotrichosis 8
DOID:0050737	DOID:0110706	hypotrichosis 9
DOID:0050737	DOID:0110707	hypotrichosis 10
DOID:0050737	DOID:0110711	congenital hypotrichosis with juvenile macular dystrophy
DOID:0050737	DOID:0110712	Oguchi disease-1
DOID:0050737	DOID:0110713	Oguchi disease-2
DOID:0050737	DOID:0110714	congenital stationary night blindness 1G
DOID:0050737	DOID:0110721	neuronal ceroid lipofuscinosis 1
DOID:0050737	DOID:0110722	neuronal ceroid lipofuscinosis 7
DOID:0050737	DOID:0110723	neuronal ceroid lipofuscinosis 8
DOID:0050737	DOID:0110724	neuronal ceroid lipofuscinosis 8 northern epilepsy variant
DOID:0050737	DOID:0110725	neuronal ceroid lipofuscinosis 10
DOID:0050737	DOID:0110726	neuronal ceroid lipofuscinosis 2
DOID:0050737	DOID:0110727	neuronal ceroid lipofuscinosis 13
DOID:0050737	DOID:0110728	neuronal ceroid lipofuscinosis 5
DOID:0050737	DOID:0110729	neuronal ceroid lipofuscinosis 6A
DOID:0050737	DOID:0110730	neuronal ceroid lipofuscinosis 6B
DOID:0050737	DOID:0110731	neuronal ceroid lipofuscinosis 3
DOID:0050737	DOID:0110732	neuronal ceroid lipofuscinosis 11
DOID:0050737	DOID:0110733	neuronal ceroid lipofuscinosis 9
DOID:0050737	DOID:0110735	neurodegeneration with brain iron accumulation 2a
DOID:0050737	DOID:0110736	neurodegeneration with brain iron accumulation 2b
DOID:0050737	DOID:0110738	neurodegeneration with brain iron accumulation 4
DOID:0050737	DOID:0110740	neurodegeneration with brain iron accumulation 6
DOID:0050737	DOID:0110764	hereditary spastic paraplegia 11
DOID:0050737	DOID:0110767	hereditary spastic paraplegia 14
DOID:0050737	DOID:0110768	hereditary spastic paraplegia 15
DOID:0050737	DOID:0110774	hereditary spastic paraplegia 23
DOID:0050737	DOID:0110775	hereditary spastic paraplegia 24
DOID:0050737	DOID:0110776	hereditary spastic paraplegia 25
DOID:0050737	DOID:0110777	hereditary spastic paraplegia 26
DOID:0050737	DOID:0110778	hereditary spastic paraplegia 27
DOID:0050737	DOID:0110779	hereditary spastic paraplegia 28
DOID:0050737	DOID:0110783	hereditary spastic paraplegia 32
DOID:0050737	DOID:0110786	hereditary spastic paraplegia 35
DOID:0050737	DOID:0110790	hereditary spastic paraplegia 39
DOID:0050737	DOID:0110795	hereditary spastic paraplegia 43
DOID:0050737	DOID:0110796	hereditary spastic paraplegia 44
DOID:0050737	DOID:0110797	hereditary spastic paraplegia 45
DOID:0050737	DOID:0110798	hereditary spastic paraplegia 46
DOID:0050737	DOID:0110799	hereditary spastic paraplegia 47
DOID:0050737	DOID:0110800	hereditary spastic paraplegia 48
DOID:0050737	DOID:0110801	hereditary sensory and autonomic neuropathy type 9
DOID:0050737	DOID:0110802	hereditary spastic paraplegia 50
DOID:0050737	DOID:0110803	hereditary spastic paraplegia 51
DOID:0050737	DOID:0110804	hereditary spastic paraplegia 52
DOID:0050737	DOID:0110805	hereditary spastic paraplegia 53
DOID:0050737	DOID:0110806	hereditary spastic paraplegia 54
DOID:0050737	DOID:0110807	hereditary spastic paraplegia 55
DOID:0050737	DOID:0110808	hereditary spastic paraplegia 56
DOID:0050737	DOID:0110809	hereditary spastic paraplegia 57
DOID:0050737	DOID:0110810	hereditary spastic paraplegia 5A
DOID:0050737	DOID:0110812	hereditary spastic paraplegia 61
DOID:0050737	DOID:0110813	hereditary spastic paraplegia 62
DOID:0050737	DOID:0110814	hereditary spastic paraplegia 63
DOID:0050737	DOID:0110815	hereditary spastic paraplegia 64
DOID:0050737	DOID:0110816	hereditary spastic paraplegia 7
DOID:0050737	DOID:0110819	hereditary spastic paraplegia 74
DOID:0050737	DOID:0110820	hereditary spastic paraplegia 75
DOID:0050737	DOID:0110821	hereditary spastic paraplegia 76
DOID:0050737	DOID:0110822	hereditary spastic paraplegia 77
DOID:0050737	DOID:0110825	hereditary spastic paraplegia 9B
DOID:0050737	DOID:0110861	autosomal recessive polycystic kidney disease
DOID:0050737	DOID:0110864	congenital stationary night blindness 1F
DOID:0050737	DOID:0110865	congenital stationary night blindness 1B
DOID:0050737	DOID:0110866	congenital stationary night blindness 1H
DOID:0050737	DOID:0110867	congenital stationary night blindness 1C
DOID:0050737	DOID:0110868	congenital stationary night blindness 1D
DOID:0050737	DOID:0110869	congenital stationary night blindness 1E
DOID:0050737	DOID:0110899	inflammatory bowel disease 28
DOID:0050737	DOID:0110909	inflammatory bowel disease 25
DOID:0050737	DOID:0110916	hereditary spherocytosis type 1
DOID:0050737	DOID:0110918	hereditary spherocytosis type 3
DOID:0050737	DOID:0110920	hereditary spherocytosis type 5
DOID:0050737	DOID:0110921	familial hemophagocytic lymphohistiocytosis 1
DOID:0050737	DOID:0110922	familial hemophagocytic lymphohistiocytosis 2
DOID:0050737	DOID:0110923	familial hemophagocytic lymphohistiocytosis 3
DOID:0050737	DOID:0110924	familial hemophagocytic lymphohistiocytosis 4
DOID:0050737	DOID:0110926	congenital myopathy 4B
DOID:0050737	DOID:0110927	nemaline myopathy 3
DOID:0050737	DOID:0110928	nemaline myopathy 2
DOID:0050737	DOID:0110929	nemaline myopathy 9
DOID:0050737	DOID:0110930	nemaline myopathy 8
DOID:0050737	DOID:0110931	nemaline myopathy 10
DOID:0050737	DOID:0110933	nemaline myopathy 11
DOID:0050737	DOID:0110934	nemaline myopathy 7
DOID:0050737	DOID:0110936	nemaline myopathy 5A
DOID:0050737	DOID:0110939	autosomal recessive osteopetrosis 5
DOID:0050737	DOID:0110940	autosomal recessive osteopetrosis 8
DOID:0050737	DOID:0110941	autosomal recessive osteopetrosis 3
DOID:0050737	DOID:0110942	autosomal recessive osteopetrosis 1
DOID:0050737	DOID:0110943	autosomal recessive osteopetrosis 2
DOID:0050737	DOID:0110944	autosomal recessive osteopetrosis 4
DOID:0050737	DOID:0110945	autosomal recessive osteopetrosis 6
DOID:0050737	DOID:0110946	autosomal recessive osteopetrosis 7
DOID:0050737	DOID:0110959	Gaucher's disease type III
DOID:0050737	DOID:0111043	glycogen storage disease IXc
DOID:0050737	DOID:0111044	gray platelet syndrome
DOID:0050737	DOID:0111046	platelet-type bleeding disorder 10
DOID:0050737	DOID:0111048	platelet-type bleeding disorder 19
DOID:0050737	DOID:0111051	platelet-type bleeding disorder 18
DOID:0050737	DOID:0111057	platelet-type bleeding disorder 11
DOID:0050737	DOID:0111063	hyperphosphatemic familial tumoral calcinosis
DOID:0050737	DOID:0111077	congenital nonspherocytic hemolytic anemia 2
DOID:0050737	DOID:0111080	Fanconi anemia complementation group V
DOID:0050737	DOID:0111081	Fanconi anemia complementation group T
DOID:0050737	DOID:0111082	Fanconi anemia complementation group L
DOID:0050737	DOID:0111083	Fanconi anemia complementation group D2
DOID:0050737	DOID:0111084	Fanconi anemia complementation group E
DOID:0050737	DOID:0111085	Fanconi anemia complementation group U
DOID:0050737	DOID:0111087	Fanconi anemia complementation group C
DOID:0050737	DOID:0111089	Fanconi anemia complementation group D1
DOID:0050737	DOID:0111091	Fanconi anemia complementation group I
DOID:0050737	DOID:0111092	Fanconi anemia complementation group P
DOID:0050737	DOID:0111093	Fanconi anemia complementation group Q
DOID:0050737	DOID:0111095	Fanconi anemia complementation group A
DOID:0050737	DOID:0111096	Fanconi anemia complementation group O
DOID:0050737	DOID:0111131	focal segmental glomerulosclerosis 6
DOID:0050737	DOID:0111134	focal segmental glomerulosclerosis 9
DOID:0050737	DOID:0111149	autosomal recessive isolated ectopia lentis 2
DOID:0050737	DOID:0111156	spermatogenic failure 9
DOID:0050737	DOID:0111167	Dyggve-Melchior-Clausen disease
DOID:0050737	DOID:0111168	sepiapterin reductase deficiency
DOID:0050737	DOID:0111187	distal myopathy with anterior tibial onset
DOID:0050737	DOID:0111195	erythrokeratodermia variabilis et progressiva 1
DOID:0050737	DOID:0111197	autosomal recessive distal hereditary motor neuronopathy
DOID:0050737	DOID:0111216	autosomal recessive centronuclear myopathy
DOID:0050737	DOID:0111229	congenital muscular dystrophy-dystroglycanopathy type A
DOID:0050737	DOID:0111254	glutaric acidemia I
DOID:0050737	DOID:0111255	McKusick-Kaufman syndrome
DOID:0050737	DOID:0111257	gamma-glutamyl transpeptidase deficiency
DOID:0050737	DOID:0111258	pentosuria
DOID:0050737	DOID:0111259	postaxial acrofacial dysostosis
DOID:0050737	DOID:0111261	fumarase deficiency
DOID:0050737	DOID:0111262	infantile cerebral and cerebellar atrophy with postnatal progressive microcephaly
DOID:0050737	DOID:0111263	combined malonic and methylmalonic acidemia
DOID:0050737	DOID:0111264	Ruijs-Aalfs syndrome
DOID:0050737	DOID:0111265	Boucher-Neuhauser syndrome
DOID:0050737	DOID:0111266	geroderma osteodysplasticum
DOID:0050737	DOID:0111268	autosomal recessive hyaline body myopathy
DOID:0050737	DOID:0111270	isolated sulfite oxidase deficiency
DOID:0050737	DOID:0111271	Oliver-McFarlane syndrome
DOID:0050737	DOID:0111274	CODAS syndrome
DOID:0050737	DOID:0111276	sensory ataxic neuropathy, dysarthria, and ophthalmoparesis
DOID:0050737	DOID:0111277	mitochondrial trifunctional protein deficiency
DOID:0050737	DOID:0111278	histiocytosis-lymphadenopathy plus syndrome
DOID:0050737	DOID:0111332	Pitt-Hopkins-like syndrome 2
DOID:0050737	DOID:0111333	congenital myopathy 10A
DOID:0050737	DOID:0111334	congenital leptin deficiency
DOID:0050737	DOID:0111335	myopathy with extrapyramidal signs
DOID:0050737	DOID:0111337	Jackson-Weiss syndrome
DOID:0050737	DOID:0111345	transient bullous dermolysis of the newborn
DOID:0050737	DOID:0111351	D-2-hydroxyglutaric aciduria 1
DOID:0050737	DOID:0111361	hypotrichosis-lymphedema-telangiectasia syndrome
DOID:0050737	DOID:0111366	familial hepatic adenoma
DOID:0050737	DOID:0111371	isolated hyperchlorhidrosis
DOID:0050737	DOID:0111376	fetal akinesia deformation sequence syndrome 3
DOID:0050737	DOID:0111377	fetal akinesia deformation sequence syndrome 1
DOID:0050737	DOID:0111378	fetal akinesia deformation sequence syndrome 2
DOID:0050737	DOID:0111379	fetal akinesia deformation sequence syndrome 4
DOID:0050737	DOID:0111389	mucopolysaccharidosis Ih/s
DOID:0050737	DOID:0111390	mucopolysaccharidosis Ih
DOID:0050737	DOID:0111391	mucopolysaccharidosis IVA
DOID:0050737	DOID:0111392	mucopolysaccharidosis type IVB
DOID:0050737	DOID:0111393	mucopolysaccharidosis type IIIC
DOID:0050737	DOID:0111394	mucopolysaccharidosis type IIIB
DOID:0050737	DOID:0111395	mucopolysaccharidosis type IIIA
DOID:0050737	DOID:0111397	congenital dyserythropoietic anemia type Ib
DOID:0050737	DOID:0111398	congenital dyserythropoietic anemia type Ia
DOID:0050737	DOID:0111401	congenital dyserythropoietic anemia type II
DOID:0050737	DOID:0111402	mucopolysaccharidosis type IIID
DOID:0050737	DOID:0111404	Jalili syndrome
DOID:0050737	DOID:0111414	trichohepatoenteric syndrome
DOID:0050737	DOID:0111418	familial apolipoprotein C-II deficiency
DOID:0050737	DOID:0111420	familial GPIHBP1 deficiency
DOID:0050737	DOID:0111422	familial lipase maturation factor 1 deficiency
DOID:0050737	DOID:0111435	optic atrophy 6
DOID:0050737	DOID:0111436	optic atrophy 11
DOID:0050737	DOID:0111437	optic atrophy 7
DOID:0050737	DOID:0111442	optic atrophy 9
DOID:0050737	DOID:0111444	progressive myoclonus epilepsy 4
DOID:0050737	DOID:0111445	progressive myoclonus epilepsy 10
DOID:0050737	DOID:0111446	progressive myoclonus epilepsy 3
DOID:0050737	DOID:0111448	progressive myoclonus epilepsy 1B
DOID:0050737	DOID:0111449	progressive myoclonus epilepsy 6
DOID:0050737	DOID:0111450	progressive myoclonus epilepsy 9
DOID:0050737	DOID:0111451	progressive myoclonus epilepsy 8
DOID:0050737	DOID:0111452	progressive myoclonus epilepsy 1A
DOID:0050737	DOID:0111453	2-aminoadipic 2-oxoadipic aciduria
DOID:0050737	DOID:0111455	GRACILE syndrome
DOID:0050737	DOID:0111456	Kaufman oculocerebrofacial syndrome
DOID:0050737	DOID:0111458	galactose epimerase deficiency
DOID:0050737	DOID:0111459	classic galactosemia
DOID:0050737	DOID:0111464	combined oxidative phosphorylation deficiency 35
DOID:0050737	DOID:0111465	combined oxidative phosphorylation deficiency 21
DOID:0050737	DOID:0111466	combined oxidative phosphorylation deficiency 38
DOID:0050737	DOID:0111467	combined oxidative phosphorylation deficiency 13
DOID:0050737	DOID:0111468	combined oxidative phosphorylation deficiency 25
DOID:0050737	DOID:0111469	combined oxidative phosphorylation deficiency 16
DOID:0050737	DOID:0111470	combined oxidative phosphorylation deficiency 28
DOID:0050737	DOID:0111471	combined oxidative phosphorylation deficiency 30
DOID:0050737	DOID:0111472	combined oxidative phosphorylation deficiency 9
DOID:0050737	DOID:0111473	combined oxidative phosphorylation deficiency 5
DOID:0050737	DOID:0111474	combined oxidative phosphorylation deficiency 1
DOID:0050737	DOID:0111475	combined oxidative phosphorylation deficiency 39
DOID:0050737	DOID:0111476	combined oxidative phosphorylation deficiency 19
DOID:0050737	DOID:0111477	combined oxidative phosphorylation deficiency 14
DOID:0050737	DOID:0111478	combined oxidative phosphorylation deficiency 20
DOID:0050737	DOID:0111479	combined oxidative phosphorylation deficiency 8
DOID:0050737	DOID:0111480	combined oxidative phosphorylation deficiency 10
DOID:0050737	DOID:0111481	combined oxidative phosphorylation deficiency 11
DOID:0050737	DOID:0111482	combined oxidative phosphorylation deficiency 36
DOID:0050737	DOID:0111483	combined oxidative phosphorylation deficiency 2
DOID:0050737	DOID:0111484	combined oxidative phosphorylation deficiency 18
DOID:0050737	DOID:0111485	combined oxidative phosphorylation deficiency 24
DOID:0050737	DOID:0111486	combined oxidative phosphorylation deficiency 3
DOID:0050737	DOID:0111487	combined oxidative phosphorylation deficiency 7
DOID:0050737	DOID:0111488	combined oxidative phosphorylation deficiency 31
DOID:0050737	DOID:0111489	combined oxidative phosphorylation deficiency 27
DOID:0050737	DOID:0111490	combined oxidative phosphorylation deficiency 26
DOID:0050737	DOID:0111491	combined oxidative phosphorylation deficiency 15
DOID:0050737	DOID:0111492	combined oxidative phosphorylation deficiency 32
DOID:0050737	DOID:0111493	combined oxidative phosphorylation deficiency 12
DOID:0050737	DOID:0111494	combined oxidative phosphorylation deficiency 4
DOID:0050737	DOID:0111495	combined oxidative phosphorylation deficiency 33
DOID:0050737	DOID:0111496	combined oxidative phosphorylation deficiency 17
DOID:0050737	DOID:0111497	combined oxidative phosphorylation deficiency 34
DOID:0050737	DOID:0111498	combined oxidative phosphorylation deficiency 22
DOID:0050737	DOID:0111499	combined oxidative phosphorylation deficiency 37
DOID:0050737	DOID:0111500	combined oxidative phosphorylation deficiency 23
DOID:0050737	DOID:0111501	combined oxidative phosphorylation deficiency 29
DOID:0050737	DOID:0111515	autosomal recessive progressive external ophthalmoplegia with mitochondrial DNA deletions 2
DOID:0050737	DOID:0111516	autosomal recessive progressive external ophthalmoplegia with mitochondrial DNA deletions 4
DOID:0050737	DOID:0111522	autosomal recessive progressive external ophthalmoplegia 1
DOID:0050737	DOID:0111523	autosomal recessive progressive external ophthalmoplegia with mitochondrial DNA deletions 3
DOID:0050737	DOID:0111524	autosomal recessive progressive external ophthalmoplegia with mitochondrial DNA deletions 5
DOID:0050737	DOID:0111527	spinal muscular atrophy with progressive myoclonic epilepsy
DOID:0050737	DOID:0111540	prolidase deficiency
DOID:0050737	DOID:0111555	Alkuraya-Kucinskas syndrome
DOID:0050737	DOID:0111557	Charcot-Marie-Tooth disease type 2A2B
DOID:0050737	DOID:0111559	Charcot-Marie-Tooth disease type 2EE
DOID:0050737	DOID:0111566	familial isolated trichomegaly
DOID:0050737	DOID:0111574	autosomal recessive woolly hair 3
DOID:0050737	DOID:0111580	Behr syndrome
DOID:0050737	DOID:0111582	hereditary arterial and articular multiple calcification syndrome
DOID:0050737	DOID:0111583	carboxypeptidase N deficiency
DOID:0050737	DOID:0111585	carnitine-acylcarnitine translocase deficiency
DOID:0050737	DOID:0111586	Martsolf syndrome
DOID:0050737	DOID:0111587	Gordon Holmes syndrome
DOID:0050737	DOID:0111588	Greenberg dysplasia
DOID:0050737	DOID:0111589	COACH syndrome
DOID:0050737	DOID:0111590	Cohen syndrome
DOID:0050737	DOID:0111591	congenital heart defects, hamartomas of tongue, and polysyndactyly
DOID:0050737	DOID:0111592	plasminogen deficiency type I
DOID:0050737	DOID:0111594	distal arthrogryposis type 5D
DOID:0050737	DOID:0111606	autosomal recessive Whistling face syndrome
DOID:0050737	DOID:0111619	combined D-2- and L-2-hydroxyglutaric aciduria
DOID:0050737	DOID:0111620	corneal dystrophy-perceptive deafness syndrome
DOID:0050737	DOID:0111621	Temtamy syndrome
DOID:0050737	DOID:0111625	ventriculomegaly - cystic kidney disease
DOID:0050737	DOID:0111626	D-glyceric aciduria
DOID:0050737	DOID:0111627	DOORS syndrome
DOID:0050737	DOID:0111628	high myopia-sensorineural deafness syndrome
DOID:0050737	DOID:0111629	dihydropyrimidinase deficiency
DOID:0050737	DOID:0111633	congenital sucrase-isomaltase deficiency
DOID:0050737	DOID:0111645	Rolandic epilepsy-paroxysmal exercise-induced dystonia-writer's cramp syndrome
DOID:0050737	DOID:0111646	congenital lactase deficiency
DOID:0050737	DOID:0111648	ectopia lentis with ectopia of pupil
DOID:0050737	DOID:0111649	ectodermal dysplasia, ectrodactyly, and macular dystrophy syndrome
DOID:0050737	DOID:0111650	ectodermal dysplasia 13
DOID:0050737	DOID:0111651	ectodermal dysplasia 15
DOID:0050737	DOID:0111654	ectodermal dysplasia 11B
DOID:0050737	DOID:0111656	ectodermal dysplasia 9
DOID:0050737	DOID:0111657	ectodermal dysplasia 5
DOID:0050737	DOID:0111658	ectodermal dysplasia 4
DOID:0050737	DOID:0111659	ectodermal dysplasia 6
DOID:0050737	DOID:0111660	ectodermal dysplasia 7
DOID:0050737	DOID:0111661	ectodermal dysplasia 8
DOID:0050737	DOID:0111662	ectodermal dysplasia 14
DOID:0050737	DOID:0111665	ectodermal dysplasia 10B
DOID:0050737	DOID:0111666	proliferative vasculopathy and hydranencephaly-hydrocephaly syndrome
DOID:0050737	DOID:0111667	enterokinase deficiency
DOID:0050737	DOID:0111668	Kohlschutter-Tonz syndrome
DOID:0050737	DOID:0111669	hyaline fibromatosis syndrome
DOID:0050737	DOID:0111674	intellectual developmental disorder with short stature and behavioral abnormalities
DOID:0050737	DOID:0111676	high molecular weight kininogen deficiency
DOID:0050737	DOID:0111677	familial benign fleck retina
DOID:0050737	DOID:0111678	hereditary folate malabsorption
DOID:0050737	DOID:0111679	glutamate formiminotransferase deficiency
DOID:0050737	DOID:0111680	essential fructosuria
DOID:0050737	DOID:0111681	congenital nonspherocytic hemolytic anemia 7
DOID:0050737	DOID:0111691	familial adult myoclonic epilepsy 5
DOID:0050737	DOID:0111698	proprotein convertase 1/3 deficiency
DOID:0050737	DOID:0111699	Van den Ende-Gupta syndrome
DOID:0050737	DOID:0111703	familial hypertryptophanemia
DOID:0050737	DOID:0111722	amelogenesis imperfecta type 3C
DOID:0050737	DOID:0111725	geleophysic dysplasia 1
DOID:0050737	DOID:0111732	Eiken syndrome
DOID:0050737	DOID:0111773	46,XY sex reversal 8
DOID:0050737	DOID:0111774	46,XY sex reversal 7
DOID:0050737	DOID:0111776	46,XY sex reversal 5
DOID:0050737	DOID:0111789	Frank-Ter Haar syndrome
DOID:0050737	DOID:0111797	autosomal recessive congenital nystagmus
DOID:0050737	DOID:0111807	syndromic microphthalmia 9
DOID:0050737	DOID:0111836	congenital nongoitrous hypothyroidism 7
DOID:0050737	DOID:0111848	osteogenesis imperfecta type 18
DOID:0050737	DOID:0111849	osteogenesis imperfecta type 20
DOID:0050737	DOID:0111851	primary ciliary dyskinesia 44
DOID:0050737	DOID:0111852	primary ciliary dyskinesia 38
DOID:0050737	DOID:0111853	primary ciliary dyskinesia 40
DOID:0050737	DOID:0111854	primary ciliary dyskinesia 39
DOID:0050737	DOID:0111855	primary ciliary dyskinesia 42
DOID:0050737	DOID:0111857	primary ciliary dyskinesia 45
DOID:0050737	DOID:0111858	primary ciliary dyskinesia 41
DOID:0050737	DOID:0111864	autosomal recessive congenital bilateral absence of vas deferens
DOID:0050737	DOID:0111869	photosensitive trichothiodystrophy 2
DOID:0050737	DOID:0111870	nonphotosensitive trichothiodystrophy 7
DOID:0050737	DOID:0111871	photosensitive trichothiodystrophy 3
DOID:0050737	DOID:0111872	nonphotosensitive trichothiodystrophy 6
DOID:0050737	DOID:0111873	photosensitive trichothiodystrophy 1
DOID:0050737	DOID:0111904	autosomal recessive thrombophilia due to protein C deficiency
DOID:0050737	DOID:0111905	autosomal recessive thrombophilia due to protein S deficiency
DOID:0050737	DOID:0111911	spermatogenic failure 34
DOID:0050737	DOID:0111912	spermatogenic failure 41
DOID:0050737	DOID:0111913	spermatogenic failure 30
DOID:0050737	DOID:0111914	spermatogenic failure 35
DOID:0050737	DOID:0111915	spermatogenic failure 33
DOID:0050737	DOID:0111916	spermatogenic failure 28
DOID:0050737	DOID:0111917	spermatogenic failure 43
DOID:0050737	DOID:0111918	spermatogenic failure 40
DOID:0050737	DOID:0111919	spermatogenic failure 38
DOID:0050737	DOID:0111920	spermatogenic failure 25
DOID:0050737	DOID:0111922	spermatogenic failure 31
DOID:0050737	DOID:0111923	spermatogenic failure 42
DOID:0050737	DOID:0111924	spermatogenic failure 26
DOID:0050737	DOID:0111926	spermatogenic failure 39
DOID:0050737	DOID:0111927	spermatogenic failure 37
DOID:0050737	DOID:0111928	spermatogenic failure 27
DOID:0050737	DOID:0111929	spermatogenic failure 24
DOID:0050737	DOID:0111930	spermatogenic failure 29
DOID:0050737	DOID:0111934	immunodeficiency 38
DOID:0050737	DOID:0111935	immunodeficiency 16
DOID:0050737	DOID:0111937	immunodeficiency 22
DOID:0050737	DOID:0111938	immunodeficiency 24
DOID:0050737	DOID:0111939	immunodeficiency 37
DOID:0050737	DOID:0111940	immunodeficiency 42
DOID:0050737	DOID:0111941	immunodeficiency 20
DOID:0050737	DOID:0111942	immunodeficiency 25
DOID:0050737	DOID:0111943	immunodeficiency 48
DOID:0050737	DOID:0111944	immunodeficiency 31B
DOID:0050737	DOID:0111948	immunodeficiency 46
DOID:0050737	DOID:0111950	immunodeficiency 29
DOID:0050737	DOID:0111951	immunodeficiency 40
DOID:0050737	DOID:0111952	immunodeficiency 57
DOID:0050737	DOID:0111953	immunodeficiency 23
DOID:0050737	DOID:0111955	immunodeficiency 27A
DOID:0050737	DOID:0111957	immunodeficiency 11A
DOID:0050737	DOID:0111959	immunodeficiency 15B
DOID:0050737	DOID:0111961	immunodeficiency 26
DOID:0050737	DOID:0111967	immunodeficiency 54
DOID:0050737	DOID:0111968	immunodeficiency 41
DOID:0050737	DOID:0111970	immunodeficiency 10
DOID:0050737	DOID:0111971	immunodeficiency 18
DOID:0050737	DOID:0111972	immunodeficiency 19
DOID:0050737	DOID:0111973	immunodeficiency 17
DOID:0050737	DOID:0111974	immunodeficiency 59
DOID:0050737	DOID:0111975	immunodeficiency 44
DOID:0050737	DOID:0111976	immunodeficiency 9
DOID:0050737	DOID:0111977	immunodeficiency 7
DOID:0050737	DOID:0111978	immunodeficiency 65
DOID:0050737	DOID:0111980	immunodeficiency 64
DOID:0050737	DOID:0111981	immunodeficiency 43
DOID:0050737	DOID:0111982	immunodeficiency 56
DOID:0050737	DOID:0111983	immunodeficiency 52
DOID:0050737	DOID:0111984	immunodeficiency 58
DOID:0050737	DOID:0111985	immunodeficiency 32B
DOID:0050737	DOID:0111988	immunodeficiency 12
DOID:0050737	DOID:0111989	immunodeficiency 35
DOID:0050737	DOID:0111990	immunodeficiency 30
DOID:0050737	DOID:0111991	immunodeficiency 62
DOID:0050737	DOID:0111992	immunodeficiency 53
DOID:0050737	DOID:0111993	immunodeficiency 55
DOID:0050737	DOID:0111994	immunodeficiency 45
DOID:0050737	DOID:0111995	immunodeficiency 28
DOID:0050737	DOID:0111996	immunodeficiency 51
DOID:0050737	DOID:0111997	immunodeficiency 63
DOID:0050737	DOID:0111998	immunodeficiency 66
DOID:0050737	DOID:0111999	immunodeficiency 61
DOID:0050737	DOID:0112004	immunodeficiency 71
DOID:0050737	DOID:0112006	immunodeficiency 69
DOID:0050737	DOID:0112015	immunodeficiency 72
DOID:0050737	DOID:0112062	immunodeficiency 73c with defective neutrophil chemotaxis and hypogammaglobulinemia
DOID:0050737	DOID:0112066	nuclear type mitochondrial complex I deficiency 6
DOID:0050737	DOID:0112067	nuclear type mitochondrial complex I deficiency 25
DOID:0050737	DOID:0112068	nuclear type mitochondrial complex I deficiency 5
DOID:0050737	DOID:0112069	nuclear type mitochondrial complex I deficiency 22
DOID:0050737	DOID:0112070	nuclear type mitochondrial complex I deficiency 18
DOID:0050737	DOID:0112071	nuclear type mitochondrial complex I deficiency 31
DOID:0050737	DOID:0112072	nuclear type mitochondrial complex I deficiency 20
DOID:0050737	DOID:0112073	nuclear type mitochondrial complex I deficiency 9
DOID:0050737	DOID:0112074	nuclear type mitochondrial complex I deficiency 1
DOID:0050737	DOID:0112075	nuclear type mitochondrial complex I deficiency 10
DOID:0050737	DOID:0112076	nuclear type mitochondrial complex I deficiency 13
DOID:0050737	DOID:0112077	nuclear type mitochondrial complex I deficiency 15
DOID:0050737	DOID:0112078	nuclear type mitochondrial complex I deficiency 17
DOID:0050737	DOID:0112079	nuclear type mitochondrial complex I deficiency 24
DOID:0050737	DOID:0112080	nuclear type mitochondrial complex I deficiency 32
DOID:0050737	DOID:0112081	nuclear type mitochondrial complex I deficiency 8
DOID:0050737	DOID:0112082	nuclear type mitochondrial complex I deficiency 4
DOID:0050737	DOID:0112083	nuclear type mitochondrial complex I deficiency 2
DOID:0050737	DOID:0112084	nuclear type mitochondrial complex I deficiency 29
DOID:0050737	DOID:0112085	nuclear type mitochondrial complex I deficiency 19
DOID:0050737	DOID:0112086	nuclear type mitochondrial complex I deficiency 26
DOID:0050737	DOID:0112087	nuclear type mitochondrial complex I deficiency 23
DOID:0050737	DOID:0112088	nuclear type mitochondrial complex I deficiency 21
DOID:0050737	DOID:0112089	nuclear type mitochondrial complex I deficiency 11
DOID:0050737	DOID:0112090	nuclear type mitochondrial complex I deficiency 27
DOID:0050737	DOID:0112091	nuclear type mitochondrial complex I deficiency 34
DOID:0050737	DOID:0112092	nuclear type mitochondrial complex I deficiency 7
DOID:0050737	DOID:0112093	nuclear type mitochondrial complex I deficiency 3
DOID:0050737	DOID:0112094	nuclear type mitochondrial complex I deficiency 14
DOID:0050737	DOID:0112095	nuclear type mitochondrial complex I deficiency 28
DOID:0050737	DOID:0112096	nuclear type mitochondrial complex I deficiency 16
DOID:0050737	DOID:0112097	nuclear type mitochondrial complex I deficiency 33
DOID:0050737	DOID:0112104	Sotos syndrome 3
DOID:0050737	DOID:0112108	myofibrillar myopathy 10
DOID:0050737	DOID:0112109	spermatogenic failure 44
DOID:0050737	DOID:0112110	combined oxidative phosphorylation deficiency 49
DOID:0050737	DOID:0112111	combined oxidative phosphorylation deficiency 50
DOID:0050737	DOID:0112112	combined oxidative phosphorylation deficiency 48
DOID:0050737	DOID:0112113	combined oxidative phosphorylation deficiency 45
DOID:0050737	DOID:0112114	combined oxidative phosphorylation deficiency 47
DOID:0050737	DOID:0112115	combined oxidative phosphorylation deficiency 46
DOID:0050737	DOID:0112116	combined oxidative phosphorylation deficiency 43
DOID:0050737	DOID:0112117	combined oxidative phosphorylation deficiency 40
DOID:0050737	DOID:0112118	combined oxidative phosphorylation deficiency 42
DOID:0050737	DOID:0112119	combined oxidative phosphorylation deficiency 41
DOID:0050737	DOID:0112129	severe congenital neutropenia 7
DOID:0050737	DOID:0112132	severe congenital neutropenia 5
DOID:0050737	DOID:0112133	severe congenital neutropenia 3
DOID:0050737	DOID:0112134	severe congenital neutropenia 6
DOID:0050737	DOID:0112136	severe congenital neutropenia 4
DOID:0050737	DOID:0112137	combined oxidative phosphorylation deficiency 51
DOID:0050737	DOID:0112138	primary coenzyme Q10 deficiency 9
DOID:0050737	DOID:0112139	nuclear type mitochondrial complex I deficiency 35
DOID:0050737	DOID:0112141	retinitis pigmentosa 84
DOID:0050737	DOID:0112142	retinitis pigmentosa 85
DOID:0050737	DOID:0112145	retinitis pigmentosa 88
DOID:0050737	DOID:0112147	retinitis pigmentosa 90
DOID:0050737	DOID:0112152	CHIME syndrome
DOID:0050737	DOID:0112153	hypomyelinating leukodystrophy 20
DOID:0050737	DOID:0112163	spermatogenic failure 45
DOID:0050737	DOID:0112164	spermatogenic failure 46
DOID:0050737	DOID:0112171	wrinkly skin syndrome
DOID:0050737	DOID:0112173	combined deficiency of vitamin K-dependent clotting factors 1
DOID:0050737	DOID:0112174	combined deficiency of vitamin K-dependent clotting factors 2
DOID:0050737	DOID:0112175	spermatogenic failure 47
DOID:0050737	DOID:0112176	spermatogenic failure 48
DOID:0050737	DOID:0112180	urocanase deficiency
DOID:0050737	DOID:0112181	Schinzel type phocomelia
DOID:0050737	DOID:0112182	mismatch repair cancer syndrome
DOID:0050737	DOID:0112184	thyroid dyshormonogenesis 5
DOID:0050737	DOID:0112185	thyroid dyshormonogenesis 1
DOID:0050737	DOID:0112186	thyroid dyshormonogenesis 2A
DOID:0050737	DOID:0112187	thyroid dyshormonogenesis 3
DOID:0050737	DOID:0112188	thyroid dyshormonogenesis 4
DOID:0050737	DOID:0112189	thyroid dyshormonogenesis 6
DOID:0050737	DOID:0112192	tetraamelia syndrome 1
DOID:0050737	DOID:0112193	tetraamelia syndrome 2
DOID:0050737	DOID:0112194	Filippi syndrome
DOID:0050737	DOID:0112196	spondylometaepiphyseal dysplasia, short limb-hand type
DOID:0050737	DOID:0112198	spondyloepimetaphyseal dysplasia with joint laxity type 1
DOID:0050737	DOID:0112200	spondyloepimetaphyseal dysplasia with joint laxity type 3
DOID:0050737	DOID:0112201	osteogenesis imperfecta type 21
DOID:0050737	DOID:0112204	developmental and epileptic encephalopathy 68
DOID:0050737	DOID:0112207	developmental and epileptic encephalopathy 71
DOID:0050737	DOID:0112211	developmental and epileptic encephalopathy 75
DOID:0050737	DOID:0112212	developmental and epileptic encephalopathy 76
DOID:0050737	DOID:0112213	multiple congenital anomalies-hypotonia-seizures syndrome 4
DOID:0050737	DOID:0112216	developmental and epileptic encephalopathy 80
DOID:0050737	DOID:0112217	developmental and epileptic encephalopathy 81
DOID:0050737	DOID:0112218	developmental and epileptic encephalopathy 83
DOID:0050737	DOID:0112219	developmental and epileptic encephalopathy 84
DOID:0050737	DOID:0112220	developmental and epileptic encephalopathy 86
DOID:0050737	DOID:0112222	developmental and epileptic encephalopathy 88
DOID:0050737	DOID:0112223	developmental and epileptic encephalopathy 89
DOID:0050737	DOID:0112224	chondrodysplasia with joint dislocations gPAPP type
DOID:0050737	DOID:0112225	BH4-deficient hyperphenylalaninemia B
DOID:0050737	DOID:0112230	leukoencephalopathy with variable cortical brain malformations and/or hydrocephalus
DOID:0050737	DOID:0112231	lissencephaly 7 with cerebellar hypoplasia
DOID:0050737	DOID:0112233	lissencephaly 8
DOID:0050737	DOID:0112235	lissencephaly 4
DOID:0050737	DOID:0112236	lissencephaly 6
DOID:0050737	DOID:0112244	alopecia, neurologic defects, and endocrinopathy syndrome
DOID:0050737	DOID:0112246	glutaric acidemia type 3
DOID:0050737	DOID:0112248	17-beta hydroxysteroid dehydrogenase 3 deficiency
DOID:0050737	DOID:0112249	GAPO syndrome
DOID:0050737	DOID:0112251	Ghosal hematodiaphyseal syndrome
DOID:0050737	DOID:0112252	congenital nonspherocytic hemolytic anemia 6
DOID:0050737	DOID:0112253	combined cellular and humoral immune defects with granulomas
DOID:0050737	DOID:0112254	hepatic venoocclusive disease with immunodeficiency
DOID:0050737	DOID:0112255	homocystinuria-megaloblastic anemia cblE type
DOID:0050737	DOID:0112256	homocystinuria-megaloblastic anemia cblG type
DOID:0050737	DOID:0112257	hydroxykynureninuria
DOID:0050737	DOID:0112258	N-acetylglutamate synthase deficiency
DOID:0050737	DOID:0112259	Leydig cell hypoplasia
DOID:0050737	DOID:0112264	Woodhouse-Sakati syndrome
DOID:0050737	DOID:0112266	nephrotic syndrome type 23
DOID:0050737	DOID:0112267	nephrotic syndrome type 21
DOID:0050737	DOID:0112268	nephrotic syndrome type 22
DOID:0050737	DOID:0112269	primary ovarian insufficiency 18
DOID:0050737	DOID:0112270	spermatogenic failure 52
DOID:0050737	DOID:0112271	spermatogenic failure 49
DOID:0050737	DOID:0112272	spermatogenic failure 50
DOID:0050737	DOID:0112273	spermatogenic failure 51
DOID:0050737	DOID:0112277	immunodeficiency 79
DOID:0050737	DOID:0112278	primary ovarian insufficiency 19
DOID:0050737	DOID:0112279	spermatogenic failure 53
DOID:0050737	DOID:0112283	spondyloepiphyseal dysplasia Kondo-Fu type
DOID:0050737	DOID:0112289	spondyloepiphyseal dysplasia tarda with characteristic facies
DOID:0050737	DOID:0112290	spondyloepiphyseal dysplasia, sensorineural hearing loss, intellectual developmental disorder, and Leber congenital amaurosis
DOID:0050737	DOID:0112291	autosomal recessive spondyloepiphyseal dysplasia tarda Leroy-Spranger type
DOID:0050737	DOID:0112292	spondyloepiphyseal dysplasia tarda with impaired intellectual development
DOID:0050737	DOID:0112293	autosomal recessive spondyloepiphyseal dysplasia tarda
DOID:0050737	DOID:0112298	spondylometaphyseal dysplasia Sedaghatian type
DOID:0050737	DOID:0112299	axial spondylometaphyseal dysplasia
DOID:0050737	DOID:0112300	spondylometaphyseal dysplasia with cone-rod dystrophy
DOID:0050737	DOID:0112303	spondylometaphyseal dysplasia with corneal dystrophy
DOID:0050737	DOID:0112304	spondylometaphyseal dysplasia Megarbane-Dagher-Melike type
DOID:0050737	DOID:0112306	Mahvash Disease
DOID:0050737	DOID:0112307	sarcosinemia
DOID:0050737	DOID:0112315	brain small vessel disease 3
DOID:0050737	DOID:0112316	methemoglobinemia and ambiguous genitalia
DOID:0050737	DOID:0112317	Schindler disease
DOID:0050737	DOID:0112321	alacrima, achalasia, and impaired intellectual development syndrome
DOID:0050737	DOID:0112323	pontocerebellar hypoplasia type 1D
DOID:0050737	DOID:0112324	pontocerebellar hypoplasia type 11
DOID:0050737	DOID:0112325	pontocerebellar hypoplasia type 14
DOID:0050737	DOID:0112326	pontocerebellar hypoplasia type 15
DOID:0050737	DOID:0112327	pontocerebellar hypoplasia type 12
DOID:0050737	DOID:0112329	pontocerebellar hypoplasia type 2F
DOID:0050737	DOID:0112330	pontocerebellar hypoplasia type 1E
DOID:0050737	DOID:0112331	pontocerebellar hypoplasia type 1F
DOID:0050737	DOID:0112332	pontocerebellar hypoplasia type 13
DOID:0050737	DOID:0112333	pontocerebellar hypoplasia type 16
DOID:0050737	DOID:0112334	pontocerebellar hypoplasia type 1C
DOID:0050737	DOID:0112335	spermatogenic failure 54
DOID:0050737	DOID:0112336	spermatogenic failure 56
DOID:0050737	DOID:0112337	spermatogenic failure 55
DOID:0050737	DOID:0112338	spermatogenic failure 57
DOID:0050737	DOID:0112340	craniotubular dysplasia Ikegawa type
DOID:0050737	DOID:0112342	hereditary spastic paraplegia 86
DOID:0050737	DOID:0112343	hereditary spastic paraplegia 82
DOID:0050737	DOID:0112344	hereditary spastic paraplegia 79B
DOID:0050737	DOID:0112345	hereditary spastic paraplegia 85
DOID:0050737	DOID:0112346	hereditary spastic paraplegia 83
DOID:0050737	DOID:0112347	hereditary spastic paraplegia 84
DOID:0050737	DOID:0112348	hereditary spastic paraplegia 78
DOID:0050737	DOID:0112349	hereditary spastic paraplegia 81
DOID:0050737	DOID:0112350	spermatogenic failure 61
DOID:0050737	DOID:0112351	spermatogenic failure 62
DOID:0050737	DOID:0112352	spermatogenic failure 58
DOID:0050737	DOID:0112353	spermatogenic failure 64
DOID:0050737	DOID:0112354	spermatogenic failure 65
DOID:0050737	DOID:0112355	spermatogenic failure 60
DOID:0050737	DOID:0112356	spermatogenic failure 63
DOID:0050737	DOID:0112357	spermatogenic failure 59
DOID:0050737	DOID:0112358	short stature, facial dysmorphism, and skeletal anomalies with or without cardiac anomalies 2
DOID:0050737	DOID:0112360	spondylocostal dysostosis 6
DOID:0050737	DOID:0112361	spondylocostal dysostosis 3
DOID:0050737	DOID:0112362	spondylocostal dysostosis 2
DOID:0050737	DOID:0112364	spondylocostal dysostosis 4
DOID:0050737	DOID:0112365	spondylocostal dysostosis 1
DOID:0050737	DOID:0112376	muscular dystrophy-dystroglycanopathy type B15
DOID:0050737	DOID:0112377	muscular dystrophy-dystroglycanopathy type B14
DOID:0050737	DOID:0112378	muscular dystrophy-dystroglycanopathy type B3
DOID:0050737	DOID:0112379	muscular dystrophy-dystroglycanopathy type B4
DOID:0050737	DOID:0112380	muscular dystrophy-dystroglycanopathy type B2
DOID:0050737	DOID:0112381	muscular dystrophy-dystroglycanopathy type C12
DOID:0050737	DOID:0112382	muscular dystrophy-dystroglycanopathy type C8
DOID:0050737	DOID:1064	cystinosis
DOID:0050737	DOID:10923	sickle cell anemia
DOID:0050737	DOID:11589	familial dysautonomia
DOID:0050737	DOID:11721	glycogen storage disease VII
DOID:0050737	DOID:12712	nephronophthisis
DOID:0050737	DOID:12714	Ellis-Van Creveld syndrome
DOID:0050737	DOID:13777	epidermodysplasia verruciformis
DOID:0050737	DOID:1386	abetalipoproteinemia
DOID:0050737	DOID:14118	familial lipoprotein lipase deficiency
DOID:0050737	DOID:14501	Sjogren-Larsson syndrome
DOID:0050737	DOID:14670	hypertelorism, microtia, facial clefting syndrome
DOID:0050737	DOID:14671	multiple intestinal atresia
DOID:0050737	DOID:14687	diastrophic dysplasia
DOID:0050737	DOID:14694	Johanson-Blizzard syndrome
DOID:0050737	DOID:14699	thrombocytopenia-absent radius syndrome
DOID:0050737	DOID:14723	beta-ketothiolase deficiency
DOID:0050737	DOID:14759	autosomal recessive type IV Ehlers-Danlos syndrome
DOID:0050737	DOID:14773	cartilage-hair hypoplasia
DOID:0050737	DOID:14775	brittle cornea syndrome 1
DOID:0050737	DOID:14796	Dubowitz syndrome
DOID:0050737	DOID:1485	cystic fibrosis
DOID:0050737	DOID:1930	Laurence-Moon syndrome
DOID:0050737	DOID:1935	Bardet-Biedl syndrome
DOID:0050737	DOID:2012	Nezelof syndrome
DOID:0050737	DOID:2211	factor XIII deficiency
DOID:0050737	DOID:2215	factor VII deficiency
DOID:0050737	DOID:2216	factor V deficiency
DOID:0050737	DOID:2217	Bernard-Soulier syndrome
DOID:0050737	DOID:2222	factor X deficiency
DOID:0050737	DOID:2231	factor XII deficiency
DOID:0050737	DOID:2235	prothrombin deficiency
DOID:0050737	DOID:2236	congenital afibrinogenemia
DOID:0050737	DOID:2368	gangliosidosis
DOID:0050737	DOID:2580	rhizomelic chondrodysplasia punctata
DOID:0050737	DOID:2717	Bloom syndrome
DOID:0050737	DOID:2738	pseudoxanthoma elasticum
DOID:0050737	DOID:2746	glycogen storage disease V
DOID:0050737	DOID:2748	glycogen storage disease III
DOID:0050737	DOID:2749	glycogen storage disease Ia
DOID:0050737	DOID:2750	glycogen storage disease IV
DOID:0050737	DOID:2752	glycogen storage disease II
DOID:0050737	DOID:2754	glycogen storage disease VI
DOID:0050737	DOID:2935	Chediak-Higashi syndrome
DOID:0050737	DOID:2962	Cockayne syndrome
DOID:0050737	DOID:3389	Papillon-Lefevre disease
DOID:0050737	DOID:3529	congenital myopathy 1A
DOID:0050737	DOID:3534	Lafora disease
DOID:0050737	DOID:3613	Canavan disease
DOID:0050737	DOID:3753	Hermansky-Pudlak syndrome
DOID:0050737	DOID:3755	antithrombin III deficiency
DOID:0050737	DOID:3981	pantothenate kinase-associated neurodegeneration
DOID:0050737	DOID:5325	Roberts syndrome
DOID:0050737	DOID:5684	spondyloepimetaphyseal dysplasia, Sponastrime type
DOID:0050737	DOID:5688	Werner syndrome
DOID:0050737	DOID:5813	purine nucleoside phosphorylase deficiency
DOID:0050737	DOID:6612	leukocyte adhesion deficiency
DOID:0050737	DOID:7400	Nijmegen breakage syndrome
DOID:0050737	DOID:856	biotinidase deficiency
DOID:0050737	DOID:905	Zellweger syndrome
DOID:0050737	DOID:9268	glycine encephalopathy
DOID:0050737	DOID:9280	carbamoyl phosphate synthetase I deficiency disease
DOID:0050737	DOID:9521	Laron syndrome
DOID:0050738	DOID:0070186	Y-linked spermatogenic failure 1
DOID:0050738	DOID:0070187	Y-linked spermatogenic failure 2
DOID:0050738	DOID:0110418	retinitis pigmentosa Y-linked
DOID:0050738	DOID:0111757	Y-linked deafness
DOID:0050738	DOID:0111778	46,XY sex reversal 1
DOID:0050739	DOID:0050424	familial adenomatous polyposis
DOID:0050739	DOID:0050475	Weill-Marchesani syndrome
DOID:0050739	DOID:0050629	Aicardi-Goutieres syndrome
DOID:0050739	DOID:0050736	autosomal dominant disease
DOID:0050739	DOID:0050737	autosomal recessive disease
DOID:0050739	DOID:0060254	Robinow syndrome
DOID:0050739	DOID:0060412	chromosome 1q41-q42 deletion syndrome
DOID:0050739	DOID:0060857	septooptic dysplasia
DOID:0050739	DOID:0070428	combined oxidative phosphorylation deficiency 55
DOID:0050739	DOID:0070487	dopamine transporter deficiency syndrome
DOID:0050739	DOID:0070512	neurodevelopmental disorder with hypotonia and speech delay
DOID:0050739	DOID:0070560	glucose transporter type 1 deficiency syndrome
DOID:0050739	DOID:0110781	hereditary spastic paraplegia 30
DOID:0050739	DOID:0111160	camptodactyly-tall stature-scoliosis-hearing loss syndrome
DOID:0050739	DOID:0111349	hereditary desmoid disease
DOID:0050739	DOID:0111411	exudative vitreoretinopathy 4
DOID:0050739	DOID:0111578	Gillespie syndrome
DOID:0050739	DOID:0111800	syndromic microphthalmia 12
DOID:0050739	DOID:0111802	syndromic microphthalmia 14
DOID:0050739	DOID:0111803	syndromic microphthalmia 8
DOID:0050739	DOID:0111823	autosomal hemophilia A
DOID:0050739	DOID:0111908	thrombophilia due to thrombomodulin defect
DOID:0050739	DOID:0112143	retinitis pigmentosa 86
DOID:0050739	DOID:0112190	distal arthrogryposis type 1C
DOID:0050739	DOID:0112227	tubulinopathy
DOID:0050739	DOID:0112245	focal segmental glomerulosclerosis 3
DOID:0050739	DOID:0112363	spondylocostal dysostosis 5
DOID:0050739	DOID:14213	hypophosphatasia
DOID:0050739	DOID:14748	Sotos syndrome
DOID:0050739	DOID:14778	blepharophimosis, ptosis, and epicanthus inversus syndrome
DOID:0050739	DOID:1858	McCune Albright syndrome
DOID:0050739	DOID:2229	factor XI deficiency
DOID:0050739	DOID:2987	familial Mediterranean fever
DOID:0050743	DOID:0050749	peripheral T-cell lymphoma
DOID:0050743	DOID:0080797	nasal type extranodal NK/T-cell lymphoma
DOID:0050743	DOID:0081049	hepatosplenic T-cell lymphoma
DOID:0050745	DOID:0080192	relapsed/refractory diffuse large B-cell lymphoma
DOID:0050745	DOID:0080996	diffuse large B-cell lymphoma activated B-cell type
DOID:0050745	DOID:0080997	diffuse large B-cell lymphoma germinal center B-cell type
DOID:0050745	DOID:0081064	BN2 diffuse large B-cell lymphoma
DOID:0050745	DOID:0081065	EZB diffuse large B-cell lymphoma
DOID:0050745	DOID:0081066	MCD diffuse large B-cell lymphoma
DOID:0050745	DOID:0081067	N1 diffuse large B-cell lymphoma
DOID:0050745	DOID:0081068	ST2 diffuse large B-cell lymphoma
DOID:0050745	DOID:0081069	A53 diffuse large B-cell lymphoma
DOID:0050745	DOID:0081313	primary diffuse large B-cell lymphoma of the central nervous system
DOID:0050748	DOID:0050750	splenic marginal zone lymphoma
DOID:0050748	DOID:0050909	extranodal marginal zone lymphoma of mucosa-associated lymphoid tissue
DOID:0050748	DOID:0080211	nodal marginal zone lymphoma
DOID:0050749	DOID:0060061	primary cutaneous T-cell non-Hodgkin lymphoma
DOID:0050749	DOID:0070333	breast implant-associated anaplastic large cell lymphoma
DOID:0050749	DOID:0111147	angioimmunoblastic T-cell lymphoma
DOID:0050753	DOID:0050950	autosomal recessive cerebellar ataxia
DOID:0050753	DOID:1441	autosomal dominant cerebellar ataxia
DOID:0050758	DOID:0080949	alcoholic ketoacidosis
DOID:0050758	DOID:1837	diabetic ketoacidosis
DOID:0050758	DOID:3650	lactic acidosis
DOID:0050763	DOID:0111353	arthrogryposis, renal dysfunction, and cholestasis 1
DOID:0050763	DOID:0111354	arthrogryposis, renal dysfunction, and cholestasis 2
DOID:0050765	DOID:0050766	choreaacanthocytosis
DOID:0050765	DOID:0112107	McLeod syndrome
DOID:0050770	DOID:0060975	polycystic liver disease 2
DOID:0050770	DOID:0060976	polycystic liver disease 3
DOID:0050770	DOID:0060977	polycystic liver disease 4
DOID:0050770	DOID:0060980	polycystic liver disease 1
DOID:0050771	DOID:0050773	paraganglioma
DOID:0050773	DOID:0061216	pheochromocytoma/paraganglioma syndrome 1
DOID:0050773	DOID:0061217	pheochromocytoma/paraganglioma syndrome 2
DOID:0050773	DOID:0061218	pheochromocytoma/paraganglioma syndrome 3
DOID:0050773	DOID:0061219	pheochromocytoma/paraganglioma syndrome 4
DOID:0050773	DOID:0061220	pheochromocytoma/paraganglioma syndrome 5
DOID:0050773	DOID:0061221	pheochromocytoma/paraganglioma syndrome 6
DOID:0050773	DOID:0061222	pheochromocytoma/paraganglioma syndrome 7
DOID:0050776	DOID:0060929	non-syndromic X-linked intellectual developmental disorder 111
DOID:0050776	DOID:0080240	non-syndromic X-linked intellectual disability 106
DOID:0050776	DOID:0112016	non-syndromic X-linked intellectual disability 2
DOID:0050776	DOID:0112017	non-syndromic X-linked intellectual disability 73
DOID:0050776	DOID:0112018	non-syndromic X-linked intellectual disability 104
DOID:0050776	DOID:0112019	non-syndromic X-linked intellectual disability 19
DOID:0050776	DOID:0112020	non-syndromic X-linked intellectual disability 103
DOID:0050776	DOID:0112021	non-syndromic X-linked intellectual disability ARX-related
DOID:0050776	DOID:0112022	non-syndromic X-linked intellectual disability 21
DOID:0050776	DOID:0112023	non-syndromic X-linked intellectual disability 20
DOID:0050776	DOID:0112024	non-syndromic X-linked intellectual disability 58
DOID:0050776	DOID:0112026	non-syndromic X-linked intellectual disability 99
DOID:0050776	DOID:0112027	non-syndromic X-linked intellectual disability 14
DOID:0050776	DOID:0112028	non-syndromic X-linked intellectual disability 45
DOID:0050776	DOID:0112029	non-syndromic X-linked intellectual disability 50
DOID:0050776	DOID:0112030	non-syndromic X-linked intellectual disability 84
DOID:0050776	DOID:0112031	non-syndromic X-linked intellectual disability 89
DOID:0050776	DOID:0112032	non-syndromic X-linked intellectual disability 92
DOID:0050776	DOID:0112033	non-syndromic X-linked intellectual disability 81
DOID:0050776	DOID:0112034	non-syndromic X-linked intellectual disability 9
DOID:0050776	DOID:0112035	non-syndromic X-linked intellectual disability 96
DOID:0050776	DOID:0112036	non-syndromic X-linked intellectual disability 105
DOID:0050776	DOID:0112037	chromosome Xp11.22 duplication syndrome
DOID:0050776	DOID:0112038	non-syndromic X-linked intellectual disability 1
DOID:0050776	DOID:0112039	non-syndromic X-linked intellectual disability 77
DOID:0050776	DOID:0112040	non-syndromic X-linked intellectual disability 100
DOID:0050776	DOID:0112041	non-syndromic X-linked intellectual disability 90
DOID:0050776	DOID:0112043	non-syndromic X-linked intellectual disability 91
DOID:0050776	DOID:0112044	non-syndromic X-linked intellectual disability 98
DOID:0050776	DOID:0112045	non-syndromic X-linked intellectual disability 93
DOID:0050776	DOID:0112046	non-syndromic X-linked intellectual disability 97
DOID:0050776	DOID:0112047	non-syndromic X-linked intellectual disability 53
DOID:0050776	DOID:0112048	non-syndromic X-linked intellectual disability 101
DOID:0050776	DOID:0112049	non-syndromic X-linked intellectual disability 23
DOID:0050776	DOID:0112050	non-syndromic X-linked intellectual disability 63
DOID:0050776	DOID:0112051	non-syndromic X-linked intellectual disability 30
DOID:0050776	DOID:0112052	non-syndromic X-linked intellectual disability 82
DOID:0050776	DOID:0112053	non-syndromic X-linked intellectual disability 88
DOID:0050776	DOID:0112054	non-syndromic X-linked intellectual disability 107
DOID:0050776	DOID:0112055	non-syndromic X-linked intellectual disability 46
DOID:0050776	DOID:0112057	non-syndromic X-linked intellectual disability 42
DOID:0050776	DOID:0112058	non-syndromic X-linked intellectual disability 41
DOID:0050776	DOID:0112059	non-syndromic X-linked intellectual disability 72
DOID:0050777	DOID:0060376	Joubert syndrome with orofaciodigital defect
DOID:0050777	DOID:0080275	Joubert syndrome 30
DOID:0050777	DOID:0080276	Joubert syndrome 29
DOID:0050777	DOID:0080277	Joubert syndrome 31
DOID:0050777	DOID:0080278	Joubert syndrome 32
DOID:0050777	DOID:0080279	Joubert syndrome 33
DOID:0050777	DOID:0110980	Joubert syndrome 1
DOID:0050777	DOID:0110981	Joubert syndrome 10
DOID:0050777	DOID:0110982	Joubert syndrome 13
DOID:0050777	DOID:0110983	Joubert syndrome 14
DOID:0050777	DOID:0110984	Joubert syndrome 15
DOID:0050777	DOID:0110985	Joubert syndrome 16
DOID:0050777	DOID:0110986	Joubert syndrome 17
DOID:0050777	DOID:0110987	Joubert syndrome 18
DOID:0050777	DOID:0110988	Joubert syndrome 2
DOID:0050777	DOID:0110989	Joubert syndrome 20
DOID:0050777	DOID:0110990	Joubert syndrome 21
DOID:0050777	DOID:0110991	Joubert syndrome 22
DOID:0050777	DOID:0110992	Joubert syndrome 23
DOID:0050777	DOID:0110993	Joubert syndrome 24
DOID:0050777	DOID:0110994	Joubert syndrome 25
DOID:0050777	DOID:0110995	Joubert syndrome 26
DOID:0050777	DOID:0110996	Joubert syndrome 27
DOID:0050777	DOID:0110997	Joubert syndrome 28
DOID:0050777	DOID:0110998	Joubert syndrome 3
DOID:0050777	DOID:0110999	Joubert syndrome 4
DOID:0050777	DOID:0111000	Joubert syndrome 5
DOID:0050777	DOID:0111001	Joubert syndrome 6
DOID:0050777	DOID:0111002	Joubert syndrome 7
DOID:0050777	DOID:0111003	Joubert syndrome 8
DOID:0050777	DOID:0111004	Joubert syndrome 9
DOID:0050778	DOID:0061294	Meckel syndrome 9
DOID:0050778	DOID:0061295	Meckel syndrome 10
DOID:0050778	DOID:0061296	Meckel syndrome 11
DOID:0050778	DOID:0061297	Meckel syndrome 12
DOID:0050778	DOID:0070115	Meckel syndrome 1
DOID:0050778	DOID:0070116	Meckel syndrome 2
DOID:0050778	DOID:0070117	Meckel syndrome 3
DOID:0050778	DOID:0070118	Meckel syndrome 4
DOID:0050778	DOID:0070119	Meckel syndrome 5
DOID:0050778	DOID:0070120	Meckel syndrome 6
DOID:0050778	DOID:0070121	Meckel syndrome 7
DOID:0050778	DOID:0070122	Meckel syndrome 8
DOID:0050778	DOID:0070703	Meckel syndrome 14
DOID:0050778	DOID:0080253	Meckel syndrome 13
DOID:0050779	DOID:0111355	hydrolethalus syndrome 1
DOID:0050779	DOID:0111356	hydrolethalus syndrome 2
DOID:0050788	DOID:0080787	proximal symphalangism 1
DOID:0050788	DOID:0080788	proximal symphalangism 2
DOID:0050794	DOID:0081317	multiple synostoses syndrome 1
DOID:0050794	DOID:0081318	multiple synostoses syndrome 2
DOID:0050794	DOID:0081319	multiple synostoses syndrome 3
DOID:0050794	DOID:0081320	multiple synostoses syndrome 4
DOID:0050795	DOID:0081022	cone dystrophy with supernormal rod responses
DOID:0050795	DOID:0081023	retinal cone dystrophy 4
DOID:0050795	DOID:0081024	retinal cone dystrophy 1
DOID:0050795	DOID:0081025	achromatopsia 6
DOID:0050798	DOID:0050712	AGAT deficiency
DOID:0050798	DOID:0050799	guanidinoacetate methyltransferase deficiency
DOID:0050798	DOID:0050800	cerebral creatine deficiency syndrome 1
DOID:0050817	DOID:0061238	Stargardt disease 3
DOID:0050817	DOID:0061239	Stargardt disease 4
DOID:0050817	DOID:0061240	Stargardt disease 5
DOID:0050817	DOID:0061241	Stargardt disease 1
DOID:0050820	DOID:0050821	first-degree atrioventricular block
DOID:0050820	DOID:0050822	second-degree atrioventricular block
DOID:0050820	DOID:0050823	third-degree atrioventricular block
DOID:0050820	DOID:990	congenital heart block
DOID:0050822	DOID:11312	Mobitz type II atrioventricular block
DOID:0050824	DOID:13884	sick sinus syndrome
DOID:0050825	DOID:10314	endocarditis
DOID:0050825	DOID:12929	endocardial fibroelastosis
DOID:0050825	DOID:5877	endocardium cancer
DOID:0050826	DOID:0080169	tricuspid atresia
DOID:0050826	DOID:14289	Ebstein anomaly
DOID:0050826	DOID:4078	tricuspid valve stenosis
DOID:0050826	DOID:4080	tricuspid valve insufficiency
DOID:0050826	DOID:5644	tricuspid valve prolapse
DOID:0050828	DOID:0050644	arterial calcification of infancy
DOID:0050828	DOID:0050830	peripheral artery disease
DOID:0050828	DOID:0111547	retinal arterial tortuosity
DOID:0050828	DOID:10763	hypertension
DOID:0050828	DOID:11299	vertebral artery occlusion
DOID:0050828	DOID:13095	vertebral artery insufficiency
DOID:0050828	DOID:13096	Sneddon syndrome
DOID:0050828	DOID:13098	central retinal artery occlusion
DOID:0050828	DOID:13446	basilar artery occlusion
DOID:0050828	DOID:14006	splenic artery aneurysm
DOID:0050828	DOID:223	basilar artery insufficiency
DOID:0050828	DOID:2349	arteriosclerosis
DOID:0050828	DOID:2388	renal artery disease
DOID:0050828	DOID:2508	Takayasu's arteritis
DOID:0050828	DOID:3393	coronary artery disease
DOID:0050828	DOID:3407	carotid artery disease
DOID:0050828	DOID:342	subclavian artery aneurysm
DOID:0050828	DOID:3527	cerebral arterial disease
DOID:0050828	DOID:520	aortic disease
DOID:0050828	DOID:60001	pulmonary artery disease
DOID:0050828	DOID:7389	pulmonary artery leiomyosarcoma
DOID:0050829	DOID:116	pericardium cancer
DOID:0050829	DOID:118	pericardial effusion
DOID:0050829	DOID:1787	pericarditis
DOID:0050829	DOID:4962	pericardial tuberculosis
DOID:0050829	DOID:5137	pericardium leiomyoma
DOID:0050829	DOID:8012	benign pericardial teratoma
DOID:0050832	DOID:0050833	orotic aciduria
DOID:0050832	DOID:0111629	dihydropyrimidinase deficiency
DOID:0050835	DOID:0060730	torsion dystonia 1
DOID:0050835	DOID:0090039	torsion dystonia 6
DOID:0050835	DOID:0090058	torsion dystonia with onset in infancy
DOID:0050836	DOID:0050839	anismus
DOID:0050836	DOID:0050840	cervical dystonia
DOID:0050836	DOID:0050841	focal hand dystonia
DOID:0050836	DOID:0050842	oculogyric crisis
DOID:0050836	DOID:0050843	oromandibular dystonia
DOID:0050836	DOID:0050844	spasmodic dystonia
DOID:0050836	DOID:0050845	cranio-facial dystonia
DOID:0050836	DOID:0090040	torsion dystonia 7
DOID:0050836	DOID:0090051	dystonia 23
DOID:0050836	DOID:0090052	dystonia 24
DOID:0050836	DOID:0090057	X-linked dystonia-parkinsonism
DOID:0050836	DOID:529	blepharospasm
DOID:0050837	DOID:0050846	hemidystonia
DOID:0050837	DOID:0090048	dystonia 16
DOID:0050837	DOID:0090055	dystonia 25
DOID:0050838	DOID:0090050	dystonia 27
DOID:0050845	DOID:3982	Meige syndrome
DOID:0050847	DOID:0050848	obstructive sleep apnea
DOID:0050847	DOID:0080302	mixed sleep apnea
DOID:0050847	DOID:9220	central sleep apnea
DOID:0050851	DOID:1312	focal segmental glomerulosclerosis
DOID:0050857	DOID:0061073	Perrault syndrome 7
DOID:0050857	DOID:0061117	Perrault syndrome 2
DOID:0050857	DOID:0080256	Perrault syndrome 6
DOID:0050868	DOID:0111366	familial hepatic adenoma
DOID:0050877	DOID:0060988	pancreatic agenesis 2
DOID:0050877	DOID:0061003	pancreatic agenesis 1
DOID:0050881	DOID:0081121	inclusion body myopathy and brain white matter abnormalities
DOID:0050881	DOID:0111384	inclusion body myopathy with early-onset Paget disease of bone with or without frontotemporal dementia 2
DOID:0050881	DOID:0111385	inclusion body myopathy with early-onset Paget disease of bone with or without frontotemporal dementia 1
DOID:0050881	DOID:0111386	inclusion body myopathy with early-onset Paget disease of bone with or without frontotemporal dementia 3
DOID:0050888	DOID:0060309	syndromic X-linked intellectual disability
DOID:0050888	DOID:0061146	Pan-Chung-Bellen syndrome
DOID:0050888	DOID:0070653	Fliedner-Zweier syndrome
DOID:0050888	DOID:0070654	desmosterolosis
DOID:0050888	DOID:0070677	Ferguson-Bonni neurodevelopmental syndrome
DOID:0050888	DOID:0070776	impaired intellectual development and distinctive facial features with or without cardiac defects
DOID:0050888	DOID:0080312	neurodevelopmental disorder with midbrain and hindbrain malformations
DOID:0050888	DOID:0080473	developmental delay and seizures with or without movement abnormalities
DOID:0050888	DOID:0081301	intellectual developmental disorder with ocular anomalies and distinctive facial features
DOID:0050888	DOID:0111331	intellectual disability-severe speech delay-mild dysmorphism syndrome
DOID:0050888	DOID:0111332	Pitt-Hopkins-like syndrome 2
DOID:0050888	DOID:0111403	mega-corpus-callosum syndrome with cerebellar hypoplasia and cortical malformations
DOID:0050888	DOID:0111456	Kaufman oculocerebrofacial syndrome
DOID:0050888	DOID:0112339	Tatton-Brown-Rahman syndrome
DOID:0050889	DOID:0050776	non-syndromic X-linked intellectual disability
DOID:0050890	DOID:14330	Parkinson's disease
DOID:0050890	DOID:4752	multiple system atrophy
DOID:0050892	DOID:0070325	malignant childhood adrenal gland pheochromocytoma
DOID:0050902	DOID:0050899	brain stem medulloblastoma
DOID:0050902	DOID:0080702	medulloblastoma WNT activated
DOID:0050902	DOID:0080703	medulloblastoma SHH activated
DOID:0050902	DOID:0080706	medulloblastoma non-WNT/non-SHH
DOID:0050902	DOID:3857	large cell medulloblastoma
DOID:0050902	DOID:3860	cerebellar vermis medulloblastoma
DOID:0050902	DOID:3861	medullomyoblastoma
DOID:0050902	DOID:3864	adult medulloblastoma
DOID:0050902	DOID:3868	melanotic medulloblastoma
DOID:0050902	DOID:3869	childhood medulloblastoma
DOID:0050902	DOID:3873	desmoplastic/nodular medulloblastoma
DOID:0050904	DOID:0080800	salivary gland mucinous adenocarcinoma
DOID:0050904	DOID:0080808	mammary analogue secretory carcinoma
DOID:0050904	DOID:0081293	salivary gland mucoepidermoid carcinoma
DOID:0050904	DOID:4866	salivary gland adenoid cystic carcinoma
DOID:0050905	DOID:0080372	epithelioid inflammatory myofibroblastic sarcoma
DOID:0050918	DOID:136	vaginal carcinosarcoma
DOID:0050938	DOID:3457	invasive lobular carcinoma
DOID:0050950	DOID:0050754	early-onset ataxia with oculomotor apraxia and hypoalbuminemia
DOID:0050950	DOID:0050755	spinocerebellar ataxia with axonal neuropathy 2
DOID:0050950	DOID:0050946	Charlevoix-Saguenay spastic ataxia
DOID:0050950	DOID:0050999	autosomal recessive spinocerebellar ataxia 10
DOID:0050950	DOID:0060557	ataxia-oculomotor apraxia 3
DOID:0050950	DOID:0060694	Cayman type cerebellar ataxia
DOID:0050950	DOID:0070409	autosomal recessive spinocerebellar ataxia 28
DOID:0050950	DOID:0070410	autosomal recessive spinocerebellar ataxia 29
DOID:0050950	DOID:0070411	autosomal recessive spinocerebellar ataxia 30
DOID:0050950	DOID:0070412	autosomal recessive spinocerebellar ataxia 31
DOID:0050950	DOID:0070413	autosomal recessive spinocerebellar ataxia 32
DOID:0050950	DOID:0070414	autosomal recessive spinocerebellar ataxia 33
DOID:0050950	DOID:0070465	autosomal recessive spinocerebellar ataxia with axonal neuropathy 3
DOID:0050950	DOID:0070558	autosomal recessive spinocerebellar ataxia 34
DOID:0050950	DOID:0070721	Valence-Farazi cerebellar ataxia syndrome
DOID:0050950	DOID:0080029	autosomal recessive spinocerebellar ataxia 16
DOID:0050950	DOID:0080042	autosomal recessive spinocerebellar ataxia 18
DOID:0050950	DOID:0080057	autosomal recessive spinocerebellar ataxia 15
DOID:0050950	DOID:0080058	autosomal recessive spinocerebellar ataxia 14
DOID:0050950	DOID:0080059	autosomal recessive spinocerebellar ataxia 7
DOID:0050950	DOID:0080060	autosomal recessive spinocerebellar ataxia 12
DOID:0050950	DOID:0080061	autosomal recessive spinocerebellar ataxia 2
DOID:0050950	DOID:0080062	autosomal recessive spinocerebellar ataxia 13
DOID:0050950	DOID:0080063	autosomal recessive spinocerebellar ataxia 11
DOID:0050950	DOID:0080064	autosomal recessive spinocerebellar ataxia 17
DOID:0050950	DOID:0080065	autosomal recessive spinocerebellar ataxia 19
DOID:0050950	DOID:0080066	autosomal recessive spinocerebellar ataxia 20
DOID:0050950	DOID:0080259	autosomal recessive spinocerebellar ataxia 25
DOID:0050950	DOID:0080260	autosomal recessive spinocerebellar ataxia 26
DOID:0050950	DOID:0081383	ataxia-oculomotor apraxia 4
DOID:0050950	DOID:0081384	ataxia-telangiectasia-like disorder 1
DOID:0050950	DOID:0081385	ataxia-telangiectasia-like disorder 2
DOID:0050950	DOID:0090115	spinocerebellar ataxia with axonal neuropathy 1
DOID:0050950	DOID:0111155	autosomal recessive spinocerebellar ataxia 21
DOID:0050950	DOID:0111611	autosomal recessive spinocerebellar ataxia 4
DOID:0050950	DOID:0111613	autosomal recessive spinocerebellar ataxia 23
DOID:0050950	DOID:0111614	autosomal recessive spinocerebellar ataxia 22
DOID:0050950	DOID:0111615	autosomal recessive spinocerebellar ataxia 24
DOID:0050950	DOID:0111616	autosomal recessive spinocerebellar ataxia 27
DOID:0050950	DOID:0111617	autosomal recessive spinocerebellar ataxia 6
DOID:0050950	DOID:0111618	autosomal recessive spinocerebellar ataxia 8
DOID:0050950	DOID:12704	ataxia telangiectasia
DOID:0050950	DOID:12705	Friedreich ataxia
DOID:0050951	DOID:0050753	cerebellar ataxia
DOID:0050951	DOID:0050952	spastic ataxia
DOID:0050951	DOID:0050953	X-linked hereditary ataxia
DOID:0050951	DOID:0111170	autosomal dominant sensory ataxia 1
DOID:0050951	DOID:963	episodic ataxia
DOID:0050952	DOID:0050772	spastic ataxia 1
DOID:0050952	DOID:0050941	spastic ataxia 2
DOID:0050952	DOID:0050942	spastic ataxia 3
DOID:0050952	DOID:0050943	spastic ataxia 4
DOID:0050952	DOID:0050944	spastic ataxia 5
DOID:0050952	DOID:0050945	spastic ataxia 7
DOID:0050952	DOID:0080252	spastic ataxia 8
DOID:0050953	DOID:0050879	fragile X-associated tremor/ataxia syndrome
DOID:0050953	DOID:0111828	X-linked cerebellar ataxia
DOID:0050997	DOID:0070556	cerebellar ataxia, impaired intellectual development, and dysequilibrium syndrome 1
DOID:0050997	DOID:0070557	cerebellar ataxia, impaired intellectual development, and dysequilibrium syndrome 2
DOID:0050997	DOID:0070559	cerebellar ataxia, impaired intellectual development, and dysequilibrium syndrome 4
DOID:0051000	DOID:0060913	proteosome-associated autoinflammatory syndrome
DOID:0051000	DOID:0061170	autoinflammation, panniculitis, and dermatosis syndrome
DOID:0051000	DOID:0061191	neonatal nephrocutaneous inflammatory syndrome
DOID:0051000	DOID:0061192	neonatal inflammatory skin and bowel disease 1
DOID:0051000	DOID:0061224	Majeed syndrome
DOID:0051000	DOID:0061225	interleukin-1 receptor antagonist deficiency
DOID:0051000	DOID:0080944	familial Behcet-like autoinflammatory syndrome
DOID:0051000	DOID:0090018	TNF receptor–associated periodic syndrome
DOID:0051000	DOID:0090061	familial cold autoinflammatory syndrome
DOID:0051000	DOID:2987	familial Mediterranean fever
DOID:0051010	DOID:0051011	Bryant-Li-Bhoj neurodevelopmental syndrome 1
DOID:0051010	DOID:0051012	Bryant-Li-Bhoj neurodevelopmental syndrome 2
DOID:0051015	DOID:0051014	atypical autosomal dominant adult-onset demyelinating leukodystrophy
DOID:0051015	DOID:0060785	typical adult-onset autosomal dominant demyelinating leukodystrophy
DOID:0051061	DOID:0051062	ischemic stroke
DOID:0051061	DOID:0051063	hemorrhagic stroke
DOID:0051102	DOID:0051103	acrofrontofacionasal dysostosis 2
DOID:0051102	DOID:0051104	acrofrontofacionasal dysostosis 3
DOID:0051102	DOID:0060226	acrofrontofacionasal dysostosis 1
DOID:0060000	DOID:4562	subacute bacterial endocarditis
DOID:0060001	DOID:9828	neonatal abstinence syndrome
DOID:0060004	DOID:0060499	autoimmune neuropathy
DOID:0060004	DOID:2377	multiple sclerosis
DOID:0060004	DOID:8869	neuromyelitis optica
DOID:0060005	DOID:0040091	autoimmune pancreatitis
DOID:0060005	DOID:0040100	Hirata disease
DOID:0060005	DOID:12361	Graves' disease
DOID:0060005	DOID:14040	autoimmune polyendocrine syndrome
DOID:0060005	DOID:7188	autoimmune thyroiditis
DOID:0060029	DOID:12894	Sjogren's syndrome
DOID:0060030	DOID:0040088	autoimmune uveitis
DOID:0060030	DOID:0081120	Graves ophthalmopathy
DOID:0060031	DOID:0040090	autoimmune gastritis
DOID:0060031	DOID:10608	celiac disease
DOID:0060031	DOID:2048	autoimmune hepatitis
DOID:0060032	DOID:0050214	Lambert-Eaton myasthenic syndrome
DOID:0060032	DOID:0060039	autoimmune disease of skin and connective tissue
DOID:0060032	DOID:7147	ankylosing spondylitis
DOID:0060032	DOID:8857	lupus erythematosus
DOID:0060033	DOID:0040087	autoimmune peripheral neuropathy
DOID:0060033	DOID:0040089	autoimmune optic neuritis
DOID:0060033	DOID:0050214	Lambert-Eaton myasthenic syndrome
DOID:0060033	DOID:12842	Guillain-Barre syndrome
DOID:0060033	DOID:5213	chronic inflammatory demyelinating polyradiculoneuropathy
DOID:0060033	DOID:8869	neuromyelitis optica
DOID:0060036	DOID:0050431	arrhythmogenic right ventricular cardiomyopathy
DOID:0060036	DOID:0060480	left ventricular noncompaction
DOID:0060036	DOID:0070534	arrhythmogenic left ventricular cardiomyopathy
DOID:0060036	DOID:0070535	arrhythmogenic biventricular cardiomyopathy
DOID:0060036	DOID:0080198	infantile histiocytoid cardiomyopathy
DOID:0060036	DOID:11984	hypertrophic cardiomyopathy
DOID:0060036	DOID:12930	dilated cardiomyopathy
DOID:0060036	DOID:2843	long QT syndrome
DOID:0060036	DOID:397	restrictive cardiomyopathy
DOID:0060037	DOID:0060038	specific developmental disorder
DOID:0060037	DOID:0060040	pervasive developmental disorder
DOID:0060038	DOID:0050696	fetal alcohol spectrum disorder
DOID:0060038	DOID:0050856	oppositional defiant disorder
DOID:0060038	DOID:0060606	fetal nicotine spectrum disorder
DOID:0060038	DOID:1059	intellectual disability
DOID:0060038	DOID:1094	attention deficit hyperactivity disorder
DOID:0060038	DOID:12995	conduct disorder
DOID:0060038	DOID:2033	communication disorder
DOID:0060038	DOID:2303	stereotypic movement disorder
DOID:0060038	DOID:2769	tic disorder
DOID:0060038	DOID:8927	learning disability
DOID:0060038	DOID:9923	developmental coordination disorder
DOID:0060039	DOID:0080841	pemphigoid
DOID:0060039	DOID:12297	Vogt-Koyanagi-Harada disease
DOID:0060039	DOID:12306	vitiligo
DOID:0060039	DOID:9182	pemphigus
DOID:0060039	DOID:986	alopecia areata
DOID:0060040	DOID:0060041	autism spectrum disorder
DOID:0060040	DOID:0070657	congenital variant of Rett syndrome
DOID:0060040	DOID:1206	Rett syndrome
DOID:0060040	DOID:13487	childhood disintegrative disease
DOID:0060041	DOID:0050432	Asperger syndrome
DOID:0060041	DOID:0060042	atypical autism
DOID:0060041	DOID:12849	autistic disorder
DOID:0060043	DOID:0060044	paraphilia disorder
DOID:0060043	DOID:10132	psychosexual disorder
DOID:0060043	DOID:10817	sexual sadism
DOID:0060043	DOID:10849	sexual masochism
DOID:0060043	DOID:1234	gender incongruence
DOID:0060043	DOID:13352	ego-dystonic sexual orientation
DOID:0060044	DOID:10236	exhibitionism
DOID:0060044	DOID:10834	voyeurism
DOID:0060044	DOID:1235	fetishism
DOID:0060044	DOID:13351	pedophilia
DOID:0060044	DOID:9336	bestiality
DOID:0060046	DOID:4541	nominal aphasia
DOID:0060047	DOID:0060223	agraphia
DOID:0060047	DOID:4540	dysgraphia
DOID:0060048	DOID:602	cancerophobia
DOID:0060048	DOID:603	AIDS phobia
DOID:0060049	DOID:0040094	autoimmune glomerulonephritis
DOID:0060049	DOID:9808	Goodpasture syndrome
DOID:0060050	DOID:12132	granulomatosis with polyangiitis
DOID:0060050	DOID:8925	primary thrombocytopenia
DOID:0060051	DOID:0040095	autoimmune cardiomyopathy
DOID:0060051	DOID:0040096	autoimmune atherosclerosis
DOID:0060051	DOID:0040097	autoimmune vasculitis
DOID:0060051	DOID:0080767	autoimmune myocarditis
DOID:0060051	DOID:0111457	STING-associated vasculopathy with onset in infancy
DOID:0060051	DOID:13241	Behcet's disease
DOID:0060051	DOID:2988	antiphospholipid syndrome
DOID:0060056	DOID:1557	hypersensitivity reaction type III disease
DOID:0060056	DOID:2916	hypersensitivity reaction type IV disease
DOID:0060058	DOID:0060060	non-Hodgkin lymphoma
DOID:0060058	DOID:0060592	B-cell adult acute lymphocytic leukemia
DOID:0060058	DOID:0080146	childhood B-cell acute lymphoblastic leukemia
DOID:0060058	DOID:0080147	lymphoblastic lymphoma
DOID:0060058	DOID:0080638	B-cell acute lymphoblastic leukemia
DOID:0060058	DOID:10011	thyroid lymphoma
DOID:0060058	DOID:10146	thymus lymphoma
DOID:0060058	DOID:10290	prostate lymphoma
DOID:0060058	DOID:1040	chronic lymphocytic leukemia
DOID:0060058	DOID:10540	gastric lymphoma
DOID:0060058	DOID:10813	nasal cavity lymphoma
DOID:0060058	DOID:1106	esophagus lymphoma
DOID:0060058	DOID:11241	appendix lymphoma
DOID:0060058	DOID:11821	bladder lymphoma
DOID:0060058	DOID:12001	tracheal lymphoma
DOID:0060058	DOID:12253	testicular lymphoma
DOID:0060058	DOID:12339	retroperitoneal lymphoma
DOID:0060058	DOID:1355	paranasal sinus lymphoma
DOID:0060058	DOID:13996	small intestine lymphoma
DOID:0060058	DOID:14139	anus lymphoma
DOID:0060058	DOID:14150	spinal cord lymphoma
DOID:0060058	DOID:14489	ureteral lymphoma
DOID:0060058	DOID:1522	cecum lymphoma
DOID:0060058	DOID:1523	colon lymphoma
DOID:0060058	DOID:1792	pancreas lymphoma
DOID:0060058	DOID:1988	rectum lymphoma
DOID:0060058	DOID:2150	ovarian lymphoma
DOID:0060058	DOID:3234	central nervous system lymphoma
DOID:0060058	DOID:5815	cerebral lymphoma
DOID:0060058	DOID:5821	methotrexate-associated lymphoproliferation
DOID:0060058	DOID:5822	gray zone lymphoma
DOID:0060058	DOID:5823	childhood lymphoma
DOID:0060058	DOID:5825	adult lymphoma
DOID:0060058	DOID:5826	breast lymphoma
DOID:0060058	DOID:6547	heart lymphoma
DOID:0060058	DOID:6758	chest wall lymphoma
DOID:0060058	DOID:6759	bone lymphoma
DOID:0060058	DOID:6760	lung lymphoma
DOID:0060058	DOID:6762	sternum lymphoma
DOID:0060058	DOID:6868	mediastinal malignant lymphoma
DOID:0060058	DOID:6903	eye lymphoma
DOID:0060058	DOID:774	retina lymphoma
DOID:0060058	DOID:8135	gallbladder lymphoma
DOID:0060058	DOID:8567	Hodgkin's lymphoma
DOID:0060058	DOID:901	liver lymphoma
DOID:0060058	DOID:903	gastrointestinal lymphoma
DOID:0060058	DOID:9986	orbit lymphoma
DOID:0060060	DOID:0050744	anaplastic large cell lymphoma
DOID:0060060	DOID:0081312	T-cell non-Hodgkin lymphoma
DOID:0060060	DOID:707	B-cell lymphoma
DOID:0060061	DOID:0070662	subcutaneous panniculitis-like T-cell lymphoma
DOID:0060061	DOID:0081050	primary cutaneous gamma-delta T-cell lymphoma
DOID:0060061	DOID:8541	Sezary's disease
DOID:0060061	DOID:8691	mycosis fungoides
DOID:0060062	DOID:0061118	autosomal dominant tubulointerstitial kidney disease 2
DOID:0060062	DOID:0061119	autosomal dominant tubulointerstitial kidney disease 4
DOID:0060062	DOID:0061120	autosomal dominant tubulointerstitial kidney disease 5
DOID:0060062	DOID:0061121	autosomal dominant tubulointerstitial kidney disease 6
DOID:0060062	DOID:0061122	autosomal dominant tubulointerstitial kidney disease 1
DOID:0060062	DOID:0070732	familial juvenile hyperuricemic nephropathy 3
DOID:0060062	DOID:0111101	renal cysts and diabetes syndrome
DOID:0060068	DOID:0080740	Libman-Sacks endocarditis
DOID:0060071	DOID:5465	conjunctival intraepithelial neoplasm
DOID:0060071	DOID:8719	in situ carcinoma
DOID:0060071	DOID:8866	actinic keratosis
DOID:0060072	DOID:0060084	cell type benign neoplasm
DOID:0060072	DOID:0060085	organ system benign neoplasm
DOID:0060072	DOID:3462	hamartoma
DOID:0060073	DOID:0060058	lymphoma
DOID:0060073	DOID:10619	lymph node cancer
DOID:0060073	DOID:2689	lymphangiosarcoma
DOID:0060073	DOID:3277	thymus cancer
DOID:0060073	DOID:672	spleen cancer
DOID:0060073	DOID:8538	reticulosarcoma
DOID:0060073	DOID:8858	tonsil cancer
DOID:0060073	DOID:8937	Waldeyer's ring cancer
DOID:0060074	DOID:5670	comedo carcinoma
DOID:0060075	DOID:0070786	triple positive breast cancer
DOID:0060077	DOID:0070786	triple positive breast cancer
DOID:0060079	DOID:0070778	hormone receptor-negative/HER2-positive breast cancer
DOID:0060079	DOID:0070779	hormone receptor-positive/HER2-positive breast cancer
DOID:0060080	DOID:0060081	triple-negative breast cancer
DOID:0060080	DOID:0070780	hormone receptor-positive/HER2-negative breast cancer
DOID:0060082	DOID:10199	breast lipoma
DOID:0060082	DOID:10350	breast cyst
DOID:0060082	DOID:10352	breast fibroadenosis
DOID:0060082	DOID:10354	breast fibrocystic disease
DOID:0060082	DOID:1616	benign eccrine breast spiradenoma
DOID:0060082	DOID:1618	breast fibroadenoma
DOID:0060082	DOID:1623	breast leiomyoma
DOID:0060082	DOID:1625	breast adenoma
DOID:0060082	DOID:1629	breast myofibroblastoma
DOID:0060082	DOID:1631	benign breast phyllodes tumor
DOID:0060082	DOID:1641	benign breast adenomyoepithelioma
DOID:0060082	DOID:3003	nipple benign neoplasm
DOID:0060082	DOID:3009	breast neuroendocrine neoplasm
DOID:0060082	DOID:3013	intraductal breast benign neoplasm
DOID:0060082	DOID:476	breast hemangioma
DOID:0060082	DOID:6641	breast juvenile papillomatosis
DOID:0060082	DOID:7511	breast intraductal papillomatosis
DOID:0060082	DOID:9504	benign mammary dysplasia
DOID:0060083	DOID:0060073	lymphatic system cancer
DOID:0060084	DOID:0050894	ameloblastoma
DOID:0060084	DOID:0080601	germ cell benign neoplasm
DOID:0060084	DOID:0080829	low grade glioma
DOID:0060084	DOID:127	leiomyoma
DOID:0060084	DOID:255	hemangioma
DOID:0060084	DOID:2602	chondroma
DOID:0060084	DOID:2609	adenomyoma
DOID:0060084	DOID:2615	papilloma
DOID:0060084	DOID:2645	benign mesothelioma
DOID:0060084	DOID:2649	chondroblastoma
DOID:0060084	DOID:2683	adenofibroma
DOID:0060084	DOID:2883	prostatic adenoma
DOID:0060084	DOID:3168	squamous cell neoplasm
DOID:0060084	DOID:3192	neurilemmoma
DOID:0060084	DOID:3301	gonadoblastoma
DOID:0060084	DOID:3314	angiomyolipoma
DOID:0060084	DOID:3315	lipoma
DOID:0060084	DOID:3892	insulinoma
DOID:0060084	DOID:3896	hidradenoma
DOID:0060084	DOID:4658	benign mastocytoma
DOID:0060084	DOID:5078	ganglioglioma
DOID:0060084	DOID:5384	bile duct cystadenoma
DOID:0060084	DOID:5387	middle ear adenoma
DOID:0060084	DOID:5403	microcystic adenoma
DOID:0060084	DOID:5724	seminal vesicle cystadenoma
DOID:0060084	DOID:657	adenoma
DOID:0060084	DOID:6837	rete ovarii adenoma
DOID:0060085	DOID:0050621	respiratory system benign neoplasm
DOID:0060085	DOID:0050622	reproductive organ benign neoplasm
DOID:0060085	DOID:0050624	gastrointestinal system benign neoplasm
DOID:0060085	DOID:0060089	endocrine organ benign neoplasm
DOID:0060085	DOID:0060091	cardiovascular organ benign neoplasm
DOID:0060085	DOID:0060092	immune system organ benign neoplasm
DOID:0060085	DOID:0060097	thoracic benign neoplasm
DOID:0060085	DOID:0060099	musculoskeletal system benign neoplasm
DOID:0060085	DOID:0060115	nervous system benign neoplasm
DOID:0060085	DOID:0060121	integumentary system benign neoplasm
DOID:0060085	DOID:731	urinary system benign neoplasm
DOID:0060086	DOID:0060088	vestibular gland benign neoplasm
DOID:0060086	DOID:0060095	uterine benign neoplasm
DOID:0060086	DOID:0060109	vulvar benign neoplasm
DOID:0060086	DOID:0060111	fallopian tube benign neoplasm
DOID:0060086	DOID:0060112	ovarian benign neoplasm
DOID:0060086	DOID:0060114	vaginal benign neoplasm
DOID:0060086	DOID:4895	rete ovarii benign neoplasm
DOID:0060087	DOID:10206	lipoma of spermatic cord
DOID:0060087	DOID:11624	penile benign neoplasm
DOID:0060087	DOID:2883	prostatic adenoma
DOID:0060087	DOID:2885	benign prostate phyllodes tumor
DOID:0060087	DOID:2887	prostate leiomyoma
DOID:0060087	DOID:3579	testicular gonadoblastoma
DOID:0060087	DOID:3855	seminal vesicle tumor
DOID:0060087	DOID:6483	rete testis adenoma
DOID:0060087	DOID:745	epididymis adenomatoid tumor
DOID:0060087	DOID:7675	testicular fibroma
DOID:0060087	DOID:7676	testicular thecoma
DOID:0060088	DOID:2068	Bartholin's gland benign neoplasm
DOID:0060088	DOID:2075	minor vestibular glands adenoma
DOID:0060089	DOID:0050771	pheochromocytoma
DOID:0060089	DOID:0080781	benign exocrine pancreas neoplasm
DOID:0060089	DOID:0081248	pineocytoma
DOID:0060089	DOID:1786	adrenal rest tumor
DOID:0060089	DOID:1975	thymus lipoma
DOID:0060089	DOID:2891	thyroid adenoma
DOID:0060089	DOID:5389	oxyphilic adenoma
DOID:0060089	DOID:60008	parathyroid gland benign neoplasm
DOID:0060089	DOID:60009	pituitary gland benign neoplasm
DOID:0060089	DOID:656	adrenal adenoma
DOID:0060089	DOID:916	liver benign neoplasm
DOID:0060090	DOID:0060688	arteriovenous malformations of the brain
DOID:0060090	DOID:0080320	peripheral nervous system benign neoplasm
DOID:0060090	DOID:0080829	low grade glioma
DOID:0060090	DOID:0081283	papillary glioneuronal tumor
DOID:0060090	DOID:0081284	rosette-forming glioneuronal tumor
DOID:0060090	DOID:0081285	myxoid glioneuronal tumor
DOID:0060090	DOID:0081302	diffuse leptomeningeal glioneuronal tumor
DOID:0060090	DOID:0081303	multinodular and vacuolating neuronal tumor
DOID:0060090	DOID:0081305	polymorphous low grade neuroepithelial tumour of the young
DOID:0060090	DOID:2426	gangliocytoma
DOID:0060090	DOID:2679	dysembryoplastic neuroepithelial tumor
DOID:0060090	DOID:3617	epidural spinal canal angiolipoma
DOID:0060090	DOID:3813	central nervous system chondroma
DOID:0060090	DOID:3840	craniopharyngioma
DOID:0060090	DOID:4587	benign meningioma
DOID:0060090	DOID:501	central nervous system hemangioma
DOID:0060090	DOID:5078	ganglioglioma
DOID:0060090	DOID:5126	central nervous system leiomyoma
DOID:0060090	DOID:5393	brain angioma
DOID:0060090	DOID:5900	meningeal melanocytoma
DOID:0060090	DOID:6293	central nervous system lipoma
DOID:0060090	DOID:7071	spinal cord dermoid cyst
DOID:0060090	DOID:8331	perineural angioma
DOID:0060091	DOID:255	hemangioma
DOID:0060091	DOID:5044	cardiac granular cell neoplasm
DOID:0060091	DOID:5137	pericardium leiomyoma
DOID:0060091	DOID:5238	benign perivascular tumor
DOID:0060091	DOID:60006	benign vascular tumor
DOID:0060091	DOID:60007	cerebrovascular benign neoplasm
DOID:0060091	DOID:6285	heart lipoma
DOID:0060091	DOID:8012	benign pericardial teratoma
DOID:0060092	DOID:0080617	lymph node benign neoplasm
DOID:0060092	DOID:1975	thymus lipoma
DOID:0060092	DOID:4419	benign deep fibrous histiocytoma
DOID:0060094	DOID:0050895	bone ameloblastoma
DOID:0060094	DOID:0050898	phalanx chondroma
DOID:0060094	DOID:0060098	osteoblastoma
DOID:0060094	DOID:166	melanotic neuroectodermal tumor
DOID:0060094	DOID:180	ossifying fibroma
DOID:0060094	DOID:200	benign giant cell tumor
DOID:0060094	DOID:2649	chondroblastoma
DOID:0060094	DOID:2725	capillary hemangioma
DOID:0060094	DOID:6610	bone epithelioid hemangioma
DOID:0060094	DOID:7017	lumbosacral lipoma
DOID:0060094	DOID:8153	fibroosseous pseudotumor of digits
DOID:0060095	DOID:0060110	cervical benign neoplasm
DOID:0060095	DOID:0080365	endometrial hyperplasia
DOID:0060095	DOID:13223	uterine fibroid
DOID:0060095	DOID:1371	uterine corpus adenomatoid tumor
DOID:0060095	DOID:1373	endometrial stromal nodule
DOID:0060095	DOID:13958	uterine corpus bizarre leiomyoma
DOID:0060095	DOID:2691	myoma
DOID:0060095	DOID:277	chorioangioma
DOID:0060095	DOID:4994	adenomyoma of uterine corpus
DOID:0060095	DOID:5475	uterine corpus adenofibroma
DOID:0060095	DOID:5726	uterine ligament papillary cystadenoma associated with von Hippel-Lindau disease
DOID:0060095	DOID:5916	uterine corpus leiomyomatosis
DOID:0060095	DOID:7242	uterine corpus cellular leiomyoma
DOID:0060096	DOID:0050906	conjunctival nevus
DOID:0060096	DOID:0080619	auditory system benign neoplasm
DOID:0060097	DOID:0060082	breast benign neoplasm
DOID:0060097	DOID:0060117	peritoneal benign neoplasm
DOID:0060097	DOID:10200	chest wall lipoma
DOID:0060097	DOID:10205	axillary lipoma
DOID:0060097	DOID:5123	mediastinum leiomyoma
DOID:0060097	DOID:5137	pericardium leiomyoma
DOID:0060097	DOID:6285	heart lipoma
DOID:0060097	DOID:8012	benign pericardial teratoma
DOID:0060099	DOID:0060123	connective tissue benign neoplasm
DOID:0060099	DOID:461	muscle benign neoplasm
DOID:0060100	DOID:201	connective tissue cancer
DOID:0060100	DOID:4045	muscle cancer
DOID:0060103	DOID:0081286	embryonal tumor with multilayered rosettes
DOID:0060103	DOID:0081315	central nervous system tumor with BCOR internal tandem duplication
DOID:0060103	DOID:3865	adult central nervous system embryonal tumor
DOID:0060103	DOID:3870	childhood central nervous system embryonal tumor
DOID:0060103	DOID:4788	intracranial primitive neuroectodermal tumor
DOID:0060103	DOID:4790	medulloepithelioma
DOID:0060104	DOID:3860	cerebellar vermis medulloblastoma
DOID:0060106	DOID:5057	papillary meningioma of the cerebellum
DOID:0060106	DOID:6112	cerebral meningioma
DOID:0060106	DOID:6337	cerebellopontine angle meningioma
DOID:0060106	DOID:6939	childhood brain meningioma
DOID:0060108	DOID:3073	brain glioblastoma multiforme
DOID:0060108	DOID:3187	brain oligodendroglioma
DOID:0060108	DOID:4992	optic nerve glioma
DOID:0060108	DOID:7497	brain ependymoma
DOID:0060109	DOID:2060	vulvar nodular hidradenoma
DOID:0060109	DOID:2064	vulvar syringoma
DOID:0060109	DOID:2066	vulvar angiokeratoma
DOID:0060109	DOID:2078	chondroid syringoma of the vulva
DOID:0060109	DOID:2080	vulvar trichoepithelioma
DOID:0060109	DOID:5043	vulvar granular cell tumor
DOID:0060109	DOID:5142	vulvar leiomyoma
DOID:0060109	DOID:6944	vulvar seborrheic keratosis
DOID:0060110	DOID:4995	cervical adenomyoma
DOID:0060110	DOID:5476	cervical adenofibroma
DOID:0060110	DOID:9442	cervical Mullerian papilloma
DOID:0060110	DOID:9445	cervix squamous papilloma
DOID:0060111	DOID:3173	fallopian tube serous papilloma
DOID:0060111	DOID:3705	fallopian tube mucinous tumor
DOID:0060111	DOID:5124	fallopian tube leiomyoma
DOID:0060111	DOID:5196	fallopian tube adenomatoid tumor
DOID:0060111	DOID:5478	fallopian tube adenofibroma
DOID:0060112	DOID:2636	ovarian Brenner tumor
DOID:0060112	DOID:2640	struma ovarii
DOID:0060112	DOID:3269	ovarian cystadenoma
DOID:0060112	DOID:3578	ovarian gonadoblastoma
DOID:0060112	DOID:5117	dermoid cyst of ovary
DOID:0060112	DOID:5474	ovarian serous adenofibroma
DOID:0060112	DOID:5480	ovarian endometrioid adenofibroma
DOID:0060112	DOID:5482	cystadenofibroma
DOID:0060112	DOID:5897	ovarian clear cell adenofibroma
DOID:0060112	DOID:6211	mixed epithelial tumor of ovary
DOID:0060112	DOID:6469	ovarian mucinous adenofibroma
DOID:0060112	DOID:7880	luteoma
DOID:0060114	DOID:125	vagina leiomyoma
DOID:0060114	DOID:133	vaginal Mullerian papilloma
DOID:0060114	DOID:135	benign vaginal carcinosarcoma
DOID:0060114	DOID:137	vaginal squamous papilloma
DOID:0060114	DOID:5402	vaginal adenoma
DOID:0060115	DOID:0060090	central nervous system benign neoplasm
DOID:0060115	DOID:0060096	sensory organ benign neoplasm
DOID:0060115	DOID:2001	neuroma
DOID:0060116	DOID:2174	ocular cancer
DOID:0060116	DOID:833	auditory system cancer
DOID:0060117	DOID:0081026	benign peritoneal solitary fibrous tumor
DOID:0060117	DOID:1789	benign peritoneal mesothelioma
DOID:0060117	DOID:5728	diffuse peritoneal leiomyomatosis
DOID:0060118	DOID:0050829	pericardium disease
DOID:0060118	DOID:0060097	thoracic benign neoplasm
DOID:0060118	DOID:114	heart disease
DOID:0060118	DOID:5093	thoracic cancer
DOID:0060119	DOID:0050921	pharynx squamous cell carcinoma
DOID:0060119	DOID:8533	hypopharynx cancer
DOID:0060119	DOID:8557	oropharynx cancer
DOID:0060119	DOID:9261	nasopharynx carcinoma
DOID:0060121	DOID:3165	skin benign neoplasm
DOID:0060122	DOID:4159	skin cancer
DOID:0060123	DOID:0050871	fibroma
DOID:0060123	DOID:0060094	bone benign neoplasm
DOID:0060123	DOID:0070665	lipofibromatosis
DOID:0060123	DOID:0080109	infantile myofibromatosis
DOID:0060123	DOID:0080366	desmoid tumor
DOID:0060123	DOID:2701	nodular tenosynovitis
DOID:0060123	DOID:315	synovium neoplasm
DOID:0060123	DOID:3315	lipoma
DOID:0060123	DOID:3814	soft tissue chondroma
DOID:0060123	DOID:4231	histiocytoma
DOID:0060123	DOID:4386	myofibroma
DOID:0060123	DOID:5398	lipoadenoma
DOID:0060123	DOID:8274	synovial angioma
DOID:0060125	DOID:0060126	alpha chain disease
DOID:0060125	DOID:0060127	gamma heavy chain disease
DOID:0060125	DOID:0060128	mu chain disease
DOID:0060125	DOID:0060129	delta chain disease
DOID:0060135	DOID:4260	gait apraxia
DOID:0060135	DOID:4627	ideomotor apraxia
DOID:0060155	DOID:0060153	topographical agnosia
DOID:0060155	DOID:0060156	visual verbal agnosia
DOID:0060158	DOID:0050032	mineral metabolism disease
DOID:0060158	DOID:0050758	metabolic acidosis
DOID:0060158	DOID:0081455	auto-brewery syndrome
DOID:0060158	DOID:0081456	bladder fermentation syndrome
DOID:0060158	DOID:12700	hyperprolactinemia
DOID:0060158	DOID:1920	hyperuricemia
DOID:0060158	DOID:374	nutrition disease
DOID:0060158	DOID:9969	carotenemia
DOID:0060159	DOID:0060336	3-methylglutaconic aciduria
DOID:0060159	DOID:0111254	glutaric acidemia I
DOID:0060159	DOID:0111263	combined malonic and methylmalonic acidemia
DOID:0060159	DOID:14701	propionic acidemia
DOID:0060159	DOID:14749	methylmalonic acidemia
DOID:0060159	DOID:14753	isovaleric acidemia
DOID:0060159	DOID:9269	maple syrup urine disease
DOID:0060160	DOID:0050530	intermediate spinal muscular atrophy
DOID:0060160	DOID:0080667	spinal muscular atrophy type 0
DOID:0060160	DOID:12376	juvenile spinal muscular atrophy
DOID:0060160	DOID:13137	Werdnig-Hoffmann disease
DOID:0060163	DOID:0070661	muscle dysmorphic disorder
DOID:0060169	DOID:0081114	benign familial infantile seizures 1
DOID:0060169	DOID:0081115	benign familial infantile seizures 2
DOID:0060169	DOID:0081116	benign familial infantile seizures 3
DOID:0060169	DOID:0081117	benign familial infantile seizures 4
DOID:0060169	DOID:0081118	benign familial infantile seizures 5
DOID:0060170	DOID:0111293	generalized epilepsy with febrile seizures plus 4
DOID:0060170	DOID:0111294	generalized epilepsy with febrile seizures plus 2
DOID:0060170	DOID:0111295	generalized epilepsy with febrile seizures plus 7
DOID:0060170	DOID:0111296	generalized epilepsy with febrile seizures plus 10
DOID:0060170	DOID:0111299	generalized epilepsy with febrile seizures plus 8
DOID:0060170	DOID:0111300	generalized epilepsy with febrile seizures plus 6
DOID:0060170	DOID:0111301	generalized epilepsy with febrile seizures plus 9
DOID:0060170	DOID:0111302	generalized epilepsy with febrile seizures plus 1
DOID:0060172	DOID:0111324	juvenile absence epilepsy 1
DOID:0060176	DOID:0060174	GABA aminotransferase deficiency
DOID:0060176	DOID:0060175	succinic semialdehyde dehydrogenase deficiency
DOID:0060176	DOID:0060177	homocarnosinosis
DOID:0060178	DOID:0111181	familial hemiplegic migraine 1
DOID:0060178	DOID:0111182	familial hemiplegic migraine 2
DOID:0060178	DOID:0111183	familial hemiplegic migraine 3
DOID:0060180	DOID:0060181	ischemic colitis
DOID:0060180	DOID:0060182	microscopic colitis
DOID:0060180	DOID:0060185	Clostridium difficile colitis
DOID:0060180	DOID:0060186	chemical colitis
DOID:0060180	DOID:0060187	diversion colitis
DOID:0060180	DOID:8577	ulcerative colitis
DOID:0060182	DOID:0060183	collagenous colitis
DOID:0060182	DOID:0060184	lymphocytic colitis
DOID:0060220	DOID:14443	cholinergic urticaria
DOID:0060220	DOID:1554	vibratory urticaria
DOID:0060220	DOID:743	dermatographia
DOID:0060224	DOID:0050650	familial atrial fibrillation
DOID:0060225	DOID:0060575	3MC syndrome 1
DOID:0060225	DOID:0060576	3MC syndrome 2
DOID:0060225	DOID:0060577	3MC syndrome 3
DOID:0060227	DOID:0061179	Adams-Oliver syndrome 3
DOID:0060228	DOID:0080964	intracranial berry aneurysm 1
DOID:0060228	DOID:0080965	intracranial berry aneurysm 2
DOID:0060228	DOID:0080966	intracranial berry aneurysm 3
DOID:0060228	DOID:0080967	intracranial berry aneurysm 4
DOID:0060228	DOID:0080968	intracranial berry aneurysm 5
DOID:0060228	DOID:0080969	intracranial berry aneurysm 6
DOID:0060228	DOID:0080970	intracranial berry aneurysm 7
DOID:0060228	DOID:0080971	intracranial berry aneurysm 8
DOID:0060228	DOID:0080972	intracranial berry aneurysm 9
DOID:0060228	DOID:0080973	intracranial berry aneurysm 10
DOID:0060228	DOID:0080974	intracranial berry aneurysm 11
DOID:0060228	DOID:0080975	intracranial berry aneurysm 12
DOID:0060229	DOID:0081112	Baraitser-Winter syndrome 1
DOID:0060229	DOID:0081113	Baraitser-Winter syndrome 2
DOID:0060232	DOID:0061209	branchiootic syndrome 1
DOID:0060232	DOID:0061210	branchiootic syndrome 3
DOID:0060233	DOID:0111460	cardiofaciocutaneous syndrome 1
DOID:0060233	DOID:0111461	cardiofaciocutaneous syndrome 2
DOID:0060233	DOID:0111462	cardiofaciocutaneous syndrome 3
DOID:0060233	DOID:0111463	cardiofaciocutaneous syndrome 4
DOID:0060234	DOID:0061098	Carpenter syndrome 1
DOID:0060234	DOID:0061099	Carpenter syndrome 2
DOID:0060236	DOID:0070452	xanthinuria type I
DOID:0060236	DOID:0070453	xanthinuria type II
DOID:0060237	DOID:0110716	Warburg micro syndrome 1
DOID:0060237	DOID:0110717	Warburg micro syndrome 2
DOID:0060237	DOID:0110718	Warburg micro syndrome 3
DOID:0060237	DOID:0110719	Warburg micro syndrome 4
DOID:0060238	DOID:0080585	Van Maldergem syndrome 1
DOID:0060238	DOID:0080586	Van Maldergem syndrome 2
DOID:0060247	DOID:0081270	Smith-McCort dysplasia 1
DOID:0060247	DOID:0081271	Smith-McCort dysplasia 2
DOID:0060249	DOID:0060250	idiopathic scoliosis
DOID:0060251	DOID:0060756	sclerosteosis 1
DOID:0060251	DOID:0060757	sclerosteosis 2
DOID:0060254	DOID:0060764	autosomal recessive Robinow syndrome
DOID:0060254	DOID:0060765	autosomal dominant Robinow syndrome 2
DOID:0060254	DOID:0060766	autosomal dominant Robinow syndrome 1
DOID:0060254	DOID:0060767	autosomal dominant Robinow syndrome 3
DOID:0060254	DOID:0060974	autosomal recessive Robinow syndrome 2
DOID:0060260	DOID:0060261	congenital ptosis
DOID:0060261	DOID:0061148	hereditary congenital ptosis 2
DOID:0060261	DOID:0061149	hereditary congenital ptosis 1
DOID:0060262	DOID:0050612	gallbladder carcinoma in situ
DOID:0060262	DOID:0080640	gallbladder benign neoplasm
DOID:0060262	DOID:10211	cholelithiasis
DOID:0060262	DOID:10254	strawberry gallbladder
DOID:0060262	DOID:11151	cholecystolithiasis
DOID:0060262	DOID:13768	opisthorchiasis
DOID:0060262	DOID:3121	gallbladder cancer
DOID:0060262	DOID:4140	biliary dyskinesia
DOID:0060262	DOID:9714	occlusion of gallbladder
DOID:0060262	DOID:9717	hydrops of gallbladder
DOID:0060264	DOID:0060272	pontocerebellar hypoplasia type 3
DOID:0060264	DOID:0060273	pontocerebellar hypoplasia type 4
DOID:0060264	DOID:0060274	pontocerebellar hypoplasia type 5
DOID:0060264	DOID:0060275	pontocerebellar hypoplasia type 6
DOID:0060264	DOID:0060276	pontocerebellar hypoplasia type 7
DOID:0060264	DOID:0060277	pontocerebellar hypoplasia type 8
DOID:0060264	DOID:0060278	pontocerebellar hypoplasia type 9
DOID:0060264	DOID:0060279	pontocerebellar hypoplasia type 10
DOID:0060264	DOID:0112322	pontocerebellar hypoplasia type 1
DOID:0060264	DOID:0112324	pontocerebellar hypoplasia type 11
DOID:0060264	DOID:0112325	pontocerebellar hypoplasia type 14
DOID:0060264	DOID:0112326	pontocerebellar hypoplasia type 15
DOID:0060264	DOID:0112327	pontocerebellar hypoplasia type 12
DOID:0060264	DOID:0112328	pontocerebellar hypoplasia type 2
DOID:0060264	DOID:0112332	pontocerebellar hypoplasia type 13
DOID:0060264	DOID:0112333	pontocerebellar hypoplasia type 16
DOID:0060280	DOID:0070546	primary pigmented nodular adrenocortical disease 1
DOID:0060280	DOID:0070547	primary pigmented nodular adrenocortical disease 2
DOID:0060280	DOID:0070548	primary pigmented nodular adrenocortical disease 3
DOID:0060280	DOID:0070549	primary pigmented nodular adrenocortical disease 4
DOID:0060283	DOID:0070520	peeling skin syndrome 1
DOID:0060283	DOID:0070521	peeling skin syndrome 2
DOID:0060283	DOID:0070522	peeling skin syndrome 3
DOID:0060283	DOID:0070523	peeling skin syndrome 4
DOID:0060283	DOID:0070524	peeling skin syndrome 5
DOID:0060283	DOID:0070525	peeling skin syndrome 6
DOID:0060286	DOID:0070424	combined oxidative phosphorylation deficiency 44
DOID:0060286	DOID:0070425	combined oxidative phosphorylation deficiency 52
DOID:0060286	DOID:0070426	combined oxidative phosphorylation deficiency 53
DOID:0060286	DOID:0070427	combined oxidative phosphorylation deficiency 54
DOID:0060286	DOID:0070428	combined oxidative phosphorylation deficiency 55
DOID:0060286	DOID:0070429	combined oxidative phosphorylation deficiency 56
DOID:0060286	DOID:0070430	combined oxidative phosphorylation deficiency 57
DOID:0060286	DOID:0111464	combined oxidative phosphorylation deficiency 35
DOID:0060286	DOID:0111465	combined oxidative phosphorylation deficiency 21
DOID:0060286	DOID:0111466	combined oxidative phosphorylation deficiency 38
DOID:0060286	DOID:0111467	combined oxidative phosphorylation deficiency 13
DOID:0060286	DOID:0111468	combined oxidative phosphorylation deficiency 25
DOID:0060286	DOID:0111469	combined oxidative phosphorylation deficiency 16
DOID:0060286	DOID:0111470	combined oxidative phosphorylation deficiency 28
DOID:0060286	DOID:0111471	combined oxidative phosphorylation deficiency 30
DOID:0060286	DOID:0111472	combined oxidative phosphorylation deficiency 9
DOID:0060286	DOID:0111473	combined oxidative phosphorylation deficiency 5
DOID:0060286	DOID:0111474	combined oxidative phosphorylation deficiency 1
DOID:0060286	DOID:0111475	combined oxidative phosphorylation deficiency 39
DOID:0060286	DOID:0111476	combined oxidative phosphorylation deficiency 19
DOID:0060286	DOID:0111477	combined oxidative phosphorylation deficiency 14
DOID:0060286	DOID:0111478	combined oxidative phosphorylation deficiency 20
DOID:0060286	DOID:0111479	combined oxidative phosphorylation deficiency 8
DOID:0060286	DOID:0111480	combined oxidative phosphorylation deficiency 10
DOID:0060286	DOID:0111481	combined oxidative phosphorylation deficiency 11
DOID:0060286	DOID:0111482	combined oxidative phosphorylation deficiency 36
DOID:0060286	DOID:0111483	combined oxidative phosphorylation deficiency 2
DOID:0060286	DOID:0111484	combined oxidative phosphorylation deficiency 18
DOID:0060286	DOID:0111485	combined oxidative phosphorylation deficiency 24
DOID:0060286	DOID:0111486	combined oxidative phosphorylation deficiency 3
DOID:0060286	DOID:0111487	combined oxidative phosphorylation deficiency 7
DOID:0060286	DOID:0111488	combined oxidative phosphorylation deficiency 31
DOID:0060286	DOID:0111489	combined oxidative phosphorylation deficiency 27
DOID:0060286	DOID:0111490	combined oxidative phosphorylation deficiency 26
DOID:0060286	DOID:0111491	combined oxidative phosphorylation deficiency 15
DOID:0060286	DOID:0111492	combined oxidative phosphorylation deficiency 32
DOID:0060286	DOID:0111493	combined oxidative phosphorylation deficiency 12
DOID:0060286	DOID:0111494	combined oxidative phosphorylation deficiency 4
DOID:0060286	DOID:0111495	combined oxidative phosphorylation deficiency 33
DOID:0060286	DOID:0111496	combined oxidative phosphorylation deficiency 17
DOID:0060286	DOID:0111497	combined oxidative phosphorylation deficiency 34
DOID:0060286	DOID:0111498	combined oxidative phosphorylation deficiency 22
DOID:0060286	DOID:0111499	combined oxidative phosphorylation deficiency 37
DOID:0060286	DOID:0111500	combined oxidative phosphorylation deficiency 23
DOID:0060286	DOID:0111501	combined oxidative phosphorylation deficiency 29
DOID:0060286	DOID:0111502	combined oxidative phosphorylation deficiency 6
DOID:0060286	DOID:0112110	combined oxidative phosphorylation deficiency 49
DOID:0060286	DOID:0112111	combined oxidative phosphorylation deficiency 50
DOID:0060286	DOID:0112112	combined oxidative phosphorylation deficiency 48
DOID:0060286	DOID:0112113	combined oxidative phosphorylation deficiency 45
DOID:0060286	DOID:0112114	combined oxidative phosphorylation deficiency 47
DOID:0060286	DOID:0112115	combined oxidative phosphorylation deficiency 46
DOID:0060286	DOID:0112116	combined oxidative phosphorylation deficiency 43
DOID:0060286	DOID:0112117	combined oxidative phosphorylation deficiency 40
DOID:0060286	DOID:0112118	combined oxidative phosphorylation deficiency 42
DOID:0060286	DOID:0112119	combined oxidative phosphorylation deficiency 41
DOID:0060286	DOID:0112137	combined oxidative phosphorylation deficiency 51
DOID:0060288	DOID:0080844	omodysplasia 1
DOID:0060288	DOID:0080845	omodysplasia 2
DOID:0060289	DOID:0060290	Ohdo syndrome, SBBYS variant
DOID:0060294	DOID:0080329	cold-induced sweating syndrome 1
DOID:0060294	DOID:0080330	cold-induced sweating syndrome 2
DOID:0060294	DOID:0080331	cold-induced sweating syndrome 3
DOID:0060306	DOID:0051069	Meier-Gorlin syndrome 9
DOID:0060306	DOID:0051070	Meier-Gorlin syndrome 10
DOID:0060306	DOID:0080255	Meier-Gorlin syndrome 8
DOID:0060306	DOID:0080512	Meier-Gorlin syndrome 1
DOID:0060306	DOID:0080513	Meier-Gorlin syndrome 2
DOID:0060306	DOID:0080514	Meier-Gorlin syndrome 3
DOID:0060306	DOID:0080515	Meier-Gorlin syndrome 4
DOID:0060306	DOID:0080516	Meier-Gorlin syndrome 5
DOID:0060306	DOID:0080517	Meier-Gorlin syndrome 6
DOID:0060306	DOID:0080518	Meier-Gorlin syndrome 7
DOID:0060307	DOID:0051010	Bryant-Li-Bhoj neurodevelopmental syndrome
DOID:0060307	DOID:0051072	neurodegenerative disorder with cerebellar and caudate atrophy
DOID:0060307	DOID:0060933	developmental delay, dysmorphic facies, and brain anomalies
DOID:0060307	DOID:0061031	autosomal dominant intellectual developmental disorder 57
DOID:0060307	DOID:0061032	autosomal dominant intellectual developmental disorder 58
DOID:0060307	DOID:0061033	autosomal dominant intellectual developmental disorder 59
DOID:0060307	DOID:0061034	autosomal dominant intellectual developmental disorder 61
DOID:0060307	DOID:0061035	autosomal dominant intellectual developmental disorder 62
DOID:0060307	DOID:0061036	autosomal dominant intellectual developmental disorder 63 with macrocephaly
DOID:0060307	DOID:0061037	autosomal dominant intellectual developmental disorder 64
DOID:0060307	DOID:0061038	autosomal dominant intellectual developmental disorder 65
DOID:0060307	DOID:0061039	autosomal dominant intellectual developmental disorder 66
DOID:0060307	DOID:0061040	autosomal dominant intellectual developmental disorder 67
DOID:0060307	DOID:0061041	autosomal dominant intellectual developmental disorder 68
DOID:0060307	DOID:0061042	autosomal dominant intellectual developmental disorder 69
DOID:0060307	DOID:0061043	autosomal dominant intellectual developmental disorder 70
DOID:0060307	DOID:0061044	autosomal dominant intellectual developmental disorder 71 with behavioral abnormalities
DOID:0060307	DOID:0061045	autosomal dominant intellectual developmental disorder 72
DOID:0060307	DOID:0061046	autosomal dominant intellectual developmental disorder 73
DOID:0060307	DOID:0061047	autosomal dominant intellectual developmental disorder 74
DOID:0060307	DOID:0061048	autosomal dominant intellectual developmental disorder 75
DOID:0060307	DOID:0061049	autosomal dominant intellectual developmental disorder type FRA12A
DOID:0060307	DOID:0061050	autosomal dominant intellectual developmental disorder 60 with seizures
DOID:0060307	DOID:0061129	intellectual developmental disorder with dysmorphic facies and behavioral abnormalities
DOID:0060307	DOID:0061147	neurodevelopmental disorder with or without autism or seizures
DOID:0060307	DOID:0061190	ReNU syndrome
DOID:0060307	DOID:0061253	neurodevelopmental disorder with speech delay, movement abnormalities, and seizures
DOID:0060307	DOID:0061254	intellectual developmental disorder with seizures and dysmorphic facies
DOID:0060307	DOID:0070031	autosomal dominant intellectual developmental disorder 1
DOID:0060307	DOID:0070032	autosomal dominant intellectual developmental disorder 2
DOID:0060307	DOID:0070033	autosomal dominant intellectual developmental disorder 3
DOID:0060307	DOID:0070034	autosomal dominant intellectual developmental disorder 4
DOID:0060307	DOID:0070035	autosomal dominant intellectual developmental disorder 5
DOID:0060307	DOID:0070036	autosomal dominant intellectual developmental disorder 6
DOID:0060307	DOID:0070037	autosomal dominant intellectual developmental disorder 7
DOID:0060307	DOID:0070038	autosomal dominant neurodevelopmental disorder with or without hyperkinetic movements and seizures
DOID:0060307	DOID:0070039	NESCAV syndrome
DOID:0060307	DOID:0070040	autosomal dominant intellectual developmental disorder 10
DOID:0060307	DOID:0070041	autosomal dominant intellectual developmental disorder 11
DOID:0060307	DOID:0070043	autosomal dominant intellectual developmental disorder 13
DOID:0060307	DOID:0070047	Schuurs-Hoeijmakers Syndrome
DOID:0060307	DOID:0070048	GAND syndrome
DOID:0060307	DOID:0070049	autosomal dominant intellectual developmental disorder 19
DOID:0060307	DOID:0070050	neurodevelopmental disorder with hypotonia, stereotypic hand movements, and impaired language
DOID:0060307	DOID:0070051	autosomal dominant intellectual developmental disorder 21
DOID:0060307	DOID:0070052	autosomal dominant intellectual developmental disorder 22
DOID:0060307	DOID:0070053	autosomal dominant intellectual developmental disorder 23
DOID:0060307	DOID:0070054	Vulto-van Silfout-de Vries syndrome
DOID:0060307	DOID:0070055	Xia-Gibbs Syndrome
DOID:0060307	DOID:0070056	autosomal dominant intellectual developmental disorder 26
DOID:0060307	DOID:0070058	Helsmoortel-Van Der Aa Syndrome
DOID:0060307	DOID:0070059	autosomal dominant intellectual developmental disorder 29
DOID:0060307	DOID:0070060	autosomal dominant intellectual developmental disorder 30
DOID:0060307	DOID:0070061	autosomal dominant intellectual developmental disorder 31
DOID:0060307	DOID:0070062	Arboleda-Tham syndrome
DOID:0060307	DOID:0070063	autosomal dominant intellectual developmental disorder 33
DOID:0060307	DOID:0070064	autosomal dominant intellectual developmental disorder 34
DOID:0060307	DOID:0070065	autosomal dominant intellectual developmental disorder 35
DOID:0060307	DOID:0070066	autosomal dominant intellectual developmental disorder 36
DOID:0060307	DOID:0070067	White-Sutton syndrome
DOID:0060307	DOID:0070068	autosomal dominant intellectual developmental disorder 38
DOID:0060307	DOID:0070069	autosomal dominant intellectual developmental disorder 39
DOID:0060307	DOID:0070070	autosomal dominant intellectual developmental disorder 40
DOID:0060307	DOID:0070071	autosomal dominant intellectual developmental disorder 41
DOID:0060307	DOID:0070072	autosomal dominant intellectual developmental disorder 42
DOID:0060307	DOID:0070073	autosomal dominant intellectual developmental disorder 43
DOID:0060307	DOID:0070074	autosomal dominant intellectual developmental disorder 44
DOID:0060307	DOID:0070416	Luo-Schoch-Yamamoto syndrome
DOID:0060307	DOID:0070417	neurodevelopmental disorder with speech impairment and dysmorphic facies
DOID:0060307	DOID:0070420	developmental delay, hypotonia, and impaired language
DOID:0060307	DOID:0070469	neurodevelopmental disorder with dysmorphic facies and thin corpus callosum
DOID:0060307	DOID:0070513	neurodevelopmental disorder with dysmorphic facies and behavioral abnormalities
DOID:0060307	DOID:0070514	neurodevelopmental disorder with dysmorphic facies and distal limb anomalies
DOID:0060307	DOID:0070529	Sifrim-Hitz-Weiss syndrome
DOID:0060307	DOID:0070536	neurodevelopmental disorder with hypotonia, language delay, and skeletal defects with or without seizures
DOID:0060307	DOID:0070668	Snijders Blok-Campeau syndrome
DOID:0060307	DOID:0070693	Ebstein-Bezieau neurodevelopmental syndrome
DOID:0060307	DOID:0070694	neurodevelopmental disorder with congenital cardiac defects and variable renal and ocular abnormalities
DOID:0060307	DOID:0070695	Yu-Kury neurodevelopmental syndrome
DOID:0060307	DOID:0070709	Popov-Chang syndrome
DOID:0060307	DOID:0070710	neurodevelopmental disorder with speech delay and behavioral abnormalities
DOID:0060307	DOID:0070711	Harel-Tora neurodevelopmental syndrome
DOID:0060307	DOID:0070713	neurodevelopmental disorder with early-onset seizures, facial dysmorphism, and behavioral abnormalities
DOID:0060307	DOID:0070715	Ramond-Elliott neurodevelopmental syndrome
DOID:0060307	DOID:0070717	developmental delay with sleep apnea
DOID:0060307	DOID:0070747	immunodeficiency, developmental delay, and hypohomocysteinemia
DOID:0060307	DOID:0070753	neurodevelopmental disorder with ataxic gait, absent speech, and decreased cortical white matter
DOID:0060307	DOID:0070756	neurodevelopmental disorder with variable motor and speech impairment
DOID:0060307	DOID:0070757	Pilarowski-Bjornsson syndrome
DOID:0060307	DOID:0080226	autosomal dominant intellectual developmental disorder 56
DOID:0060307	DOID:0080227	autosomal dominant intellectual developmental disorder 55
DOID:0060307	DOID:0080228	autosomal dominant intellectual developmental disorder 53
DOID:0060307	DOID:0080230	autosomal dominant intellectual developmental disorder 54
DOID:0060307	DOID:0080231	autosomal dominant intellectual developmental disorder 52
DOID:0060307	DOID:0080232	autosomal dominant intellectual developmental disorder 51
DOID:0060307	DOID:0080233	autosomal dominant intellectual developmental disorder 50
DOID:0060307	DOID:0080234	Clark-Baraitser syndrome
DOID:0060307	DOID:0080235	autosomal dominant intellectual developmental disorder 48
DOID:0060307	DOID:0080236	autosomal dominant intellectual developmental disorder 45
DOID:0060307	DOID:0080237	autosomal dominant intellectual developmental disorder 46
DOID:0060307	DOID:0080238	autosomal dominant intellectual developmental disorder 47
DOID:0060307	DOID:0081262	intellectual developmental disorder with hypotonia, impaired speech, and dysmorphic facies
DOID:0060307	DOID:0081275	neurodevelopmental disorder with eye movement abnormalities and ataxia
DOID:0060307	DOID:0081362	Pierpont syndrome
DOID:0060307	DOID:0081430	intellectual developmental disorder with autistic features and language delay, with or without seizures
DOID:0060307	DOID:0081466	neurodevelopmental disorder with intellectual, visual, and language impairment
DOID:0060307	DOID:0081467	autosomal dominant intellectual developmental disorder 78
DOID:0060307	DOID:0081468	autosomal dominant intellectual developmental disorder 76
DOID:0060307	DOID:0081469	autosomal dominant intellectual developmental disorder 77
DOID:0060307	DOID:0111743	cerebellar ataxia type 47
DOID:0060307	DOID:1925	Coffin-Siris syndrome
DOID:0060308	DOID:0051030	neurodevelopmental disorder with microcephaly, absent speech, and hypotonia
DOID:0060308	DOID:0051071	neurodevelopmental disorder with seizures and impaired intellectual and language development
DOID:0060308	DOID:0051076	neurodevelopmental disorder with parkinsonism or other movement abnormalities
DOID:0060308	DOID:0051092	Damseh-Danson neurodevelopmental disorder
DOID:0060308	DOID:0060934	neurodevelopmental disorder with microcephaly, epilepsy, and brain atrophy
DOID:0060308	DOID:0060935	infantile hypotonia with psychomotor retardation and characteristic facies-3
DOID:0060308	DOID:0060947	autosomal recessive intellectual developmental disorder 82
DOID:0060308	DOID:0061114	autosomal recessive intellectual developmental disorder 83
DOID:0060308	DOID:0061126	Brunet-Wagner neurodevelopmental syndrome
DOID:0060308	DOID:0061158	Kariminejad neurodevelopmental syndrome
DOID:0060308	DOID:0061252	neurodevelopmental disorder with hypotonia, epilepsy, and absent speech
DOID:0060308	DOID:0070421	neurodevelopmental disorder with spasticity and poor growth
DOID:0060308	DOID:0070423	early onset progressive encephalopathy with brain atrophy and thin corpus callosum
DOID:0060308	DOID:0070431	hyperphosphatasia with impaired intellectual development syndrome
DOID:0060308	DOID:0070443	neurodevelopmental disorder with cerebellar atrophy and motor dysfunction
DOID:0060308	DOID:0070444	neurodevelopmental disorder with language delay and seizures
DOID:0060308	DOID:0070537	spastic tetraplegia, thin corpus callosum, and progressive microcephaly
DOID:0060308	DOID:0070542	neurodevelopmental disorder with spastic paraplegia and microcephaly
DOID:0060308	DOID:0070696	neurodevelopmental disorder with seizures, hypotonia, and variable spasticity
DOID:0060308	DOID:0070697	neurodevelopmental disorder with spasticity, thin corpus callosum, and decreased brain white matter
DOID:0060308	DOID:0070712	developmental delay with variable cardiac and renal congenital anomalies and dysmorphic facies
DOID:0060308	DOID:0070738	Al Kaissi syndrome
DOID:0060308	DOID:0070739	autosomal recessive neurodevelopmental disorder with or without hyperkinetic movements and seizures
DOID:0060308	DOID:0070740	cerebellar atrophy, developmental delay, and seizures
DOID:0060308	DOID:0070741	cerebellar atrophy with seizures and variable developmental delay
DOID:0060308	DOID:0070745	early-onset progressive encephalopathy with brain atrophy and spasticity
DOID:0060308	DOID:0070751	mitochondrial neurodevelopmental disorder with abnormal movements and lactic acidosis, with or without seizures
DOID:0060308	DOID:0070754	neurodevelopmental disorder with microcephaly, ataxia, and seizures
DOID:0060308	DOID:0070755	neurodevelopmental disorder with microcephaly, seizures, and cortical atrophy
DOID:0060308	DOID:0070792	Dursun-Ozgul neurodevelopmental syndrome
DOID:0060308	DOID:0070793	FICUS syndrome
DOID:0060308	DOID:0080239	autosomal recessive intellectual developmental disorder 61
DOID:0060308	DOID:0080765	autosomal recessive intellectual developmental disorder 72
DOID:0060308	DOID:0081097	Rafiq syndrome
DOID:0060308	DOID:0081098	autosomal recessive intellectual developmental disorder 13
DOID:0060308	DOID:0081099	neurodevelopmental disorder with brain abnormalities, poor growth, and dysmorphic facies
DOID:0060308	DOID:0081177	autosomal recessive intellectual developmental disorder 1
DOID:0060308	DOID:0081178	autosomal recessive intellectual developmental disorder 2
DOID:0060308	DOID:0081179	autosomal recessive intellectual developmental disorder 3
DOID:0060308	DOID:0081180	autosomal recessive intellectual developmental disorder 12
DOID:0060308	DOID:0081181	autosomal recessive intellectual developmental disorder 5
DOID:0060308	DOID:0081182	autosomal recessive intellectual developmental disorder 6
DOID:0060308	DOID:0081183	autosomal recessive intellectual developmental disorder 7
DOID:0060308	DOID:0081184	autosomal recessive intellectual developmental disorder 9/26
DOID:0060308	DOID:0081185	autosomal recessive intellectual developmental disorder 10/20
DOID:0060308	DOID:0081186	autosomal recessive intellectual developmental disorder 11
DOID:0060308	DOID:0081187	autosomal recessive intellectual developmental disorder 4
DOID:0060308	DOID:0081188	autosomal recessive intellectual developmental disorder 14
DOID:0060308	DOID:0081189	autosomal recessive intellectual developmental disorder 16
DOID:0060308	DOID:0081190	autosomal recessive intellectual developmental disorder 18
DOID:0060308	DOID:0081191	autosomal recessive intellectual developmental disorder 31
DOID:0060308	DOID:0081192	autosomal recessive intellectual developmental disorder 29
DOID:0060308	DOID:0081193	autosomal recessive intellectual developmental disorder 27
DOID:0060308	DOID:0081194	autosomal recessive intellectual developmental disorder 33
DOID:0060308	DOID:0081195	autosomal recessive intellectual developmental disorder 30
DOID:0060308	DOID:0081196	autosomal recessive intellectual developmental disorder 23
DOID:0060308	DOID:0081197	autosomal recessive intellectual developmental disorder 24
DOID:0060308	DOID:0081198	autosomal recessive intellectual developmental disorder 25
DOID:0060308	DOID:0081199	autosomal recessive intellectual developmental disorder 28
DOID:0060308	DOID:0081200	autosomal recessive intellectual developmental disorder 34
DOID:0060308	DOID:0081201	autosomal recessive intellectual developmental disorder 35
DOID:0060308	DOID:0081202	autosomal recessive intellectual developmental disorder 37
DOID:0060308	DOID:0081203	autosomal recessive intellectual developmental disorder 38
DOID:0060308	DOID:0081204	autosomal recessive intellectual developmental disorder 39
DOID:0060308	DOID:0081205	autosomal recessive intellectual developmental disorder 40
DOID:0060308	DOID:0081206	autosomal recessive intellectual developmental disorder 41
DOID:0060308	DOID:0081207	autosomal recessive intellectual developmental disorder 43
DOID:0060308	DOID:0081208	autosomal recessive intellectual developmental disorder 44
DOID:0060308	DOID:0081209	autosomal recessive intellectual developmental disorder 45
DOID:0060308	DOID:0081210	autosomal recessive intellectual developmental disorder 46
DOID:0060308	DOID:0081211	autosomal recessive intellectual developmental disorder 47
DOID:0060308	DOID:0081212	autosomal recessive intellectual developmental disorder 48
DOID:0060308	DOID:0081213	autosomal recessive intellectual developmental disorder 50
DOID:0060308	DOID:0081214	autosomal recessive intellectual developmental disorder 51
DOID:0060308	DOID:0081215	autosomal recessive intellectual developmental disorder 52
DOID:0060308	DOID:0081216	autosomal recessive intellectual developmental disorder 54
DOID:0060308	DOID:0081217	autosomal recessive intellectual developmental disorder 56
DOID:0060308	DOID:0081218	autosomal recessive intellectual developmental disorder 74
DOID:0060308	DOID:0081219	autosomal recessive intellectual developmental disorder 57
DOID:0060308	DOID:0081220	autosomal recessive intellectual developmental disorder 58
DOID:0060308	DOID:0081221	autosomal recessive intellectual developmental disorder 59
DOID:0060308	DOID:0081222	autosomal recessive intellectual developmental disorder 60
DOID:0060308	DOID:0081223	glycosylphosphatidylinositol biosynthesis defect 16
DOID:0060308	DOID:0081224	autosomal recessive intellectual developmental disorder 63
DOID:0060308	DOID:0081225	autosomal recessive intellectual developmental disorder 64
DOID:0060308	DOID:0081226	autosomal recessive intellectual developmental disorder 65
DOID:0060308	DOID:0081227	autosomal recessive intellectual developmental disorder 66
DOID:0060308	DOID:0081228	autosomal recessive intellectual developmental disorder 67
DOID:0060308	DOID:0081229	autosomal recessive intellectual developmental disorder 68
DOID:0060308	DOID:0081230	autosomal recessive intellectual developmental disorder 69
DOID:0060308	DOID:0081231	autosomal recessive intellectual developmental disorder 70
DOID:0060308	DOID:0081232	autosomal recessive intellectual developmental disorder 71
DOID:0060308	DOID:0081233	autosomal recessive intellectual developmental disorder 73
DOID:0060308	DOID:0081234	autosomal recessive intellectual developmental disorder 75
DOID:0060308	DOID:0081235	autosomal recessive intellectual developmental disorder 76
DOID:0060308	DOID:0081236	autosomal recessive intellectual developmental disorder 77
DOID:0060308	DOID:0081263	neurodevelopmental disorder with microcephaly, cataracts, and renal abnormalities
DOID:0060308	DOID:0081265	intellectual developmental disorder with abnormal behavior, microcephaly, and short stature
DOID:0060308	DOID:0081324	neurodevelopmental disorder with poor growth, spastic tetraplegia, and hearing loss
DOID:0060308	DOID:0081387	neurodevelopmental disorder with motor and language delay, ocular defects, and brain abnormalities
DOID:0060308	DOID:0081444	neurodevelopmental disorder with poor growth and behavioral abnormalities
DOID:0060308	DOID:0081465	neurodevelopmental disorder with spasticity, hypoplasia of the corpus callosum, and recurrent infections
DOID:0060309	DOID:0050647	Arts syndrome
DOID:0060309	DOID:0050681	Borjeson-Forssman-Lehmann syndrome
DOID:0060309	DOID:0050764	Armfield syndrome
DOID:0060309	DOID:0060179	Renpenning syndrome
DOID:0060309	DOID:0060799	syndromic X-linked intellectual disability Lubs type
DOID:0060309	DOID:0060800	syndromic X-linked intellectual disability 5
DOID:0060309	DOID:0060801	MEHMO syndrome
DOID:0060309	DOID:0060802	syndromic X-linked intellectual disability Snyder type
DOID:0060309	DOID:0060803	syndromic X-linked intellectual disability 17
DOID:0060309	DOID:0060804	syndromic X-linked intellectual disability 12
DOID:0060309	DOID:0060805	Prieto syndrome
DOID:0060309	DOID:0060806	syndromic X-linked intellectual disability Hedera type
DOID:0060309	DOID:0060807	syndromic X-linked intellectual disability Najm type
DOID:0060309	DOID:0060808	syndromic X-linked intellectual disability 7
DOID:0060309	DOID:0060809	syndromic X-linked intellectual disability Claes-Jensen type
DOID:0060309	DOID:0060810	syndromic X-linked intellectual disability type 10
DOID:0060309	DOID:0060811	syndromic X-linked intellectual disability Turner type
DOID:0060309	DOID:0060812	syndromic X-linked intellectual disability Siderius type
DOID:0060309	DOID:0060813	syndromic X-linked intellectual disability Shrimpton type
DOID:0060309	DOID:0060814	Wilson-Turner syndrome
DOID:0060309	DOID:0060815	Wieacker-Wolff syndrome
DOID:0060309	DOID:0060816	corpus callosum agenesis-intellectual disability-coloboma-micrognathia syndrome
DOID:0060309	DOID:0060817	syndromic X-linked intellectual disability 34
DOID:0060309	DOID:0060818	syndromic X-linked intellectual disability Abidi type
DOID:0060309	DOID:0060819	syndromic X-linked intellectual disability Chudley-Schwartz type
DOID:0060309	DOID:0060820	syndromic X-linked intellectual disability Nascimento type
DOID:0060309	DOID:0060821	syndromic X-linked intellectual disability 14
DOID:0060309	DOID:0060822	syndromic X-linked intellectual disability Cabezas type
DOID:0060309	DOID:0060823	syndromic X-linked intellectual disability 94
DOID:0060309	DOID:0060824	syndromic X-linked intellectual disability Raymond type
DOID:0060309	DOID:0060825	Christianson syndrome
DOID:0060309	DOID:0060826	syndromic X-linked intellectual disability Shashi type
DOID:0060309	DOID:0060827	X-linked intellectual disability-psychosis-macroorchidism syndrome
DOID:0060309	DOID:0060828	X-linked intellectual disability-cardiomegaly-congestive heart failure syndrome
DOID:0060309	DOID:0060830	deafness-intellectual disability, Martin-Probst type syndrome
DOID:0060309	DOID:0061015	female-restricted Wieacker-Wolff syndrome
DOID:0060309	DOID:0070422	syndromic X-linked intellectual disability Pilorge type
DOID:0060309	DOID:0070538	syndromic X-linked intellectual developmental disorder bain type
DOID:0060309	DOID:0070698	X-linked neurodevelopmental disorder with poor or absent speech and behavioral abnormalities
DOID:0060309	DOID:0070777	syndromic X-linked intellectual developmental disorder, Snijders Blok type
DOID:0060309	DOID:0080241	syndromic X-linked mental retardation 35
DOID:0060309	DOID:0080242	syndromic X-linked mental retardation Hough type
DOID:0060309	DOID:0080311	Billuart-type X-linked syndromic intellectual developmental disorder
DOID:0060309	DOID:0080982	X-linked intellectual disability-hypotonic facies syndrome-1
DOID:0060309	DOID:0080984	X-linked intellectual developmental disorder 109
DOID:0060309	DOID:0080985	syndromic X-linked intellectual disorder Lujan-Fryns-type
DOID:0060309	DOID:0081123	X-linked mental retardation Gustavson type
DOID:0060309	DOID:0111838	Basilicata-Akhtar syndrome
DOID:0060309	DOID:0111840	Van Esch-O'Driscoll syndrome
DOID:0060309	DOID:0111843	Paganini-Miozzo syndrome
DOID:0060309	DOID:0111844	X-linked intellectual developmental disorder 108
DOID:0060309	DOID:0111845	Mullegama-Klein-Martinez syndrome
DOID:0060309	DOID:0112025	female-restricted syndromic X-linked intellectual disability 99
DOID:0060309	DOID:0112042	Tonne-Kalscheuer syndrome
DOID:0060309	DOID:0112056	X-linked intellectual disability-short stature-overweight syndrome
DOID:0060309	DOID:0112060	Raynaud-Claes syndrome
DOID:0060309	DOID:0112126	Stocco Dos Santos type X-linked intellectual disability
DOID:0060309	DOID:14744	Partington syndrome
DOID:0060318	DOID:0081081	acute promyelocytic leukemia with PML-RARA
DOID:0060333	DOID:0070461	mitochondrial complex V (ATP synthase) deficiency nuclear type 4A
DOID:0060333	DOID:0070462	mitochondrial complex V (ATP synthase) deficiency nuclear type 4B
DOID:0060334	DOID:0061172	transient neonatal diabetes mellitus 3
DOID:0060334	DOID:0061173	transient neonatal diabetes mellitus 1
DOID:0060334	DOID:0061174	transient neonatal diabetes mellitus 2
DOID:0060336	DOID:0050476	Barth syndrome
DOID:0060336	DOID:0070000	3-methylglutaconic aciduria type 8
DOID:0060336	DOID:0070002	3-methylglutaconic aciduria type 9
DOID:0060336	DOID:0110000	3-methylglutaconic aciduria type 5
DOID:0060336	DOID:0110001	3-methylglutaconic aciduria with deafness, encephalopathy, and Leigh-like syndrome
DOID:0060336	DOID:0110002	3-methylglutaconic aciduria type 1
DOID:0060336	DOID:0110003	3-methylglutaconic aciduria with cataracts, neurologic involvement and neutropenia
DOID:0060336	DOID:0110004	3-methylglutaconic aciduria type 3
DOID:0060336	DOID:0110006	3-methylglutaconic aciduria type 4
DOID:0060340	DOID:0050777	Joubert syndrome
DOID:0060340	DOID:0050778	Meckel syndrome
DOID:0060340	DOID:0070787	Alsahan-Harris syndrome
DOID:0060340	DOID:9562	primary ciliary dyskinesia
DOID:0060361	DOID:0060362	punctate palmoplantar keratoderma type III
DOID:0060361	DOID:0080213	punctate palmoplantar keratoderma type II
DOID:0060361	DOID:0080214	punctate palmoplantar keratoderma type I
DOID:0060379	DOID:0060353	acrofacial dysostosis Cincinnati type
DOID:0060379	DOID:0060383	acrofacial dysostosis Rodriguez type
DOID:0060379	DOID:0060384	acrofacial dysostosis, Catania type
DOID:0060379	DOID:0060385	acrofacial dysostosis, Patagonia type
DOID:0060379	DOID:0111571	Weyers acrofacial dysostosis
DOID:0060379	DOID:5768	Nager acrofacial dysostosis
DOID:0060388	DOID:0050460	Wolf-Hirschhorn syndrome
DOID:0060388	DOID:0060352	Kleefstra syndrome 1
DOID:0060388	DOID:0060389	chromosome 10q23 deletion syndrome
DOID:0060388	DOID:0060390	distal 10q deletion syndrome
DOID:0060388	DOID:0060391	chromosome 13q14 deletion syndrome
DOID:0060388	DOID:0060392	chromosome 14q11-q22 deletion syndrome
DOID:0060388	DOID:0060393	chromosome 15q11.2 deletion syndrome
DOID:0060388	DOID:0060394	chromosome 15q13.3 microdeletion syndrome
DOID:0060388	DOID:0060395	chromosome 15q24 deletion syndrome
DOID:0060388	DOID:0060396	chromosome 15q25 deletion syndrome
DOID:0060388	DOID:0060397	chromosome 15q26-qter deletion syndrome
DOID:0060388	DOID:0060398	chromosome 16p11.2 deletion syndrome, 220-kb
DOID:0060388	DOID:0060399	chromosome 16p12.1 deletion syndrome
DOID:0060388	DOID:0060400	chromosome 16p12.2-p11.2 deletion syndrome
DOID:0060388	DOID:0060401	chromosome 16q22 deletion syndrome
DOID:0060388	DOID:0060402	chromosome 17p13.1 deletion syndrome
DOID:0060388	DOID:0060403	chromosome 17q11.2 deletion syndrome
DOID:0060388	DOID:0060404	chromosome 17q12 deletion syndrome
DOID:0060388	DOID:0060405	chromosome 17q23.1-q23.2 deletion syndrome
DOID:0060388	DOID:0060406	chromosome 18p deletion syndrome
DOID:0060388	DOID:0060407	chromosome 18q deletion syndrome
DOID:0060388	DOID:0060408	chromosome 19q13.11 deletion syndrome
DOID:0060388	DOID:0060409	NFIA-related disorder
DOID:0060388	DOID:0060410	chromosome 1p36 deletion syndrome
DOID:0060388	DOID:0060411	chromosome 1q21.1 deletion syndrome
DOID:0060388	DOID:0060412	chromosome 1q41-q42 deletion syndrome
DOID:0060388	DOID:0060413	chromosome 22q11.2 deletion syndrome, distal
DOID:0060388	DOID:0060414	chromosome 2p12-p11.2 deletion syndrome
DOID:0060388	DOID:0060415	chromosome 2p16.1-p15 deletion syndrome
DOID:0060388	DOID:0060416	chromosome 2q31.2 deletion syndrome
DOID:0060388	DOID:0060417	3p deletion syndrome
DOID:0060388	DOID:0060418	chromosome 3q13.31 deletion syndrome
DOID:0060388	DOID:0060419	chromosome 3q29 microdeletion syndrome
DOID:0060388	DOID:0060420	chromosome 4q21 deletion syndrome
DOID:0060388	DOID:0060421	chromosome 5q12 deletion syndrome
DOID:0060388	DOID:0060422	chromosome 6pter-p24 deletion syndrome
DOID:0060388	DOID:0060423	chromosome 6q11-q14 deletion syndrome
DOID:0060388	DOID:0060424	chromosome 6q24-q25 deletion syndrome
DOID:0060388	DOID:0060425	chromosome 8q21.11 deletion syndrome
DOID:0060388	DOID:0060426	chromosome 19p13.13 deletion syndrome
DOID:0060388	DOID:0060427	chromosome Xp21 deletion syndrome
DOID:0060388	DOID:0060428	SATB2-associated syndrome
DOID:0060388	DOID:0060452	posterior amorphous corneal dystrophy
DOID:0060388	DOID:0060732	chromosome 9p deletion syndrome
DOID:0060388	DOID:0060768	Smith-Magenis syndrome
DOID:0060388	DOID:0060858	hypotonia-cystinuria syndrome
DOID:0060388	DOID:0060878	hypoparathyroidism-deafness-renal disease syndrome
DOID:0060388	DOID:0070186	Y-linked spermatogenic failure 1
DOID:0060388	DOID:0070270	hereditary nonpolyposis colorectal cancer type 8
DOID:0060388	DOID:0070515	chromosome 16p11.2 deletion syndrome, 593-kb
DOID:0060388	DOID:0080354	Phelan-McDermid syndrome
DOID:0060388	DOID:0090016	chromosome 5q deletion syndrome
DOID:0060388	DOID:0110029	alpha thalassemia-intellectual disability syndrome type 1
DOID:0060388	DOID:0110121	Axenfeld-Rieger syndrome type 2
DOID:0060388	DOID:0111687	Potocki-Shaffer syndrome
DOID:0060388	DOID:0111704	chromosome 2q37 deletion syndrome
DOID:0060388	DOID:0111723	Jacobsen Syndrome
DOID:0060388	DOID:0111771	46,XY sex reversal 4
DOID:0060388	DOID:0111775	46,XY sex reversal 10
DOID:0060388	DOID:0111860	AMME complex
DOID:0060388	DOID:11198	DiGeorge syndrome
DOID:0060388	DOID:12580	Cri-Du-Chat syndrome
DOID:0060388	DOID:12583	velocardiofacial syndrome
DOID:0060388	DOID:14515	WAGR syndrome
DOID:0060388	DOID:14699	thrombocytopenia-absent radius syndrome
DOID:0060388	DOID:1928	Williams-Beuren syndrome
DOID:0060388	DOID:1933	Rubinstein-Taybi syndrome
DOID:0060429	DOID:0060430	chromosome 16p11.2 duplication syndrome
DOID:0060429	DOID:0060431	chromosome 16p13.3 duplication syndrome
DOID:0060429	DOID:0060432	chromosome 17p13.3 duplication syndrome
DOID:0060429	DOID:0060433	chromosome 17q12 duplication syndrome
DOID:0060429	DOID:0060434	chromosome 17q21.31 duplication syndrome
DOID:0060429	DOID:0060435	chromosome 1q21.1 duplication syndrome
DOID:0060429	DOID:0060436	chromosome 22q11.2 microduplication syndrome
DOID:0060429	DOID:0060437	chromosome 22q13 duplication syndrome
DOID:0060429	DOID:0060458	chromosome 2q31.1 duplication syndrome
DOID:0060429	DOID:0060459	chromosome 3q29 microduplication syndrome
DOID:0060429	DOID:0060460	chromosome 5p13 duplication syndrome
DOID:0060429	DOID:0060461	chromosome Xp11.23-p11.22 duplication syndrome
DOID:0060429	DOID:0060799	syndromic X-linked intellectual disability Lubs type
DOID:0060429	DOID:0060853	Potocki-Lupski syndrome
DOID:0060429	DOID:0070470	chromosome 1p36.33 duplication syndrome
DOID:0060429	DOID:0070614	chromosome 11 partial duplication syndrome
DOID:0060429	DOID:0080926	7q11.23 duplication syndrome
DOID:0060429	DOID:0090025	split hand-foot malformation 3
DOID:0060429	DOID:0110577	autosomal dominant nonsyndromic deafness 51
DOID:0060429	DOID:0111159	partial trisomy distal 4q
DOID:0060429	DOID:0111685	hereditary mixed polyposis syndrome 1
DOID:0060429	DOID:0111816	syndactyly type 1
DOID:0060429	DOID:1085	Edwards syndrome
DOID:0060429	DOID:14250	Down syndrome
DOID:0060429	DOID:1921	Klinefelter syndrome
DOID:0060440	DOID:0060447	epithelial basement membrane dystrophy
DOID:0060440	DOID:0060449	gelatinous drop-like corneal dystrophy
DOID:0060440	DOID:0060450	Lisch epithelial corneal dystrophy
DOID:0060440	DOID:0060451	Meesmann corneal dystrophy
DOID:0060440	DOID:0060454	subepithelial mucinous corneal dystrophy
DOID:0060440	DOID:0070337	epithelial recurrent erosion dystrophy
DOID:0060441	DOID:0060453	Reis-Bucklers corneal dystrophy
DOID:0060441	DOID:0060455	Thiel-Behnke corneal dystrophy
DOID:0060441	DOID:12318	granular corneal dystrophy
DOID:0060441	DOID:8943	lattice corneal dystrophy
DOID:0060442	DOID:0060445	congenital stromal corneal dystrophy
DOID:0060442	DOID:0060448	Fleck corneal dystrophy
DOID:0060442	DOID:0060452	posterior amorphous corneal dystrophy
DOID:0060442	DOID:0060456	Schnyder corneal dystrophy
DOID:0060442	DOID:2565	macular corneal dystrophy
DOID:0060443	DOID:0060446	X-linked endothelial corneal dystrophy
DOID:0060443	DOID:0060649	congenital hereditary endothelial dystrophy of cornea
DOID:0060443	DOID:11555	Fuchs' endothelial dystrophy
DOID:0060451	DOID:0080670	Meesmann corneal dystrophy 1
DOID:0060451	DOID:0080671	Meesmann corneal dystrophy 2
DOID:0060457	DOID:0080669	posterior polymorphous corneal dystrophy 4
DOID:0060457	DOID:0110855	posterior polymorphous corneal dystrophy 1
DOID:0060457	DOID:0110856	posterior polymorphous corneal dystrophy 2
DOID:0060457	DOID:0110857	posterior polymorphous corneal dystrophy 3
DOID:0060465	DOID:0080672	fibrochondrogenesis 1
DOID:0060465	DOID:0080673	fibrochondrogenesis 2
DOID:0060466	DOID:0070771	gingival fibromatosis 1
DOID:0060466	DOID:0070772	gingival fibromatosis 2
DOID:0060466	DOID:0070773	gingival fibromatosis 3
DOID:0060466	DOID:0070774	gingival fibromatosis 4
DOID:0060466	DOID:0070775	gingival fibromatosis 6
DOID:0060466	DOID:0080280	gingival fibromatosis 5
DOID:0060495	DOID:0060523	mollusc allergy
DOID:0060495	DOID:0060524	crustacean allergy
DOID:0060496	DOID:0040061	remazole black respiratory allergy
DOID:0060496	DOID:0040062	chloramine T respiratory allergy
DOID:0060496	DOID:0040063	4-vinylcyclohexene dioxide respiratory allergy
DOID:0060496	DOID:0040081	acid anhydride respiratory allergy
DOID:0060496	DOID:0060497	pollen allergy
DOID:0060496	DOID:10322	berylliosis
DOID:0060496	DOID:13166	allergic bronchopulmonary aspergillosis
DOID:0060496	DOID:4481	allergic rhinitis
DOID:0060496	DOID:9415	allergic asthma
DOID:0060497	DOID:0060498	Timothy grass allergy
DOID:0060500	DOID:0040002	aspirin allergy
DOID:0060500	DOID:0040006	carbamazepine allergy
DOID:0060500	DOID:0040007	abacavir allergy
DOID:0060500	DOID:0040008	isoniazide allergy
DOID:0060500	DOID:0040009	lidocaine allergy
DOID:0060500	DOID:0040010	mepivacaine allergy
DOID:0060500	DOID:0040011	phenobarbital allergy
DOID:0060500	DOID:0040012	phenytoin allergy
DOID:0060500	DOID:0040013	ranitidine allergy
DOID:0060500	DOID:0040014	corticosteroid allergy
DOID:0060500	DOID:0040015	sulfonamide allergy
DOID:0060500	DOID:0040016	sulfamethoxazole allergy
DOID:0060500	DOID:0040017	suprofen allergy
DOID:0060500	DOID:0040018	thiopental allergy
DOID:0060500	DOID:0040019	D-mannitol allergy
DOID:0060500	DOID:0040021	cephalosporin allergy
DOID:0060500	DOID:0040022	amodiaquine allergy
DOID:0060500	DOID:0040026	chlorhexidine allergy
DOID:0060500	DOID:0040027	cyclophosphamide allergy
DOID:0060500	DOID:0040028	succinylcholine allergy
DOID:0060500	DOID:0040029	trimethoprim allergy
DOID:0060500	DOID:0040031	diclofenac allergy
DOID:0060500	DOID:0040032	carbapenem allergy
DOID:0060500	DOID:0040034	rocuronium allergy
DOID:0060500	DOID:0040035	sulfasalazine allergy
DOID:0060500	DOID:0040036	tubocurarine allergy
DOID:0060500	DOID:0040060	ketoprofen photoallergic dermatitis
DOID:0060500	DOID:0040065	quinidine allergy
DOID:0060500	DOID:0040066	melphalan allergy
DOID:0060500	DOID:0040067	neomycin sulfate allergic contact dermatitis
DOID:0060500	DOID:0040070	co-trimoxazole allergy
DOID:0060500	DOID:0040071	sodium aurothiomalate allergy
DOID:0060500	DOID:0040073	disodium cromoglycate allergy
DOID:0060500	DOID:0040076	phthalyl group allergy
DOID:0060500	DOID:0040077	alcuronium bromide allergy
DOID:0060500	DOID:0040078	gallamine allergy
DOID:0060500	DOID:0040080	patent blue V allergy
DOID:0060500	DOID:0040082	oxirane allergy
DOID:0060500	DOID:0060519	beta-lactam allergy
DOID:0060501	DOID:0040045	nickel allergic asthma
DOID:0060501	DOID:0040046	nickel allergic contact dermatitis
DOID:0060501	DOID:0040053	cobalt allergic contact dermatitis
DOID:0060501	DOID:0040054	cobalt allergic asthma
DOID:0060501	DOID:0040055	palladium allergic contact dermatitis
DOID:0060501	DOID:0040056	chromium allergic contact dermatitis
DOID:0060502	DOID:3044	food allergy
DOID:0060503	DOID:0060504	apple allergy
DOID:0060503	DOID:0060505	apricot allergy
DOID:0060503	DOID:0060506	cherry allergy
DOID:0060503	DOID:0060507	Indian plum allergy
DOID:0060503	DOID:0060508	orange allergy
DOID:0060503	DOID:0060509	melon allergy
DOID:0060503	DOID:0060510	peach allergy
DOID:0060503	DOID:0060511	plum allergy
DOID:0060503	DOID:0060512	tomato allergy
DOID:0060503	DOID:0060904	legume allergy
DOID:0060513	DOID:0060514	Atlantic cod allergy
DOID:0060513	DOID:0060515	Atlantic salmon allergy
DOID:0060513	DOID:0060516	carp allergy
DOID:0060513	DOID:0060517	zebrafish allergy
DOID:0060513	DOID:0060518	rainbow trout allergy
DOID:0060519	DOID:0040003	benzylpenicillin allergy
DOID:0060519	DOID:0040004	amoxicillin allergy
DOID:0060519	DOID:0040033	piperacillin allergy
DOID:0060519	DOID:0040037	aztreonam allergy
DOID:0060519	DOID:0060520	penicillin allergy
DOID:0060523	DOID:0060530	snail allergy
DOID:0060524	DOID:0040001	shrimp allergy
DOID:0060524	DOID:0060526	crab allergy
DOID:0060530	DOID:0060531	horned turban snail allergy
DOID:0060536	DOID:0112065	nuclear type mitochondrial complex I deficiency
DOID:0060536	DOID:0112100	mitochondrial type mitochondrial complex I deficiency
DOID:0060536	DOID:0112139	nuclear type mitochondrial complex I deficiency 35
DOID:0060558	DOID:0060559	lethal congenital contracture syndrome 1
DOID:0060558	DOID:0060560	lethal congenital contracture syndrome 2
DOID:0060558	DOID:0060653	lethal congenital contracture syndrome 3
DOID:0060558	DOID:0060654	lethal congenital contracture syndrome 4
DOID:0060558	DOID:0061261	lethal congenital contracture syndrome 5
DOID:0060558	DOID:0061262	lethal congenital contracture syndrome 6
DOID:0060558	DOID:0061263	lethal congenital contracture syndrome 7
DOID:0060558	DOID:0061264	lethal congenital contracture syndrome 8
DOID:0060558	DOID:0061265	lethal congenital contracture syndrome 9
DOID:0060558	DOID:0061266	lethal congenital contracture syndrome 10
DOID:0060558	DOID:0061267	lethal congenital contracture syndrome 11
DOID:0060558	DOID:0061268	lethal congenital contracture syndrome 12
DOID:0060564	DOID:0050568	spondylocostal dysostosis
DOID:0060564	DOID:0050648	atelosteogenesis
DOID:0060564	DOID:0060034	dropped head syndrome
DOID:0060564	DOID:0060249	scoliosis
DOID:0060564	DOID:0060645	chronic recurrent multifocal osteomyelitis
DOID:0060564	DOID:0080027	spondyloepimetaphyseal dysplasia
DOID:0060564	DOID:0080050	acromesomelic dysplasia, Maroteaux type
DOID:0060564	DOID:0080054	achondrogenesis type IA
DOID:0060564	DOID:0080362	X-linked spondyloepiphyseal dysplasia tarda
DOID:0060564	DOID:0090116	spondylocarpotarsal synostosis syndrome
DOID:0060564	DOID:0110633	rigid spine muscular dystrophy 1
DOID:0060564	DOID:0110938	autosomal dominant osteopetrosis 2
DOID:0060564	DOID:10426	Klippel-Feil syndrome
DOID:0060564	DOID:13300	Scheuermann's disease
DOID:0060564	DOID:14780	KBG syndrome
DOID:0060564	DOID:2247	spondylosis
DOID:0060564	DOID:2300	spondylolysis
DOID:0060564	DOID:4153	spinal chordoma
DOID:0060564	DOID:4667	kyphosis
DOID:0060564	DOID:6682	spondylolisthesis
DOID:0060564	DOID:7147	ankylosing spondylitis
DOID:0060565	DOID:0060571	Ritscher-Schinzel syndrome 1
DOID:0060565	DOID:0060572	Ritscher-Schinzel syndrome 2
DOID:0060611	DOID:0060612	abdominal obesity-metabolic syndrome 3
DOID:0060611	DOID:0080945	abdominal obesity-metabolic syndrome 4
DOID:0060611	DOID:14221	abdominal obesity-metabolic syndrome 1
DOID:0060648	DOID:0080606	anterior segment dysgenesis 1
DOID:0060648	DOID:0080607	anterior segment dysgenesis 2
DOID:0060648	DOID:0080608	anterior segment dysgenesis 3
DOID:0060648	DOID:0080609	anterior segment dysgenesis 4
DOID:0060648	DOID:0080610	anterior segment dysgenesis 5
DOID:0060648	DOID:0080611	anterior segment dysgenesis 6
DOID:0060648	DOID:0080612	anterior segment dysgenesis 7
DOID:0060648	DOID:0080613	anterior segment dysgenesis 8
DOID:0060655	DOID:0060656	autosomal recessive congenital ichthyosis 1
DOID:0060655	DOID:0060710	autosomal recessive congenital ichthyosis 2
DOID:0060655	DOID:0060711	autosomal recessive congenital ichthyosis 3
DOID:0060655	DOID:0060712	autosomal recessive congenital ichthyosis 4A
DOID:0060655	DOID:0060713	autosomal recessive congenital ichthyosis 4B
DOID:0060655	DOID:0060714	autosomal recessive congenital ichthyosis 5
DOID:0060655	DOID:0060715	autosomal recessive congenital ichthyosis 6
DOID:0060655	DOID:0060716	autosomal recessive congenital ichthyosis 7
DOID:0060655	DOID:0060717	autosomal recessive congenital ichthyosis 8
DOID:0060655	DOID:0060718	autosomal recessive congenital ichthyosis 9
DOID:0060655	DOID:0060719	autosomal recessive congenital ichthyosis 10
DOID:0060655	DOID:0060720	autosomal recessive congenital ichthyosis 11
DOID:0060655	DOID:0080257	autosomal recessive congenital ichthyosis 13
DOID:0060655	DOID:0080258	autosomal recessive congenital ichthyosis 14
DOID:0060668	DOID:4626	hydranencephaly
DOID:0060669	DOID:0060670	cerebral cavernous malformation 2
DOID:0060669	DOID:0060671	cerebral cavernous malformation 3
DOID:0060669	DOID:0080491	cerebral cavernous malformation 1
DOID:0060674	DOID:0060675	catecholaminergic polymorphic ventricular tachycardia 1
DOID:0060674	DOID:0060676	catecholaminergic polymorphic ventricular tachycardia 2
DOID:0060674	DOID:0060677	catecholaminergic polymorphic ventricular tachycardia 3
DOID:0060674	DOID:0060678	catecholaminergic polymorphic ventricular tachycardia 4
DOID:0060674	DOID:0060679	catecholaminergic polymorphic ventricular tachycardia 5
DOID:0060681	DOID:0060682	autosomal dominant nocturnal frontal lobe epilepsy 1
DOID:0060681	DOID:0060683	autosomal dominant nocturnal frontal lobe epilepsy 2
DOID:0060681	DOID:0060684	autosomal dominant nocturnal frontal lobe epilepsy 3
DOID:0060681	DOID:0060685	autosomal dominant nocturnal frontal lobe epilepsy 4
DOID:0060681	DOID:0060686	autosomal dominant nocturnal frontal lobe epilepsy 5
DOID:0060695	DOID:0060696	hyperekplexia 1
DOID:0060695	DOID:0060697	hyperekplexia 2
DOID:0060695	DOID:0060698	hyperekplexia 3
DOID:0060695	DOID:0080581	hyperekplexia 4
DOID:0060699	DOID:0060700	familial hypocalciuric hypercalcemia 1
DOID:0060699	DOID:0060701	familial hypocalciuric hypercalcemia 2
DOID:0060699	DOID:0060702	familial hypocalciuric hypercalcemia 3
DOID:0060704	DOID:0060705	X-linked lymphoproliferative syndrome 1
DOID:0060704	DOID:0060706	X-linked lymphoproliferative syndrome 2
DOID:0060704	DOID:0060707	lymphoproliferative syndrome 1
DOID:0060704	DOID:0060708	lymphoproliferative syndrome 2
DOID:0060704	DOID:0081307	lymphomatoid granulomatosis
DOID:0060704	DOID:0111157	Castleman disease
DOID:0060762	DOID:0070369	restrictive dermopathy 1
DOID:0060762	DOID:0070370	restrictive dermopathy 2
DOID:0060774	DOID:0060775	microvillus inclusion disease
DOID:0060774	DOID:0060776	congenital diarrhea 5 with tufting enteropathy
DOID:0060774	DOID:0060778	congenital diarrhea 7 with exudative enteropathy
DOID:0060774	DOID:0060779	congenital malabsorptive diarrhea 4
DOID:0060774	DOID:0060780	congenital diarrhea 6
DOID:0060782	DOID:0060783	ectrodactyly, ectodermal dysplasia, and cleft lip-palate syndrome 3
DOID:0060782	DOID:0060784	ectrodactyly, ectodermal dysplasia, and cleft lip-palate syndrome 1
DOID:0060786	DOID:0060787	hypomyelinating leukodystrophy 2
DOID:0060786	DOID:0060788	hypomyelinating leukodystrophy 10
DOID:0060786	DOID:0060789	hypomyelinating leukodystrophy 4
DOID:0060786	DOID:0060790	hypomyelinating leukodystrophy 3
DOID:0060786	DOID:0060791	hypomyelinating leukodystrophy 9
DOID:0060786	DOID:0060792	hypomyelinating leukodystrophy 11
DOID:0060786	DOID:0060793	hypomyelinating leukodystrophy 5
DOID:0060786	DOID:0060794	hypomyelinating leukodystrophy 7
DOID:0060786	DOID:0060795	hypomyelinating leukodystrophy 13
DOID:0060786	DOID:0060796	hypomyelinating leukodystrophy 12
DOID:0060786	DOID:0060797	hypomyelinating leukodystrophy 8
DOID:0060786	DOID:0060798	hypomyelinating leukodystrophy 6
DOID:0060786	DOID:0070397	hypomyelinating leukodystrophy 23
DOID:0060786	DOID:0070398	hypomyelinating leukodystrophy 15
DOID:0060786	DOID:0070399	hypomyelinating leukodystrophy 18
DOID:0060786	DOID:0070400	hypomyelinating leukodystrophy 19
DOID:0060786	DOID:0070401	hypomyelinating leukodystrophy 25
DOID:0060786	DOID:0070402	hypomyelinating leukodystrophy 22
DOID:0060786	DOID:0070403	hypomyelinating leukodystrophy 26
DOID:0060786	DOID:0070404	hypomyelinating leukodystrophy 17
DOID:0060786	DOID:0070405	hypomyelinating leukodystrophy 16
DOID:0060786	DOID:0070406	hypomyelinating leukodystrophy 24
DOID:0060786	DOID:0070407	hypomyelinating leukodystrophy 21
DOID:0060786	DOID:0080296	hypomyelinating leukodystrophy 14
DOID:0060786	DOID:0112153	hypomyelinating leukodystrophy 20
DOID:0060786	DOID:3210	Pelizaeus-Merzbacher disease
DOID:0060831	DOID:0060832	Griscelli syndrome type 1
DOID:0060831	DOID:0060833	Griscelli syndrome type 2
DOID:0060831	DOID:0060834	Griscelli syndrome type 3
DOID:0060863	DOID:0060864	patterned macular dystrophy 2
DOID:0060863	DOID:0060865	patterned macular dystrophy 3
DOID:0060863	DOID:0060866	patterned macular dystrophy 1
DOID:0060868	DOID:0070367	leukoencephalopathy with vanishing white matter 5
DOID:0060868	DOID:0070371	leukoencephalopathy with vanishing white matter 4
DOID:0060868	DOID:0070372	leukoencephalopathy with vanishing white matter 3
DOID:0060868	DOID:0070373	leukoencephalopathy with vanishing white matter 2
DOID:0060868	DOID:0070374	leukoencephalopathy with vanishing white matter 1
DOID:0060870	DOID:0060872	isolated growth hormone deficiency type II
DOID:0060870	DOID:0060873	isolated growth hormone deficiency type IA
DOID:0060870	DOID:0060874	isolated growth hormone deficiency type IB
DOID:0060870	DOID:0060875	isolated growth hormone deficiency type III
DOID:0060879	DOID:0060880	renal hypomagnesemia 3
DOID:0060879	DOID:0060881	renal hypomagnesemia 5 with ocular involvement
DOID:0060879	DOID:0060882	renal hypomagnesemia 4
DOID:0060879	DOID:0060883	intestinal hypomagnesemia 1
DOID:0060879	DOID:0060884	renal hypomagnesemia 6
DOID:0060879	DOID:0060885	renal hypomagnesemia 2
DOID:0060879	DOID:0060972	renal hypomagnesemia 7, with or without dilated cardiomyopathy
DOID:0060892	DOID:0060367	Parkinson's disease 1
DOID:0060892	DOID:0060371	Parkinson's disease 8
DOID:0060892	DOID:0060895	Parkinson's disease 4
DOID:0060892	DOID:0060897	Parkinson's disease 17
DOID:0060892	DOID:0060900	Parkinson's disease 14
DOID:0060892	DOID:0080504	Parkinson's disease 22
DOID:0060892	DOID:0111250	Parkinson's disease 3
DOID:0060892	DOID:0111251	Parkinson's disease 21
DOID:0060894	DOID:0060368	Parkinson's disease 2
DOID:0060894	DOID:0060369	Parkinson's disease 6
DOID:0060894	DOID:0060370	Parkinson's disease 7
DOID:0060894	DOID:0060372	Parkinson's disease 15
DOID:0060894	DOID:0060556	Kufor-Rakeb syndrome
DOID:0060894	DOID:0060891	Parkinson's disease 19A
DOID:0060894	DOID:0060893	juvenile-onset Parkinson's disease
DOID:0060894	DOID:0060896	Parkinson's disease 23
DOID:0060894	DOID:0060898	Parkinson's disease 20
DOID:0060894	DOID:0070486	Parkinson's disease 25
DOID:0060903	DOID:11695	portal vein thrombosis
DOID:0060903	DOID:11847	coronary thrombosis
DOID:0060903	DOID:4193	intracranial thrombosis
DOID:0060904	DOID:4378	peanut allergy
DOID:0060913	DOID:0050553	proteasome-associated autoinflammatory syndrome 1
DOID:0060913	DOID:0060914	proteosome-associated autoinflammatory syndrome 2
DOID:0060913	DOID:0060915	proteosome-associated autoinflammatory syndrome 4
DOID:0060913	DOID:0060916	proteasome-associated autoinflammatory syndrome 3
DOID:0060913	DOID:0060919	proteosome-associated autoinflammatory syndrome 5
DOID:0060930	DOID:0060931	developmental dysplasia of the hip 1
DOID:0060930	DOID:0060932	developmental dysplasia of the hip 2
DOID:0060991	DOID:0060728	congenital disorder of deglycosylation 1
DOID:0060991	DOID:0060990	congenital disorder of deglycosylation 2
DOID:0061030	DOID:0111823	autosomal hemophilia A
DOID:0061030	DOID:12134	factor VIII deficiency
DOID:0061030	DOID:12259	hemophilia B
DOID:0061030	DOID:12531	von Willebrand's disease
DOID:0061030	DOID:2229	factor XI deficiency
DOID:0061100	DOID:0051037	autosomal dominant primary microcephaly 26
DOID:0061100	DOID:0051038	autosomal dominant primary microcephaly 27
DOID:0061100	DOID:0070295	primary autosomal dominant microcephaly 18
DOID:0061159	DOID:0061160	infantile onset multisystem autoimmune disease 1
DOID:0061159	DOID:0061161	infantile onset multisystem autoimmune disease 2
DOID:0061159	DOID:0061162	infantile onset multisystem autoimmune disease 3
DOID:0061159	DOID:0061163	infantile onset multisystem autoimmune disease 4
DOID:0061159	DOID:0061164	infantile onset multisystem autoimmune disease 5
DOID:0061170	DOID:0061169	autosomal dominant autoinflammation, panniculitis, and dermatosis syndrome
DOID:0061170	DOID:0080163	autosomal recessive autoinflammation, panniculitis, and dermatosis syndrome
DOID:0061247	DOID:0061248	familial hyperaldosteronism III
DOID:0061247	DOID:0061249	familial hyperaldosteronism II
DOID:0061247	DOID:0061250	familial hyperaldosteronism IV
DOID:0070003	DOID:0081244	pituitary blastoma
DOID:0070003	DOID:4765	pulmonary blastoma
DOID:0070004	DOID:0080164	myeloid and lymphoid neoplasms with eosinophilia and abnormalities of PDGFRA, PDGFRB, and FGFR1
DOID:0070004	DOID:2226	myeloproliferative neoplasm
DOID:0070004	DOID:4971	myelofibrosis
DOID:0070004	DOID:4972	myelodysplastic/myeloproliferative neoplasm
DOID:0070004	DOID:9538	multiple myeloma
DOID:0070141	DOID:0070129	autosomal recessive cutis laxa type IID
DOID:0070141	DOID:0070134	autosomal recessive cutis laxa type IIA
DOID:0070141	DOID:0070140	autosomal recessive cutis laxa type IIC
DOID:0070142	DOID:0070130	autosomal dominant cutis laxa 1
DOID:0070142	DOID:0070131	autosomal dominant cutis laxa 3
DOID:0070142	DOID:0070136	autosomal dominant cutis laxa 2
DOID:0070143	DOID:0070132	autosomal recessive cutis laxa type IIIA
DOID:0070143	DOID:0070138	autosomal recessive cutis laxa type IIIB
DOID:0070144	DOID:0070133	autosomal recessive cutis laxa type IB
DOID:0070144	DOID:0070135	autosomal recessive cutis laxa type IA
DOID:0070144	DOID:0070139	autosomal recessive cutis laxa type IC
DOID:0070161	DOID:0070147	hereditary sensory neuropathy type 2C
DOID:0070161	DOID:0070150	hereditary sensory and autonomic neuropathy type 2B
DOID:0070161	DOID:0070155	hereditary sensory and autonomic neuropathy type 2A
DOID:0070161	DOID:0070689	hereditary sensory and autonomic neuropathy type 2D
DOID:0070162	DOID:0070152	hereditary sensory and autonomic neuropathy type 1A
DOID:0070162	DOID:0070154	hereditary sensory neuropathy type 1F
DOID:0070162	DOID:0070156	hereditary sensory neuropathy type 1D
DOID:0070162	DOID:0070157	hereditary sensory and autonomic neuropathy type 1C
DOID:0070162	DOID:0070158	hereditary sensory neuropathy type 1E
DOID:0070198	DOID:0070199	Miyoshi muscular dystrophy 1
DOID:0070198	DOID:0070200	Miyoshi muscular dystrophy 2
DOID:0070198	DOID:0070201	Miyoshi muscular dystrophy 3
DOID:0070221	DOID:0070222	progressive familial intrahepatic cholestasis 2
DOID:0070221	DOID:0070223	progressive familial intrahepatic cholestasis 3
DOID:0070221	DOID:0070224	progressive familial intrahepatic cholestasis 4
DOID:0070221	DOID:0070225	progressive familial intrahepatic cholestasis 5
DOID:0070221	DOID:0070226	progressive familial intrahepatic cholestasis 1
DOID:0070227	DOID:0070228	intrahepatic cholestasis of pregnancy 1
DOID:0070227	DOID:0070229	intrahepatic cholestasis of pregnancy 3
DOID:0070230	DOID:0070231	benign recurrent intrahepatic cholestasis 1
DOID:0070230	DOID:0070232	benign recurrent intrahepatic cholestasis 2
DOID:0070296	DOID:0051031	primary autosomal recessive microcephaly 20
DOID:0070296	DOID:0051032	primary autosomal recessive microcephaly 21
DOID:0070296	DOID:0051033	primary autosomal recessive microcephaly 22
DOID:0070296	DOID:0051034	primary autosomal recessive microcephaly 23
DOID:0070296	DOID:0051035	primary autosomal recessive microcephaly 24
DOID:0070296	DOID:0051036	primary autosomal recessive microcephaly 25
DOID:0070296	DOID:0051039	primary autosomal recessive microcephaly 28
DOID:0070296	DOID:0051040	primary autosomal recessive microcephaly 29
DOID:0070296	DOID:0051041	primary autosomal recessive microcephaly 30
DOID:0070296	DOID:0051074	primary autosomal recessive microcephaly 31
DOID:0070296	DOID:0070277	primary autosomal recessive microcephaly 15
DOID:0070296	DOID:0070278	primary autosomal recessive microcephaly 7
DOID:0070296	DOID:0070279	primary autosomal recessive microcephaly 14
DOID:0070296	DOID:0070280	primary autosomal recessive microcephaly 5
DOID:0070296	DOID:0070281	primary autosomal recessive microcephaly 19
DOID:0070296	DOID:0070282	primary autosomal recessive microcephaly 8
DOID:0070296	DOID:0070283	primary autosomal recessive microcephaly 13
DOID:0070296	DOID:0070284	primary autosomal recessive microcephaly 12
DOID:0070296	DOID:0070285	primary autosomal recessive microcephaly 1
DOID:0070296	DOID:0070286	primary autosomal recessive microcephaly 3
DOID:0070296	DOID:0070287	primary autosomal recessive microcephaly 11
DOID:0070296	DOID:0070288	primary autosomal recessive microcephaly 17
DOID:0070296	DOID:0070289	primary autosomal recessive microcephaly 16
DOID:0070296	DOID:0070290	primary autosomal recessive microcephaly 6
DOID:0070296	DOID:0070291	primary autosomal recessive microcephaly 4
DOID:0070296	DOID:0070292	primary autosomal recessive microcephaly 9
DOID:0070296	DOID:0070293	primary autosomal recessive microcephaly 2 with or without cortical malformations
DOID:0070296	DOID:0070294	primary autosomal recessive microcephaly 10
DOID:0070297	DOID:0061100	autosomal dominant primary microcephaly
DOID:0070297	DOID:0070296	autosomal recessive primary microcephaly
DOID:0070305	DOID:0070298	multiple epiphyseal dysplasia 2
DOID:0070305	DOID:0070301	multiple epiphyseal dysplasia 6
DOID:0070305	DOID:0070304	multiple epiphyseal dysplasia 3
DOID:0070309	DOID:0050704	childhood electroclinical syndrome
DOID:0070309	DOID:0050705	adolescence-adult electroclinical syndrome
DOID:0070310	DOID:0111734	aminoglycoside-induced deafness
DOID:0070313	DOID:10915	Wernicke-Korsakoff syndrome
DOID:0070313	DOID:13725	beriberi
DOID:0070329	DOID:0051029	mitochondrial DNA depletion syndrome-21
DOID:0070329	DOID:0070331	mitochondrial DNA depletion syndrome 8b
DOID:0070329	DOID:0070446	mitochondrial DNA depletion syndrome 16
DOID:0070329	DOID:0070447	mitochondrial DNA depletion syndrome 16B
DOID:0070329	DOID:0070448	mitochondrial DNA depletion syndrome 17
DOID:0070329	DOID:0070449	mitochondrial DNA depletion syndrome 18
DOID:0070329	DOID:0070450	mitochondrial DNA depletion syndrome 19
DOID:0070329	DOID:0070451	mitochondrial DNA depletion syndrome 20
DOID:0070329	DOID:0070750	mitochondrial myopathy and ataxia
DOID:0070329	DOID:0080119	mitochondrial DNA depletion syndrome 1
DOID:0070329	DOID:0080120	mitochondrial DNA depletion syndrome 2
DOID:0070329	DOID:0080121	mitochondrial DNA depletion syndrome 3
DOID:0070329	DOID:0080122	Alpers-Huttenlocher syndrome
DOID:0070329	DOID:0080123	mitochondrial DNA depletion syndrome 4b
DOID:0070329	DOID:0080124	mitochondrial DNA depletion syndrome 5
DOID:0070329	DOID:0080125	mitochondrial DNA depletion syndrome 6
DOID:0070329	DOID:0080126	mitochondrial DNA depletion syndrome 7
DOID:0070329	DOID:0080127	mitochondrial DNA depletion syndrome 8a
DOID:0070329	DOID:0080128	mitochondrial DNA depletion syndrome 9
DOID:0070329	DOID:0080129	mitochondrial DNA depletion syndrome 11
DOID:0070329	DOID:0080130	mitochondrial DNA depletion syndrome 12a
DOID:0070329	DOID:0080131	mitochondrial DNA depletion syndrome 13
DOID:0070329	DOID:0080132	Sengers syndrome
DOID:0070329	DOID:0080335	mitochondrial DNA depletion syndrome 12b
DOID:0070329	DOID:0080336	mitochondrial DNA depletion syndrome 14
DOID:0070329	DOID:0080337	mitochondrial DNA depletion syndrome 15
DOID:0070330	DOID:0070332	multiple mitochondrial dysfunctions syndrome 6
DOID:0070330	DOID:0070733	multiple mitochondrial dysfunctions syndrome 7
DOID:0070330	DOID:0070734	episodic mitochondrial myopathy with optic atrophy and reversible leukoencephalopathy
DOID:0070330	DOID:0070735	auditory neuropathy and optic atrophy
DOID:0070330	DOID:0070736	multiple mitochondrial dysfunctions syndrome 9B
DOID:0070330	DOID:0070737	multiple mitochondrial dysfunctions syndrome 10
DOID:0070330	DOID:0080133	multiple mitochondrial dysfunctions syndrome 1
DOID:0070330	DOID:0080134	multiple mitochondrial dysfunctions syndrome 2
DOID:0070330	DOID:0080135	multiple mitochondrial dysfunctions syndrome 3
DOID:0070330	DOID:0080136	multiple mitochondrial dysfunctions syndrome 4
DOID:0070330	DOID:0080274	multiple mitochondrial dysfunctions syndrome 5
DOID:0070334	DOID:0070335	celery allergy
DOID:0070334	DOID:0081005	parsley allergy
DOID:0070334	DOID:0081006	dill allergy
DOID:0070348	DOID:0070349	spinal muscular atrophy with lower extremity predominant 2A
DOID:0070348	DOID:0070350	spinal muscular atrophy with lower extremity predominant 2B
DOID:0070348	DOID:0070351	spinal muscular atrophy with lower extremity predominant 1
DOID:0070431	DOID:0070432	hyperphosphatasia with impaired intellectual development syndrome 5
DOID:0070431	DOID:0070433	hyperphosphatasia with impaired intellectual development syndrome 1
DOID:0070431	DOID:0070434	hyperphosphatasia with impaired intellectual development syndrome 2
DOID:0070431	DOID:0070435	hyperphosphatasia with impaired intellectual development syndrome 3
DOID:0070431	DOID:0070436	hyperphosphatasia with impaired intellectual development syndrome 4
DOID:0070431	DOID:0070437	hyperphosphatasia with impaired intellectual development syndrome 6
DOID:0070438	DOID:0070439	North Carolina macular dystrophy
DOID:0070438	DOID:0070440	retinal macular dystrophy 3
DOID:0070438	DOID:0070441	retinal macular dystrophy 4
DOID:0070438	DOID:0070517	retinal macular dystrophy 2
DOID:0070476	DOID:0070477	diphthamide deficiency syndrome 1
DOID:0070476	DOID:0070478	diphthamide deficiency syndrome 2
DOID:0070476	DOID:0070479	neurodevelopmental disorder with short stature, prominent forehead, and feeding difficulties
DOID:0070487	DOID:0070488	atypical dopamine transporter deficiency syndrome
DOID:0070487	DOID:0070489	classic dopamine transporter deficiency syndrome
DOID:0070560	DOID:0070561	glucose transporter type 1 deficiency syndrome 1
DOID:0070560	DOID:0090044	dystonia 9
DOID:0070560	DOID:0090045	glucose transporter type 1 deficiency syndrome 2
DOID:0070617	DOID:0060997	rhabdoid tumor predisposition syndrome 2
DOID:0070617	DOID:0070618	rhabdoid tumor predisposition syndrome 1
DOID:0070620	DOID:0070621	ring chromosome 14 syndrome
DOID:0070620	DOID:0070622	ring chromosome 20 syndrome
DOID:0070648	DOID:0070649	cherubism 2
DOID:0070648	DOID:1856	cherubism 1
DOID:0070656	DOID:13515	tuberous sclerosis
DOID:0070656	DOID:6457	Cowden syndrome
DOID:0070658	DOID:12351	alcoholic hepatitis
DOID:0070658	DOID:14018	alcoholic liver cirrhosis
DOID:0070678	DOID:0070679	congenital hypomyelinating neuropathy 2
DOID:0070678	DOID:0070680	congenital hypomyelinating neuropathy 3
DOID:0070678	DOID:0110195	congenital hypomyelinating neuropathy 1
DOID:0070681	DOID:0070682	congenital hydrocephalus 1
DOID:0070681	DOID:0070683	congenital hydrocephalus 2
DOID:0070681	DOID:0070684	congenital hydrocephalus 3
DOID:0070681	DOID:0070685	congenital hydrocephalus 4
DOID:0070681	DOID:0070686	X-linked congenital hydrocephalus
DOID:0070768	DOID:0070769	peri-implant mucositis
DOID:0070768	DOID:0070770	peri-implantitis
DOID:0070779	DOID:0070786	triple positive breast cancer
DOID:0070784	DOID:0060075	estrogen receptor-positive breast cancer
DOID:0070784	DOID:0060077	progesterone receptor-positive breast cancer
DOID:0070784	DOID:0070779	hormone receptor-positive/HER2-positive breast cancer
DOID:0070784	DOID:0070780	hormone receptor-positive/HER2-negative breast cancer
DOID:0070785	DOID:0060076	estrogen receptor-negative breast cancer
DOID:0070785	DOID:0060078	progesterone receptor-negative breast cancer
DOID:0070785	DOID:0060081	triple-negative breast cancer
DOID:0070785	DOID:0070778	hormone receptor-negative/HER2-positive breast cancer
DOID:0080000	DOID:0050710	3-methylcrotonyl-CoA carboxylase deficiency
DOID:0080000	DOID:0050824	sinoatrial node disease
DOID:0080000	DOID:0061183	myopathy with myalgia, increased serum creatine kinase, and with or without episodic rhabdomyolysis 1
DOID:0080000	DOID:0061184	myopathy with myalgia, increased serum creatine kinase, and with or without episodic rhabdomyolysis 2
DOID:0080000	DOID:10079	cysticercosis
DOID:0080000	DOID:10481	diaphragm disease
DOID:0080000	DOID:10882	epidemic pleurodynia
DOID:0080000	DOID:4045	muscle cancer
DOID:0080000	DOID:461	muscle benign neoplasm
DOID:0080000	DOID:66	muscle tissue disease
DOID:0080000	DOID:913	atrophic muscular disease
DOID:0080000	DOID:9159	gas gangrene
DOID:0080000	DOID:9790	toxocariasis
DOID:0080001	DOID:0050788	proximal symphalangism
DOID:0080001	DOID:0060094	bone benign neoplasm
DOID:0080001	DOID:0060564	spinal disease
DOID:0080001	DOID:0070708	dentin dysplasia with sclerotic bones
DOID:0080001	DOID:0080005	bone remodeling disease
DOID:0080001	DOID:0080006	bone development disease
DOID:0080001	DOID:0080008	ischemic bone disease
DOID:0080001	DOID:0080010	bone structure disease
DOID:0080001	DOID:0081122	Catel Manzke syndrome
DOID:0080001	DOID:0111161	Crouzon syndrome-acanthosis nigricans syndrome
DOID:0080001	DOID:13357	chondromalacia patellae
DOID:0080001	DOID:1495	cystic echinococcosis
DOID:0080001	DOID:1639	skeletal tuberculosis
DOID:0080001	DOID:184	bone cancer
DOID:0080001	DOID:2736	Hajdu-Cheney syndrome
DOID:0080001	DOID:3342	bone inflammation disease
DOID:0080001	DOID:381	arthropathy
DOID:0080001	DOID:9146	visceral leishmaniasis
DOID:0080001	DOID:930	orbital disease
DOID:0080001	DOID:9358	fibular collateral ligament bursitis
DOID:0080005	DOID:0060992	bent bone dysplasia syndrome 1
DOID:0080005	DOID:0060993	bent bone dysplasia syndrome 2
DOID:0080005	DOID:0061155	kyphomelic dysplasia
DOID:0080005	DOID:0080011	bone resorption disease
DOID:0080005	DOID:0080031	fibrous dysplasia
DOID:0080005	DOID:0111542	familial expansile osteolysis
DOID:0080005	DOID:10573	osteomalacia
DOID:0080005	DOID:10609	rickets
DOID:0080005	DOID:205	hyperostosis
DOID:0080005	DOID:4254	osteosclerosis
DOID:0080006	DOID:0050592	asphyxiating thoracic dystrophy
DOID:0080006	DOID:0060930	developmental dysplasia of the hip
DOID:0080006	DOID:0070316	Miura type epiphyseal chondrodysplasia
DOID:0080006	DOID:0080883	vitamin D-dependent rickets
DOID:0080006	DOID:0081127	mandibuloacral dysplasia
DOID:0080006	DOID:0090020	split hand-foot malformation
DOID:0080006	DOID:0090067	Fuhrmann syndrome
DOID:0080006	DOID:0090116	spondylocarpotarsal synostosis syndrome
DOID:0080006	DOID:0111673	Saul-Wilson syndrome
DOID:0080006	DOID:0111724	geleophysic dysplasia
DOID:0080006	DOID:0111732	Eiken syndrome
DOID:0080006	DOID:0111782	otopalatodigital syndrome spectrum disorder
DOID:0080006	DOID:0112120	SHOX-related short stature
DOID:0080006	DOID:11836	clubfoot
DOID:0080006	DOID:1934	dysostosis
DOID:0080006	DOID:2256	osteochondrodysplasia
DOID:0080007	DOID:6725	spinal stenosis
DOID:0080007	DOID:90	degenerative disc disease
DOID:0080008	DOID:0080018	dysbaric osteonecrosis
DOID:0080008	DOID:10159	osteonecrosis
DOID:0080008	DOID:8125	osteochondrosis
DOID:0080008	DOID:84	osteochondritis dissecans
DOID:0080009	DOID:0050437	Danon disease
DOID:0080009	DOID:0050445	X-linked hypophosphatemic rickets
DOID:0080009	DOID:0060316	orofaciodigital syndrome I
DOID:0080009	DOID:0060446	X-linked endothelial corneal dystrophy
DOID:0080009	DOID:0060450	Lisch epithelial corneal dystrophy
DOID:0080009	DOID:0060461	chromosome Xp11.23-p11.22 duplication syndrome
DOID:0080009	DOID:0060599	Nance-Horan syndrome
DOID:0080009	DOID:0060825	Christianson syndrome
DOID:0080009	DOID:0060848	developmental and epileptic encephalopathy 9
DOID:0080009	DOID:0060954	Holoprosencephaly 13, X-linked
DOID:0080009	DOID:0061015	female-restricted Wieacker-Wolff syndrome
DOID:0080009	DOID:0070265	congenital disorder of glycosylation type IIm
DOID:0080009	DOID:0070380	developmental and epileptic encephalopathy 85
DOID:0080009	DOID:0070698	X-linked neurodevelopmental disorder with poor or absent speech and behavioral abnormalities
DOID:0080009	DOID:0080090	reducing body myopathy 1A
DOID:0080009	DOID:0080352	X-linked chondrodysplasia punctata 2
DOID:0080009	DOID:0080467	developmental and epileptic encephalopathy 2
DOID:0080009	DOID:0080470	developmental and epileptic encephalopathy 36
DOID:0080009	DOID:0080506	Cornelia de Lange syndrome 2
DOID:0080009	DOID:0080509	Cornelia de Lange syndrome 5
DOID:0080009	DOID:0080858	primary ovarian insufficiency 2A
DOID:0080009	DOID:0110030	alpha thalassemia-X-linked intellectual disability syndrome
DOID:0080009	DOID:0110034	X-linked Alport syndrome
DOID:0080009	DOID:0110058	amelogenesis imperfecta type 1E
DOID:0080009	DOID:0110207	Charcot-Marie-Tooth disease X-linked dominant 6
DOID:0080009	DOID:0110209	Charcot-Marie-Tooth disease X-linked dominant 1
DOID:0080009	DOID:0110739	neurodegeneration with brain iron accumulation 5
DOID:0080009	DOID:0111761	46,XX sex reversal 1
DOID:0080009	DOID:0111762	46,XX sex reversal 3
DOID:0080009	DOID:0111783	otopalatodigital syndrome type 1
DOID:0080009	DOID:0111784	otopalatodigital syndrome type 2
DOID:0080009	DOID:0111796	congenital nystagmus 5
DOID:0080009	DOID:0111808	linear skin defects with multiple congenital anomalies 1
DOID:0080009	DOID:0111809	syndromic microphthalmia 2
DOID:0080009	DOID:0111822	CHILD syndrome
DOID:0080009	DOID:0111868	nonphotosensitive trichothiodystrophy 5
DOID:0080009	DOID:0111876	linear skin defects with multiple congenital anomalies 3
DOID:0080009	DOID:0111877	linear skin defects with multiple congenital anomalies 2
DOID:0080009	DOID:0112016	non-syndromic X-linked intellectual disability 2
DOID:0080009	DOID:0112019	non-syndromic X-linked intellectual disability 19
DOID:0080009	DOID:0112025	female-restricted syndromic X-linked intellectual disability 99
DOID:0080009	DOID:0112031	non-syndromic X-linked intellectual disability 89
DOID:0080009	DOID:0112038	non-syndromic X-linked intellectual disability 1
DOID:0080009	DOID:0112043	non-syndromic X-linked intellectual disability 91
DOID:0080009	DOID:0112044	non-syndromic X-linked intellectual disability 98
DOID:0080009	DOID:0112050	non-syndromic X-linked intellectual disability 63
DOID:0080009	DOID:0112054	non-syndromic X-linked intellectual disability 107
DOID:0080009	DOID:0112058	non-syndromic X-linked intellectual disability 41
DOID:0080009	DOID:0112060	Raynaud-Claes syndrome
DOID:0080009	DOID:0112123	deafness, dystonia, and cerebral hypomyelination
DOID:0080009	DOID:14261	fragile X syndrome
DOID:0080009	DOID:14737	craniofrontonasal syndrome
DOID:0080009	DOID:2120	focal dermal hypoplasia
DOID:0080009	DOID:3783	Coffin-Lowry syndrome
DOID:0080010	DOID:0060249	scoliosis
DOID:0080010	DOID:0080007	bone deterioration disease
DOID:0080010	DOID:2247	spondylosis
DOID:0080010	DOID:2300	spondylolysis
DOID:0080010	DOID:4667	kyphosis
DOID:0080010	DOID:6682	spondylolisthesis
DOID:0080011	DOID:0070648	cherubism
DOID:0080011	DOID:11476	osteoporosis
DOID:0080011	DOID:3341	osteitis fibrosa
DOID:0080012	DOID:0050476	Barth syndrome
DOID:0080012	DOID:0050554	X-linked sideroblastic anemia with ataxia
DOID:0080012	DOID:0050630	Aland Island eye disease
DOID:0080012	DOID:0050631	Allan-Herndon-Dudley syndrome
DOID:0080012	DOID:0050679	blue cone monochromacy
DOID:0080012	DOID:0050681	Borjeson-Forssman-Lehmann syndrome
DOID:0080012	DOID:0050699	Dent disease
DOID:0080012	DOID:0050760	X-linked myopathy with excessive autophagy
DOID:0080012	DOID:0051008	congenital nonspherocytic hemolytic anemia 9
DOID:0080012	DOID:0051016	visceral heterotaxy 1
DOID:0080012	DOID:0051048	congenital disorder of glycosylation type IIr
DOID:0080012	DOID:0060013	X-linked severe combined immunodeficiency
DOID:0080012	DOID:0060022	CD40 ligand deficiency
DOID:0080012	DOID:0060063	sideroblastic anemia 1
DOID:0080012	DOID:0060161	Kennedy's disease
DOID:0080012	DOID:0060179	Renpenning syndrome
DOID:0080012	DOID:0060246	MASA syndrome
DOID:0080012	DOID:0060248	Simpson-Golabi-Behmel syndrome type 1
DOID:0080012	DOID:0060292	X-linked chondrodysplasia punctata 1
DOID:0080012	DOID:0060305	megalocornea
DOID:0080012	DOID:0060378	orofaciodigital syndrome VIII
DOID:0080012	DOID:0060572	Ritscher-Schinzel syndrome 2
DOID:0080012	DOID:0060693	Brunner Syndrome
DOID:0080012	DOID:0060705	X-linked lymphoproliferative syndrome 1
DOID:0080012	DOID:0060706	X-linked lymphoproliferative syndrome 2
DOID:0080012	DOID:0060763	X-linked juvenile retinoschisis 1
DOID:0080012	DOID:0060800	syndromic X-linked intellectual disability 5
DOID:0080012	DOID:0060801	MEHMO syndrome
DOID:0080012	DOID:0060802	syndromic X-linked intellectual disability Snyder type
DOID:0080012	DOID:0060803	syndromic X-linked intellectual disability 17
DOID:0080012	DOID:0060805	Prieto syndrome
DOID:0080012	DOID:0060809	syndromic X-linked intellectual disability Claes-Jensen type
DOID:0080012	DOID:0060812	syndromic X-linked intellectual disability Siderius type
DOID:0080012	DOID:0060814	Wilson-Turner syndrome
DOID:0080012	DOID:0060815	Wieacker-Wolff syndrome
DOID:0080012	DOID:0060844	Norrie disease
DOID:0080012	DOID:0060875	isolated growth hormone deficiency type III
DOID:0080012	DOID:0060954	Holoprosencephaly 13, X-linked
DOID:0080012	DOID:0061068	immunodeficiency 98
DOID:0080012	DOID:0061072	immunodeficiency 102
DOID:0080012	DOID:0061084	immunodeficiency 118
DOID:0080012	DOID:0061148	hereditary congenital ptosis 2
DOID:0080012	DOID:0061177	X-linked spermatogenic failure 9
DOID:0080012	DOID:0070025	X-linked dyskeratosis congenita
DOID:0080012	DOID:0070159	X-linked hereditary sensory neuropathy
DOID:0080012	DOID:0070185	X-linked spermatogenic failure 2
DOID:0080012	DOID:0070195	X-linked chronic granulomatous disease
DOID:0080012	DOID:0070246	X-linked Emery-Dreifuss muscular dystrophy 1
DOID:0080012	DOID:0070251	X-linked Emery-Dreifuss muscular dystrophy 6
DOID:0080012	DOID:0070598	X-linked spermatogenic failure 7
DOID:0080012	DOID:0070686	X-linked congenital hydrocephalus
DOID:0080012	DOID:0080139	multiple congenital anomalies-hypotonia-seizures syndrome 2
DOID:0080012	DOID:0080156	X-linked adrenal hypoplasia congenita
DOID:0080012	DOID:0080215	developmental and epileptic encephalopathy 8
DOID:0080012	DOID:0080241	syndromic X-linked mental retardation 35
DOID:0080012	DOID:0080244	Galloway-Mowat syndrome 2
DOID:0080012	DOID:0080319	X-linked immunodeficiency with magnesium defect, Epstein-Barr virus infection, and neoplasia
DOID:0080012	DOID:0080342	Simpson-Golabi-Behmel syndrome type 2
DOID:0080012	DOID:0080353	X-linked recessive hypophosphatemic rickets
DOID:0080012	DOID:0080362	X-linked spondyloepiphyseal dysplasia tarda
DOID:0080012	DOID:0080468	developmental and epileptic encephalopathy 1
DOID:0080012	DOID:0080574	congenital disorder of glycosylation Iy
DOID:0080012	DOID:0080681	X-linked chronic idiopathic intestinal pseudo-obstruction
DOID:0080012	DOID:0080697	Opitz GBBB syndrome
DOID:0080012	DOID:0080754	X-linked keratosis follicularis spinulosa decalvans
DOID:0080012	DOID:0080776	partial androgen insensitivity syndrome
DOID:0080012	DOID:0080859	primary ovarian insufficiency 2B
DOID:0080012	DOID:0080984	X-linked intellectual developmental disorder 109
DOID:0080012	DOID:0080985	syndromic X-linked intellectual disorder Lujan-Fryns-type
DOID:0080012	DOID:0081060	X-linked nephrogenic diabetes insipidus
DOID:0080012	DOID:0081078	ectodermal dysplasia and immunodeficiency 1
DOID:0080012	DOID:0081100	spastic paraplegia with deafness
DOID:0080012	DOID:0090057	X-linked dystonia-parkinsonism
DOID:0080012	DOID:0090094	hypogonadotropic hypogonadism 1 with or without anosmia
DOID:0080012	DOID:0090110	immune dysregulation-polyendocrinopathy-enteropathy-X-linked syndrome
DOID:0080012	DOID:0110208	Charcot-Marie-Tooth disease X-linked recessive 2
DOID:0080012	DOID:0110210	Charcot-Marie-Tooth disease X-linked recessive 5
DOID:0080012	DOID:0110211	Charcot-Marie-Tooth disease X-linked recessive 3
DOID:0080012	DOID:0110212	Charcot-Marie-Tooth disease X-linked recessive 4
DOID:0080012	DOID:0110412	retinitis pigmentosa 23
DOID:0080012	DOID:0110769	hereditary spastic paraplegia 16
DOID:0080012	DOID:0110773	hereditary spastic paraplegia 2
DOID:0080012	DOID:0110785	hereditary spastic paraplegia 34
DOID:0080012	DOID:0110870	congenital stationary night blindness 1A
DOID:0080012	DOID:0110871	congenital stationary night blindness 2A
DOID:0080012	DOID:0110981	Joubert syndrome 10
DOID:0080012	DOID:0111007	X-linked cone-rod dystrophy 3
DOID:0080012	DOID:0111040	glycogen storage disease IXd
DOID:0080012	DOID:0111042	glycogen storage disease IXa1
DOID:0080012	DOID:0111098	Fanconi anemia complementation group B
DOID:0080012	DOID:0111140	IGSF1 deficiency syndrome
DOID:0080012	DOID:0111196	X-linked distal spinal muscular atrophy 3
DOID:0080012	DOID:0111260	phosphoribosylpyrophosphate synthetase superactivity
DOID:0080012	DOID:0111272	occipital horn syndrome
DOID:0080012	DOID:0111502	combined oxidative phosphorylation deficiency 6
DOID:0080012	DOID:0111664	ectodermal dysplasia 1
DOID:0080012	DOID:0111741	X-linked deafness 5
DOID:0080012	DOID:0111766	X-linked VACTERL association
DOID:0080012	DOID:0111767	X-linked thrombocytopenia with beta-thalassemia
DOID:0080012	DOID:0111768	X-linked properdin deficiency
DOID:0080012	DOID:0111781	Waisman syndrome
DOID:0080012	DOID:0111786	frontometaphyseal dysplasia 1
DOID:0080012	DOID:0111790	congenital nystagmus 1
DOID:0080012	DOID:0111798	X-linked nephrolithiasis type I
DOID:0080012	DOID:0111813	syndactyly type 8
DOID:0080012	DOID:0111814	methylmalonic acidemia and homocysteinemia cblX type
DOID:0080012	DOID:0111821	ichthyosis follicularis-alopecia-photophobia syndrome 1
DOID:0080012	DOID:0111827	X-linked spinal muscular atrophy 2
DOID:0080012	DOID:0111829	X-linked spinocerebellar ataxia 1
DOID:0080012	DOID:0111833	X-linked spinocerebellar ataxia 5
DOID:0080012	DOID:0111835	congenital nongoitrous hypothyroidism 9
DOID:0080012	DOID:0111839	congenital disorder of glycosylation Icc
DOID:0080012	DOID:0111840	Van Esch-O'Driscoll syndrome
DOID:0080012	DOID:0111841	Shukla-Vernon syndrome
DOID:0080012	DOID:0111842	Keipert syndrome
DOID:0080012	DOID:0111843	Paganini-Miozzo syndrome
DOID:0080012	DOID:0111844	X-linked intellectual developmental disorder 108
DOID:0080012	DOID:0111846	X-linked congenital hemolytic anemia
DOID:0080012	DOID:0111847	osteogenesis imperfecta type 19
DOID:0080012	DOID:0111859	midface hypoplasia, hearing impairment, elliptocytosis, and nephrocalcinosis
DOID:0080012	DOID:0111865	MEND syndrome
DOID:0080012	DOID:0111897	Diamond-Blackfan anemia 14 with mandibulofacial dysostosis
DOID:0080012	DOID:0111898	CK syndrome
DOID:0080012	DOID:0111932	severe congenital encephalopathy due to MECP2 mutation
DOID:0080012	DOID:0111933	phosphoglycerate kinase 1 deficiency
DOID:0080012	DOID:0112000	immunodeficiency 34
DOID:0080012	DOID:0112001	immunodeficiency 50
DOID:0080012	DOID:0112002	immunodeficiency 47
DOID:0080012	DOID:0112003	immunodeficiency 33
DOID:0080012	DOID:0112012	X-linked mutilating palmoplantar keratoderma with periorificial keratotic plaques
DOID:0080012	DOID:0112017	non-syndromic X-linked intellectual disability 73
DOID:0080012	DOID:0112018	non-syndromic X-linked intellectual disability 104
DOID:0080012	DOID:0112020	non-syndromic X-linked intellectual disability 103
DOID:0080012	DOID:0112021	non-syndromic X-linked intellectual disability ARX-related
DOID:0080012	DOID:0112022	non-syndromic X-linked intellectual disability 21
DOID:0080012	DOID:0112024	non-syndromic X-linked intellectual disability 58
DOID:0080012	DOID:0112026	non-syndromic X-linked intellectual disability 99
DOID:0080012	DOID:0112030	non-syndromic X-linked intellectual disability 84
DOID:0080012	DOID:0112032	non-syndromic X-linked intellectual disability 92
DOID:0080012	DOID:0112033	non-syndromic X-linked intellectual disability 81
DOID:0080012	DOID:0112034	non-syndromic X-linked intellectual disability 9
DOID:0080012	DOID:0112035	non-syndromic X-linked intellectual disability 96
DOID:0080012	DOID:0112036	non-syndromic X-linked intellectual disability 105
DOID:0080012	DOID:0112039	non-syndromic X-linked intellectual disability 77
DOID:0080012	DOID:0112040	non-syndromic X-linked intellectual disability 100
DOID:0080012	DOID:0112041	non-syndromic X-linked intellectual disability 90
DOID:0080012	DOID:0112045	non-syndromic X-linked intellectual disability 93
DOID:0080012	DOID:0112047	non-syndromic X-linked intellectual disability 53
DOID:0080012	DOID:0112048	non-syndromic X-linked intellectual disability 101
DOID:0080012	DOID:0112051	non-syndromic X-linked intellectual disability 30
DOID:0080012	DOID:0112052	non-syndromic X-linked intellectual disability 82
DOID:0080012	DOID:0112055	non-syndromic X-linked intellectual disability 46
DOID:0080012	DOID:0112056	X-linked intellectual disability-short stature-overweight syndrome
DOID:0080012	DOID:0112059	non-syndromic X-linked intellectual disability 72
DOID:0080012	DOID:0112063	X-Linked immunodeficiency 74
DOID:0080012	DOID:0112098	nuclear type mitochondrial complex I deficiency 30
DOID:0080012	DOID:0112099	nuclear type mitochondrial complex I deficiency 12
DOID:0080012	DOID:0112105	X-linked parkinsonism-spasticity syndrome
DOID:0080012	DOID:0112121	nephrogenic syndrome of inappropriate antidiuresis
DOID:0080012	DOID:0112127	HRPT-related hyperuricemia
DOID:0080012	DOID:0112128	X-linked severe congenital neutropenia
DOID:0080012	DOID:0112150	X-linked spondyloepimetaphyseal dysplasia
DOID:0080012	DOID:0112156	X-linked dyserythropoietic anemia
DOID:0080012	DOID:0112157	X-linked atrophic macular degeneration
DOID:0080012	DOID:0112274	X-linked spermatogenic failure 3
DOID:0080012	DOID:1056	oculocerebrorenal syndrome
DOID:0080012	DOID:10588	adrenoleukodystrophy
DOID:0080012	DOID:11723	Duchenne muscular dystrophy
DOID:0080012	DOID:12134	factor VIII deficiency
DOID:0080012	DOID:12259	hemophilia B
DOID:0080012	DOID:14179	X-linked agammaglobulinemia
DOID:0080012	DOID:14711	FG syndrome
DOID:0080012	DOID:14744	Partington syndrome
DOID:0080012	DOID:1700	X-linked ichthyosis
DOID:0080012	DOID:1919	Lesch-Nyhan syndrome
DOID:0080012	DOID:3210	Pelizaeus-Merzbacher disease
DOID:0080012	DOID:6620	X-linked hyper IgM syndrome
DOID:0080012	DOID:6683	X-linked Aarskog syndrome
DOID:0080012	DOID:9169	Wiskott-Aldrich syndrome
DOID:0080014	DOID:0060388	chromosomal deletion syndrome
DOID:0080014	DOID:0060429	chromosomal duplication syndrome
DOID:0080014	DOID:0070620	ring chromosome syndrome
DOID:0080014	DOID:11665	Patau syndrome
DOID:0080014	DOID:11983	Prader-Willi syndrome
DOID:0080015	DOID:0050328	congenital hypothyroidism
DOID:0080015	DOID:0050534	congenital stationary night blindness
DOID:0080015	DOID:0050545	visceral heterotaxy
DOID:0080015	DOID:0050546	congenital adrenal insufficiency
DOID:0080015	DOID:0050557	congenital muscular dystrophy
DOID:0080015	DOID:0050567	orofacial cleft
DOID:0080015	DOID:0050585	congenital generalized lipodystrophy
DOID:0080015	DOID:0050590	severe congenital neutropenia
DOID:0080015	DOID:0050593	primary congenital glaucoma
DOID:0080015	DOID:0050674	congenital bile acid synthesis defect
DOID:0080015	DOID:0050734	congenital intrinsic factor deficiency
DOID:0080015	DOID:0050811	congenital adrenal hyperplasia
DOID:0080015	DOID:0050813	spondyloepiphyseal dysplasia with congenital joint dislocations
DOID:0080015	DOID:0060259	renal-hepatic-pancreatic dysplasia
DOID:0080015	DOID:0060261	congenital ptosis
DOID:0080015	DOID:0060296	congenital secretory chloride diarrhea 1
DOID:0080015	DOID:0060327	omphalocele
DOID:0080015	DOID:0060341	agnathia-otocephaly complex
DOID:0080015	DOID:0060445	congenital stromal corneal dystrophy
DOID:0080015	DOID:0060558	lethal congenital contracture syndrome
DOID:0080015	DOID:0060638	neonatal diabetes mellitus with congenital hypothyroidism
DOID:0080015	DOID:0060646	congenital chylothorax
DOID:0080015	DOID:0060649	congenital hereditary endothelial dystrophy of cornea
DOID:0080015	DOID:0060655	autosomal recessive congenital ichthyosis
DOID:0080015	DOID:0060731	congenital central hypoventilation syndrome
DOID:0080015	DOID:0060769	T-cell immunodeficiency, congenital alopecia, and nail dystrophy
DOID:0080015	DOID:0060774	congenital diarrhea
DOID:0080015	DOID:0060777	congenital secretory sodium diarrhea 8
DOID:0080015	DOID:0060781	congenital secretory sodium diarrhea 3
DOID:0080015	DOID:0061175	Gollop-Wolfgang complex
DOID:0080015	DOID:0070719	neurocardiorenal malformation syndrome
DOID:0080015	DOID:0070720	immune dysregulation, neurodevelopmental defects, and colitis
DOID:0080015	DOID:0080074	neural tube defect
DOID:0080015	DOID:0080101	Compton-North congenital myopathy
DOID:0080015	DOID:0080102	congenital myopathy 4A
DOID:0080015	DOID:0080143	congenital fibrosis of the extraocular muscles
DOID:0080015	DOID:0080173	bladder exstrophy-epispadias-cloacal exstrophy complex
DOID:0080015	DOID:0080180	Zika virus congenital syndrome
DOID:0080015	DOID:0080313	cleft palate-lateral synechia syndrome
DOID:0080015	DOID:0080503	multiple congenital anomalies-hypotonia-seizures syndrome
DOID:0080015	DOID:0080633	developmental cardiac valvular defect
DOID:0080015	DOID:0080683	nonsyndromic congenital nail disorder
DOID:0080015	DOID:0080700	caudal regression syndrome
DOID:0080015	DOID:0080720	autosomal dominant congenital deafness with onychodystrophy
DOID:0080015	DOID:0080833	laryngomalacia
DOID:0080015	DOID:0080835	TORCH syndrome
DOID:0080015	DOID:0080895	rapidly involuting congenital hemangioma
DOID:0080015	DOID:0080954	arthrogryposis multiplex congenita
DOID:0080015	DOID:0090101	lethal congenital glycogen storage disease of heart
DOID:0080015	DOID:0090118	congenital amegakaryocytic thrombocytopenia
DOID:0080015	DOID:0110683	developmental and epileptic encephalopathy 117
DOID:0080015	DOID:0110711	congenital hypotrichosis with juvenile macular dystrophy
DOID:0080015	DOID:0111153	congenital mirror movement disorder
DOID:0080015	DOID:0111244	palmoplantar keratoderma and congenital alopecia 1
DOID:0080015	DOID:0111245	palmoplantar keratoderma and congenital alopecia 2
DOID:0080015	DOID:0111334	congenital leptin deficiency
DOID:0080015	DOID:0111347	epidermolysis bullosa with congenital localized absence of skin and deformity of nails
DOID:0080015	DOID:0111359	large congenital melanocytic nevus
DOID:0080015	DOID:0111568	congenital vertical talus
DOID:0080015	DOID:0111591	congenital heart defects, hamartomas of tongue, and polysyndactyly
DOID:0080015	DOID:0111595	congenital contractural arachnodactyly
DOID:0080015	DOID:0111633	congenital sucrase-isomaltase deficiency
DOID:0080015	DOID:0111646	congenital lactase deficiency
DOID:0080015	DOID:0111716	cryptophthalmia
DOID:0080015	DOID:0111733	pancreatic hypoplasia-diabetes-congenital heart disease syndrome
DOID:0080015	DOID:0111808	linear skin defects with multiple congenital anomalies 1
DOID:0080015	DOID:0111862	congenital bilateral absence of vas deferens
DOID:0080015	DOID:0111876	linear skin defects with multiple congenital anomalies 3
DOID:0080015	DOID:0111877	linear skin defects with multiple congenital anomalies 2
DOID:0080015	DOID:0111932	severe congenital encephalopathy due to MECP2 mutation
DOID:0080015	DOID:0112014	congenital megabladder
DOID:0080015	DOID:10348	blepharophimosis
DOID:0080015	DOID:10426	Klippel-Feil syndrome
DOID:0080015	DOID:10488	imperforate anus
DOID:0080015	DOID:10892	hypospadias
DOID:0080015	DOID:11044	gastroschisis
DOID:0080015	DOID:11367	congenital aphakia
DOID:0080015	DOID:1148	polydactyly
DOID:0080015	DOID:12961	Poland syndrome
DOID:0080015	DOID:13336	congenital toxoplasmosis
DOID:0080015	DOID:1342	congenital hypoplastic anemia
DOID:0080015	DOID:14177	congenital hypogammaglobulinemia
DOID:0080015	DOID:14681	Silver-Russell syndrome
DOID:0080015	DOID:14791	Leber congenital amaurosis
DOID:0080015	DOID:1682	congenital heart disease
DOID:0080015	DOID:2106	myotonia congenita
DOID:0080015	DOID:2236	congenital afibrinogenemia
DOID:0080015	DOID:2490	congenital nervous system abnormality
DOID:0080015	DOID:3635	congenital myasthenic syndrome
DOID:0080015	DOID:3827	congenital diaphragmatic hernia
DOID:0080015	DOID:422	congenital structural myopathy
DOID:0080015	DOID:4773	congenital mesoblastic nephroma
DOID:0080015	DOID:5212	congenital disorder of glycosylation
DOID:0080015	DOID:589	congenital hemolytic anemia
DOID:0080015	DOID:7280	congenital epulis
DOID:0080015	DOID:8303	congenital granular cell tumor
DOID:0080015	DOID:8418	congenital fibrosarcoma
DOID:0080015	DOID:9487	Meckel's diverticulum
DOID:0080015	DOID:9621	non-congenital cyst of kidney
DOID:0080015	DOID:9649	congenital nystagmus
DOID:0080015	DOID:9827	radioulnar synostosis
DOID:0080015	DOID:9856	congenital syphilis
DOID:0080015	DOID:990	congenital heart block
DOID:0080016	DOID:0060326	myelomeningocele
DOID:0080016	DOID:0080073	spina bifida occulta
DOID:0080016	DOID:1088	meningocele
DOID:0080019	DOID:0080020	Jansen's metaphyseal chondrodysplasia
DOID:0080019	DOID:0080021	Schmid metaphyseal chondrodysplasia
DOID:0080019	DOID:0081111	osteosclerotic metaphyseal dysplasia
DOID:0080027	DOID:0050812	spondyloepimetaphyseal dysplasia, Pakistani type
DOID:0080027	DOID:0051046	spondyloepimetaphyseal dysplasia, Li-Shao-Li type
DOID:0080027	DOID:0060490	Schimke immuno-osseous dysplasia
DOID:0080027	DOID:0070795	hyposulfatemia with skeletal dysplasia
DOID:0080027	DOID:0080028	spondyloepimetaphyseal dysplasia, Strudwick type
DOID:0080027	DOID:0080030	spondyloepimetaphyseal dysplasia, Missouri type
DOID:0080027	DOID:0080576	spondyloepimetaphyseal dysplasia, Genevieve-type
DOID:0080027	DOID:0080942	anauxetic dysplasia
DOID:0080027	DOID:0111167	Dyggve-Melchior-Clausen disease
DOID:0080027	DOID:0111514	metatropic dysplasia
DOID:0080027	DOID:0112150	X-linked spondyloepimetaphyseal dysplasia
DOID:0080027	DOID:0112196	spondylometaepiphyseal dysplasia, short limb-hand type
DOID:0080027	DOID:0112197	spondyloepimetaphyseal dysplasia with joint laxity
DOID:0080027	DOID:5684	spondyloepimetaphyseal dysplasia, Sponastrime type
DOID:0080032	DOID:0080807	autosomal dominant craniodiaphyseal dysplasia
DOID:0080032	DOID:0112340	craniotubular dysplasia Ikegawa type
DOID:0080033	DOID:0080801	autosomal dominant craniometaphyseal dysplasia
DOID:0080033	DOID:0080802	autosomal recessive craniometaphyseal dysplasia
DOID:0080036	DOID:0060756	sclerosteosis 1
DOID:0080043	DOID:0080054	achondrogenesis type IA
DOID:0080043	DOID:0080055	achondrogenesis type IB
DOID:0080043	DOID:0080056	achondrogenesis type II
DOID:0080046	DOID:0080675	Stickler syndrome 2
DOID:0080046	DOID:0080676	Stickler syndrome 1
DOID:0080049	DOID:0050790	fibular hypoplasia and complex brachydactyly
DOID:0080049	DOID:0080050	acromesomelic dysplasia, Maroteaux type
DOID:0080049	DOID:0080051	acromesomelic dysplasia, Hunter-Thompson type
DOID:0080049	DOID:0080052	acromesomelic dysplasia, Grebe type
DOID:0080049	DOID:0081237	acromesomelic dysplasia 3
DOID:0080049	DOID:0081238	acromesomelic dysplasia 4
DOID:0080072	DOID:0080679	neuronal intestinal dysplasia type A
DOID:0080072	DOID:0080680	neuronal intestinal dysplasia type B
DOID:0080072	DOID:0080681	X-linked chronic idiopathic intestinal pseudo-obstruction
DOID:0080072	DOID:0080682	autosomal dominant familial visceral neuropathy
DOID:0080074	DOID:0060285	parietal foramina
DOID:0080074	DOID:0080016	spina bifida
DOID:0080099	DOID:0111184	myopathy, lactic acidosis, and sideroblastic anemia 3
DOID:0080099	DOID:0111185	myopathy, lactic acidosis, and sideroblastic anemia 1
DOID:0080099	DOID:0111186	myopathy, lactic acidosis, and sideroblastic anemia 2
DOID:0080102	DOID:0111226	X-linked congenital myopathy with fiber-type disproportion
DOID:0080109	DOID:0070666	infantile myofibromatosis 1
DOID:0080109	DOID:0070667	infantile myofibromatosis 2
DOID:0080110	DOID:0081321	contractures, pterygia, and spondylocarpotarsal fusion syndrome 1A
DOID:0080110	DOID:0081322	contractures, pterygia, and spondylocarpotarsal fusion syndrome 1B
DOID:0080143	DOID:0081015	congenital fibrosis of the extraocular muscles 1
DOID:0080143	DOID:0081016	congenital fibrosis of the extraocular muscles 2
DOID:0080143	DOID:0081017	congenital fibrosis of the extraocular muscles 3A
DOID:0080143	DOID:0081019	congenital fibrosis of the extraocular muscles 3C
DOID:0080143	DOID:0081020	congenital fibrosis of the extraocular muscles 5
DOID:0080143	DOID:0081021	Tukel syndrome
DOID:0080144	DOID:0080145	childhood T-cell acute lymphoblastic leukemia
DOID:0080144	DOID:0080146	childhood B-cell acute lymphoblastic leukemia
DOID:0080147	DOID:0080148	T-cell childhood lymphoblastic lymphoma
DOID:0080164	DOID:0080165	myeloid and lymphoid neoplasms associated with PDGFRA rearrangement
DOID:0080164	DOID:0080166	myeloid and lymphoid neoplasms associated with PDGFRB rearrangement
DOID:0080164	DOID:0080167	myeloid and lymphoid neoplasms associated with FGFR1 abnormalities
DOID:0080172	DOID:0060996	poor metabolism of thiopurines 2
DOID:0080172	DOID:0061004	poor metabolism of thiopurines 1
DOID:0080173	DOID:0080174	bladder exstrophy
DOID:0080173	DOID:0080175	cloacal exstrophy
DOID:0080189	DOID:0080190	malignant epithelioid hemangioendothelioma
DOID:0080194	DOID:0061115	Carey-Fineman-Ziter syndrome 1
DOID:0080194	DOID:0061116	Carey-Fineman-Ziter syndrome 2
DOID:0080199	DOID:0050861	colorectal adenocarcinoma
DOID:0080204	DOID:0111142	oligomeganephronia
DOID:0080205	DOID:0051078	congenital anomalies of the kidney and urinary tract 3
DOID:0080205	DOID:0080206	congenital anomalies of the kidney and urinary tract 1
DOID:0080205	DOID:0080207	congenital anomalies of the kidney and urinary tract 2
DOID:0080208	DOID:0080547	metabolic dysfunction-associated steatohepatitis
DOID:0080217	DOID:14497	Wolman disease
DOID:0080217	DOID:14502	cholesterol ester storage disease
DOID:0080223	DOID:0070551	epidermolytic palmoplantar keratoderma 2
DOID:0080223	DOID:0070552	epidermolytic palmoplantar keratoderma 1
DOID:0080224	DOID:0111347	epidermolysis bullosa with congenital localized absence of skin and deformity of nails
DOID:0080298	DOID:0050585	congenital generalized lipodystrophy
DOID:0080298	DOID:0080300	acquired generalized lipodystrophy
DOID:0080299	DOID:0050440	familial partial lipodystrophy
DOID:0080307	DOID:0051044	infantile-onset myofibrillar myopathy 12 with cardiomyopathy
DOID:0080307	DOID:0051045	myofibrillar myopathy 13 with rimmed vacuoles
DOID:0080307	DOID:0080092	myofibrillar myopathy 1
DOID:0080307	DOID:0080093	adult-onset myofibrillar myopathy 2A
DOID:0080307	DOID:0080094	myofibrillar myopathy 3
DOID:0080307	DOID:0080095	myofibrillar myopathy 4
DOID:0080307	DOID:0080096	myofibrillar myopathy 5
DOID:0080307	DOID:0080097	myofibrillar myopathy 6
DOID:0080307	DOID:0080098	myofibrillar myopathy 7
DOID:0080307	DOID:0080308	myofibrillar myopathy 8
DOID:0080307	DOID:0080309	infantile-onset myofibrillar myopathy-2B
DOID:0080307	DOID:0081338	myofibrillar myopathy 11
DOID:0080307	DOID:0111188	myofibrillar myopathy 9
DOID:0080307	DOID:0112108	myofibrillar myopathy 10
DOID:0080315	DOID:0080316	megalencephalic leukoencephalopathy with subcortical cysts 1
DOID:0080315	DOID:0080317	megalencephalic leukoencephalopathy with subcortical cysts 2B
DOID:0080315	DOID:0080318	megalencephalic leukoencephalopathy with subcortical cysts 2A
DOID:0080320	DOID:0080321	autonomic nervous system benign neoplasm
DOID:0080320	DOID:482	hemangioma of peripheral nerve
DOID:0080321	DOID:4817	ganglioneuroma
DOID:0080322	DOID:0110861	autosomal recessive polycystic kidney disease
DOID:0080322	DOID:898	autosomal dominant polycystic kidney disease
DOID:0080326	DOID:0061102	hypertrophic cardiomyopathy 27
DOID:0080326	DOID:0110307	hypertrophic cardiomyopathy 1
DOID:0080326	DOID:0110308	hypertrophic cardiomyopathy 2
DOID:0080326	DOID:0110309	hypertrophic cardiomyopathy 3
DOID:0080326	DOID:0110310	hypertrophic cardiomyopathy 4
DOID:0080326	DOID:0110311	hypertrophic cardiomyopathy 21
DOID:0080326	DOID:0110312	hypertrophic cardiomyopathy 6
DOID:0080326	DOID:0110313	hypertrophic cardiomyopathy 7
DOID:0080326	DOID:0110314	hypertrophic cardiomyopathy 8
DOID:0080326	DOID:0110315	hypertrophic cardiomyopathy 9
DOID:0080326	DOID:0110316	hypertrophic cardiomyopathy 10
DOID:0080326	DOID:0110317	hypertrophic cardiomyopathy 11
DOID:0080326	DOID:0110318	hypertrophic cardiomyopathy 12
DOID:0080326	DOID:0110319	hypertrophic cardiomyopathy 13
DOID:0080326	DOID:0110320	hypertrophic cardiomyopathy 14
DOID:0080326	DOID:0110321	hypertrophic cardiomyopathy 15
DOID:0080326	DOID:0110322	hypertrophic cardiomyopathy 16
DOID:0080326	DOID:0110323	hypertrophic cardiomyopathy 17
DOID:0080326	DOID:0110324	hypertrophic cardiomyopathy 18
DOID:0080326	DOID:0110326	hypertrophic cardiomyopathy 20
DOID:0080326	DOID:0110327	hypertrophic cardiomyopathy 26
DOID:0080326	DOID:0110328	hypertrophic cardiomyopathy 25
DOID:0080332	DOID:0080333	aortic valve disease 1
DOID:0080332	DOID:0080334	aortic valve disease 2
DOID:0080332	DOID:0080977	aortic valve disease 3
DOID:0080344	DOID:0080345	blepharocheilodontic syndrome 1
DOID:0080344	DOID:0080346	blepharocheilodontic syndrome 2
DOID:0080347	DOID:0050892	adrenal gland pheochromocytoma
DOID:0080347	DOID:0050936	extra-adrenal pheochromocytoma
DOID:0080352	DOID:0112106	chondrodysplasia with platyspondyly, distinctive brachydactyly, hydrocephaly, and microphthalmia
DOID:0080355	DOID:3571	liver cancer
DOID:0080355	DOID:4607	biliary tract cancer
DOID:0080364	DOID:60004	malignant cystadenoma
DOID:0080368	DOID:0080370	ovarian sex cord-stromal benign neoplasm
DOID:0080368	DOID:0080371	testicular sex cord-stromal benign neoplasm
DOID:0080373	DOID:10366	epididymis cancer
DOID:0080373	DOID:1251	tuberculous epididymitis
DOID:0080373	DOID:9402	epididymitis
DOID:0080374	DOID:0080375	gastroesophageal adenocarcinoma
DOID:0080375	DOID:4944	gastroesophageal junction adenocarcinoma
DOID:0080377	DOID:0080622	peroxisome biogenesis disorder 2B
DOID:0080377	DOID:0080623	Heimler syndrome 1
DOID:0080377	DOID:0080624	Heimler syndrome 2
DOID:0080377	DOID:0081240	peroxisome biogenesis disorder 1B
DOID:0080377	DOID:0081241	peroxisome biogenesis disorder 3B
DOID:0080377	DOID:0081274	peroxisome biogenesis disorder 14B
DOID:0080377	DOID:0081433	Peroxisome biogenesis disorder 4B
DOID:0080377	DOID:0081434	Peroxisome biogenesis disorder 5B
DOID:0080377	DOID:0081435	Peroxisome biogenesis disorder 6B
DOID:0080377	DOID:0081436	Peroxisome biogenesis disorder 7B
DOID:0080377	DOID:0081437	Peroxisome biogenesis disorder 8B
DOID:0080377	DOID:0081438	Peroxisome biogenesis disorder 9B
DOID:0080377	DOID:0081439	Peroxisome biogenesis disorder 11B
DOID:0080377	DOID:0081440	Peroxisome biogenesis disorder 10B
DOID:0080377	DOID:905	Zellweger syndrome
DOID:0080488	DOID:0080070	mucolipidosis II alpha/beta
DOID:0080488	DOID:0080071	mucolipidosis III alpha/beta
DOID:0080488	DOID:0080490	mucolipidosis type IV
DOID:0080488	DOID:0080678	mucolipidosis III gamma
DOID:0080488	DOID:3343	glycoproteinosis
DOID:0080503	DOID:0080138	multiple congenital anomalies-hypotonia-seizures syndrome 1
DOID:0080503	DOID:0080139	multiple congenital anomalies-hypotonia-seizures syndrome 2
DOID:0080503	DOID:0080140	multiple congenital anomalies-hypotonia-seizures syndrome 3
DOID:0080503	DOID:0112213	multiple congenital anomalies-hypotonia-seizures syndrome 4
DOID:0080524	DOID:0080525	differentiated high-grade thyroid carcinoma
DOID:0080525	DOID:3962	follicular thyroid carcinoma
DOID:0080525	DOID:3969	papillary thyroid carcinoma
DOID:0080535	DOID:0080536	hypermanganesemia with dystonia 1
DOID:0080535	DOID:0080537	hypermanganesemia with dystonia 2
DOID:0080541	DOID:0080542	hyperprolinemia type 1
DOID:0080541	DOID:0080543	hyperprolinemia type 2
DOID:0080544	DOID:0060023	immunodeficiency with hyper IgM type 3
DOID:0080544	DOID:0060758	immunodeficiency with hyper-IgM type 2
DOID:0080544	DOID:0060759	immunodeficiency with hyper IgM type 5
DOID:0080544	DOID:0060760	immunodeficiency with hyper-IgM type 4
DOID:0080544	DOID:6620	X-linked hyper IgM syndrome
DOID:0080545	DOID:0080594	hyper IgE recurrent infection syndrome 2
DOID:0080545	DOID:0080595	autosomal recessive hyper-IgE syndrome 3 with recurrent infections
DOID:0080545	DOID:0080596	hyper IgE recurrent infection syndrome 4
DOID:0080545	DOID:3261	autosomal dominant hyper-IgE syndrome 1 with recurrent infections
DOID:0080551	DOID:0090128	Carvajal syndrome
DOID:0080577	DOID:0080578	digenic disease
DOID:0080578	DOID:0050553	proteasome-associated autoinflammatory syndrome 1
DOID:0080578	DOID:0050715	methylmalonic aciduria and homocystinuria type cblC
DOID:0080578	DOID:0050947	hereditary hypophosphatemic rickets with hypercalciuria
DOID:0080578	DOID:0050967	spinocerebellar ataxia 17
DOID:0080578	DOID:0060369	Parkinson's disease 6
DOID:0080578	DOID:0060912	craniosynostosis 7
DOID:0080578	DOID:0060916	proteasome-associated autoinflammatory syndrome 3
DOID:0080578	DOID:0060917	facioscapulohumeral muscular dystrophy 3
DOID:0080578	DOID:0060918	facioscapulohumeral muscular dystrophy 4
DOID:0080578	DOID:0070095	oculocutaneous albinism type IB
DOID:0080578	DOID:0080952	AMED syndrome
DOID:0080578	DOID:0090100	ocular albinism with sensorineural deafness
DOID:0080578	DOID:0110090	short-rib thoracic dysplasia 7 with or without polydactyly
DOID:0080578	DOID:0110383	retinitis pigmentosa 7
DOID:0080578	DOID:0110475	autosomal recessive nonsyndromic deafness 1A
DOID:0080578	DOID:0110644	long QT syndrome 1
DOID:0080578	DOID:0110645	long QT syndrome 2
DOID:0080578	DOID:0110646	long QT syndrome 3
DOID:0080578	DOID:0110647	long QT syndrome 5
DOID:0080578	DOID:0110648	long QT syndrome 6
DOID:0080578	DOID:0110650	long QT syndrome 9
DOID:0080578	DOID:0110831	Usher syndrome type 1D
DOID:0080578	DOID:0110839	Usher syndrome type 2C
DOID:0080578	DOID:0110950	Waardenburg syndrome type 2A
DOID:0080578	DOID:0110984	Joubert syndrome 15
DOID:0080578	DOID:0111004	Joubert syndrome 9
DOID:0080578	DOID:0111193	facioscapulohumeral muscular dystrophy 2
DOID:0080578	DOID:0111752	autosomal-mitochondrial sensorineural deafness
DOID:0080578	DOID:0112265	iminoglycinuria
DOID:0080578	DOID:13269	hereditary coproporphyria
DOID:0080578	DOID:14557	primary pulmonary hypertension
DOID:0080578	DOID:2729	dyskeratosis congenita
DOID:0080578	DOID:9250	acrocallosal syndrome
DOID:0080597	DOID:0060352	Kleefstra syndrome 1
DOID:0080597	DOID:0080598	Kleefstra syndrome 2
DOID:0080599	DOID:0080600	COVID-19
DOID:0080599	DOID:0080642	Middle East respiratory syndrome
DOID:0080599	DOID:0080711	multisystem inflammatory syndrome in children
DOID:0080599	DOID:0080848	long COVID
DOID:0080599	DOID:2945	severe acute respiratory syndrome
DOID:0080600	DOID:0081012	critical COVID-19
DOID:0080600	DOID:0081013	severe COVID-19
DOID:0080600	DOID:0081014	non-severe COVID-19
DOID:0080601	DOID:0080602	benign teratoma
DOID:0080602	DOID:2660	cystic teratoma
DOID:0080602	DOID:5565	adult teratoma
DOID:0080615	DOID:2673	adult cystic nephroma
DOID:0080616	DOID:0080615	nephroma
DOID:0080616	DOID:2973	kidney cortex necrosis
DOID:0080616	DOID:7571	malignant cystic nephroma
DOID:0080617	DOID:8304	lymph node palisaded myofibroblastoma
DOID:0080618	DOID:0060219	lymph node adenoid cystic carcinoma
DOID:0080619	DOID:10203	external ear lipoma
DOID:0080619	DOID:5387	middle ear adenoma
DOID:0080619	DOID:6752	internal auditory canal lipoma
DOID:0080620	DOID:0061242	glucocorticoid deficiency 2
DOID:0080620	DOID:0061243	glucocorticoid deficiency 4 with or without mineralocorticoid deficiency
DOID:0080620	DOID:0061244	glucocorticoid deficiency 5
DOID:0080620	DOID:0080621	glucocorticoid deficiency 1
DOID:0080627	DOID:0080628	alopecia-mental retardation syndrome 1
DOID:0080627	DOID:0080629	alopecia-mental retardation syndrome 2
DOID:0080627	DOID:0080950	alopecia-mental retardation syndrome 4
DOID:0080627	DOID:0080951	alopecia-mental retardation syndrome 3
DOID:0080630	DOID:0070623	B-lymphoblastic leukemia with MEF2D rearrangement
DOID:0080630	DOID:0070624	B-lymphoblastic leukemia with MYC rearrangement
DOID:0080630	DOID:0070625	B-lymphoblastic leukemia with NUTM1 rearrangement
DOID:0080630	DOID:0070626	B-lymphoblastic leukemia with PAX5alt
DOID:0080630	DOID:0070627	B-lymphoblastic leukemia with TCF3-HLF fusion
DOID:0080630	DOID:0070628	B-lymphoblastic leukemia with ZNF384 rearrangement
DOID:0080630	DOID:0080643	B-lymphoblastic leukemia/lymphoma with BCR-ABL1
DOID:0080630	DOID:0080644	B-lymphoblastic leukemia/lymphoma MLL rearranged
DOID:0080630	DOID:0080645	B-lymphoblastic leukemia/lymphoma with ETV6-RUNX1
DOID:0080630	DOID:0080646	B-lymphoblastic leukemia/lymphoma with hyperdiploidy
DOID:0080630	DOID:0080647	B-lymphoblastic leukemia/lymphoma with hypodiploidy
DOID:0080630	DOID:0080648	B-lymphoblastic leukemia/lymphoma with IGH::IL3 fusion
DOID:0080630	DOID:0080649	B-lymphoblastic leukemia/lymphoma with TCF3-PBX1
DOID:0080630	DOID:0080650	B-lymphoblastic leukemia/lymphoma, BCR-ABL1–like
DOID:0080630	DOID:0080651	B-lymphoblastic leukemia/lymphoma with iAMP21
DOID:0080630	DOID:0081411	B-lymphoblastic leukemia with PAX5 p.P80R
DOID:0080630	DOID:0081412	B-lymphoblastic leukemia with DUX4 rearrangement
DOID:0080636	DOID:0060842	syndromic microphthalmia 16
DOID:0080636	DOID:0111799	syndromic microphthalmia 1
DOID:0080636	DOID:0111800	syndromic microphthalmia 12
DOID:0080636	DOID:0111801	syndromic microphthalmia 3
DOID:0080636	DOID:0111802	syndromic microphthalmia 14
DOID:0080636	DOID:0111803	syndromic microphthalmia 8
DOID:0080636	DOID:0111804	syndromic microphthalmia 11
DOID:0080636	DOID:0111805	syndromic microphthalmia 6
DOID:0080636	DOID:0111806	syndromic microphthalmia 5
DOID:0080636	DOID:0111807	syndromic microphthalmia 9
DOID:0080636	DOID:0111809	syndromic microphthalmia 2
DOID:0080636	DOID:0111811	syndromic microphthalmia 13
DOID:0080636	DOID:0111812	syndromic microphthalmia 10
DOID:0080637	DOID:0060835	isolated microphthalmia 6
DOID:0080637	DOID:0060836	isolated microphthalmia 4
DOID:0080637	DOID:0060837	isolated microphthalmia 5
DOID:0080637	DOID:0060838	isolated microphthalmia 7
DOID:0080637	DOID:0060839	isolated microphthalmia 2
DOID:0080637	DOID:0060840	isolated microphthalmia 1
DOID:0080637	DOID:0060841	isolated microphthalmia 8
DOID:0080638	DOID:0080630	B-lymphoblastic leukemia/lymphoma
DOID:0080639	DOID:3347	osteosarcoma
DOID:0080639	DOID:3351	bone angioendothelial sarcoma
DOID:0080639	DOID:3354	fibrosarcoma of bone
DOID:0080639	DOID:3360	multifocal osteogenic sarcoma
DOID:0080639	DOID:3371	chondrosarcoma
DOID:0080640	DOID:0050893	gallbladder adenoma
DOID:0080640	DOID:10201	gallbladder lipoma
DOID:0080640	DOID:3120	gallbladder papillomatosis
DOID:0080640	DOID:5140	gallbladder leiomyoma
DOID:0080653	DOID:0080654	uric acid urolithiasis
DOID:0080655	DOID:0080077	hypophosphatemic nephrolithiasis/osteoporosis 1
DOID:0080655	DOID:0080078	hypophosphatemic nephrolithiasis/osteoporosis 2
DOID:0080683	DOID:0080079	nonsyndromic congenital nail disorder 1
DOID:0080683	DOID:0080080	nonsyndromic congenital nail disorder 2
DOID:0080683	DOID:0080081	nonsyndromic congenital nail disorder 3
DOID:0080683	DOID:0080082	nonsyndromic congenital nail disorder 4
DOID:0080683	DOID:0080083	nonsyndromic congenital nail disorder 5
DOID:0080683	DOID:0080084	nonsyndromic congenital nail disorder 6
DOID:0080683	DOID:0080085	nonsyndromic congenital nail disorder 7
DOID:0080683	DOID:0080086	nonsyndromic congenital nail disorder 8
DOID:0080683	DOID:0080087	nonsyndromic congenital nail disorder 9
DOID:0080688	DOID:0060981	mosaic variegated aneuploidy syndrome 4
DOID:0080688	DOID:0060982	mosaic variegated aneuploidy syndrome 7 with inflammation and tumor predisposition
DOID:0080688	DOID:0080141	mosaic variegated aneuploidy syndrome 1
DOID:0080688	DOID:0080142	mosaic variegated aneuploidy syndrome 2
DOID:0080688	DOID:0080689	mosaic variegated aneuploidy syndrome 3
DOID:0080690	DOID:0050469	Costello syndrome
DOID:0080690	DOID:0060233	cardiofaciocutaneous syndrome
DOID:0080690	DOID:0070483	Watson syndrome
DOID:0080690	DOID:0070484	Legius syndrome
DOID:0080690	DOID:0080691	Noonan syndrome-like disorder with loose anagen hair
DOID:0080690	DOID:0111683	neurofibromatosis-Noonan syndrome
DOID:0080690	DOID:14291	Noonan syndrome with multiple lentigines
DOID:0080690	DOID:3204	schwannomatosis
DOID:0080690	DOID:3490	Noonan syndrome
DOID:0080690	DOID:8712	neurofibromatosis
DOID:0080691	DOID:0080692	Noonan syndrome-like disorder with loose anagen hair 1
DOID:0080691	DOID:0080693	Noonan syndrome-like disorder with loose anagen hair 2
DOID:0080694	DOID:0060364	Galloway-Mowat syndrome 1
DOID:0080694	DOID:0061289	Galloway-Mowat syndrome 6
DOID:0080694	DOID:0061290	Galloway-Mowat syndrome 7
DOID:0080694	DOID:0061291	Galloway-Mowat syndrome 8
DOID:0080694	DOID:0061292	Galloway-Mowat syndrome 9
DOID:0080694	DOID:0061293	Galloway-Mowat syndrome 10
DOID:0080694	DOID:0080244	Galloway-Mowat syndrome 2
DOID:0080694	DOID:0080245	Galloway-Mowat syndrome 3
DOID:0080694	DOID:0080246	Galloway-Mowat syndrome 4
DOID:0080694	DOID:0080247	Galloway-Mowat syndrome 5
DOID:0080699	DOID:0081034	glutathione synthetase deficiency with 5-oxoprolinuria
DOID:0080699	DOID:0112252	congenital nonspherocytic hemolytic anemia 6
DOID:0080703	DOID:0080704	medulloblastoma SHH activated and TP53 mutant
DOID:0080703	DOID:0080705	medulloblastoma SHH activated and TP53 wild-type
DOID:0080706	DOID:0080707	medulloblastoma non-WNT/non-SHH group 3
DOID:0080706	DOID:0080708	medulloblastoma non-WNT/non-SHH group 4
DOID:0080709	DOID:0111967	immunodeficiency 54
DOID:0080710	DOID:0061067	immunodeficiency 97
DOID:0080710	DOID:0061072	immunodeficiency 102
DOID:0080710	DOID:0061083	immunodeficiency 117
DOID:0080710	DOID:0111970	immunodeficiency 10
DOID:0080710	DOID:0111990	immunodeficiency 30
DOID:0080710	DOID:0111997	immunodeficiency 63
DOID:0080710	DOID:0112006	immunodeficiency 69
DOID:0080712	DOID:0080714	hereditary alpha tryptasemia syndrome
DOID:0080716	DOID:0080717	infantile liver failure syndrome 1
DOID:0080724	DOID:0080722	Kenny-Caffey syndrome type 1
DOID:0080724	DOID:0080723	Kenny-Caffey syndrome type 2
DOID:0080747	DOID:0080748	chronic inducible urticaria
DOID:0080747	DOID:0080749	chronic spontaneous urticaria
DOID:0080751	DOID:0080752	keratosis pilaris atrophicans faciei
DOID:0080751	DOID:0080753	keratosis follicularis spinulosa decalvans
DOID:0080751	DOID:0080756	atrophoderma vermiculata
DOID:0080753	DOID:0080754	X-linked keratosis follicularis spinulosa decalvans
DOID:0080753	DOID:0080755	autosomal dominant keratosis follicularis spinulosa decalvans
DOID:0080763	DOID:0080764	hereditary diffuse gastric cancer
DOID:0080768	DOID:0070519	early-onset vitamin B6-dependent epilepsy 4
DOID:0080768	DOID:0080769	early-onset vitamin B6-dependent epilepsy 1
DOID:0080780	DOID:0080916	erythroleukemia
DOID:0080809	DOID:0080811	extrinsic asthma
DOID:0080809	DOID:0080812	intermittent asthma
DOID:0080809	DOID:0080813	persistent mild asthma
DOID:0080809	DOID:0080814	persistent moderate asthma
DOID:0080809	DOID:0080815	childhood-onset asthma
DOID:0080809	DOID:0080816	adult-onset severe asthma
DOID:0080809	DOID:0080817	T2-high asthma
DOID:0080809	DOID:0080818	T2-low asthma
DOID:0080809	DOID:0080824	persistent severe asthma
DOID:0080809	DOID:0080826	nocturnal asthma
DOID:0080809	DOID:12323	cough variant asthma
DOID:0080809	DOID:9360	intrinsic asthma
DOID:0080810	DOID:0080823	near-fatal asthma
DOID:0080810	DOID:9362	status asthmaticus
DOID:0080811	DOID:9415	allergic asthma
DOID:0080819	DOID:0080820	occupational asthma
DOID:0080829	DOID:0080830	childhood low-grade glioma
DOID:0080829	DOID:0081260	diffuse low-grade glioma, MAPK pathway–altered
DOID:0080829	DOID:0081261	angiocentric glioma
DOID:0080829	DOID:4844	benign ependymoma
DOID:0080829	DOID:4852	pleomorphic xanthoastrocytoma
DOID:0080829	DOID:4857	diffuse astrocytoma
DOID:0080830	DOID:4851	pilocytic astrocytoma
DOID:0080841	DOID:11656	cicatricial pemphigoid
DOID:0080841	DOID:14482	pemphigoid gestationis
DOID:0080841	DOID:8506	bullous pemphigoid
DOID:0080854	DOID:0080881	pleomorphic xanthoastrocytoma BRAF mutant
DOID:0080855	DOID:0080856	vascular Parkinsonism
DOID:0080875	DOID:0080877	astrocytoma, IDH-mutant, grade 4
DOID:0080875	DOID:0081256	astrocytoma, IDH-mutant, grade 2
DOID:0080875	DOID:0081257	astrocytoma, IDH-mutant, grade 3
DOID:0080879	DOID:0080880	diffuse glioma, H3 G34 mutant
DOID:0080882	DOID:0081281	oligodendroglioma, IDH-mutant and 1p/19q-codeleted grade 2
DOID:0080882	DOID:0081282	oligodendroglioma, IDH-mutant and 1p/19q-codeleted, grade 3
DOID:0080883	DOID:0080884	vitamin D-dependent rickets type 2A
DOID:0080883	DOID:0080885	vitamin D-dependent rickets type 2B
DOID:0080883	DOID:0080886	vitamin D-dependent rickets type 1A
DOID:0080883	DOID:0080887	vitamin D-dependent rickets type 1B
DOID:0080889	DOID:0081254	posterior fossa group A ependymoma
DOID:0080889	DOID:0081255	posterior fossa group B ependymoma
DOID:0080890	DOID:0080891	YAP1-MAMLD1 fusion-positive supratentorial ependymoma
DOID:0080890	DOID:0080892	RELA fusion-positive ependymoma
DOID:0080890	DOID:0081252	supratentorial ependymoma, ZFTA fusion–positive
DOID:0080890	DOID:0081253	supratentorial ependymoma, YAP1 fusion–positive
DOID:0080903	DOID:7631	adult embryonal tumor with multilayered rosettes, C19MC-altered
DOID:0080903	DOID:7841	childhood embryonal tumor with multilayered rosettes, C19MC-altered
DOID:0080905	DOID:0080906	CNS neuroblastoma with FOXR2 activation
DOID:0080910	DOID:0080911	cerebrooculofacioskeletal syndrome 1
DOID:0080910	DOID:0080912	cerebrooculofacioskeletal syndrome 2
DOID:0080910	DOID:0080913	cerebrooculofacioskeletal syndrome 3
DOID:0080910	DOID:0080914	cerebrooculofacioskeletal syndrome 4
DOID:0080918	DOID:0080919	unilateral focal polymicrogyria
DOID:0080918	DOID:0080920	bilateral generalized polymicrogyria
DOID:0080918	DOID:0080921	bilateral frontal polymicrogyria
DOID:0080918	DOID:0080923	bilateral parasagittal parieto-occipital polymicrogyria
DOID:0080942	DOID:0050640	anauxetic dysplasia 1
DOID:0080942	DOID:0080962	anauxetic dysplasia 2
DOID:0080942	DOID:0080963	anauxetic dysplasia 3
DOID:0080954	DOID:0070336	arthrogryposis multiplex congenita-6
DOID:0080954	DOID:0080978	arthrogryposis multiplex congenita-1
DOID:0080954	DOID:0080979	arthrogryposis multiplex congenita-3
DOID:0080954	DOID:0080980	arthrogryposis multiplex congenita-4
DOID:0080954	DOID:0080981	arthrogryposis multiplex congenita-5
DOID:0080954	DOID:0090124	neurogenic-type arthrogryposis multiplex congenita-2
DOID:0081028	DOID:5310	glycogen-rich clear cell breast carcinoma
DOID:0081044	DOID:0081045	frontonasal dysplasia 1
DOID:0081044	DOID:0081046	frontonasal dysplasia 2
DOID:0081044	DOID:0081047	frontonasal dysplasia 3
DOID:0081055	DOID:0081059	X-linked central diabetes insipidus
DOID:0081055	DOID:12388	neurohypophyseal diabetes insipidus
DOID:0081065	DOID:0081070	EZB-MYC+ diffuse large B-cell lymphoma
DOID:0081065	DOID:0081071	EZB-MYC- diffuse large B-cell lymphoma
DOID:0081072	DOID:0081124	craniofacial dysmorphism, skeletal anomalies, and impaired intellectual development syndrome 1
DOID:0081072	DOID:0081125	craniofacial dysmorphism, skeletal anomalies, and impaired intellectual development syndrome 2
DOID:0081073	DOID:0080698	Teebi hypertelorism syndrome 1
DOID:0081073	DOID:0081074	Teebi hypertelorism syndrome 2
DOID:0081077	DOID:0081078	ectodermal dysplasia and immunodeficiency 1
DOID:0081077	DOID:0081079	ectodermal dysplasia and immunodeficiency 2
DOID:0081104	DOID:0081106	hot water epilepsy 1
DOID:0081104	DOID:0081107	hot water epilepsy 2
DOID:0081105	DOID:0081108	keratosis palmoplantaris striata 1
DOID:0081105	DOID:0081109	keratosis palmoplantaris striata 2
DOID:0081105	DOID:0081110	keratosis palmoplantaris striata 3
DOID:0081127	DOID:0081128	mandibuloacral dysplasia type A lipodystrophy
DOID:0081127	DOID:0081129	mandibuloacral dysplasia type B lipodystrophy
DOID:0081132	DOID:0081130	BH4-deficient hyperphenylalaninemia C
DOID:0081132	DOID:0081131	BH4-deficient hyperphenylalaninemia D
DOID:0081132	DOID:0090106	BH4-deficient hyperphenylalaninemia A
DOID:0081132	DOID:0112225	BH4-deficient hyperphenylalaninemia B
DOID:0081249	DOID:0081250	CIC-rearranged sarcoma
DOID:0081286	DOID:0080903	embryonal tumor with multilayered rosettes, C19MC-altered
DOID:0081289	DOID:0050462	Antley-Bixler syndrome with disordered steroidogenesis
DOID:0081289	DOID:0081290	Antley-Bixler syndrome without disordered steroidogenesis
DOID:0081296	DOID:0081297	oculopharyngodistal myopathy 1
DOID:0081296	DOID:0081298	oculopharyngodistal myopathy 2
DOID:0081296	DOID:0081299	oculopharyngodistal myopathy 3
DOID:0081296	DOID:0081300	oculopharyngodistal myopathy 4
DOID:0081307	DOID:0081308	grade I lymphomatoid granulomatosis
DOID:0081307	DOID:0081309	grade II lymphomatoid granulomatosis
DOID:0081307	DOID:0081310	grade III lymphomatoid granulomatosis
DOID:0081312	DOID:0050743	mature T-cell and NK-cell lymphoma
DOID:0081312	DOID:0080148	T-cell childhood lymphoblastic lymphoma
DOID:0081312	DOID:5603	T-cell acute lymphoblastic leukemia
DOID:0081312	DOID:9953	acute biphenotypic leukemia
DOID:0081329	DOID:0081330	glycogen storage disease Ib
DOID:0081329	DOID:0081331	glycogen storage disease Ic
DOID:0081329	DOID:2749	glycogen storage disease Ia
DOID:0081332	DOID:0051067	Fontaine progeroid syndrome
DOID:0081332	DOID:0060590	XFE progeroid syndrome
DOID:0081332	DOID:0061154	Mulvihill-Smith syndrome
DOID:0081332	DOID:0081333	Wiedemann-Rautenstrauch syndrome
DOID:0081332	DOID:0081334	Nestor-Guillermo progeria syndrome
DOID:0081332	DOID:3911	progeria
DOID:0081332	DOID:5688	Werner syndrome
DOID:0081337	DOID:0060346	congenital myopathy 13
DOID:0081337	DOID:0061256	congenital myopathy 25
DOID:0081337	DOID:0061257	congenital myopathy 26
DOID:0081337	DOID:0061258	congenital myopathy 27
DOID:0081337	DOID:0061259	congenital myopathy 28
DOID:0081337	DOID:0061260	congenital myopathy 29
DOID:0081337	DOID:0080101	Compton-North congenital myopathy
DOID:0081337	DOID:0080102	congenital myopathy 4A
DOID:0081337	DOID:0080103	cylindrical spirals myopathy
DOID:0081337	DOID:0080719	congenital myopathy 6
DOID:0081337	DOID:0080991	congenital myopathy 1B
DOID:0081337	DOID:0081339	congenital myopathy 2B
DOID:0081337	DOID:0081340	congenital myopathy 2C
DOID:0081337	DOID:0081341	congenital myopathy 5
DOID:0081337	DOID:0081342	congenital myopathy 8
DOID:0081337	DOID:0081343	congenital myopathy 9A
DOID:0081337	DOID:0081344	congenital myopathy 9B
DOID:0081337	DOID:0081345	congenital myopathy 10B
DOID:0081337	DOID:0081346	congenital myopathy 14
DOID:0081337	DOID:0081347	congenital myopathy 15
DOID:0081337	DOID:0081348	congenital myopathy 16
DOID:0081337	DOID:0081349	congenital myopathy 17
DOID:0081337	DOID:0081350	congenital myopathy 18
DOID:0081337	DOID:0081351	congenital myopathy 19
DOID:0081337	DOID:0081352	congenital myopathy 20
DOID:0081337	DOID:0081353	congenital myopathy 21
DOID:0081337	DOID:0081354	congenital myopathy 22A
DOID:0081337	DOID:0081355	congenital myopathy 22B
DOID:0081337	DOID:0110926	congenital myopathy 4B
DOID:0081337	DOID:0110932	congenital myopathy 23
DOID:0081337	DOID:0111267	hyaline body myopathy
DOID:0081337	DOID:0111333	congenital myopathy 10A
DOID:0081337	DOID:3191	nemaline myopathy
DOID:0081337	DOID:3529	congenital myopathy 1A
DOID:0081337	DOID:422	congenital structural myopathy
DOID:0081359	DOID:0061208	epidermolytic hyperkeratosis 2B
DOID:0081359	DOID:0061223	epidermolytic hyperkeratosis 2A
DOID:0081370	DOID:0050331	lacrimoauriculodentodigital syndrome 1
DOID:0081370	DOID:0081371	lacrimoauriculodentodigital syndrome 2
DOID:0081370	DOID:0081372	lacrimoauriculodentodigital syndrome 3
DOID:0081377	DOID:0070491	mitochondrial complex IV deficiency nuclear type 1
DOID:0081377	DOID:0070492	mitochondrial complex IV deficiency nuclear type 3
DOID:0081377	DOID:0070493	mitochondrial complex IV deficiency nuclear type 4
DOID:0081377	DOID:0070494	mitochondrial complex IV deficiency nuclear type 7
DOID:0081377	DOID:0070495	mitochondrial complex IV deficiency nuclear type 8
DOID:0081377	DOID:0070496	mitochondrial complex IV deficiency nuclear type 10
DOID:0081377	DOID:0070497	mitochondrial complex IV deficiency nuclear type 11
DOID:0081377	DOID:0070498	mitochondrial complex IV deficiency nuclear type 12
DOID:0081377	DOID:0070499	mitochondrial complex IV deficiency nuclear type 14
DOID:0081377	DOID:0070500	mitochondrial complex IV deficiency nuclear type 15
DOID:0081377	DOID:0070501	mitochondrial complex IV deficiency nuclear type 16
DOID:0081377	DOID:0070502	mitochondrial complex IV deficiency nuclear type 17
DOID:0081377	DOID:0070503	mitochondrial complex IV deficiency nuclear type 18
DOID:0081377	DOID:0070504	mitochondrial complex IV deficiency nuclear type 19
DOID:0081377	DOID:0070505	mitochondrial complex IV deficiency nuclear type 20
DOID:0081377	DOID:0070506	mitochondrial complex IV deficiency nuclear type 21
DOID:0081377	DOID:0070507	mitochondrial complex IV deficiency nuclear type 22
DOID:0081388	DOID:0081389	logopenic progressive aphasia
DOID:0081388	DOID:0081390	progressive non-fluent aphasia
DOID:0081388	DOID:0081391	semantic dementia
DOID:0081402	DOID:0081403	BCOR ITD sarcoma
DOID:0081402	DOID:0081404	BCOR-CCNB3 sarcoma
DOID:0081402	DOID:0081405	childhood sarcoma with BCOR genetic alterations
DOID:0081406	DOID:0081407	childhood round cell sarcoma with EWSR1-non-ETS fusion
DOID:0081406	DOID:0081408	round cell sarcoma with EWSR1-NFATC2 gene fusion
DOID:0081406	DOID:0081409	round cell sarcoma with EWSR1-PATZ1 gene fusion
DOID:0081406	DOID:0081410	round cell sarcoma with FUS-NFATC2 gene fusion
DOID:0081413	DOID:0081414	TFEB-rearranged renal cell carcinoma
DOID:0081413	DOID:0081415	TFE3-rearranged renal cell carcinoma
DOID:0081413	DOID:0081416	childhood renal cell carcinoma with MiT translocations
DOID:0081420	DOID:0081421	familial focal epilepsy with variable foci 1
DOID:0081420	DOID:0081422	familial focal epilepsy with variable foci 2
DOID:0081420	DOID:0081423	familial focal epilepsy with variable foci 3
DOID:0081420	DOID:0081424	familial focal epilepsy with variable foci 4
DOID:0081445	DOID:10923	sickle cell anemia
DOID:0081452	DOID:0050745	diffuse large B-cell lymphoma
DOID:0081452	DOID:0080210	primary mediastinal B-cell lymphoma
DOID:0081452	DOID:0080779	plasmablastic lymphoma
DOID:0081452	DOID:0081004	high-grade B-cell lymphoma double-hit/triple-hit
DOID:0081452	DOID:0081311	intravascular large B-cell lymphoma
DOID:0090001	DOID:0111405	Fraser syndrome 1
DOID:0090001	DOID:0111406	Fraser syndrome 3
DOID:0090001	DOID:0111407	Fraser syndrome 2
DOID:0090007	DOID:0090008	immunodeficiency-centromeric instability-facial anomalies syndrome 1
DOID:0090007	DOID:0090009	immunodeficiency-centromeric instability-facial anomalies syndrome 2
DOID:0090007	DOID:0090010	immunodeficiency-centromeric instability-facial anomalies syndrome 3
DOID:0090007	DOID:0090011	immunodeficiency-centromeric instability-facial anomalies syndrome 4
DOID:0090019	DOID:0060983	sitosterolemia 2
DOID:0090019	DOID:0070634	sitosterolemia 1
DOID:0090020	DOID:0090021	split hand-foot malformation 1
DOID:0090020	DOID:0090022	split hand-foot malformation 5
DOID:0090020	DOID:0090023	split hand-foot malformation 4
DOID:0090020	DOID:0090024	split hand-foot malformation 1 with sensorineural hearing loss
DOID:0090020	DOID:0090025	split hand-foot malformation 3
DOID:0090020	DOID:0090026	split hand-foot malformation 6
DOID:0090020	DOID:0090027	split hand-foot malformation 2
DOID:0090033	DOID:0090034	myoclonic dystonia 11
DOID:0090033	DOID:0090035	myoclonic dystonia 15
DOID:0090033	DOID:0090036	myoclonic dystonia 26
DOID:0090059	DOID:0061231	enhanced S-cone syndrome 1
DOID:0090059	DOID:0061232	enhanced S-cone syndrome 2
DOID:0090061	DOID:0090062	familial cold autoinflammatory syndrome 1
DOID:0090061	DOID:0090063	familial cold autoinflammatory syndrome 2
DOID:0090061	DOID:0090064	familial cold autoinflammatory syndrome 3
DOID:0090061	DOID:0090065	familial cold autoinflammatory syndrome 4
DOID:0090070	DOID:0090071	hypogonadotropic hypogonadism 11 with or without anosmia
DOID:0090070	DOID:0090072	hypogonadotropic hypogonadism 12 with or without anosmia
DOID:0090070	DOID:0090073	hypogonadotropic hypogonadism 13 with or without anosmia
DOID:0090070	DOID:0090074	hypogonadotropic hypogonadism 8 with or without anosmia
DOID:0090070	DOID:0090075	hypogonadotropic hypogonadism 15 with or without anosmia
DOID:0090070	DOID:0090076	hypogonadotropic hypogonadism 18 with or without anosmia
DOID:0090070	DOID:0090077	hypogonadotropic hypogonadism 4 with or without anosmia
DOID:0090070	DOID:0090078	hypogonadotropic hypogonadism 7 with or without anosmia
DOID:0090070	DOID:0090079	hypogonadotropic hypogonadism 17 with or without anosmia
DOID:0090070	DOID:0090080	hypogonadotropic hypogonadism 16 with or without anosmia
DOID:0090070	DOID:0090081	hypogonadotropic hypogonadism 22 with or without anosmia
DOID:0090070	DOID:0090082	hypogonadotropic hypogonadism 20 with or without anosmia
DOID:0090070	DOID:0090083	hypogonadotropic hypogonadism 2 with or without anosmia
DOID:0090070	DOID:0090084	hypogonadotropic hypogonadism 5 with or without anosmia
DOID:0090070	DOID:0090085	hypogonadotropic hypogonadism 9 with or without anosmia
DOID:0090070	DOID:0090086	hypogonadotropic hypogonadism 6 with or without anosmia
DOID:0090070	DOID:0090087	hypogonadotropic hypogonadism 14 with or without anosmia
DOID:0090070	DOID:0090088	hypogonadotropic hypogonadism 24 without anosmia
DOID:0090070	DOID:0090089	hypogonadotropic hypogonadism 10 with or without anosmia
DOID:0090070	DOID:0090090	hypogonadotropic hypogonadism 19 with or without anosmia
DOID:0090070	DOID:0090091	hypogonadotropic hypogonadism 23 with or without anosmia
DOID:0090070	DOID:0090092	hypogonadotropic hypogonadism 3 with or without anosmia
DOID:0090070	DOID:0090093	hypogonadotropic hypogonadism 21 with or without anosmia
DOID:0090070	DOID:0090094	hypogonadotropic hypogonadism 1 with or without anosmia
DOID:0090070	DOID:3614	Kallmann syndrome
DOID:0090109	DOID:0090107	autosomal dominant hypocalcemia 1
DOID:0090109	DOID:0090108	autosomal dominant hypocalcemia 2
DOID:0090118	DOID:0061002	congenital amegakaryocytic thrombocytopenia 2
DOID:0090118	DOID:0061005	congenital amegakaryocytic thrombocytopenia 1
DOID:0090131	DOID:0061138	complex cortical dysplasia with other brain malformations 9
DOID:0090131	DOID:0061141	complex cortical dysplasia with other brain malformations 12
DOID:0090131	DOID:0061142	complex cortical dysplasia with other brain malformations 11
DOID:0090131	DOID:0061143	complex cortical dysplasia with other brain malformations 10
DOID:0090131	DOID:0061144	complex cortical dysplasia with other brain malformations 13
DOID:0090131	DOID:0080922	complex cortical dysplasia with other brain malformations 14A
DOID:0090131	DOID:0080924	complex cortical dysplasia with other brain malformations 14B
DOID:0090131	DOID:0081266	complex cortical dysplasia with other brain malformations 15
DOID:0090131	DOID:0090132	complex cortical dysplasia with other brain malformations 7
DOID:0090131	DOID:0090133	complex cortical dysplasia with other brain malformations 2
DOID:0090131	DOID:0090134	complex cortical dysplasia with other brain malformations 3
DOID:0090131	DOID:0090135	complex cortical dysplasia with other brain malformations 5
DOID:0090131	DOID:0090136	complex cortical dysplasia with other brain malformations 6
DOID:0090131	DOID:0090137	complex cortical dysplasia with other brain malformations 1
DOID:0090131	DOID:0090138	complex cortical dysplasia with other brain malformations 4
DOID:0090139	DOID:0090140	cortisone reductase deficiency 2
DOID:0090139	DOID:0090141	cortisone reductase deficiency 1
DOID:0110003	DOID:0081133	3-methylglutaconic aciduria type 7a
DOID:0110003	DOID:0081134	3-methylglutaconic aciduria type 7b
DOID:0110273	DOID:0110303	autosomal dominant limb-girdle muscular dystrophy type 1H
DOID:0110273	DOID:0110304	autosomal dominant limb-girdle muscular dystrophy type 2
DOID:0110273	DOID:0110305	autosomal dominant limb-girdle muscular dystrophy type 1
DOID:0110273	DOID:0110306	autosomal dominant limb-girdle muscular dystrophy type 3
DOID:0110274	DOID:0061130	autosomal recessive limb-girdle muscular dystrophy type 28
DOID:0110274	DOID:0061131	autosomal recessive limb-girdle muscular dystrophy type 26
DOID:0110274	DOID:0061132	autosomal recessive limb-girdle muscular dystrophy type 23
DOID:0110274	DOID:0061133	autosomal recessive limb-girdle muscular dystrophy type 27
DOID:0110274	DOID:0061134	autosomal recessive limb-girdle muscular dystrophy type 29
DOID:0110274	DOID:0080762	autosomal recessive limb-girdle muscular dystrophy type 2Z
DOID:0110274	DOID:0110275	autosomal recessive limb-girdle muscular dystrophy type 2A
DOID:0110274	DOID:0110276	autosomal recessive limb-girdle muscular dystrophy type 2B
DOID:0110274	DOID:0110277	autosomal recessive limb-girdle muscular dystrophy type 2C
DOID:0110274	DOID:0110278	autosomal recessive limb-girdle muscular dystrophy type 2D
DOID:0110274	DOID:0110279	autosomal recessive limb-girdle muscular dystrophy type 2E
DOID:0110274	DOID:0110280	autosomal recessive limb-girdle muscular dystrophy type 2F
DOID:0110274	DOID:0110281	autosomal recessive limb-girdle muscular dystrophy type 2G
DOID:0110274	DOID:0110282	autosomal recessive limb-girdle muscular dystrophy type 2H
DOID:0110274	DOID:0110283	autosomal recessive limb-girdle muscular dystrophy type 2J
DOID:0110274	DOID:0110284	autosomal recessive limb-girdle muscular dystrophy type 2L
DOID:0110274	DOID:0110285	autosomal recessive limb-girdle muscular dystrophy type 2Q
DOID:0110274	DOID:0110287	autosomal recessive limb-girdle muscular dystrophy type 2S
DOID:0110274	DOID:0110288	autosomal recessive limb-girdle muscular dystrophy type 2W
DOID:0110274	DOID:0110289	autosomal recessive limb-girdle muscular dystrophy type 2Y
DOID:0110274	DOID:0110290	autosomal recessive limb-girdle muscular dystrophy type 2X
DOID:0110274	DOID:0110292	autosomal recessive limb-girdle muscular dystrophy type 2O
DOID:0110274	DOID:0110293	autosomal recessive limb-girdle muscular dystrophy type 2P
DOID:0110274	DOID:0110294	autosomal recessive limb-girdle muscular dystrophy type 2T
DOID:0110274	DOID:0110295	autosomal recessive limb-girdle muscular dystrophy type 2U
DOID:0110274	DOID:0110296	autosomal recessive limb-girdle muscular dystrophy type 2M
DOID:0110274	DOID:0110297	autosomal recessive limb-girdle muscular dystrophy type 2K
DOID:0110274	DOID:0110298	autosomal recessive limb-girdle muscular dystrophy type 2N
DOID:0110274	DOID:0110299	autosomal recessive limb-girdle muscular dystrophy type 2I
DOID:0110734	DOID:0110735	neurodegeneration with brain iron accumulation 2a
DOID:0110734	DOID:0110736	neurodegeneration with brain iron accumulation 2b
DOID:0110734	DOID:0110737	neurodegeneration with brain iron accumulation 3
DOID:0110734	DOID:0110738	neurodegeneration with brain iron accumulation 4
DOID:0110734	DOID:0110739	neurodegeneration with brain iron accumulation 5
DOID:0110734	DOID:0110740	neurodegeneration with brain iron accumulation 6
DOID:0110734	DOID:3981	pantothenate kinase-associated neurodegeneration
DOID:0110771	DOID:0070640	hereditary spastic paraplegia 18A
DOID:0110771	DOID:0070641	hereditary spastic paraplegia 18B
DOID:0110781	DOID:0070646	hereditary spastic paraplegia 30B
DOID:0110781	DOID:0070647	hereditary spastic paraplegia 30A
DOID:0110826	DOID:0070655	Usher syndrome type 1B
DOID:0110826	DOID:0110830	Usher syndrome type 1C
DOID:0110826	DOID:0110831	Usher syndrome type 1D
DOID:0110826	DOID:0110832	Usher syndrome type 1F
DOID:0110826	DOID:0110833	Usher syndrome type 1E
DOID:0110826	DOID:0110834	Usher syndrome type 1G
DOID:0110826	DOID:0110835	Usher syndrome type 1H
DOID:0110826	DOID:0110837	Usher syndrome type 1K
DOID:0110827	DOID:0110838	Usher syndrome type 2A
DOID:0110827	DOID:0110839	Usher syndrome type 2C
DOID:0110827	DOID:0110840	Usher syndrome type 2D
DOID:0110828	DOID:0110841	Usher syndrome type 3A
DOID:0110828	DOID:0110842	Usher syndrome type 3B
DOID:0110861	DOID:0080212	polycystic kidney disease 4
DOID:0110861	DOID:0080273	polycystic kidney disease 5
DOID:0110959	DOID:0112250	Gaucher's disease type IIIC
DOID:0110964	DOID:0110974	brachydactyly type A1B
DOID:0110964	DOID:0110977	brachydactyly type A1C
DOID:0110964	DOID:0110978	brachydactyly type A1D
DOID:0111034	DOID:0111027	hemochromatosis type 2A
DOID:0111034	DOID:0111032	hemochromatosis type 2B
DOID:0111073	DOID:0111074	progressive familial heart block type IA
DOID:0111073	DOID:0111075	progressive familial heart block type II
DOID:0111073	DOID:0111076	progressive familial heart block type IB
DOID:0111139	DOID:0060351	mitochondrial complex III deficiency nuclear type 2
DOID:0111139	DOID:0080111	mitochondrial complex III deficiency nuclear type 1
DOID:0111139	DOID:0080112	mitochondrial complex III deficiency nuclear type 3
DOID:0111139	DOID:0080113	mitochondrial complex III deficiency nuclear type 4
DOID:0111139	DOID:0080114	mitochondrial complex III deficiency nuclear type 5
DOID:0111139	DOID:0080115	mitochondrial complex III deficiency nuclear type 6
DOID:0111139	DOID:0080116	mitochondrial complex III deficiency nuclear type 7
DOID:0111139	DOID:0080117	mitochondrial complex III deficiency nuclear type 8
DOID:0111139	DOID:0080118	mitochondrial complex III deficiency nuclear type 9
DOID:0111143	DOID:0050768	mitochondrial complex V (ATP synthase) deficiency nuclear type 1
DOID:0111143	DOID:0060331	mitochondrial complex V (ATP synthase) deficiency nuclear type 2
DOID:0111143	DOID:0060332	mitochondrial complex V (ATP synthase) deficiency nuclear type 3
DOID:0111143	DOID:0060333	mitochondrial complex V (ATP synthase) deficiency nuclear type 4
DOID:0111143	DOID:0070463	mitochondrial complex V (ATP synthase) deficiency nuclear type 5
DOID:0111143	DOID:0070464	mitochondrial complex V (ATP synthase) deficiency nuclear type 7
DOID:0111143	DOID:0111748	mitochondrial complex V (ATP synthase) deficiency mitochondrial type 1
DOID:0111143	DOID:0111749	mitochondrial complex V (ATP synthase) deficiency nuclear type 6
DOID:0111148	DOID:0111149	autosomal recessive isolated ectopia lentis 2
DOID:0111148	DOID:0111150	autosomal dominant isolated ectopia lentis 1
DOID:0111153	DOID:0070636	mirror movements 1
DOID:0111153	DOID:0070637	mirror movements 2
DOID:0111153	DOID:0070638	mirror movements 4
DOID:0111153	DOID:0070639	mirror movements 3
DOID:0111157	DOID:0111152	multicentric Castleman disease
DOID:0111165	DOID:0111163	molybdenum cofactor deficiency type B
DOID:0111165	DOID:0111164	molybdenum cofactor deficiency type A
DOID:0111165	DOID:0111166	molybdenum cofactor deficiency type C
DOID:0111167	DOID:0060247	Smith-McCort dysplasia
DOID:0111197	DOID:0081425	autosomal recessive distal hereditary motor neuronopathy 6
DOID:0111197	DOID:0081426	autosomal recessive distal hereditary motor neuronopathy 7
DOID:0111197	DOID:0081427	autosomal recessive distal hereditary motor neuronopathy 8
DOID:0111197	DOID:0081428	autosomal recessive distal hereditary motor neuronopathy 9
DOID:0111197	DOID:0081429	autosomal recessive distal hereditary motor neuronopathy 10
DOID:0111197	DOID:0111064	autosomal recessive distal hereditary motor neuronopathy 1
DOID:0111197	DOID:0111065	autosomal recessive distal hereditary motor neuronopathy 2
DOID:0111197	DOID:0111211	autosomal recessive distal hereditary motor neuronopathy 3
DOID:0111197	DOID:0111213	autosomal recessive distal hereditary motor neuronopathy 4
DOID:0111197	DOID:0111214	autosomal recessive distal hereditary motor neuronopathy 5
DOID:0111198	DOID:0051042	autosomal dominant distal hereditary motor neuronopathy 15
DOID:0111198	DOID:0081399	autosomal dominant distal hereditary motor neuronopathy 10
DOID:0111198	DOID:0081400	autosomal dominant distal hereditary motor neuronopathy 11
DOID:0111198	DOID:0081401	autosomal dominant distal hereditary motor neuronopathy 13
DOID:0111198	DOID:0111199	autosomal dominant distal hereditary motor neuronopathy 7
DOID:0111198	DOID:0111200	autosomal dominant distal hereditary motor neuronopathy 1
DOID:0111198	DOID:0111202	autosomal dominant distal hereditary motor neuronopathy 14
DOID:0111198	DOID:0111203	autosomal dominant distal hereditary motor neuronopathy 5
DOID:0111198	DOID:0111205	autosomal dominant distal hereditary motor neuronopathy 12
DOID:0111198	DOID:0111206	autosomal dominant distal hereditary motor neuronopathy 2
DOID:0111198	DOID:0111207	autosomal dominant distal hereditary motor neuronopathy 3
DOID:0111198	DOID:0111209	autosomal dominant distal hereditary motor neuronopathy 4
DOID:0111198	DOID:0111210	autosomal dominant distal hereditary motor neuronopathy 6
DOID:0111198	DOID:0111212	autosomal dominant distal hereditary motor neuronopathy 9
DOID:0111198	DOID:0111215	autosomal dominant distal hereditary motor neuronopathy 8
DOID:0111216	DOID:0111220	centronuclear myopathy 2
DOID:0111216	DOID:0111221	centronuclear myopathy 6 with fiber-type disproportion
DOID:0111216	DOID:0111222	centronuclear myopathy 5
DOID:0111217	DOID:0111223	centronuclear myopathy 1
DOID:0111217	DOID:0111224	centronuclear myopathy 4
DOID:0111229	DOID:0050559	Fukuyama congenital muscular dystrophy
DOID:0111229	DOID:0111230	congenital muscular dystrophy-dystroglycanopathy type A11
DOID:0111229	DOID:0111231	congenital muscular dystrophy-dystroglycanopathy type A8
DOID:0111229	DOID:0111232	congenital muscular dystrophy-dystroglycanopathy type A9
DOID:0111229	DOID:0111233	congenital muscular dystrophy-dystroglycanopathy type A14
DOID:0111229	DOID:0111234	congenital muscular dystrophy-dystroglycanopathy type A7
DOID:0111229	DOID:0111235	congenital muscular dystrophy-dystroglycanopathy type A12
DOID:0111229	DOID:0111236	congenital muscular dystrophy-dystroglycanopathy type A3
DOID:0111229	DOID:0111237	congenital muscular dystrophy-dystroglycanopathy type A1
DOID:0111229	DOID:0111238	congenital muscular dystrophy-dystroglycanopathy type A13
DOID:0111229	DOID:0111239	congenital muscular dystrophy-dystroglycanopathy type A10
DOID:0111229	DOID:0111240	congenital muscular dystrophy-dystroglycanopathy type A2
DOID:0111229	DOID:0111241	congenital muscular dystrophy-dystroglycanopathy type A5
DOID:0111229	DOID:0111242	congenital muscular dystrophy-dystroglycanopathy type A6
DOID:0111253	DOID:0070482	spinal neurofibromatosis
DOID:0111267	DOID:0111268	autosomal recessive hyaline body myopathy
DOID:0111267	DOID:0111269	autosomal dominant hyaline body myopathy
DOID:0111277	DOID:0060999	mitochondrial trifunctional protein deficiency 2
DOID:0111277	DOID:0070619	mitochondrial trifunctional protein deficiency 1
DOID:0111297	DOID:0111298	familial febrile seizures 8
DOID:0111297	DOID:0111303	familial febrile seizures 9
DOID:0111297	DOID:0111304	familial febrile seizures 10
DOID:0111297	DOID:0111305	familial febrile seizures 4
DOID:0111297	DOID:0111306	familial febrile seizures 5
DOID:0111297	DOID:0111307	familial febrile seizures 1
DOID:0111297	DOID:0111308	familial febrile seizures 11
DOID:0111297	DOID:0111309	familial febrile seizures 6
DOID:0111297	DOID:0111310	familial febrile seizures 2
DOID:0111297	DOID:0111311	familial febrile seizures 7
DOID:0111368	DOID:0111369	hyperalphalipoproteinemia 1
DOID:0111368	DOID:0111370	apolipoprotein C-III deficiency
DOID:0111375	DOID:0081043	fetal akinesia deformation sequence syndrome X-linked
DOID:0111375	DOID:0111376	fetal akinesia deformation sequence syndrome 3
DOID:0111375	DOID:0111377	fetal akinesia deformation sequence syndrome 1
DOID:0111375	DOID:0111378	fetal akinesia deformation sequence syndrome 2
DOID:0111375	DOID:0111379	fetal akinesia deformation sequence syndrome 4
DOID:0111387	DOID:0061150	familial isolated hypoparathyroidism 1
DOID:0111387	DOID:0061151	familial isolated hypoparathyroidism 2
DOID:0111396	DOID:0111397	congenital dyserythropoietic anemia type Ib
DOID:0111396	DOID:0111398	congenital dyserythropoietic anemia type Ia
DOID:0111414	DOID:0111415	trichohepatoenteric syndrome 1
DOID:0111414	DOID:0111416	trichohepatoenteric syndrome 2
DOID:0111417	DOID:0111418	familial apolipoprotein C-II deficiency
DOID:0111417	DOID:0111419	familial chylomicronemia due to inhibition of lipoprotein lipase activity
DOID:0111417	DOID:0111420	familial GPIHBP1 deficiency
DOID:0111417	DOID:0111421	familial apolipoprotein A5 deficiency
DOID:0111417	DOID:0111422	familial lipase maturation factor 1 deficiency
DOID:0111417	DOID:14118	familial lipoprotein lipase deficiency
DOID:0111572	DOID:0111573	autosomal dominant woolly hair
DOID:0111572	DOID:0111574	autosomal recessive woolly hair 3
DOID:0111575	DOID:0111576	dehydrated hereditary stomatocytosis 1
DOID:0111575	DOID:0111577	dehydrated hereditary stomatocytosis 2
DOID:0111596	DOID:0111597	distal arthrogryposis type 1A
DOID:0111596	DOID:0111598	distal arthrogryposis type 1B
DOID:0111596	DOID:0112190	distal arthrogryposis type 1C
DOID:0111599	DOID:0111600	distal arthrogryposis type 2B1
DOID:0111599	DOID:0111601	distal arthrogryposis type 2B2
DOID:0111599	DOID:0111602	distal arthrogryposis type 2B3
DOID:0111604	DOID:0111605	distal arthrogryposis type 2A
DOID:0111604	DOID:0111606	autosomal recessive Whistling face syndrome
DOID:0111622	DOID:0111623	ACTH-independent macronodular adrenal hyperplasia 1
DOID:0111622	DOID:0111624	ACTH-independent macronodular adrenal hyperplasia 2
DOID:0111655	DOID:0111656	ectodermal dysplasia 9
DOID:0111655	DOID:0111657	ectodermal dysplasia 5
DOID:0111655	DOID:0111658	ectodermal dysplasia 4
DOID:0111655	DOID:0111659	ectodermal dysplasia 6
DOID:0111655	DOID:0111660	ectodermal dysplasia 7
DOID:0111684	DOID:0111685	hereditary mixed polyposis syndrome 1
DOID:0111684	DOID:0111686	hereditary mixed polyposis syndrome 2
DOID:0111689	DOID:0111690	familial adult myoclonic epilepsy 1
DOID:0111689	DOID:0111691	familial adult myoclonic epilepsy 5
DOID:0111689	DOID:0111692	familial adult myoclonic epilepsy 2
DOID:0111689	DOID:0111693	familial adult myoclonic epilepsy 4
DOID:0111689	DOID:0111694	familial adult myoclonic epilepsy 7
DOID:0111689	DOID:0111695	familial adult myoclonic epilepsy 3
DOID:0111689	DOID:0111696	familial adult myoclonic epilepsy 6
DOID:0111708	DOID:0111709	focal nonepidermolytic palmoplantar keratoderma 1
DOID:0111708	DOID:0111711	focal nonepidermolytic palmoplantar keratoderma 2
DOID:0111716	DOID:0111717	isolated cryptophthalmia
DOID:0111717	DOID:0111718	partial cryptophthalmia
DOID:0111717	DOID:0111719	complete cryptophthalmia
DOID:0111717	DOID:0111720	congenital symblepharon
DOID:0111721	DOID:0080243	amelogenesis imperfecta type 3B
DOID:0111721	DOID:0110055	amelogenesis imperfecta type 3A
DOID:0111721	DOID:0111722	amelogenesis imperfecta type 3C
DOID:0111724	DOID:0111725	geleophysic dysplasia 1
DOID:0111724	DOID:0111726	geleophysic dysplasia 2
DOID:0111724	DOID:0111727	geleophysic dysplasia 3
DOID:0111728	DOID:0111729	familial episodic pain syndrome 1
DOID:0111728	DOID:0111730	familial episodic pain syndrome 2
DOID:0111728	DOID:0111731	familial episodic pain syndrome 3
DOID:0111754	DOID:0111755	Leber hereditary optic neuropathy and dystonia
DOID:0111754	DOID:0111756	Leber hereditary optic neuropathy with demyelinating disease of CNS
DOID:0111757	DOID:0111758	Y-linked deafness 2
DOID:0111757	DOID:0111759	Y-linked deafness 1
DOID:0111760	DOID:0080943	46,XX sex reversal 5
DOID:0111760	DOID:0111761	46,XX sex reversal 1
DOID:0111760	DOID:0111762	46,XX sex reversal 3
DOID:0111760	DOID:0111763	46,XX sex reversal 2
DOID:0111760	DOID:0111764	46,XX sex reversal 4
DOID:0111782	DOID:0111783	otopalatodigital syndrome type 1
DOID:0111782	DOID:0111784	otopalatodigital syndrome type 2
DOID:0111782	DOID:0111785	frontometaphyseal dysplasia
DOID:0111782	DOID:0111788	Melnick-Needles syndrome
DOID:0111782	DOID:0111789	Frank-Ter Haar syndrome
DOID:0111785	DOID:0111786	frontometaphyseal dysplasia 1
DOID:0111785	DOID:0111787	frontometaphyseal dysplasia 2
DOID:0111797	DOID:0061178	autosomal recessive congenital nystagmus 8
DOID:0111824	DOID:0111825	autosomal dominant Aarskog syndrome
DOID:0111824	DOID:6683	X-linked Aarskog syndrome
DOID:0111828	DOID:0111829	X-linked spinocerebellar ataxia 1
DOID:0111828	DOID:0111830	X-linked spinocerebellar ataxia 2
DOID:0111828	DOID:0111831	X-linked spinocerebellar ataxia 3
DOID:0111828	DOID:0111832	X-linked spinocerebellar ataxia 4
DOID:0111828	DOID:0111833	X-linked spinocerebellar ataxia 5
DOID:0111862	DOID:0111863	X-linked congenital bilateral absence of vas deferens
DOID:0111862	DOID:0111864	autosomal recessive congenital bilateral absence of vas deferens
DOID:0111866	DOID:0111867	nonphotosensitive trichothiodystrophy
DOID:0111866	DOID:2960	photosensitive trichothiodystrophy
DOID:0111867	DOID:0050528	nonphotosensitive trichothiodystrophy 4
DOID:0111867	DOID:0061023	nonphotosensitive trichothiodystrophy 8
DOID:0111867	DOID:0061024	nonphotosensitive trichothiodystrophy 9
DOID:0111867	DOID:0111868	nonphotosensitive trichothiodystrophy 5
DOID:0111867	DOID:0111870	nonphotosensitive trichothiodystrophy 7
DOID:0111867	DOID:0111872	nonphotosensitive trichothiodystrophy 6
DOID:0111867	DOID:0111874	Sabinas brittle hair syndrome
DOID:0111875	DOID:0111808	linear skin defects with multiple congenital anomalies 1
DOID:0111875	DOID:0111876	linear skin defects with multiple congenital anomalies 3
DOID:0111875	DOID:0111877	linear skin defects with multiple congenital anomalies 2
DOID:0111910	DOID:0061177	X-linked spermatogenic failure 9
DOID:0111910	DOID:0070164	spermatogenic failure 2
DOID:0111910	DOID:0070165	spermatogenic failure 18
DOID:0111910	DOID:0070166	spermatogenic failure 20
DOID:0111910	DOID:0070168	spermatogenic failure 3
DOID:0111910	DOID:0070169	spermatogenic failure 8
DOID:0111910	DOID:0070170	spermatogenic failure 19
DOID:0111910	DOID:0070171	spermatogenic failure 12
DOID:0111910	DOID:0070172	spermatogenic failure 15
DOID:0111910	DOID:0070173	spermatogenic failure 7
DOID:0111910	DOID:0070174	spermatogenic failure 17
DOID:0111910	DOID:0070176	spermatogenic failure 4
DOID:0111910	DOID:0070177	spermatogenic failure 22
DOID:0111910	DOID:0070178	spermatogenic failure 10
DOID:0111910	DOID:0070179	spermatogenic failure 14
DOID:0111910	DOID:0070180	spermatogenic failure 11
DOID:0111910	DOID:0070181	spermatogenic failure 23
DOID:0111910	DOID:0070182	spermatogenic failure 13
DOID:0111910	DOID:0070183	spermatogenic failure 5
DOID:0111910	DOID:0070185	X-linked spermatogenic failure 2
DOID:0111910	DOID:0070187	Y-linked spermatogenic failure 2
DOID:0111910	DOID:0070188	spermatogenic failure 1
DOID:0111910	DOID:0070567	spermatogenic failure 68
DOID:0111910	DOID:0070568	spermatogenic failure 69
DOID:0111910	DOID:0070569	spermatogenic failure 70
DOID:0111910	DOID:0070570	spermatogenic failure 71
DOID:0111910	DOID:0070571	spermatogenic failure 72
DOID:0111910	DOID:0070572	spermatogenic failure 73
DOID:0111910	DOID:0070573	spermatogenic failure 74
DOID:0111910	DOID:0070574	spermatogenic failure 75
DOID:0111910	DOID:0070575	spermatogenic failure 76
DOID:0111910	DOID:0070576	spermatogenic failure 77
DOID:0111910	DOID:0070577	spermatogenic failure 78
DOID:0111910	DOID:0070578	spermatogenic failure 79
DOID:0111910	DOID:0070579	spermatogenic failure 80
DOID:0111910	DOID:0070580	spermatogenic failure 81
DOID:0111910	DOID:0070581	spermatogenic failure 82
DOID:0111910	DOID:0070582	spermatogenic failure 83
DOID:0111910	DOID:0070583	spermatogenic failure 84
DOID:0111910	DOID:0070585	spermatogenic failure 86
DOID:0111910	DOID:0070586	spermatogenic failure 87
DOID:0111910	DOID:0070587	spermatogenic failure 88
DOID:0111910	DOID:0070588	spermatogenic failure 89
DOID:0111910	DOID:0070589	spermatogenic failure 90
DOID:0111910	DOID:0070590	spermatogenic failure 91
DOID:0111910	DOID:0070591	spermatogenic failure 92
DOID:0111910	DOID:0070592	spermatogenic failure 93
DOID:0111910	DOID:0070593	spermatogenic failure 94
DOID:0111910	DOID:0070594	spermatogenic failure 95
DOID:0111910	DOID:0070595	X-linked spermatogenic failure 4
DOID:0111910	DOID:0070596	X-linked spermatogenic failure 5
DOID:0111910	DOID:0070597	X-linked spermatogenic failure 6
DOID:0111910	DOID:0070598	X-linked spermatogenic failure 7
DOID:0111910	DOID:0070599	X-linked spermatogenic failure 8
DOID:0111910	DOID:0070725	spermatogenic failure 96
DOID:0111910	DOID:0070726	spermatogenic failure 97
DOID:0111910	DOID:0070727	spermatogenic failure 98
DOID:0111910	DOID:0070728	spermatogenic failure 99
DOID:0111910	DOID:0070729	spermatogenic failure 100
DOID:0111910	DOID:0070730	spermatogenic failure 101
DOID:0111910	DOID:0070731	spermatogenic failure 102
DOID:0111910	DOID:0081470	spermatogenic failure 103
DOID:0111910	DOID:0111911	spermatogenic failure 34
DOID:0111910	DOID:0111912	spermatogenic failure 41
DOID:0111910	DOID:0111913	spermatogenic failure 30
DOID:0111910	DOID:0111914	spermatogenic failure 35
DOID:0111910	DOID:0111915	spermatogenic failure 33
DOID:0111910	DOID:0111916	spermatogenic failure 28
DOID:0111910	DOID:0111917	spermatogenic failure 43
DOID:0111910	DOID:0111918	spermatogenic failure 40
DOID:0111910	DOID:0111919	spermatogenic failure 38
DOID:0111910	DOID:0111920	spermatogenic failure 25
DOID:0111910	DOID:0111921	spermatogenic failure 36
DOID:0111910	DOID:0111923	spermatogenic failure 42
DOID:0111910	DOID:0111925	spermatogenic failure 32
DOID:0111910	DOID:0111926	spermatogenic failure 39
DOID:0111910	DOID:0111927	spermatogenic failure 37
DOID:0111910	DOID:0111928	spermatogenic failure 27
DOID:0111910	DOID:0111929	spermatogenic failure 24
DOID:0111910	DOID:0111930	spermatogenic failure 29
DOID:0111910	DOID:0112109	spermatogenic failure 44
DOID:0111910	DOID:0112163	spermatogenic failure 45
DOID:0111910	DOID:0112164	spermatogenic failure 46
DOID:0111910	DOID:0112175	spermatogenic failure 47
DOID:0111910	DOID:0112176	spermatogenic failure 48
DOID:0111910	DOID:0112270	spermatogenic failure 52
DOID:0111910	DOID:0112271	spermatogenic failure 49
DOID:0111910	DOID:0112272	spermatogenic failure 50
DOID:0111910	DOID:0112273	spermatogenic failure 51
DOID:0111910	DOID:0112274	X-linked spermatogenic failure 3
DOID:0111910	DOID:0112279	spermatogenic failure 53
DOID:0111910	DOID:0112311	male infertility due to acephalic spermatozoa
DOID:0111910	DOID:0112312	male infertility due to globozoospermia
DOID:0111910	DOID:0112335	spermatogenic failure 54
DOID:0111910	DOID:0112336	spermatogenic failure 56
DOID:0111910	DOID:0112337	spermatogenic failure 55
DOID:0111910	DOID:0112338	spermatogenic failure 57
DOID:0111910	DOID:0112350	spermatogenic failure 61
DOID:0111910	DOID:0112351	spermatogenic failure 62
DOID:0111910	DOID:0112352	spermatogenic failure 58
DOID:0111910	DOID:0112353	spermatogenic failure 64
DOID:0111910	DOID:0112354	spermatogenic failure 65
DOID:0111910	DOID:0112355	spermatogenic failure 60
DOID:0111910	DOID:0112356	spermatogenic failure 63
DOID:0111910	DOID:0112357	spermatogenic failure 59
DOID:0111962	DOID:0061171	immunodeficiency 130 with HPV-related verrucosis
DOID:0111962	DOID:0111964	B cell and dendritic cell deficiency
DOID:0111962	DOID:0111965	T cell, B cell, and NK cell deficiency
DOID:0111962	DOID:0111966	monocyte, dendritic cell, and NK cell deficiency
DOID:0111962	DOID:0111968	immunodeficiency 41
DOID:0111962	DOID:0111988	immunodeficiency 12
DOID:0111962	DOID:0111993	immunodeficiency 55
DOID:0111962	DOID:0112001	immunodeficiency 50
DOID:0111962	DOID:0112003	immunodeficiency 33
DOID:0111962	DOID:0112004	immunodeficiency 71
DOID:0111962	DOID:0112015	immunodeficiency 72
DOID:0111962	DOID:0112061	immunodeficiency 73b with defective neutrophil chemotaxis and lymphopenia
DOID:0111962	DOID:0112062	immunodeficiency 73c with defective neutrophil chemotaxis and hypogammaglobulinemia
DOID:0111962	DOID:0112064	immunodeficiency 73a with defective neutrophil chemotaxis and leukocytosis
DOID:0111962	DOID:0112253	combined cellular and humoral immune defects with granulomas
DOID:0111962	DOID:627	severe combined immunodeficiency
DOID:0111962	DOID:628	combined T cell and B cell immunodeficiency
DOID:0111963	DOID:0111986	immunodeficiency 32A
DOID:0111964	DOID:0111974	immunodeficiency 59
DOID:0111965	DOID:0061079	immunodeficiency 112
DOID:0111965	DOID:0061085	immunodeficiency 119
DOID:0111965	DOID:0061088	immunodeficiency 122
DOID:0111965	DOID:0061093	immunodeficiency 128
DOID:0111965	DOID:0111980	immunodeficiency 64
DOID:0111966	DOID:0111985	immunodeficiency 32B
DOID:0112011	DOID:0112012	X-linked mutilating palmoplantar keratoderma with periorificial keratotic plaques
DOID:0112011	DOID:0112013	autosomal dominant mutilating palmoplantar keratoderma with periorificial keratotic plaques
DOID:0112065	DOID:0112066	nuclear type mitochondrial complex I deficiency 6
DOID:0112065	DOID:0112067	nuclear type mitochondrial complex I deficiency 25
DOID:0112065	DOID:0112068	nuclear type mitochondrial complex I deficiency 5
DOID:0112065	DOID:0112069	nuclear type mitochondrial complex I deficiency 22
DOID:0112065	DOID:0112070	nuclear type mitochondrial complex I deficiency 18
DOID:0112065	DOID:0112071	nuclear type mitochondrial complex I deficiency 31
DOID:0112065	DOID:0112072	nuclear type mitochondrial complex I deficiency 20
DOID:0112065	DOID:0112073	nuclear type mitochondrial complex I deficiency 9
DOID:0112065	DOID:0112074	nuclear type mitochondrial complex I deficiency 1
DOID:0112065	DOID:0112075	nuclear type mitochondrial complex I deficiency 10
DOID:0112065	DOID:0112076	nuclear type mitochondrial complex I deficiency 13
DOID:0112065	DOID:0112077	nuclear type mitochondrial complex I deficiency 15
DOID:0112065	DOID:0112078	nuclear type mitochondrial complex I deficiency 17
DOID:0112065	DOID:0112079	nuclear type mitochondrial complex I deficiency 24
DOID:0112065	DOID:0112080	nuclear type mitochondrial complex I deficiency 32
DOID:0112065	DOID:0112081	nuclear type mitochondrial complex I deficiency 8
DOID:0112065	DOID:0112082	nuclear type mitochondrial complex I deficiency 4
DOID:0112065	DOID:0112083	nuclear type mitochondrial complex I deficiency 2
DOID:0112065	DOID:0112084	nuclear type mitochondrial complex I deficiency 29
DOID:0112065	DOID:0112085	nuclear type mitochondrial complex I deficiency 19
DOID:0112065	DOID:0112086	nuclear type mitochondrial complex I deficiency 26
DOID:0112065	DOID:0112087	nuclear type mitochondrial complex I deficiency 23
DOID:0112065	DOID:0112088	nuclear type mitochondrial complex I deficiency 21
DOID:0112065	DOID:0112089	nuclear type mitochondrial complex I deficiency 11
DOID:0112065	DOID:0112090	nuclear type mitochondrial complex I deficiency 27
DOID:0112065	DOID:0112091	nuclear type mitochondrial complex I deficiency 34
DOID:0112065	DOID:0112092	nuclear type mitochondrial complex I deficiency 7
DOID:0112065	DOID:0112093	nuclear type mitochondrial complex I deficiency 3
DOID:0112065	DOID:0112094	nuclear type mitochondrial complex I deficiency 14
DOID:0112065	DOID:0112095	nuclear type mitochondrial complex I deficiency 28
DOID:0112065	DOID:0112096	nuclear type mitochondrial complex I deficiency 16
DOID:0112065	DOID:0112097	nuclear type mitochondrial complex I deficiency 33
DOID:0112065	DOID:0112098	nuclear type mitochondrial complex I deficiency 30
DOID:0112065	DOID:0112099	nuclear type mitochondrial complex I deficiency 12
DOID:0112100	DOID:0112101	mitochondrial type mitochondrial complex I deficiency 1
DOID:0112130	DOID:0112131	severe congenital neutropenia 2
DOID:0112130	DOID:0112135	severe congenital neutropenia 8
DOID:0112172	DOID:0112173	combined deficiency of vitamin K-dependent clotting factors 1
DOID:0112172	DOID:0112174	combined deficiency of vitamin K-dependent clotting factors 2
DOID:0112177	DOID:0112178	Mayer-Rokitansky-Kuster-Hauser syndrome type 1
DOID:0112177	DOID:0112179	Mayer-Rokitansky-Kuster-Hauser syndrome type 2
DOID:0112183	DOID:0112184	thyroid dyshormonogenesis 5
DOID:0112183	DOID:0112185	thyroid dyshormonogenesis 1
DOID:0112183	DOID:0112186	thyroid dyshormonogenesis 2A
DOID:0112183	DOID:0112187	thyroid dyshormonogenesis 3
DOID:0112183	DOID:0112188	thyroid dyshormonogenesis 4
DOID:0112183	DOID:0112189	thyroid dyshormonogenesis 6
DOID:0112191	DOID:0112192	tetraamelia syndrome 1
DOID:0112191	DOID:0112193	tetraamelia syndrome 2
DOID:0112197	DOID:0112198	spondyloepimetaphyseal dysplasia with joint laxity type 1
DOID:0112197	DOID:0112199	spondyloepimetaphyseal dysplasia with joint laxity type 2
DOID:0112197	DOID:0112200	spondyloepimetaphyseal dysplasia with joint laxity type 3
DOID:0112202	DOID:0051083	developmental and epileptic encephalopathy 111
DOID:0112202	DOID:0051084	developmental and epileptic encephalopathy 112
DOID:0112202	DOID:0051085	developmental and epileptic encephalopathy 113
DOID:0112202	DOID:0051086	developmental and epileptic encephalopathy 114
DOID:0112202	DOID:0051087	developmental and epileptic encephalopathy 115
DOID:0112202	DOID:0051088	developmental and epileptic encephalopathy 119
DOID:0112202	DOID:0051089	developmental and epileptic encephalopathy 120
DOID:0112202	DOID:0051090	developmental and epileptic encephalopathy 121
DOID:0112202	DOID:0051091	developmental and epileptic encephalopathy 122
DOID:0112202	DOID:0060848	developmental and epileptic encephalopathy 9
DOID:0112202	DOID:0061176	developmental and epileptic encephalopathy 118
DOID:0112202	DOID:0070375	developmental and epileptic encephalopathy 64
DOID:0112202	DOID:0070376	developmental and epileptic encephalopathy 31B
DOID:0112202	DOID:0070377	developmental and epileptic encephalopathy 96
DOID:0112202	DOID:0070378	developmental and epileptic encephalopathy 109
DOID:0112202	DOID:0070379	developmental and epileptic encephalopathy 6B
DOID:0112202	DOID:0070380	developmental and epileptic encephalopathy 85
DOID:0112202	DOID:0070381	developmental and epileptic encephalopathy 90
DOID:0112202	DOID:0070382	developmental and epileptic encephalopathy 95
DOID:0112202	DOID:0070383	developmental and epileptic encephalopathy 97
DOID:0112202	DOID:0070384	developmental and epileptic encephalopathy 98
DOID:0112202	DOID:0070385	developmental and epileptic encephalopathy 99
DOID:0112202	DOID:0070386	developmental and epileptic encephalopathy 100
DOID:0112202	DOID:0070387	developmental and epileptic encephalopathy 101
DOID:0112202	DOID:0070388	developmental and epileptic encephalopathy 102
DOID:0112202	DOID:0070389	developmental and epileptic encephalopathy 103
DOID:0112202	DOID:0070390	developmental and epileptic encephalopathy 104
DOID:0112202	DOID:0070391	developmental and epileptic encephalopathy 105
DOID:0112202	DOID:0070392	developmental and epileptic encephalopathy 106
DOID:0112202	DOID:0070393	developmental and epileptic encephalopathy 107
DOID:0112202	DOID:0070394	developmental and epileptic encephalopathy 108
DOID:0112202	DOID:0070395	developmental and epileptic encephalopathy 110
DOID:0112202	DOID:0070545	developmental and epileptic encephalopathy 116
DOID:0112202	DOID:0080215	developmental and epileptic encephalopathy 8
DOID:0112202	DOID:0080282	developmental and epileptic encephalopathy 56
DOID:0112202	DOID:0080283	developmental and epileptic encephalopathy 55
DOID:0112202	DOID:0080284	developmental and epileptic encephalopathy 57
DOID:0112202	DOID:0080285	developmental and epileptic encephalopathy 58
DOID:0112202	DOID:0080291	developmental and epileptic encephalopathy 59
DOID:0112202	DOID:0080349	developmental and epileptic encephalopathy 39
DOID:0112202	DOID:0080413	developmental and epileptic encephalopathy 18
DOID:0112202	DOID:0080414	developmental and epileptic encephalopathy 15
DOID:0112202	DOID:0080415	developmental and epileptic encephalopathy 23
DOID:0112202	DOID:0080416	developmental and epileptic encephalopathy 32
DOID:0112202	DOID:0080417	developmental and epileptic encephalopathy 38
DOID:0112202	DOID:0080418	developmental and epileptic encephalopathy 54
DOID:0112202	DOID:0080419	developmental and epileptic encephalopathy 50
DOID:0112202	DOID:0080420	developmental and epileptic encephalopathy 62
DOID:0112202	DOID:0080421	developmental and epileptic encephalopathy 11
DOID:0112202	DOID:0080422	Dravet syndrome
DOID:0112202	DOID:0080424	developmental and epileptic encephalopathy 44
DOID:0112202	DOID:0080425	developmental and epileptic encephalopathy 47
DOID:0112202	DOID:0080426	developmental and epileptic encephalopathy 63
DOID:0112202	DOID:0080427	developmental and epileptic encephalopathy 40
DOID:0112202	DOID:0080428	developmental and epileptic encephalopathy 45
DOID:0112202	DOID:0080429	developmental and epileptic encephalopathy 24
DOID:0112202	DOID:0080430	developmental and epileptic encephalopathy 65
DOID:0112202	DOID:0080431	developmental and epileptic encephalopathy 19
DOID:0112202	DOID:0080432	developmental and epileptic encephalopathy 60
DOID:0112202	DOID:0080433	developmental and epileptic encephalopathy 51
DOID:0112202	DOID:0080434	developmental and epileptic encephalopathy 61
DOID:0112202	DOID:0080435	developmental and epileptic encephalopathy 37
DOID:0112202	DOID:0080436	developmental and epileptic encephalopathy 4
DOID:0112202	DOID:0080437	developmental and epileptic encephalopathy 31A
DOID:0112202	DOID:0080438	developmental and epileptic encephalopathy 5
DOID:0112202	DOID:0080439	developmental and epileptic encephalopathy 14
DOID:0112202	DOID:0080440	developmental and epileptic encephalopathy 3
DOID:0112202	DOID:0080441	developmental and epileptic encephalopathy 49
DOID:0112202	DOID:0080442	developmental and epileptic encephalopathy 41
DOID:0112202	DOID:0080443	developmental and epileptic encephalopathy 21
DOID:0112202	DOID:0080444	developmental and epileptic encephalopathy 27
DOID:0112202	DOID:0080445	developmental and epileptic encephalopathy 13
DOID:0112202	DOID:0080446	developmental and epileptic encephalopathy 66
DOID:0112202	DOID:0080447	developmental and epileptic encephalopathy 43
DOID:0112202	DOID:0080448	developmental and epileptic encephalopathy 48
DOID:0112202	DOID:0080449	developmental and epileptic encephalopathy 16
DOID:0112202	DOID:0080450	developmental and epileptic encephalopathy 17
DOID:0112202	DOID:0080451	developmental and epileptic encephalopathy 29
DOID:0112202	DOID:0080452	developmental and epileptic encephalopathy 28
DOID:0112202	DOID:0080453	developmental and epileptic encephalopathy 25
DOID:0112202	DOID:0080454	developmental and epileptic encephalopathy 42
DOID:0112202	DOID:0080455	developmental and epileptic encephalopathy 52
DOID:0112202	DOID:0080456	developmental and epileptic encephalopathy 46
DOID:0112202	DOID:0080457	microcephaly, seizures, and developmental delay
DOID:0112202	DOID:0080458	developmental and epileptic encephalopathy 35
DOID:0112202	DOID:0080459	developmental and epileptic encephalopathy 12
DOID:0112202	DOID:0080460	developmental and epileptic encephalopathy 34
DOID:0112202	DOID:0080461	developmental and epileptic encephalopathy 26
DOID:0112202	DOID:0080462	developmental and epileptic encephalopathy 7
DOID:0112202	DOID:0080463	developmental and epileptic encephalopathy 33
DOID:0112202	DOID:0080464	developmental and epileptic encephalopathy 53
DOID:0112202	DOID:0080465	developmental and epileptic encephalopathy 30
DOID:0112202	DOID:0080467	developmental and epileptic encephalopathy 2
DOID:0112202	DOID:0080468	developmental and epileptic encephalopathy 1
DOID:0112202	DOID:0080470	developmental and epileptic encephalopathy 36
DOID:0112202	DOID:0080471	developmental and epileptic encephalopathy 92
DOID:0112202	DOID:0080472	developmental and epileptic encephalopathy 91
DOID:0112202	DOID:0080715	developmental and epileptic encephalopathy 82
DOID:0112202	DOID:0081325	developmental and epileptic encephalopathy 94
DOID:0112202	DOID:0110683	developmental and epileptic encephalopathy 117
DOID:0112202	DOID:0112203	developmental and epileptic encephalopathy 67
DOID:0112202	DOID:0112204	developmental and epileptic encephalopathy 68
DOID:0112202	DOID:0112205	developmental and epileptic encephalopathy 69
DOID:0112202	DOID:0112206	developmental and epileptic encephalopathy 70
DOID:0112202	DOID:0112207	developmental and epileptic encephalopathy 71
DOID:0112202	DOID:0112208	developmental and epileptic encephalopathy 72
DOID:0112202	DOID:0112209	developmental and epileptic encephalopathy 73
DOID:0112202	DOID:0112210	developmental and epileptic encephalopathy 74
DOID:0112202	DOID:0112211	developmental and epileptic encephalopathy 75
DOID:0112202	DOID:0112212	developmental and epileptic encephalopathy 76
DOID:0112202	DOID:0112214	developmental and epileptic encephalopathy 78
DOID:0112202	DOID:0112215	developmental and epileptic encephalopathy 79
DOID:0112202	DOID:0112216	developmental and epileptic encephalopathy 80
DOID:0112202	DOID:0112217	developmental and epileptic encephalopathy 81
DOID:0112202	DOID:0112218	developmental and epileptic encephalopathy 83
DOID:0112202	DOID:0112219	developmental and epileptic encephalopathy 84
DOID:0112202	DOID:0112220	developmental and epileptic encephalopathy 86
DOID:0112202	DOID:0112221	developmental and epileptic encephalopathy 87
DOID:0112202	DOID:0112222	developmental and epileptic encephalopathy 88
DOID:0112202	DOID:0112223	developmental and epileptic encephalopathy 89
DOID:0112202	DOID:0112275	developmental and epileptic encephalopathy 93
DOID:0112234	DOID:0112235	lissencephaly 4
DOID:0112234	DOID:0112236	lissencephaly 6
DOID:0112241	DOID:0112242	congenital symmetric circumferential skin creases 1
DOID:0112241	DOID:0112243	congenital symmetric circumferential skin creases 2
DOID:0112259	DOID:0112260	Leydig cell hypoplasia type I
DOID:0112259	DOID:0112261	Leydig cell hypoplasia type II
DOID:0112280	DOID:0050813	spondyloepiphyseal dysplasia with congenital joint dislocations
DOID:0112280	DOID:0111553	spondyloepiphyseal dysplasia Maroteaux type
DOID:0112280	DOID:0112281	spondyloepiphyseal dysplasia Stanescu type
DOID:0112280	DOID:0112282	spondyloepiphyseal dysplasia Kimberley type
DOID:0112280	DOID:0112283	spondyloepiphyseal dysplasia Kondo-Fu type
DOID:0112280	DOID:0112284	spondyloepiphyseal dysplasia tarda
DOID:0112280	DOID:0112286	spondyloepiphyseal dysplasia with punctate corneal dystrophy
DOID:0112280	DOID:0112287	spondyloepiphyseal dysplasia-brachydactyly and distinctive speech
DOID:0112280	DOID:0112288	spondyloepiphyseal dysplasia Nishimura type
DOID:0112280	DOID:14789	spondyloepiphyseal dysplasia congenita
DOID:0112284	DOID:0080362	X-linked spondyloepiphyseal dysplasia tarda
DOID:0112284	DOID:0112285	autosomal dominant spondyloepiphyseal dysplasia tarda
DOID:0112284	DOID:0112289	spondyloepiphyseal dysplasia tarda with characteristic facies
DOID:0112284	DOID:0112291	autosomal recessive spondyloepiphyseal dysplasia tarda Leroy-Spranger type
DOID:0112284	DOID:0112292	spondyloepiphyseal dysplasia tarda with impaired intellectual development
DOID:0112284	DOID:0112293	autosomal recessive spondyloepiphyseal dysplasia tarda
DOID:0112295	DOID:0111554	spondylometaphyseal dysplasia Kozlowski type
DOID:0112295	DOID:0112296	spondylometaphyseal dysplasia Algerian type
DOID:0112295	DOID:0112297	spondylometaphyseal dysplasia corner fracture type
DOID:0112295	DOID:0112298	spondylometaphyseal dysplasia Sedaghatian type
DOID:0112295	DOID:0112299	axial spondylometaphyseal dysplasia
DOID:0112295	DOID:0112300	spondylometaphyseal dysplasia with cone-rod dystrophy
DOID:0112295	DOID:0112301	spondylometaphyseal dysplasia type A4
DOID:0112295	DOID:0112302	spondylometaphyseal dysplasia East African type
DOID:0112295	DOID:0112303	spondylometaphyseal dysplasia with corneal dystrophy
DOID:0112295	DOID:0112304	spondylometaphyseal dysplasia Megarbane-Dagher-Melike type
DOID:0112295	DOID:0112305	spondylometaphyseal dysplasia with bowed forearms and facial dysmorphism
DOID:0112308	DOID:0112309	central precocious puberty 2
DOID:0112308	DOID:0112310	central precocious puberty 1
DOID:0112311	DOID:0070163	spermatogenic failure 21
DOID:0112311	DOID:0070184	spermatogenic failure 16
DOID:0112311	DOID:0111922	spermatogenic failure 31
DOID:0112311	DOID:0111924	spermatogenic failure 26
DOID:0112312	DOID:0070167	spermatogenic failure 6
DOID:0112312	DOID:0070565	spermatogenic failure 66
DOID:0112312	DOID:0070566	spermatogenic failure 67
DOID:0112312	DOID:0070584	spermatogenic failure 85
DOID:0112312	DOID:0111156	spermatogenic failure 9
DOID:0112313	DOID:0061233	autosomal recessive brain small vessel disease 2B
DOID:0112313	DOID:0061234	brain small vessel disease 4
DOID:0112313	DOID:0061235	brain small vessel disease 5 with osteoporosis
DOID:0112313	DOID:0061236	brain small vessel disease 6 with leukoencephalopathy
DOID:0112313	DOID:0090125	brain small vessel disease 1
DOID:0112313	DOID:0112314	autosomal dominant brain small vessel disease 2A
DOID:0112313	DOID:0112315	brain small vessel disease 3
DOID:0112317	DOID:0112318	Schindler disease type 1
DOID:0112317	DOID:0112319	Kanzaki disease
DOID:0112317	DOID:0112320	Schindler disease type 3
DOID:0112322	DOID:0060265	pontocerebellar hypoplasia type 1A
DOID:0112322	DOID:0060266	pontocerebellar hypoplasia type 1B
DOID:0112322	DOID:0112323	pontocerebellar hypoplasia type 1D
DOID:0112322	DOID:0112330	pontocerebellar hypoplasia type 1E
DOID:0112322	DOID:0112331	pontocerebellar hypoplasia type 1F
DOID:0112322	DOID:0112334	pontocerebellar hypoplasia type 1C
DOID:0112328	DOID:0060267	pontocerebellar hypoplasia type 2A
DOID:0112328	DOID:0060268	pontocerebellar hypoplasia type 2B
DOID:0112328	DOID:0060269	pontocerebellar hypoplasia type 2C
DOID:0112328	DOID:0060270	pontocerebellar hypoplasia type 2D
DOID:0112328	DOID:0060271	pontocerebellar hypoplasia type 2E
DOID:0112328	DOID:0112329	pontocerebellar hypoplasia type 2F
DOID:0112374	DOID:0111229	congenital muscular dystrophy-dystroglycanopathy type A
DOID:0112374	DOID:0112375	muscular dystrophy-dystroglycanopathy type B
DOID:0112374	DOID:0112381	muscular dystrophy-dystroglycanopathy type C12
DOID:0112374	DOID:0112382	muscular dystrophy-dystroglycanopathy type C8
DOID:0112375	DOID:0050588	muscular dystrophy-dystroglycanopathy type B1
DOID:0112375	DOID:0110635	muscular dystrophy-dystroglycanopathy type B5
DOID:0112375	DOID:0110637	muscular dystrophy-dystroglycanopathy type B6
DOID:0112375	DOID:0112376	muscular dystrophy-dystroglycanopathy type B15
DOID:0112375	DOID:0112377	muscular dystrophy-dystroglycanopathy type B14
DOID:0112375	DOID:0112378	muscular dystrophy-dystroglycanopathy type B3
DOID:0112375	DOID:0112379	muscular dystrophy-dystroglycanopathy type B4
DOID:0112375	DOID:0112380	muscular dystrophy-dystroglycanopathy type B2
DOID:100	DOID:12384	dysentery
DOID:10003	DOID:0111751	mitochondrial nonsyndromic sensorineural deafness
DOID:10003	DOID:0111752	autosomal-mitochondrial sensorineural deafness
DOID:1002	DOID:4560	non specific chronic endometritis
DOID:1002	DOID:4561	granulomatous endometritis
DOID:1002	DOID:7528	acute endometritis
DOID:10020	DOID:4932	ampulla of Vater carcinoma
DOID:10020	DOID:5628	ampulla of Vater adenosquamous carcinoma
DOID:10021	DOID:10020	ampulla of Vater cancer
DOID:10021	DOID:10816	duodenum adenocarcinoma
DOID:10021	DOID:7479	duodenal somatostatinoma
DOID:10021	DOID:7959	duodenal gastrinoma
DOID:10022	DOID:0050849	periampullary adenoma
DOID:10024	DOID:0060178	familial hemiplegic migraine
DOID:1003	DOID:1260	parametritis
DOID:1003	DOID:9978	acute female pelvic peritonitis
DOID:10034	DOID:10033	cycloplegia
DOID:10034	DOID:11177	total internal ophthalmoplegia
DOID:10034	DOID:11637	accommodative spasm
DOID:10034	DOID:11638	presbyopia
DOID:1005	DOID:1002	endometritis
DOID:1005	DOID:7962	tamoxifen-related endometrial lesion
DOID:10069	DOID:472	subglottic angioma
DOID:10113	DOID:10112	sleeping sickness
DOID:10113	DOID:12140	Chagas disease
DOID:10123	DOID:0060256	Dowling-Degos disease
DOID:10123	DOID:0060257	dyschromatosis symmetrica hereditaria
DOID:10123	DOID:0060258	reticulate acropigmentation of Kitamura
DOID:10123	DOID:0060304	dyschromatosis universalis hereditaria
DOID:10123	DOID:0111834	X-linked reticulate pigmentary disorder
DOID:10123	DOID:10122	hyperpigmentation of eyelid
DOID:10123	DOID:11668	hypopigmentation of eyelid
DOID:10123	DOID:12304	conjunctival pigmentation
DOID:10123	DOID:12305	Bloch-Sulzberger syndrome
DOID:10123	DOID:12311	stromal corneal pigmentation
DOID:10123	DOID:2383	neonatal jaundice
DOID:10123	DOID:3138	acanthosis nigricans
DOID:10124	DOID:0002116	pterygium
DOID:10124	DOID:0060252	sclerocornea
DOID:10124	DOID:0060287	cornea plana
DOID:10124	DOID:0060305	megalocornea
DOID:10124	DOID:0060673	Peters anomaly
DOID:10124	DOID:0080729	brittle cornea syndrome 2
DOID:10124	DOID:0111548	ring dermoid of cornea
DOID:10124	DOID:10126	keratoconus
DOID:10124	DOID:11028	pseudopterygium
DOID:10124	DOID:11030	corneal edema
DOID:10124	DOID:11547	corneal deposit
DOID:10124	DOID:11552	Bowman's membrane folds or rupture
DOID:10124	DOID:1237	corneal degeneration
DOID:10124	DOID:12753	corneal staphyloma
DOID:10124	DOID:13447	corneal argyrosis
DOID:10124	DOID:1436	corneal ectasia
DOID:10124	DOID:14775	brittle cornea syndrome 1
DOID:10124	DOID:2283	keratopathy
DOID:10124	DOID:2566	corneal dystrophy
DOID:10124	DOID:4677	keratitis
DOID:10124	DOID:6198	corneal intraepithelial neoplasm
DOID:10124	DOID:6199	cornea cancer
DOID:10126	DOID:10125	acute hydrops keratoconus
DOID:10126	DOID:10428	stable condition keratoconus
DOID:10128	DOID:0050853	chronic venous insufficiency
DOID:10128	DOID:2364	post-thrombotic syndrome
DOID:10132	DOID:10131	psychologic vaginismus
DOID:10132	DOID:11120	psychologic dyspareunia
DOID:10132	DOID:13709	premature ejaculation
DOID:10132	DOID:13868	hypoactive sexual desire disorder
DOID:10139	DOID:11029	pinguecula
DOID:10140	DOID:10138	xerophthalmia
DOID:10140	DOID:12895	keratoconjunctivitis sicca
DOID:10153	DOID:10152	Meckel's diverticulum cancer
DOID:10154	DOID:0050925	small intestine carcinoid neuroendocrine tumor
DOID:10154	DOID:10021	duodenum cancer
DOID:10154	DOID:10153	ileum cancer
DOID:10154	DOID:13499	jejunal cancer
DOID:10154	DOID:13996	small intestine lymphoma
DOID:10154	DOID:4907	small intestine carcinoma
DOID:10154	DOID:5271	small intestine leiomyosarcoma
DOID:10154	DOID:5272	small intestinal sarcoma
DOID:10154	DOID:5740	small intestinal vasoactive intestinal peptide producing tumor
DOID:10154	DOID:7506	small intestinal L-cell glucagon-like peptide producing tumor
DOID:10155	DOID:10154	small intestine cancer
DOID:10155	DOID:11239	appendix cancer
DOID:10155	DOID:5672	large intestine cancer
DOID:1019	DOID:0060645	chronic recurrent multifocal osteomyelitis
DOID:1019	DOID:10755	petrositis
DOID:10207	DOID:10206	lipoma of spermatic cord
DOID:10223	DOID:14202	adult dermatomyositis
DOID:10223	DOID:14203	childhood type dermatomyositis
DOID:1024	DOID:1023	borderline leprosy
DOID:1024	DOID:1025	tuberculoid leprosy
DOID:1024	DOID:10887	lepromatous leprosy
DOID:1024	DOID:11851	indeterminate leprosy
DOID:10241	DOID:1099	alpha thalassemia
DOID:10241	DOID:12241	beta thalassemia
DOID:10242	DOID:0050025	human granulocytic anaplasmosis
DOID:10242	DOID:0050026	human monocytic ehrlichiosis
DOID:10273	DOID:0050451	Brugada syndrome
DOID:10273	DOID:0050793	short QT syndrome
DOID:10273	DOID:0050820	atrioventricular block
DOID:10273	DOID:0050824	sinoatrial node disease
DOID:10273	DOID:0060224	atrial fibrillation
DOID:10273	DOID:0060674	catecholaminergic polymorphic ventricular tachycardia
DOID:10273	DOID:0080662	atrial standstill 1
DOID:10273	DOID:0080663	atrial standstill 2
DOID:10273	DOID:0111073	progressive familial heart block
DOID:10273	DOID:0111154	postural orthostatic tachycardia syndrome
DOID:10273	DOID:10272	left bundle branch hemiblock
DOID:10273	DOID:13209	right bundle branch block
DOID:10273	DOID:384	Wolff-Parkinson-White syndrome
DOID:10283	DOID:10286	prostate carcinoma
DOID:10283	DOID:10289	prostate malignant phyllodes tumor
DOID:10283	DOID:10290	prostate lymphoma
DOID:10283	DOID:2992	prostate neuroendocrine neoplasm
DOID:10283	DOID:4054	prostate sarcoma
DOID:10283	DOID:5634	adenosquamous prostate carcinoma
DOID:10283	DOID:7141	prostate small cell carcinoma
DOID:10286	DOID:0080909	castration-resistant prostate carcinoma
DOID:10286	DOID:10287	prostate squamous cell carcinoma
DOID:10286	DOID:2526	prostate adenocarcinoma
DOID:10286	DOID:4011	prostate transitional cell carcinoma
DOID:10286	DOID:4868	prostate adenoid cystic carcinoma
DOID:1029	DOID:14451	hyperkalemic periodic paralysis
DOID:1029	DOID:14452	hypokalemic periodic paralysis
DOID:10302	DOID:10301	parotitis
DOID:10302	DOID:9036	parotid gland cancer
DOID:10314	DOID:0060000	infective endocarditis
DOID:10314	DOID:0060068	nonbacterial thrombotic endocarditis
DOID:10316	DOID:10319	mixed mineral dust pneumoconiosis
DOID:10316	DOID:10320	asbestosis
DOID:10316	DOID:10321	baritosis
DOID:10316	DOID:10322	berylliosis
DOID:10316	DOID:10323	byssinosis
DOID:10316	DOID:10324	anthracosilicosis
DOID:10316	DOID:10325	silicosis
DOID:10316	DOID:10326	Caplan's syndrome
DOID:10316	DOID:10327	anthracosis
DOID:10316	DOID:10328	siderosis
DOID:10316	DOID:10329	pulmonary talcosis
DOID:10316	DOID:10330	slate pneumoconiosis
DOID:10316	DOID:10331	kaolin pneumoconiosis
DOID:10341	DOID:10361	eosinophilic meningitis
DOID:10350	DOID:10349	solitary cyst of breast
DOID:10350	DOID:10686	lactocele
DOID:10354	DOID:3274	proliferative type fibrocystic change of breast
DOID:10354	DOID:5997	non-proliferative fibrocystic change of the breast
DOID:1036	DOID:0080187	chronic neutrophilic leukemia
DOID:1036	DOID:0080188	chronic myelomonocytic leukemia
DOID:1036	DOID:0080367	chronic eosinophilic leukemia
DOID:10366	DOID:10368	epididymis adenocarcinoma
DOID:1037	DOID:1040	chronic lymphocytic leukemia
DOID:1037	DOID:12603	acute leukemia
DOID:10371	DOID:10567	late yaws
DOID:10371	DOID:10568	early yaws
DOID:10376	DOID:10375	strabismic amblyopia
DOID:10376	DOID:10377	refractive amblyopia
DOID:10376	DOID:10378	deprivation amblyopia
DOID:1039	DOID:0081041	B-cell prolymphocytic leukemia
DOID:1039	DOID:0081042	T-cell prolymphocytic leukemia
DOID:104	DOID:0040085	bacterial sepsis
DOID:104	DOID:0050338	primary bacterial infectious disease
DOID:104	DOID:0050339	commensal bacterial infectious disease
DOID:104	DOID:0050340	opportunistic bacterial infectious disease
DOID:104	DOID:0050487	bacterial exanthem
DOID:104	DOID:0060000	infective endocarditis
DOID:104	DOID:0080784	urinary tract infection
DOID:104	DOID:1003	pelvic inflammatory disease
DOID:104	DOID:1019	osteomyelitis
DOID:104	DOID:13453	gonococcal bursitis
DOID:104	DOID:13622	campylobacteriosis
DOID:104	DOID:13921	bacterial esophagitis
DOID:104	DOID:1586	rheumatic fever
DOID:104	DOID:216	dental caries
DOID:104	DOID:3385	bacterial vaginosis
DOID:104	DOID:4033	bacterial gastritis
DOID:104	DOID:824	periodontitis
DOID:104	DOID:8481	rheumatic myocarditis
DOID:104	DOID:8596	scarlet fever
DOID:104	DOID:874	bacterial pneumonia
DOID:104	DOID:9470	bacterial meningitis
DOID:104	DOID:9700	bacterial conjunctivitis
DOID:104	DOID:9909	hordeolum
DOID:1040	DOID:1039	prolymphocytic leukemia
DOID:1040	DOID:1703	Richter's syndrome
DOID:1040	DOID:285	hairy cell leukemia
DOID:1040	DOID:6354	chronic lymphocytic leukemia/small lymphocytic lymphoma
DOID:10400	DOID:0050004	seminal vesicle acute gonorrhea
DOID:10400	DOID:10399	seminal vesicle chronic gonorrhea
DOID:10426	DOID:0080589	Klippel-Feil syndrome 1
DOID:10426	DOID:0080590	Klippel-Feil syndrome 2
DOID:10426	DOID:0080591	Klippel-Feil syndrome 3
DOID:10426	DOID:0080592	Klippel-Feil syndrome 4
DOID:10443	DOID:10442	hypopyon ulcer
DOID:10458	DOID:0050150	Pontiac fever
DOID:10458	DOID:10457	Legionnaires' disease
DOID:10481	DOID:10480	diaphragmatic eventration
DOID:10481	DOID:3827	congenital diaphragmatic hernia
DOID:10486	DOID:0080216	duodenal atresia
DOID:10493	DOID:0080156	X-linked adrenal hypoplasia congenita
DOID:10493	DOID:13774	Addison's disease
DOID:10526	DOID:13474	progressive peripheral pterygium
DOID:10534	DOID:0080763	diffuse gastric cancer
DOID:10534	DOID:10536	malignant gastric granular cell tumor
DOID:10534	DOID:10538	gastric fundus cancer
DOID:10534	DOID:10540	gastric lymphoma
DOID:10534	DOID:10544	pylorus cancer
DOID:10534	DOID:10548	cardia cancer
DOID:10534	DOID:4716	malignant gastric germ cell tumor
DOID:10534	DOID:5280	gastric leiomyosarcoma
DOID:10534	DOID:5517	stomach carcinoma
DOID:10534	DOID:5561	gastric teratoma
DOID:10534	DOID:5579	gastric gastrinoma
DOID:10534	DOID:5700	gastric liposarcoma
DOID:10538	DOID:6700	gastric fundus carcinoma
DOID:10544	DOID:10547	pyloric antrum cancer
DOID:10544	DOID:6703	gastric pylorus carcinoma
DOID:10548	DOID:6270	gastric cardia carcinoma
DOID:10548	DOID:6271	gastric cardia adenocarcinoma
DOID:10575	DOID:12678	hypercalcemia
DOID:10575	DOID:182	calcinosis
DOID:10579	DOID:0051015	adult onset demyelinating leukodystrophy
DOID:10579	DOID:0060786	hypomyelinating leukodystrophy
DOID:10579	DOID:0060868	leukoencephalopathy with vanishing white matter
DOID:10579	DOID:0070396	progressive leukoencephalopathy with ovarian failure
DOID:10579	DOID:0070722	adult-onset leukoencephalopathy without lacunae
DOID:10579	DOID:0070744	early childhood-onset progressive leukodystrophy
DOID:10579	DOID:0070788	autosomal dominant adult-onset leukodystrophy without amyloid angiopathy
DOID:10579	DOID:0080315	megalencephalic leukoencephalopathy with subcortical cysts
DOID:10579	DOID:0080523	adult-onset leukoencephalopathy with axonal spheroids and pigmented glia
DOID:10579	DOID:0081007	RNASET2-deficient cystic leukoencephalopathy
DOID:10579	DOID:10588	adrenoleukodystrophy
DOID:10579	DOID:13945	CADASIL
DOID:10579	DOID:3613	Canavan disease
DOID:10579	DOID:4252	Alexander disease
DOID:10584	DOID:0051093	retinitis pigmentosa 102
DOID:10584	DOID:0051094	retinitis pigmentosa 103
DOID:10584	DOID:0051095	retinitis pigmentosa 104
DOID:10584	DOID:0051096	retinitis pigmentosa 105
DOID:10584	DOID:0051097	retinitis pigmentosa 106
DOID:10584	DOID:0051098	retinitis pigmentosa 107
DOID:10584	DOID:0051101	retinitis pigmentosa 108
DOID:10584	DOID:0061103	retinitis pigmentosa 76
DOID:10584	DOID:0061104	retinitis pigmentosa 96
DOID:10584	DOID:0061105	retinitis pigmentosa 93
DOID:10584	DOID:0061106	retinitis pigmentosa 91
DOID:10584	DOID:0061107	retinitis pigmentosa 92
DOID:10584	DOID:0061108	retinitis pigmentosa 79
DOID:10584	DOID:0061109	retinitis pigmentosa 98
DOID:10584	DOID:0061110	retinitis pigmentosa 97
DOID:10584	DOID:0061111	retinitis pigmentosa 80
DOID:10584	DOID:0061112	retinitis pigmentosa 95
DOID:10584	DOID:0061113	retinitis pigmentosa 78
DOID:10584	DOID:0061127	retinitis pigmentosa 99
DOID:10584	DOID:0061298	retinitis pigmentosa 100
DOID:10584	DOID:0061299	retinitis pigmentosa 101
DOID:10584	DOID:0080292	retinitis pigmentosa 81
DOID:10584	DOID:0080350	retinitis pigmentosa 77
DOID:10584	DOID:0110352	retinitis pigmentosa 59
DOID:10584	DOID:0110353	retinitis pigmentosa 20
DOID:10584	DOID:0110354	retinitis pigmentosa 19
DOID:10584	DOID:0110355	retinitis pigmentosa 32
DOID:10584	DOID:0110356	retinitis pigmentosa 18
DOID:10584	DOID:0110357	retinitis pigmentosa 35
DOID:10584	DOID:0110358	retinitis pigmentosa 12
DOID:10584	DOID:0110359	retinitis pigmentosa 67
DOID:10584	DOID:0110360	retinitis pigmentosa 39
DOID:10584	DOID:0110361	retinitis pigmentosa 75
DOID:10584	DOID:0110362	retinitis pigmentosa 58
DOID:10584	DOID:0110363	retinitis pigmentosa 71
DOID:10584	DOID:0110364	retinitis pigmentosa 54
DOID:10584	DOID:0110365	retinitis pigmentosa 28
DOID:10584	DOID:0110366	retinitis pigmentosa 33
DOID:10584	DOID:0110367	retinitis pigmentosa 38
DOID:10584	DOID:0110368	retinitis pigmentosa 26
DOID:10584	DOID:0110369	retinitis pigmentosa 47
DOID:10584	DOID:0110370	retinitis pigmentosa 55
DOID:10584	DOID:0110371	retinitis pigmentosa 56
DOID:10584	DOID:0110372	retinitis pigmentosa 4
DOID:10584	DOID:0110373	retinitis pigmentosa 61
DOID:10584	DOID:0110374	retinitis pigmentosa 68
DOID:10584	DOID:0110375	retinitis pigmentosa 40
DOID:10584	DOID:0110376	retinitis pigmentosa 41
DOID:10584	DOID:0110377	retinitis pigmentosa 49
DOID:10584	DOID:0110378	retinitis pigmentosa 29
DOID:10584	DOID:0110379	retinitis pigmentosa 43
DOID:10584	DOID:0110380	retinitis pigmentosa 62
DOID:10584	DOID:0110381	retinitis pigmentosa 14
DOID:10584	DOID:0110382	retinitis pigmentosa 48
DOID:10584	DOID:0110383	retinitis pigmentosa 7
DOID:10584	DOID:0110384	retinitis pigmentosa 25
DOID:10584	DOID:0110385	retinitis pigmentosa 63
DOID:10584	DOID:0110386	retinitis pigmentosa 42
DOID:10584	DOID:0110387	retinitis pigmentosa 9
DOID:10584	DOID:0110388	retinitis pigmentosa 10
DOID:10584	DOID:0110389	retinitis pigmentosa 73
DOID:10584	DOID:0110390	retinitis pigmentosa 1
DOID:10584	DOID:0110391	retinitis pigmentosa 31
DOID:10584	DOID:0110392	retinitis pigmentosa 70
DOID:10584	DOID:0110393	retinitis pigmentosa 66
DOID:10584	DOID:0110394	retinitis pigmentosa 44
DOID:10584	DOID:0110395	retinitis pigmentosa 72
DOID:10584	DOID:0110396	retinitis pigmentosa 50
DOID:10584	DOID:0110397	retinitis pigmentosa 27
DOID:10584	DOID:0110398	retinitis pigmentosa 51
DOID:10584	DOID:0110399	retinitis pigmentosa 37
DOID:10584	DOID:0110400	retinitis pigmentosa 22
DOID:10584	DOID:0110401	retinitis pigmentosa 74
DOID:10584	DOID:0110402	retinitis pigmentosa 45
DOID:10584	DOID:0110403	retinitis pigmentosa 13
DOID:10584	DOID:0110404	retinitis pigmentosa 17
DOID:10584	DOID:0110405	retinitis pigmentosa 36
DOID:10584	DOID:0110406	retinitis pigmentosa 30
DOID:10584	DOID:0110407	retinitis pigmentosa 57
DOID:10584	DOID:0110408	retinitis pigmentosa 11
DOID:10584	DOID:0110409	retinitis pigmentosa 46
DOID:10584	DOID:0110410	retinitis pigmentosa 69
DOID:10584	DOID:0110411	retinitis pigmentosa 60
DOID:10584	DOID:0110412	retinitis pigmentosa 23
DOID:10584	DOID:0110413	retinitis pigmentosa 6
DOID:10584	DOID:0110414	retinitis pigmentosa 3
DOID:10584	DOID:0110415	retinitis pigmentosa 2
DOID:10584	DOID:0110416	retinitis pigmentosa 24
DOID:10584	DOID:0110417	retinitis pigmentosa 34
DOID:10584	DOID:0110418	retinitis pigmentosa Y-linked
DOID:10584	DOID:0110419	retinitis pigmentosa with or without situs inversus
DOID:10584	DOID:0110420	dominant pericentral pigmentary retinopathy
DOID:10584	DOID:0110421	late-adult onset retinitis pigmentosa
DOID:10584	DOID:0110422	autosomal recessive pericentral pigmentary retinopathy
DOID:10584	DOID:0112140	retinitis pigmentosa 83
DOID:10584	DOID:0112141	retinitis pigmentosa 84
DOID:10584	DOID:0112142	retinitis pigmentosa 85
DOID:10584	DOID:0112143	retinitis pigmentosa 86
DOID:10584	DOID:0112144	retinitis pigmentosa 87
DOID:10584	DOID:0112145	retinitis pigmentosa 88
DOID:10584	DOID:0112146	retinitis pigmentosa 89
DOID:10584	DOID:0112147	retinitis pigmentosa 90
DOID:1059	DOID:0050888	syndromic intellectual disability
DOID:1059	DOID:0050889	non-syndromic intellectual disability
DOID:1059	DOID:0060307	autosomal dominant intellectual developmental disorder
DOID:1059	DOID:0060308	autosomal recessive intellectual developmental disorder
DOID:10591	DOID:10590	mild pre-eclampsia
DOID:10591	DOID:13129	severe pre-eclampsia
DOID:10591	DOID:13593	eclampsia
DOID:10595	DOID:0050538	Charcot-Marie-Tooth disease type 1
DOID:10595	DOID:0050539	Charcot-Marie-Tooth disease type 2
DOID:10595	DOID:0050540	Charcot-Marie-Tooth disease type 3
DOID:10595	DOID:0050541	Charcot-Marie-Tooth disease type 4
DOID:10595	DOID:0050542	Charcot-Marie-Tooth disease type X
DOID:10595	DOID:0050543	Charcot-Marie-Tooth disease intermediate type
DOID:10595	DOID:0061168	mitochondrial axonal Charcot-Marie-Tooth disease
DOID:10595	DOID:0080067	Charcot-Marie-Tooth disease type 5
DOID:10595	DOID:0080068	Charcot-Marie-Tooth disease type 6
DOID:10595	DOID:0080069	Charcot-Marie-Tooth disease type 7
DOID:10609	DOID:0050445	X-linked hypophosphatemic rickets
DOID:10609	DOID:0050947	hereditary hypophosphatemic rickets with hypercalciuria
DOID:10609	DOID:0050948	autosomal dominant hypophosphatemic rickets
DOID:10609	DOID:0050949	autosomal recessive hypophosphatemic rickets
DOID:10609	DOID:0080353	X-linked recessive hypophosphatemic rickets
DOID:10616	DOID:10615	acute gonococcal cervicitis
DOID:10619	DOID:0080618	lymph node carcinoma
DOID:10619	DOID:12972	intrapelvic lymph node leukemic reticuloendotheliosis
DOID:10619	DOID:13005	intra-abdominal lymph node mast cell malignancy
DOID:1062	DOID:0080757	Fanconi renotubular syndrome 1
DOID:1062	DOID:0080758	Fanconi renotubular syndrome 2
DOID:1062	DOID:0080759	Fanconi renotubular syndrome 3
DOID:1062	DOID:0080760	Fanconi renotubular syndrome 4
DOID:1062	DOID:0080761	Fanconi renotubular syndrome 5
DOID:10629	DOID:0080634	nanophthalmos
DOID:10629	DOID:0080635	optic disc anomalies with retinal and/or macular dystrophy
DOID:10629	DOID:0080636	syndromic microphthalmia
DOID:10629	DOID:0080637	isolated microphthalmia
DOID:1063	DOID:0060911	karyomegalic interstitial nephritis
DOID:1063	DOID:3052	Balkan nephropathy
DOID:10632	DOID:0080583	Wolfram syndrome, mitochondrial form
DOID:10632	DOID:0080584	autosomal dominant Wolfram syndrome
DOID:10632	DOID:0110629	Wolfram syndrome 1
DOID:10632	DOID:0110630	Wolfram syndrome 2
DOID:10652	DOID:0080348	Alzheimer's disease 1
DOID:10652	DOID:0110035	Alzheimer's disease 2
DOID:10652	DOID:0110036	Alzheimer's disease 16
DOID:10652	DOID:0110037	Alzheimer's disease 5
DOID:10652	DOID:0110038	Alzheimer's disease 6
DOID:10652	DOID:0110039	Alzheimer's disease 7
DOID:10652	DOID:0110040	Alzheimer's disease 4
DOID:10652	DOID:0110041	Alzheimer's disease 8
DOID:10652	DOID:0110042	Alzheimer's disease 3
DOID:10652	DOID:0110043	Alzheimer's disease 10
DOID:10652	DOID:0110044	Alzheimer's disease 11
DOID:10652	DOID:0110045	Alzheimer's disease 12
DOID:10652	DOID:0110046	Alzheimer's disease 13
DOID:10652	DOID:0110047	Alzheimer's disease 14
DOID:10652	DOID:0110048	Alzheimer's disease 15
DOID:10652	DOID:0110049	Alzheimer's disease 17
DOID:10652	DOID:0110050	Alzheimer's disease 18
DOID:10652	DOID:0111364	Alzheimer's disease 9
DOID:1067	DOID:1066	residual stage of open angle glaucoma
DOID:1067	DOID:1070	primary open angle glaucoma
DOID:1067	DOID:13544	low tension glaucoma
DOID:10690	DOID:13520	neonatal infective mastitis
DOID:1070	DOID:1068	juvenile glaucoma
DOID:1073	DOID:10177	malignant hypertensive renal disease
DOID:1073	DOID:11520	benign hypertensive renal disease
DOID:1073	DOID:11664	nephrosclerosis
DOID:1073	DOID:13145	benign renovascular hypertension
DOID:1073	DOID:13730	malignant renovascular hypertension
DOID:1073	DOID:1591	renovascular hypertension
DOID:1074	DOID:3021	acute kidney failure
DOID:1074	DOID:4676	uremia
DOID:1074	DOID:784	chronic kidney disease
DOID:10754	DOID:10852	middle ear cholesterol granuloma
DOID:10754	DOID:11180	non-suppurative otitis media
DOID:10754	DOID:11506	suppurative otitis media
DOID:1076	DOID:11401	xanthogranulomatous pyelonephritis
DOID:10763	DOID:10591	pre-eclampsia
DOID:10763	DOID:10824	malignant hypertension
DOID:10763	DOID:10825	essential hypertension
DOID:10763	DOID:11130	secondary hypertension
DOID:10763	DOID:6432	pulmonary hypertension
DOID:10780	DOID:0060474	familial erythrocytosis 2
DOID:10780	DOID:0060652	familial erythrocytosis 1
DOID:10780	DOID:0080290	familial erythrocytosis 5
DOID:10780	DOID:0080338	familial erythrocytosis 3
DOID:10780	DOID:0080339	familial erythrocytosis 4
DOID:10780	DOID:0111630	familial erythrocytosis 8
DOID:10780	DOID:0111631	familial erythrocytosis 7
DOID:10780	DOID:0111632	familial erythrocytosis 6
DOID:10791	DOID:10790	chronic frontal sinusitis
DOID:10791	DOID:14225	acute frontal sinusitis
DOID:10794	DOID:10793	chronic sphenoidal sinusitis
DOID:10794	DOID:13046	acute sphenoidal sinusitis
DOID:1080	DOID:1079	setariasis
DOID:1080	DOID:1081	mansonelliasis
DOID:1080	DOID:1082	dirofilariasis
DOID:1080	DOID:11678	onchocerciasis
DOID:1080	DOID:12211	filarial elephantiasis
DOID:1080	DOID:13523	loiasis
DOID:1080	DOID:14422	dipetalonemiasis
DOID:10811	DOID:0080797	nasal type extranodal NK/T-cell lymphoma
DOID:10811	DOID:10812	nasal cavity olfactory neuroblastoma
DOID:10811	DOID:10813	nasal cavity lymphoma
DOID:10811	DOID:4931	nasal cavity carcinoma
DOID:10811	DOID:5515	nasal cavity squamous cell carcinoma
DOID:10825	DOID:10823	malignant essential hypertension
DOID:10825	DOID:10913	benign essential hypertension
DOID:10854	DOID:10264	mumps
DOID:10854	DOID:10302	parotid disease
DOID:10854	DOID:10303	sialadenitis
DOID:10854	DOID:12897	submandibular gland disease
DOID:10854	DOID:12899	benign lymphoepithelial lesion of salivary gland
DOID:10854	DOID:12901	necrotizing sialometaplasia
DOID:10854	DOID:12904	mucocele of salivary gland
DOID:10854	DOID:12905	sialolithiasis
DOID:10854	DOID:8850	salivary gland cancer
DOID:10863	DOID:10864	partial third-nerve palsy
DOID:10863	DOID:10866	total third-nerve palsy
DOID:10863	DOID:10869	fourth cranial nerve palsy
DOID:10871	DOID:0050817	Stargardt disease
DOID:10871	DOID:0110014	age related macular degeneration 1
DOID:10871	DOID:0110015	age related macular degeneration 2
DOID:10871	DOID:0110017	age related macular degeneration 4
DOID:10871	DOID:0110018	age related macular degeneration 6
DOID:10871	DOID:0110019	age related macular degeneration 7
DOID:10871	DOID:0110020	age related macular degeneration 8
DOID:10871	DOID:0110021	age related macular degeneration 9
DOID:10871	DOID:0110022	age related macular degeneration 10
DOID:10871	DOID:0110023	age related macular degeneration 11
DOID:10871	DOID:0110024	age related macular degeneration 12
DOID:10871	DOID:0110025	age related macular degeneration 13
DOID:10871	DOID:0110026	age related macular degeneration 14
DOID:10871	DOID:0110027	age related macular degeneration 15
DOID:10871	DOID:0110028	age related macular degeneration 5
DOID:10907	DOID:0070297	primary microcephaly
DOID:10907	DOID:14725	autosomal dominant microcephaly
DOID:10908	DOID:0070681	congenital hydrocephalus
DOID:10908	DOID:14159	obstructive hydrocephalus
DOID:10908	DOID:1573	communicating hydrocephalus
DOID:1091	DOID:0050591	tooth agenesis
DOID:1091	DOID:0060324	dental abscess
DOID:1091	DOID:0070690	lobodontia
DOID:1091	DOID:0070708	dentin dysplasia with sclerotic bones
DOID:1091	DOID:0111341	primary failure of tooth eruption
DOID:1091	DOID:0111380	solitary median maxillary central incisor
DOID:1091	DOID:13711	dental fluorosis
DOID:1091	DOID:13714	anodontia
DOID:1091	DOID:214	teeth hard tissue disease
DOID:1091	DOID:3389	Papillon-Lefevre disease
DOID:1091	DOID:4154	dentinogenesis imperfecta
DOID:1091	DOID:5330	dental pulp disease
DOID:1091	DOID:9893	periodontosis
DOID:10914	DOID:13027	transient global amnesia
DOID:10914	DOID:4543	retrograde amnesia
DOID:10914	DOID:5340	anterograde amnesia
DOID:10935	DOID:10934	multiple personality disorder
DOID:10935	DOID:11037	dissociative amnesia
DOID:10935	DOID:11038	depersonalization disorder
DOID:10937	DOID:0050587	trichotillomania
DOID:10937	DOID:12399	pathological gambling
DOID:10937	DOID:12400	kleptomania
DOID:10937	DOID:12401	intermittent explosive disorder
DOID:10937	DOID:12402	pyromania
DOID:10937	DOID:2510	Kluver-Bucy syndrome
DOID:10941	DOID:0060228	intracranial berry aneurysm
DOID:10944	DOID:0060604	ankyloglossia
DOID:10944	DOID:11514	fissured tongue
DOID:10944	DOID:13333	hypertrophy of tongue papillae
DOID:10944	DOID:13500	hairy tongue
DOID:10944	DOID:1456	glossitis
DOID:10944	DOID:8649	tongue cancer
DOID:10952	DOID:1063	interstitial nephritis
DOID:10952	DOID:2921	glomerulonephritis
DOID:10964	DOID:10963	cholesteatoma of attic
DOID:10969	DOID:0050635	alternating hemiplegia of childhood
DOID:10970	DOID:0081360	spastic quadriplegic cerebral palsy 2
DOID:10970	DOID:0081361	spastic quadriplegic cerebral palsy 3
DOID:10972	DOID:10971	acute salpingo-oophoritis
DOID:10972	DOID:12265	chronic salpingo-oophoritis
DOID:10973	DOID:13942	acute gonococcal salpingitis
DOID:10974	DOID:10972	salpingo-oophoritis
DOID:10983	DOID:0051080	Alport syndrome 3B
DOID:10983	DOID:0110032	Alport syndrome 3A
DOID:10983	DOID:0110033	Alport syndrome 2
DOID:10983	DOID:0110034	X-linked Alport syndrome
DOID:1099	DOID:0110031	hemoglobin H disease
DOID:110	DOID:0111148	isolated ectopia lentis
DOID:110	DOID:11364	lens subluxation
DOID:110	DOID:11367	congenital aphakia
DOID:110	DOID:83	cataract
DOID:1100	DOID:0060112	ovarian benign neoplasm
DOID:1100	DOID:10974	oophoritis
DOID:1100	DOID:11432	endometriosis of ovary
DOID:1100	DOID:1414	ovarian dysfunction
DOID:1100	DOID:2148	tuberculous oophoritis
DOID:1100	DOID:2394	ovarian cancer
DOID:1100	DOID:3781	anovulation
DOID:1100	DOID:5119	ovarian cyst
DOID:1100	DOID:5425	ovarian hyperstimulation syndrome
DOID:1100	DOID:5426	primary ovarian insufficiency
DOID:1100	DOID:7347	ovarian stromal hyperthecosis
DOID:11030	DOID:11031	bullous keratopathy
DOID:11030	DOID:11032	secondary corneal edema
DOID:11030	DOID:11033	idiopathic corneal edema
DOID:11030	DOID:11034	contact lens corneal edema
DOID:11054	DOID:0080901	bladder sarcomatoid transitional cell carcinoma
DOID:11054	DOID:11593	bladder lateral wall cancer
DOID:11054	DOID:11809	bladder neck cancer
DOID:11054	DOID:11811	urinary bladder posterior wall cancer
DOID:11054	DOID:11812	bladder sarcoma
DOID:11054	DOID:11813	bladder trigone cancer
DOID:11054	DOID:11814	urinary bladder anterior wall cancer
DOID:11054	DOID:11817	urachus cancer
DOID:11054	DOID:11818	ureteral orifice cancer
DOID:11054	DOID:11820	bladder dome cancer
DOID:11054	DOID:11821	bladder lymphoma
DOID:11054	DOID:4007	bladder carcinoma
DOID:11060	DOID:1677	low implantation of placenta
DOID:1107	DOID:3748	esophagus squamous cell carcinoma
DOID:1107	DOID:4686	mucoepidermoid esophageal carcinoma
DOID:1107	DOID:4878	esophageal adenoid cystic carcinoma
DOID:1107	DOID:4914	esophagus adenocarcinoma
DOID:1107	DOID:7134	esophagus small cell carcinoma
DOID:11077	DOID:11076	Brucella suis brucellosis
DOID:11077	DOID:14019	Brucella canis brucellosis
DOID:11077	DOID:14456	Brucella melitensis brucellosis
DOID:11077	DOID:14457	Brucella abortus brucellosis
DOID:11080	DOID:0050268	ophthalmomyiasis
DOID:11080	DOID:12926	hypodermyiasis
DOID:11080	DOID:12927	screw worm infectious disease
DOID:11086	DOID:11282	solar retinopathy
DOID:11086	DOID:11283	peripheral scars of retina
DOID:11102	DOID:0050398	Carrion's disease
DOID:11102	DOID:0060345	bacillary angiomatosis
DOID:11102	DOID:11101	trench fever
DOID:11102	DOID:11258	cat-scratch disease
DOID:11104	DOID:0050035	African tick-bite fever
DOID:11104	DOID:0050041	Astrakhan spotted fever
DOID:11104	DOID:0050042	Indian tick typhus
DOID:11104	DOID:0050043	Israeli tick typhus
DOID:11104	DOID:0050046	Far Eastern spotted fever
DOID:11104	DOID:0050047	Flinders Island spotted fever
DOID:11104	DOID:0050050	Japanese spotted fever
DOID:11104	DOID:0050051	Rickettsia parkeri spotted fever
DOID:11104	DOID:0050052	Rocky Mountain spotted fever
DOID:11104	DOID:0050484	aneruptive fever
DOID:11104	DOID:10784	Queensland tick typhus
DOID:11104	DOID:10921	Siberian tick typhus
DOID:11104	DOID:11103	rickettsialpox
DOID:11104	DOID:14095	boutonneuse fever
DOID:11130	DOID:1073	renal hypertension
DOID:11130	DOID:13143	benign secondary hypertension
DOID:11130	DOID:13731	malignant secondary hypertension
DOID:11132	DOID:11133	prostatic cyst
DOID:11132	DOID:13206	nodular prostate
DOID:1114	DOID:5276	esophagus leiomyosarcoma
DOID:1115	DOID:0070663	soft tissue sarcoma
DOID:1115	DOID:0080189	malignant hemangioma
DOID:1115	DOID:0080534	myxofibrosarcoma
DOID:1115	DOID:0080639	bone sarcoma
DOID:1115	DOID:1114	esophagus sarcoma
DOID:1115	DOID:11812	bladder sarcoma
DOID:1115	DOID:11838	penis sarcoma
DOID:1115	DOID:12002	trachea sarcoma
DOID:1115	DOID:1362	paranasal sinus sarcoma
DOID:1115	DOID:14152	spinal cord sarcoma
DOID:1115	DOID:1796	pancreas sarcoma
DOID:1115	DOID:1901	vagina sarcoma
DOID:1115	DOID:1907	malignant fibrous histiocytoma
DOID:1115	DOID:1995	rectum sarcoma
DOID:1115	DOID:2133	central nervous system sarcoma
DOID:1115	DOID:2146	ovary sarcoma
DOID:1115	DOID:2687	skin sarcoma
DOID:1115	DOID:2784	lung sarcoma
DOID:1115	DOID:2877	larynx sarcoma
DOID:1115	DOID:3095	germ cell and embryonal cancer
DOID:1115	DOID:3098	small cell sarcoma
DOID:1115	DOID:3247	rhabdomyosarcoma
DOID:1115	DOID:3369	Ewing sarcoma
DOID:1115	DOID:355	mast-cell sarcoma
DOID:1115	DOID:3640	central nervous system teratoma
DOID:1115	DOID:4050	mediastinum sarcoma
DOID:1115	DOID:4054	prostate sarcoma
DOID:1115	DOID:4058	gallbladder sarcoma
DOID:1115	DOID:4062	testis sarcoma
DOID:1115	DOID:4064	bile duct sarcoma
DOID:1115	DOID:4067	anus sarcoma
DOID:1115	DOID:4233	clear cell sarcoma
DOID:1115	DOID:4235	spindle cell sarcoma
DOID:1115	DOID:4515	thyroid sarcoma
DOID:1115	DOID:4527	ovarian angiosarcoma
DOID:1115	DOID:5165	uterine corpus sarcoma
DOID:1115	DOID:5260	colon sarcoma
DOID:1115	DOID:5697	liposarcoma of the ovary
DOID:1115	DOID:5711	vulvar liposarcoma
DOID:1115	DOID:6193	epithelioid sarcoma
DOID:1115	DOID:7146	Langerhans cell sarcoma
DOID:1115	DOID:7614	meninges sarcoma
DOID:1115	DOID:7615	sarcomatosis
DOID:1115	DOID:7689	leptomeninges sarcoma
DOID:1115	DOID:7849	dendritic cell sarcoma
DOID:1115	DOID:9987	orbit sarcoma
DOID:11155	DOID:11156	anhidrosis
DOID:11156	DOID:0060603	isolated anhidrosis with normal sweat glands
DOID:1116	DOID:11750	Bordetella parapertussis whooping cough
DOID:11162	DOID:11161	neonatal respiratory failure
DOID:11162	DOID:11394	adult respiratory distress syndrome
DOID:11162	DOID:11396	pulmonary edema
DOID:11162	DOID:12716	newborn respiratory distress syndrome
DOID:11166	DOID:0081463	recurrent respiratory papillomatosis
DOID:11166	DOID:11165	common wart
DOID:11166	DOID:13775	plantar wart
DOID:11166	DOID:5362	focal epithelial hyperplasia
DOID:11180	DOID:11181	serous glue ear
DOID:11180	DOID:3697	acute transudative otitis media
DOID:11180	DOID:9739	eustachian tube disease
DOID:11184	DOID:11190	pseudomembranous conjunctivitis
DOID:11184	DOID:11197	serous conjunctivitis except viral
DOID:11184	DOID:11213	acute contagious conjunctivitis
DOID:11184	DOID:11219	conjunctival folliculosis
DOID:11193	DOID:0060242	synpolydactyly
DOID:11193	DOID:0111813	syndactyly type 8
DOID:11193	DOID:0111816	syndactyly type 1
DOID:11193	DOID:0111817	syndactyly type 3
DOID:11193	DOID:0111818	syndactyly type 4
DOID:11193	DOID:0111819	syndactyly type 5
DOID:11193	DOID:0111820	zygodactyly 1
DOID:11199	DOID:0111387	familial isolated hypoparathyroidism
DOID:11199	DOID:0111388	X-linked hypoparathyroidism
DOID:11200	DOID:0061056	immunodeficiency 86
DOID:11200	DOID:0061057	immunodeficiency 87
DOID:11200	DOID:0061082	immunodeficiency 116
DOID:11200	DOID:0061089	immunodeficiency 123
DOID:11200	DOID:0061094	immunodeficiency 129
DOID:11200	DOID:0111942	immunodeficiency 25
DOID:11200	DOID:0111943	immunodeficiency 48
DOID:11200	DOID:0111958	immunodeficiency 11B
DOID:11200	DOID:0111973	immunodeficiency 17
DOID:11200	DOID:0111976	immunodeficiency 9
DOID:11200	DOID:0111977	immunodeficiency 7
DOID:11200	DOID:0111979	immunodeficiency 49
DOID:11200	DOID:0111983	immunodeficiency 52
DOID:11200	DOID:0111987	immunodeficiency 13
DOID:11200	DOID:0112063	X-Linked immunodeficiency 74
DOID:11200	DOID:0112277	immunodeficiency 79
DOID:11200	DOID:2012	Nezelof syndrome
DOID:11201	DOID:11199	hypoparathyroidism
DOID:11201	DOID:13543	hyperparathyroidism
DOID:11201	DOID:1540	parathyroid carcinoma
DOID:11201	DOID:60008	parathyroid gland benign neoplasm
DOID:11204	DOID:11203	Angelucci's syndrome
DOID:11212	DOID:11211	buphthalmos
DOID:1123	DOID:12537	hypermobility of coccyx
DOID:1123	DOID:6590	spondylitis
DOID:1123	DOID:6603	Kummell's disease
DOID:1123	DOID:6643	Baastrup's syndrome
DOID:11230	DOID:11231	orbital periostitis
DOID:11230	DOID:11232	orbital osteomyelitis
DOID:11230	DOID:11233	orbital tenonitis
DOID:11230	DOID:11234	orbital cellulitis
DOID:11239	DOID:0050911	appendix carcinoid tumor
DOID:11239	DOID:11241	appendix lymphoma
DOID:11239	DOID:3559	pseudomyxoma peritonei
DOID:11239	DOID:4902	appendix carcinoma
DOID:11239	DOID:8151	appendiceal L-cell glucagon-like peptide producing tumor
DOID:11244	DOID:11243	anemia of prematurity
DOID:11244	DOID:13576	twin-to-twin transfusion syndrome
DOID:11245	DOID:9771	transient neonatal thrombocytopenia
DOID:11247	DOID:11246	DIC in newborn
DOID:11252	DOID:0050642	hypochromic microcytic anemia
DOID:11252	DOID:10241	thalassemia
DOID:11252	DOID:1098	hemolytic disease of the fetus
DOID:11252	DOID:11758	iron deficiency anemia
DOID:11252	DOID:8955	sideroblastic anemia
DOID:11256	DOID:0050480	epidemic typhus
DOID:11256	DOID:0050481	endemic typhus
DOID:11256	DOID:13371	scrub typhus
DOID:11266	DOID:0050200	Korean hemorrhagic fever
DOID:11266	DOID:0050201	nephropathia epidemica
DOID:11266	DOID:0050522	Balkan hemorrhagic fever
DOID:1130	DOID:1129	pituitary apoplexy
DOID:11335	DOID:13402	skin sarcoidosis
DOID:11335	DOID:13403	neurosarcoidosis
DOID:11335	DOID:13404	uveoparotid fever
DOID:11335	DOID:13405	cardiac sarcoidosis
DOID:11335	DOID:13406	pulmonary sarcoidosis
DOID:11335	DOID:13407	hypercalcemic sarcoidosis
DOID:11338	DOID:13521	tetanus neonatorum
DOID:11343	DOID:11595	scleral staphyloma
DOID:11343	DOID:12124	episcleritis periodica fugax
DOID:11343	DOID:13452	scleritis
DOID:11343	DOID:14230	scleromalacia perforans
DOID:11343	DOID:728	nodular episcleritis
DOID:11353	DOID:11354	stone in bladder diverticulum
DOID:11372	DOID:10487	Hirschsprung's disease
DOID:11372	DOID:1770	toxic megacolon
DOID:11382	DOID:12087	deep corneal vascularisation
DOID:114	DOID:0040095	autoimmune cardiomyopathy
DOID:114	DOID:0050638	hereditary systemic amyloidosis 1
DOID:114	DOID:0050700	cardiomyopathy
DOID:114	DOID:0050825	endocardium disease
DOID:114	DOID:0060570	cardiac tuberculosis
DOID:114	DOID:0080933	immunoglobulin light chain amyloidosis
DOID:114	DOID:0080937	wild-type amyloidosis
DOID:114	DOID:0111700	ankyrin-B-related cardiac arrhythmia
DOID:114	DOID:10079	cysticercosis
DOID:114	DOID:10273	heart conduction disease
DOID:114	DOID:11516	hypertensive heart disease
DOID:114	DOID:117	heart cancer
DOID:114	DOID:1495	cystic echinococcosis
DOID:114	DOID:1682	congenital heart disease
DOID:114	DOID:4079	heart valve disease
DOID:114	DOID:6000	congestive heart failure
DOID:114	DOID:6285	heart lipoma
DOID:114	DOID:882	heterophyiasis
DOID:114	DOID:9768	heart aneurysm
DOID:114	DOID:9790	toxocariasis
DOID:1140	DOID:1138	spinal meningioma
DOID:1140	DOID:3809	epidural spinal canal meningioma
DOID:1140	DOID:6103	thoracic spinal canal and spinal cord meningioma
DOID:1140	DOID:7515	lumbar spinal canal and spinal cord meningioma
DOID:1140	DOID:7646	multiple spinal canal and spinal cord meningioma
DOID:1140	DOID:7824	spinal multifocal clear cell meningioma
DOID:1140	DOID:7915	cervical spinal canal and spinal cord meningioma
DOID:1140	DOID:8203	sacral spinal canal and spinal cord meningioma
DOID:11400	DOID:1076	chronic pyelonephritis
DOID:11400	DOID:559	acute pyelonephritis
DOID:1143	DOID:1142	alternating exotropia
DOID:1143	DOID:11853	monocular exotropia
DOID:11465	DOID:0060731	congenital central hypoventilation syndrome
DOID:11465	DOID:0111537	paroxysmal extreme pain disorder
DOID:11465	DOID:11488	idiopathic peripheral autonomic neuropathy
DOID:11465	DOID:11504	autonomic neuropathy
DOID:11465	DOID:11599	Frey syndrome
DOID:11465	DOID:3223	complex regional pain syndrome
DOID:11472	DOID:7764	subglottis carcinoma
DOID:11476	DOID:0060343	glucocorticoid-induced osteoporosis
DOID:11476	DOID:12559	idiopathic juvenile osteoporosis
DOID:1148	DOID:0060985	preaxial polydactyly type IV
DOID:1148	DOID:0060986	preaxial polydactyly II
DOID:1148	DOID:0060987	preaxial polydactyly I
DOID:11504	DOID:11486	Horner's syndrome
DOID:11504	DOID:11503	diabetic autonomic neuropathy
DOID:11506	DOID:10435	purulent acute otitis media
DOID:11506	DOID:14247	chronic purulent otitis media
DOID:11506	DOID:14435	chronic tubotympanic suppurative otitis media
DOID:11518	DOID:14523	Argyll Robertson pupil
DOID:11547	DOID:12307	anterior corneal pigmentation
DOID:11547	DOID:13448	posterior corneal pigmentation
DOID:11557	DOID:11558	acute allergic serous otitis media
DOID:1159	DOID:11914	gastroparesis
DOID:1159	DOID:8439	postgastrectomy syndrome
DOID:11595	DOID:11594	ring staphyloma
DOID:11595	DOID:13787	localized anterior staphyloma
DOID:11595	DOID:13788	equatorial staphyloma
DOID:11595	DOID:13789	staphyloma posticum
DOID:116	DOID:4699	epicardium cancer
DOID:116	DOID:6201	pericardial mesothelioma
DOID:11608	DOID:0080159	Cryptococcal meningitis
DOID:11608	DOID:12246	histoplasmosis meningitis
DOID:11615	DOID:11838	penis sarcoma
DOID:11615	DOID:11839	glans penis cancer
DOID:11615	DOID:3449	penis carcinoma
DOID:11653	DOID:11988	conjunctival concretion
DOID:1168	DOID:0111417	familial chylomicronemia syndrome
DOID:1168	DOID:1171	hyperlipoproteinemia type V
DOID:1168	DOID:1172	hyperlipoproteinemia type IV
DOID:1168	DOID:13809	familial combined hyperlipidemia
DOID:1168	DOID:13810	familial hypercholesterolemia
DOID:1168	DOID:3145	hyperlipoproteinemia type III
DOID:117	DOID:116	pericardium cancer
DOID:117	DOID:14535	malignant cardiac germ cell tumor
DOID:117	DOID:5262	heart sarcoma
DOID:117	DOID:5877	endocardium cancer
DOID:117	DOID:6547	heart lymphoma
DOID:117	DOID:9299	myocardium cancer
DOID:11702	DOID:0050222	selective IgM deficiency disease
DOID:11702	DOID:11701	selective IgA deficiency disease
DOID:11702	DOID:14176	selective IgG deficiency disease
DOID:11702	DOID:6024	selective IgE deficiency disease
DOID:11717	DOID:0060334	transient neonatal diabetes mellitus
DOID:11717	DOID:0060638	neonatal diabetes mellitus with congenital hypothyroidism
DOID:11717	DOID:0060639	permanent neonatal diabetes mellitus
DOID:11720	DOID:0070196	infantile-onset distal myopathy
DOID:11720	DOID:0070197	distal myopathy 1
DOID:11720	DOID:0070198	Miyoshi muscular dystrophy
DOID:11720	DOID:0081363	distal myopathy with rimmed vacuoles
DOID:11720	DOID:0111078	tibial muscular dystrophy
DOID:11720	DOID:0111187	distal myopathy with anterior tibial onset
DOID:11720	DOID:0111189	distal myopathy 3
DOID:11720	DOID:0111190	distal myopathy 4
DOID:11720	DOID:0111191	distal myopathy Tateyama type
DOID:11724	DOID:0110273	autosomal dominant limb-girdle muscular dystrophy
DOID:11724	DOID:0110274	autosomal recessive limb-girdle muscular dystrophy
DOID:11725	DOID:0060970	Cornelia de Lange syndrome 6
DOID:11725	DOID:0080505	Cornelia de Lange syndrome 1
DOID:11725	DOID:0080506	Cornelia de Lange syndrome 2
DOID:11725	DOID:0080507	Cornelia de Lange syndrome 3
DOID:11725	DOID:0080508	Cornelia de Lange syndrome 4
DOID:11725	DOID:0080509	Cornelia de Lange syndrome 5
DOID:11726	DOID:0070246	X-linked Emery-Dreifuss muscular dystrophy 1
DOID:11726	DOID:0070247	autosomal dominant Emery-Dreifuss muscular dystrophy 2
DOID:11726	DOID:0070248	autosomal recessive Emery-Dreifuss muscular dystrophy 3
DOID:11726	DOID:0070249	autosomal dominant Emery-Dreifuss muscular dystrophy 4
DOID:11726	DOID:0070250	autosomal dominant Emery-Dreifuss muscular dystrophy 5
DOID:11726	DOID:0070251	X-linked Emery-Dreifuss muscular dystrophy 6
DOID:11726	DOID:0070252	autosomal dominant Emery-Dreifuss muscular dystrophy 7
DOID:11727	DOID:0060917	facioscapulohumeral muscular dystrophy 3
DOID:11727	DOID:0060918	facioscapulohumeral muscular dystrophy 4
DOID:11727	DOID:0111192	facioscapulohumeral muscular dystrophy 1
DOID:11727	DOID:0111193	facioscapulohumeral muscular dystrophy 2
DOID:11747	DOID:10744	broad ligament malignant neoplasm
DOID:11747	DOID:11746	parametrium malignant neoplasm
DOID:11747	DOID:11748	round ligament malignant neoplasm
DOID:1176	DOID:0050614	bronchus carcinoma in situ
DOID:1176	DOID:1325	bronchus cancer
DOID:1176	DOID:2799	bronchiolitis obliterans
DOID:1176	DOID:2841	asthma
DOID:1176	DOID:2942	bronchiolitis
DOID:1176	DOID:3906	bronchial benign neoplasm
DOID:1176	DOID:6132	bronchitis
DOID:1176	DOID:9563	bronchiectasis
DOID:11782	DOID:11781	regular astigmatism
DOID:11782	DOID:13919	irregular astigmatism
DOID:118	DOID:11482	hemopericardium
DOID:118	DOID:115	cardiac tamponade
DOID:11801	DOID:12328	marasmus
DOID:11801	DOID:13579	kwashiorkor
DOID:11817	DOID:5958	bladder urachal carcinoma
DOID:11817	DOID:7694	bladder urachal adenocarcinoma
DOID:11819	DOID:14489	ureteral lymphoma
DOID:11819	DOID:4939	ureter carcinoma
DOID:11819	DOID:6886	ureter small cell carcinoma
DOID:11830	DOID:11829	degenerative myopia
DOID:1184	DOID:10966	lipoid nephrosis
DOID:1184	DOID:2590	familial nephrotic syndrome
DOID:11840	DOID:0111151	Prinzmetal angina
DOID:11843	DOID:0060562	anomalous left coronary artery from the pulmonary artery
DOID:1187	DOID:12526	tarsal tunnel syndrome
DOID:1188	DOID:1187	tibial neuropathy
DOID:1188	DOID:12171	radial neuropathy
DOID:1188	DOID:1802	mononeuritis
DOID:1188	DOID:4196	femoral neuropathy
DOID:1188	DOID:4201	peroneal neuropathy
DOID:1188	DOID:4613	ulnar neuropathy
DOID:11885	DOID:11887	ureter leiomyoma
DOID:11885	DOID:11888	schwannoma of ureter
DOID:11885	DOID:6936	ureter urothelial papilloma
DOID:119	DOID:0050918	vaginal carcinoma
DOID:119	DOID:134	vaginal glandular tumor
DOID:119	DOID:138	vaginal squamous tumor
DOID:119	DOID:1901	vagina sarcoma
DOID:119	DOID:1910	vaginal yolk sac tumor
DOID:119	DOID:5171	vaginal endometrial stromal tumor
DOID:119	DOID:6788	vagina botryoid rhabdomyosarcoma
DOID:1192	DOID:2621	autonomic nervous system neoplasm
DOID:1192	DOID:2815	cranial nerve malignant neoplasm
DOID:1192	DOID:3193	peripheral nerve sheath neoplasm
DOID:1192	DOID:4693	nerve plexus neoplasm
DOID:1192	DOID:4698	nerve root neoplasm
DOID:1192	DOID:7077	malignant melanocytic peripheral nerve sheath tumor of mediastinum
DOID:11920	DOID:0050919	trachea mucoepidermoid carcinoma
DOID:11920	DOID:12001	tracheal lymphoma
DOID:11920	DOID:12002	trachea sarcoma
DOID:11920	DOID:4876	trachea carcinoma
DOID:11934	DOID:1542	head and neck carcinoma
DOID:11963	DOID:13147	fungal esophagitis
DOID:11963	DOID:13921	bacterial esophagitis
DOID:11963	DOID:13922	eosinophilic esophagitis
DOID:11963	DOID:13976	peptic esophagitis
DOID:11963	DOID:6297	viral esophagitis
DOID:11971	DOID:0050654	Baller-Gerold syndrome
DOID:11971	DOID:0060467	humeroradial synostosis
DOID:11971	DOID:11193	syndactyly
DOID:11971	DOID:12960	acrocephalosyndactylia
DOID:11971	DOID:14762	calcaneonavicular coalition
DOID:11971	DOID:2340	craniosynostosis
DOID:11976	DOID:0050141	intestinal botulism
DOID:11976	DOID:0050352	foodborne botulism
DOID:11976	DOID:0050353	wound botulism
DOID:11976	DOID:0050354	infant botulism
DOID:11984	DOID:0080326	familial hypertrophic cardiomyopathy
DOID:11984	DOID:0111753	infantile hypertrophic cardiomyopathy
DOID:120	DOID:119	vaginal cancer
DOID:120	DOID:1245	vulva cancer
DOID:120	DOID:14059	paraurethral gland cancer
DOID:120	DOID:1964	fallopian tube cancer
DOID:120	DOID:2394	ovarian cancer
DOID:120	DOID:3001	female reproductive endometrioid cancer
DOID:120	DOID:363	uterine cancer
DOID:1201	DOID:3202	neurilemmoma of the fifth cranial nerve
DOID:12010	DOID:0050863	arteritic anterior ischemic optic neuropathy
DOID:12010	DOID:0050864	non-arteritic anterior ischemic optic neuropathy
DOID:1203	DOID:1742	drug psychosis
DOID:12030	DOID:12029	sympathetic ophthalmia
DOID:12030	DOID:12574	posterior uveitis
DOID:12030	DOID:1407	anterior uveitis
DOID:1205	DOID:0050185	erythema multiforme
DOID:1205	DOID:0060496	respiratory allergy
DOID:1205	DOID:0060500	drug allergy
DOID:1205	DOID:0060501	metal allergy
DOID:1205	DOID:0060502	gastrointestinal allergy
DOID:1205	DOID:0060532	latex allergy
DOID:1205	DOID:0070659	alpha-gal syndrome
DOID:1205	DOID:0080746	Sweet syndrome
DOID:1205	DOID:0080811	extrinsic asthma
DOID:1205	DOID:106	pleural tuberculosis
DOID:1205	DOID:10612	allergic urticaria
DOID:1205	DOID:11204	allergic conjunctivitis
DOID:1205	DOID:11450	allergic cutaneous vasculitis
DOID:1205	DOID:11558	acute allergic serous otitis media
DOID:1205	DOID:1895	allergic contact dermatitis of eyelid
DOID:1205	DOID:3042	allergic contact dermatitis
DOID:1205	DOID:3728	acute allergic sanguinous otitis media
DOID:1205	DOID:841	extrinsic allergic alveolitis
DOID:1205	DOID:9503	Loeffler syndrome
DOID:1205	DOID:9735	acute allergic mucoid otitis media
DOID:121	DOID:0050269	Trichomonas vaginalis trichomoniasis
DOID:121	DOID:0060114	vaginal benign neoplasm
DOID:121	DOID:119	vaginal cancer
DOID:121	DOID:2170	vaginitis
DOID:121	DOID:2272	vulvovaginal candidiasis
DOID:121	DOID:3767	vaginal discharge
DOID:121	DOID:8920	leukoplakia of vagina
DOID:1210	DOID:10175	optic papillitis
DOID:1210	DOID:1209	nutritional optic neuropathy
DOID:1210	DOID:13329	toxic optic neuropathy
DOID:1210	DOID:14155	acute retrobulbar neuritis
DOID:12119	DOID:12118	pulmonary hemosiderosis
DOID:12161	DOID:12162	pseudoretinitis pigmentosa
DOID:12161	DOID:12163	senile reticular retinal degeneration
DOID:12161	DOID:12164	Blessig's cysts
DOID:12161	DOID:12165	retinal lattice degeneration
DOID:12161	DOID:12166	cobblestone retinal degeneration
DOID:12161	DOID:12167	secondary vitreoretinal degeneration
DOID:12169	DOID:0070466	carpal tunnel syndrome 1
DOID:12169	DOID:0070467	carpal tunnel syndrome 2
DOID:12171	DOID:12170	radial nerve lesion
DOID:12176	DOID:0050489	multinodular goiter
DOID:12176	DOID:12175	dyshormonogenic goiter
DOID:12176	DOID:13195	nontoxic goiter
DOID:12176	DOID:13196	lingual goiter
DOID:12176	DOID:13197	nodular goiter
DOID:12176	DOID:13200	substernal goiter
DOID:12177	DOID:0081144	common variable immunodeficiency 1
DOID:12177	DOID:0081145	common variable immunodeficiency 2
DOID:12177	DOID:0081146	common variable immunodeficiency 3
DOID:12177	DOID:0081147	common variable immunodeficiency 4
DOID:12177	DOID:0081148	common variable immunodeficiency 5
DOID:12177	DOID:0081149	common variable immunodeficiency 6
DOID:12177	DOID:0081150	common variable immunodeficiency 7
DOID:12177	DOID:0081151	common variable immunodeficiency 8
DOID:12177	DOID:0081152	common variable immunodeficiency 10
DOID:12177	DOID:0081153	common variable immunodeficiency 11
DOID:12177	DOID:0081154	common variable immunodeficiency 12
DOID:12177	DOID:0081155	common variable immunodeficiency 13
DOID:12177	DOID:0081156	common variable immunodeficiency 14
DOID:12179	DOID:0050116	tinea imbricata
DOID:12179	DOID:13368	tinea profunda
DOID:12185	DOID:0060920	otosclerosis 1
DOID:12185	DOID:0060921	otosclerosis 2
DOID:12185	DOID:0060922	otosclerosis 3
DOID:12185	DOID:0060923	otosclerosis 4
DOID:12185	DOID:0060924	otosclerosis 5
DOID:12185	DOID:0060925	otosclerosis 7
DOID:12185	DOID:0060926	otosclerosis 8
DOID:12185	DOID:0060927	otosclerosis 10
DOID:12185	DOID:0060928	otosclerosis 11
DOID:12190	DOID:12191	splenic flexure cancer
DOID:12192	DOID:2782	rectosigmoid junction cancer
DOID:12205	DOID:0050125	dengue shock syndrome
DOID:12205	DOID:0050143	asymptomatic dengue
DOID:12205	DOID:12206	dengue hemorrhagic fever
DOID:1222	DOID:0060102	cartilage cancer
DOID:1222	DOID:10986	discitis
DOID:1222	DOID:14021	Tietze's syndrome
DOID:1222	DOID:2256	osteochondrodysplasia
DOID:1222	DOID:6227	articular cartilage disease
DOID:12236	DOID:0070358	primary biliary cholangitis 1
DOID:12236	DOID:0070359	primary biliary cholangitis 2
DOID:12236	DOID:0070360	primary biliary cholangitis 3
DOID:12236	DOID:0070361	primary biliary cholangitis 4
DOID:12236	DOID:0070362	primary biliary cholangitis 5
DOID:12241	DOID:0080770	autosomal dominant beta thalassemia
DOID:12241	DOID:0080771	beta-thalassemia major
DOID:12241	DOID:0080772	beta-thalassemia intermedia
DOID:12241	DOID:0080773	delta beta-thalassemia
DOID:12241	DOID:0080774	thalassemia minor
DOID:1227	DOID:0050590	severe congenital neutropenia
DOID:1227	DOID:11245	transient neonatal neutropenia
DOID:1227	DOID:5339	cyclic hematopoiesis
DOID:12271	DOID:0070532	aniridia 1
DOID:12318	DOID:0060444	granular corneal dystrophy 2
DOID:12318	DOID:0080530	granular corneal dystrophy 1
DOID:12326	DOID:12325	kyphoscoliotic heart disease
DOID:12326	DOID:14557	primary pulmonary hypertension
DOID:12336	DOID:0050457	Sertoli cell-only syndrome
DOID:12336	DOID:0070311	oligoasthenoteratozoospermia
DOID:12336	DOID:0111862	congenital bilateral absence of vas deferens
DOID:12336	DOID:0111910	spermatogenic failure
DOID:12336	DOID:14096	infertility due to extratesticular cause
DOID:12336	DOID:14227	azoospermia
DOID:12336	DOID:14228	oligospermia
DOID:12341	DOID:5284	retroperitoneal leiomyosarcoma
DOID:12347	DOID:0060438	Cole-Carpenter syndrome
DOID:12347	DOID:0110334	osteogenesis imperfecta type 1
DOID:12347	DOID:0110335	osteogenesis imperfecta with opalescent teeth, blue sclerae and wormian bones but without fractures
DOID:12347	DOID:0110336	osteogenesis imperfecta type 8
DOID:12347	DOID:0110337	osteogenesis imperfecta type 7
DOID:12347	DOID:0110338	osteogenesis imperfecta type 17
DOID:12347	DOID:0110339	osteogenesis imperfecta type 3
DOID:12347	DOID:0110340	osteogenesis imperfecta type 4
DOID:12347	DOID:0110341	osteogenesis imperfecta type 2
DOID:12347	DOID:0110342	osteogenesis imperfecta type 13
DOID:12347	DOID:0110343	osteogenesis imperfecta type 14
DOID:12347	DOID:0110344	osteogenesis imperfecta type 5
DOID:12347	DOID:0110345	osteogenesis imperfecta type 16
DOID:12347	DOID:0110346	osteogenesis imperfecta type 10
DOID:12347	DOID:0110347	osteogenesis imperfecta type 15
DOID:12347	DOID:0110348	osteogenesis imperfecta type 12
DOID:12347	DOID:0110349	osteogenesis imperfecta type 9
DOID:12347	DOID:0110350	osteogenesis imperfecta type 6
DOID:12347	DOID:0110351	osteogenesis imperfecta type 11
DOID:12347	DOID:0111847	osteogenesis imperfecta type 19
DOID:12347	DOID:0111848	osteogenesis imperfecta type 18
DOID:12347	DOID:0111849	osteogenesis imperfecta type 20
DOID:12347	DOID:0112201	osteogenesis imperfecta type 21
DOID:1235	DOID:1233	transvestism
DOID:12359	DOID:12362	thyrotoxic exophthalmos
DOID:12365	DOID:12919	Plasmodium ovale malaria
DOID:12365	DOID:12978	Plasmodium vivax malaria
DOID:12365	DOID:14067	Plasmodium falciparum malaria
DOID:12365	DOID:14068	blackwater fever
DOID:12365	DOID:14069	cerebral malaria
DOID:12365	DOID:14324	Plasmodium malariae malaria
DOID:12365	DOID:14325	mixed malaria
DOID:1237	DOID:11164	band keratopathy
DOID:1237	DOID:11267	keratomalacia
DOID:1237	DOID:11342	arcus senilis
DOID:1237	DOID:11541	recurrent corneal erosion
DOID:1237	DOID:11793	phthisical cornea
DOID:1237	DOID:14507	peripheral degeneration of cornea
DOID:1237	DOID:2879	nodular degeneration of cornea
DOID:12377	DOID:0050529	adult spinal muscular atrophy
DOID:12377	DOID:0060160	childhood spinal muscular atrophy
DOID:12377	DOID:0060161	Kennedy's disease
DOID:12377	DOID:0070348	spinal muscular atrophy with lower extremity predominant
DOID:12377	DOID:0081356	spinal muscular atrophy, Jokela type
DOID:12377	DOID:0111194	autosomal dominant adult-onset proximal spinal muscular atrophy
DOID:12377	DOID:0111196	X-linked distal spinal muscular atrophy 3
DOID:12377	DOID:0111197	autosomal recessive distal hereditary motor neuronopathy
DOID:12377	DOID:0111198	autosomal dominant distal hereditary motor neuronopathy
DOID:12377	DOID:0111527	spinal muscular atrophy with progressive myoclonic epilepsy
DOID:12377	DOID:0111827	X-linked spinal muscular atrophy 2
DOID:12384	DOID:14397	protozoal dysentery
DOID:12387	DOID:0081060	X-linked nephrogenic diabetes insipidus
DOID:12387	DOID:0081061	nephrogenic diabetes insipidus type 2
DOID:12397	DOID:12395	spastic entropion
DOID:12397	DOID:12836	senile entropion
DOID:12397	DOID:13112	mechanical entropion
DOID:12397	DOID:13113	cicatricial entropion
DOID:1240	DOID:1035	aggressive NK-cell leukemia
DOID:1240	DOID:1036	chronic leukemia
DOID:1240	DOID:1037	lymphoid leukemia
DOID:1240	DOID:12965	subleukemic leukemia
DOID:1240	DOID:12969	central nervous system leukemia
DOID:1240	DOID:3264	subacute leukemia
DOID:1240	DOID:6004	aleukemic leukemia
DOID:1240	DOID:7757	childhood leukemia
DOID:1240	DOID:8692	myeloid leukemia
DOID:1240	DOID:9254	mast-cell leukemia
DOID:1242	DOID:1241	luxation of globe
DOID:1242	DOID:14070	vestibular nystagmus
DOID:1242	DOID:14199	posterior dislocation of lens
DOID:1242	DOID:2460	anterior dislocation of lens
DOID:1242	DOID:4692	endophthalmitis
DOID:12449	DOID:1342	congenital hypoplastic anemia
DOID:12449	DOID:2354	myelophthisic anemia
DOID:1245	DOID:11905	labium majus cancer
DOID:1245	DOID:1243	labia minora cancer
DOID:1245	DOID:1294	vulva carcinoma
DOID:1245	DOID:2072	vulvar squamous tumor
DOID:1245	DOID:2076	vulvar glandular tumor
DOID:1245	DOID:2093	vulvar melanoma
DOID:1245	DOID:2096	vulvar sarcoma
DOID:1245	DOID:2401	clitoris cancer
DOID:1245	DOID:5711	vulvar liposarcoma
DOID:1245	DOID:60003	Bartholin's gland cancer
DOID:12466	DOID:12465	secondary hyperparathyroidism of renal origin
DOID:1247	DOID:0061030	hemophilia
DOID:1247	DOID:0111052	Scott syndrome
DOID:1247	DOID:0111146	acquired von Willebrand syndrome
DOID:1247	DOID:0111676	high molecular weight kininogen deficiency
DOID:1247	DOID:0112172	hereditary combined deficiency of vitamin K-dependent clotting factors
DOID:1247	DOID:2211	factor XIII deficiency
DOID:1247	DOID:2213	hemorrhagic disease
DOID:1247	DOID:2215	factor VII deficiency
DOID:1247	DOID:2216	factor V deficiency
DOID:1247	DOID:2217	Bernard-Soulier syndrome
DOID:1247	DOID:2218	blood platelet disease
DOID:1247	DOID:2222	factor X deficiency
DOID:1247	DOID:2231	factor XII deficiency
DOID:1247	DOID:2236	congenital afibrinogenemia
DOID:1247	DOID:2452	thrombophilia
DOID:12528	DOID:11446	sciatic neuropathy
DOID:12531	DOID:0060573	von Willebrand's disease 1
DOID:12531	DOID:0060574	von Willebrand's disease 2
DOID:12531	DOID:0111054	von Willebrand's disease 3
DOID:1255	DOID:1254	trichostrongylosis
DOID:1255	DOID:3332	haemonchiasis
DOID:1255	DOID:3985	ostertagiasis
DOID:12557	DOID:0061027	Duane retraction syndrome 1
DOID:12557	DOID:0061028	Duane retraction syndrome 2
DOID:12557	DOID:0061029	Duane retraction syndrome 3
DOID:12558	DOID:0070759	autosomal recessive progressive external ophthalmoplegia with mitochondrial DNA deletions 6
DOID:12558	DOID:0111515	autosomal recessive progressive external ophthalmoplegia with mitochondrial DNA deletions 2
DOID:12558	DOID:0111516	autosomal recessive progressive external ophthalmoplegia with mitochondrial DNA deletions 4
DOID:12558	DOID:0111517	autosomal dominant progressive external ophthalmoplegia with mitochondrial DNA deletions 2
DOID:12558	DOID:0111518	autosomal dominant progressive external ophthalmoplegia with mitochondrial DNA deletions 5
DOID:12558	DOID:0111519	autosomal dominant progressive external ophthalmoplegia with mitochondrial DNA deletions 6
DOID:12558	DOID:0111520	autosomal dominant progressive external ophthalmoplegia with mitochondrial DNA deletions 3
DOID:12558	DOID:0111521	autosomal dominant progressive external ophthalmoplegia 1
DOID:12558	DOID:0111522	autosomal recessive progressive external ophthalmoplegia 1
DOID:12558	DOID:0111523	autosomal recessive progressive external ophthalmoplegia with mitochondrial DNA deletions 3
DOID:12558	DOID:0111524	autosomal recessive progressive external ophthalmoplegia with mitochondrial DNA deletions 5
DOID:12558	DOID:0111525	autosomal dominant progressive external ophthalmoplegia with mitochondrial DNA deletions 4
DOID:12558	DOID:12934	Kearns-Sayre syndrome
DOID:12571	DOID:12570	phacolytic glaucoma
DOID:12571	DOID:13641	exfoliation syndrome
DOID:12574	DOID:0111079	birdshot chorioretinopathy
DOID:12577	DOID:1829	urethral stricture
DOID:12603	DOID:0081076	blastic plasmacytoid dendritic cell neoplasm
DOID:12603	DOID:9952	acute lymphoblastic leukemia
DOID:12603	DOID:9953	acute biphenotypic leukemia
DOID:12639	DOID:12638	hypertrophic pyloric stenosis
DOID:12639	DOID:14099	acquired gastric outlet stenosis
DOID:12642	DOID:12641	displacement of cardia through esophageal hiatus
DOID:12657	DOID:0070735	auditory neuropathy and optic atrophy
DOID:12657	DOID:12683	vestibular neuronitis
DOID:12657	DOID:2814	malignant neoplasm of acoustic nerve
DOID:12667	DOID:12668	abnormal retinal correspondence
DOID:12678	DOID:0060699	familial hypocalciuric hypercalcemia
DOID:12678	DOID:0061135	infantile hypercalcemia 2
DOID:12678	DOID:0061136	infantile hypercalcemia 1
DOID:127	DOID:10070	larynx leiomyoma
DOID:127	DOID:11887	ureter leiomyoma
DOID:127	DOID:125	vagina leiomyoma
DOID:127	DOID:13109	bladder leiomyoma
DOID:127	DOID:13958	uterine corpus bizarre leiomyoma
DOID:127	DOID:1738	small intestine leiomyoma
DOID:127	DOID:2142	urethra leiomyoma
DOID:127	DOID:248	trachea leiomyoma
DOID:127	DOID:2887	prostate leiomyoma
DOID:127	DOID:5123	mediastinum leiomyoma
DOID:127	DOID:5124	fallopian tube leiomyoma
DOID:127	DOID:5125	extrahepatic bile duct leiomyoma
DOID:127	DOID:5126	central nervous system leiomyoma
DOID:127	DOID:5127	bizarre leiomyoma
DOID:127	DOID:5128	deep leiomyoma
DOID:127	DOID:5134	anus leiomyoma
DOID:127	DOID:5136	lung leiomyoma
DOID:127	DOID:5137	pericardium leiomyoma
DOID:127	DOID:5138	leiomyomatosis
DOID:127	DOID:5139	cellular leiomyoma
DOID:127	DOID:5140	gallbladder leiomyoma
DOID:127	DOID:5143	large bowel leiomyoma
DOID:127	DOID:5146	appendix leiomyoma
DOID:127	DOID:5728	diffuse peritoneal leiomyomatosis
DOID:127	DOID:5916	uterine corpus leiomyomatosis
DOID:127	DOID:7160	rectal leiomyoma
DOID:127	DOID:7242	uterine corpus cellular leiomyoma
DOID:12705	DOID:0111218	Friedreich ataxia 1
DOID:12705	DOID:0111219	Friedreich ataxia 2
DOID:1271	DOID:0111529	familial multiple nevi flammei
DOID:1271	DOID:14400	capillary leak syndrome
DOID:1271	DOID:1637	breast angiomatosis
DOID:1271	DOID:2286	capillary lymphangioma
DOID:1271	DOID:2493	gastric antral vascular ectasia
DOID:12712	DOID:0111112	nephronophthisis 1
DOID:12712	DOID:0111113	nephronophthisis 2
DOID:12712	DOID:0111114	nephronophthisis 3
DOID:12712	DOID:0111115	nephronophthisis 4
DOID:12712	DOID:0111116	nephronophthisis 7
DOID:12712	DOID:0111117	nephronophthisis-like nephropathy 1
DOID:12712	DOID:0111118	nephronophthisis 11
DOID:12712	DOID:0111119	nephronophthisis 12
DOID:12712	DOID:0111120	nephronophthisis 9
DOID:12712	DOID:0111121	nephronophthisis 13
DOID:12712	DOID:0111122	nephronophthisis 14
DOID:12712	DOID:0111123	nephronophthisis 15
DOID:12712	DOID:0111124	nephronophthisis 16
DOID:12712	DOID:0111125	nephronophthisis 18
DOID:12712	DOID:0111126	nephronophthisis 19
DOID:12712	DOID:0111127	nephronophthisis 20
DOID:12721	DOID:0070299	multiple epiphyseal dysplasia 5
DOID:12721	DOID:0070300	multiple epiphyseal dysplasia 4
DOID:12721	DOID:0070302	multiple epiphyseal dysplasia 7
DOID:12721	DOID:0070303	multiple epiphyseal dysplasia 1
DOID:12721	DOID:0070305	multiple epiphyseal dysplasia due to collagen 9 anomaly
DOID:12759	DOID:6438	malignant choroid melanoma
DOID:12759	DOID:7807	choroid necrotic melanoma
DOID:1279	DOID:0080143	congenital fibrosis of the extraocular muscles
DOID:1279	DOID:1278	tolosa-hunt syndrome
DOID:1279	DOID:539	ophthalmoplegia
DOID:1279	DOID:540	strabismus
DOID:1279	DOID:9650	pathologic nystagmus
DOID:12798	DOID:0050809	mucopolysaccharidosis IX
DOID:12798	DOID:0061128	mucopolysaccharidosis X
DOID:12798	DOID:12799	mucopolysaccharidosis II
DOID:12798	DOID:12800	mucopolysaccharidosis VI
DOID:12798	DOID:12801	mucopolysaccharidosis III
DOID:12798	DOID:12802	mucopolysaccharidosis I
DOID:12798	DOID:12803	mucopolysaccharidosis type VII
DOID:12798	DOID:12804	mucopolysaccharidosis IV
DOID:12801	DOID:0111393	mucopolysaccharidosis type IIIC
DOID:12801	DOID:0111394	mucopolysaccharidosis type IIIB
DOID:12801	DOID:0111395	mucopolysaccharidosis type IIIA
DOID:12801	DOID:0111402	mucopolysaccharidosis type IIID
DOID:12802	DOID:0060222	Scheie syndrome
DOID:12802	DOID:0111389	mucopolysaccharidosis Ih/s
DOID:12802	DOID:0111390	mucopolysaccharidosis Ih
DOID:12804	DOID:0111391	mucopolysaccharidosis IVA
DOID:12804	DOID:0111392	mucopolysaccharidosis type IVB
DOID:1284	DOID:11629	pelvic muscle wasting
DOID:1284	DOID:12369	prolapse of urethra
DOID:1284	DOID:12637	perineocele
DOID:1284	DOID:1283	enterocele
DOID:1284	DOID:14130	lateral cystocele
DOID:1284	DOID:14131	midline cystocele
DOID:12842	DOID:12889	Miller Fisher syndrome
DOID:1285	DOID:0060328	anal fistula
DOID:1285	DOID:13662	ulcer of anus and rectum
DOID:1285	DOID:3127	proctitis
DOID:1285	DOID:3128	anus disease
DOID:1285	DOID:9307	rectal prolapse
DOID:12859	DOID:14483	chorea gravidarum
DOID:1287	DOID:0050829	pericardium disease
DOID:1287	DOID:0060051	autoimmune disease of cardiovascular system
DOID:1287	DOID:0060091	cardiovascular organ benign neoplasm
DOID:1287	DOID:114	heart disease
DOID:1287	DOID:176	cardiovascular cancer
DOID:1287	DOID:178	vascular disease
DOID:1287	DOID:3481	septicemic plague
DOID:1289	DOID:0050765	neuroacanthocytosis
DOID:1289	DOID:0050831	familial encephalopathy with neuroserpin inclusion bodies
DOID:1289	DOID:0050883	infantile cerebellar-retinal degeneration
DOID:1289	DOID:0050890	synucleinopathy
DOID:1289	DOID:0050951	hereditary ataxia
DOID:1289	DOID:0060264	pontocerebellar hypoplasia
DOID:1289	DOID:0060491	SPOAN syndrome
DOID:1289	DOID:0070352	stress-induced childhood-onset neurodegeneration with variable ataxia and seizures
DOID:1289	DOID:0070474	childhood-onset neurodegeneration with brain atrophy
DOID:1289	DOID:0081294	neuronal intranuclear inclusion disease
DOID:1289	DOID:0081327	neurodevelopmental disorder with regression, abnormal movements, loss of speech, and seizures
DOID:1289	DOID:0081364	neurodegeneration with ataxia, dystonia, and gaze palsy, childhood-onset
DOID:1289	DOID:0090003	agenesis of the corpus callosum with peripheral neuropathy
DOID:1289	DOID:0090104	Huntington's disease-like 2
DOID:1289	DOID:0110734	neurodegeneration with brain iron accumulation
DOID:1289	DOID:0111246	amyotrophic lateral sclerosis-parkinsonism/dementia complex 1
DOID:1289	DOID:12707	myoclonic cerebellar dyssynergia
DOID:1289	DOID:12858	Huntington's disease
DOID:1289	DOID:13548	secondary Parkinson disease
DOID:1289	DOID:14784	olivopontocerebellar atrophy
DOID:1289	DOID:231	motor neuron disease
DOID:1289	DOID:3688	plexopathy
DOID:1289	DOID:680	tauopathy
DOID:1289	DOID:9277	primary cerebellar degeneration
DOID:12897	DOID:9173	submandibular gland cancer
DOID:12930	DOID:0051073	dilated cardiomyopathy 3C
DOID:12930	DOID:0081157	dilated cardiomyopathy 1LL
DOID:12930	DOID:0081158	dilated cardiomyopathy 1MM
DOID:12930	DOID:0081159	dilated cardiomyopathy 2C
DOID:12930	DOID:0081160	dilated cardiomyopathy 2D
DOID:12930	DOID:0081161	dilated cardiomyopathy 2E
DOID:12930	DOID:0081162	dilated cardiomyopathy 2F
DOID:12930	DOID:0081163	dilated cardiomyopathy 2G
DOID:12930	DOID:0110423	dilated cardiomyopathy 1C
DOID:12930	DOID:0110424	dilated cardiomyopathy 1CC
DOID:12930	DOID:0110425	dilated cardiomyopathy 1A
DOID:12930	DOID:0110426	dilated cardiomyopathy 1D
DOID:12930	DOID:0110427	dilated cardiomyopathy 1V
DOID:12930	DOID:0110428	dilated cardiomyopathy 1AA
DOID:12930	DOID:0110429	dilated cardiomyopathy 1H
DOID:12930	DOID:0110430	dilated cardiomyopathy 1G
DOID:12930	DOID:0110431	dilated cardiomyopathy 1I
DOID:12930	DOID:0110432	dilated cardiomyopathy 1NN
DOID:12930	DOID:0110433	dilated cardiomyopathy 1E
DOID:12930	DOID:0110434	dilated cardiomyopathy 1Z
DOID:12930	DOID:0110435	dilated cardiomyopathy 1GG
DOID:12930	DOID:0110436	dilated cardiomyopathy 1L
DOID:12930	DOID:0110437	dilated cardiomyopathy 1K
DOID:12930	DOID:0110438	dilated cardiomyopathy 1JJ
DOID:12930	DOID:0110439	dilated cardiomyopathy 1P
DOID:12930	DOID:0110440	dilated cardiomyopathy 1J
DOID:12930	DOID:0110441	dilated cardiomyopathy 2B
DOID:12930	DOID:0110442	dilated cardiomyopathy 1Q
DOID:12930	DOID:0110443	dilated cardiomyopathy 1B
DOID:12930	DOID:0110444	dilated cardiomyopathy 1X
DOID:12930	DOID:0110445	dilated cardiomyopathy 1KK
DOID:12930	DOID:0110446	dilated cardiomyopathy 1W
DOID:12930	DOID:0110447	dilated cardiomyopathy 1DD
DOID:12930	DOID:0110448	dilated cardiomyopathy 1HH
DOID:12930	DOID:0110449	dilated cardiomyopathy 1M
DOID:12930	DOID:0110450	dilated cardiomyopathy 1II
DOID:12930	DOID:0110451	dilated cardiomyopathy 1O
DOID:12930	DOID:0110452	dilated cardiomyopathy 1T
DOID:12930	DOID:0110453	dilated cardiomyopathy 1EE
DOID:12930	DOID:0110454	dilated cardiomyopathy 1S
DOID:12930	DOID:0110455	dilated cardiomyopathy 1U
DOID:12930	DOID:0110456	dilated cardiomyopathy 1R
DOID:12930	DOID:0110457	dilated cardiomyopathy 1Y
DOID:12930	DOID:0110458	dilated cardiomyopathy 1BB
DOID:12930	DOID:0110459	dilated cardiomyopathy 1FF
DOID:12930	DOID:0110460	dilated cardiomyopathy 2A
DOID:12930	DOID:0110461	dilated cardiomyopathy 3B
DOID:12930	DOID:9997	peripartum cardiomyopathy
DOID:1294	DOID:1293	labia minora carcinoma
DOID:1294	DOID:13389	labia majora carcinoma
DOID:1294	DOID:2098	vulva adenocarcinoma
DOID:1294	DOID:2101	vulva squamous cell carcinoma
DOID:1294	DOID:3999	Bartholin's gland carcinoma
DOID:1294	DOID:4301	vulva basal cell carcinoma
DOID:1294	DOID:5761	vulvar sebaceous carcinoma
DOID:1294	DOID:7565	vulvar eccrine porocarcinoma
DOID:1294	DOID:7567	vulvar clear cell hidradenocarcinoma
DOID:12959	DOID:12958	paralytic lagophthalmos
DOID:12959	DOID:13037	mechanical lagophthalmos
DOID:12959	DOID:13038	cicatricial lagophthalmos
DOID:12960	DOID:0060234	Carpenter syndrome
DOID:12960	DOID:0060359	Sakati-Nyhan syndrome
DOID:12960	DOID:14705	Pfeiffer syndrome
DOID:12960	DOID:14761	Greig cephalopolysyndactyly syndrome
DOID:12960	DOID:14768	Saethre-Chotzen syndrome
DOID:12971	DOID:0110916	hereditary spherocytosis type 1
DOID:12971	DOID:0110917	hereditary spherocytosis type 2
DOID:12971	DOID:0110918	hereditary spherocytosis type 3
DOID:12971	DOID:0110919	hereditary spherocytosis type 4
DOID:12971	DOID:0110920	hereditary spherocytosis type 5
DOID:12987	DOID:1227	neutropenia
DOID:13033	DOID:13477	balanitis xerotica obliterans
DOID:13034	DOID:13035	louse-borne relapsing fever
DOID:13034	DOID:13036	tick-borne relapsing fever
DOID:1307	DOID:12217	Lewy body dementia
DOID:1307	DOID:8725	vascular dementia
DOID:1307	DOID:9255	frontotemporal dementia
DOID:13089	DOID:3527	cerebral arterial disease
DOID:1312	DOID:0111128	focal segmental glomerulosclerosis 1
DOID:1312	DOID:0111129	focal segmental glomerulosclerosis 2
DOID:1312	DOID:0111130	focal segmental glomerulosclerosis 5
DOID:1312	DOID:0111131	focal segmental glomerulosclerosis 6
DOID:1312	DOID:0111132	focal segmental glomerulosclerosis 7
DOID:1312	DOID:0111133	focal segmental glomerulosclerosis 8
DOID:1312	DOID:0111134	focal segmental glomerulosclerosis 9
DOID:1312	DOID:0112245	focal segmental glomerulosclerosis 3
DOID:13129	DOID:13133	HELLP syndrome
DOID:13138	DOID:13139	crescentic glomerulonephritis
DOID:13141	DOID:12030	panuveitis
DOID:13141	DOID:12732	intermediate uveitis
DOID:13141	DOID:13140	suppurative uveitis
DOID:13143	DOID:13145	benign renovascular hypertension
DOID:13148	DOID:13690	acute gonococcal cystitis
DOID:1319	DOID:0060106	brain meningioma
DOID:1319	DOID:0060108	brain glioma
DOID:1319	DOID:1659	supratentorial cancer
DOID:1319	DOID:2127	brain germinoma
DOID:1319	DOID:2129	atypical teratoid rhabdoid tumor
DOID:1319	DOID:2132	brain sarcoma
DOID:1319	DOID:4706	infratentorial cancer
DOID:1319	DOID:5677	malignant extragonadal nonseminomatous germ cell tumor
DOID:1319	DOID:6128	gliomatosis cerebri
DOID:1319	DOID:7231	childhood CNS embryonal cell carcinoma
DOID:1319	DOID:7430	childhood germ cell brain tumor
DOID:1319	DOID:7516	childhood central nervous system mixed germ cell tumor
DOID:13223	DOID:13222	submucous uterine fibroid
DOID:13223	DOID:13560	subserous uterine fibroid
DOID:13223	DOID:13951	uterine corpus epithelioid leiomyoma
DOID:13223	DOID:13953	uterine corpus dissecting leiomyoma
DOID:13223	DOID:13955	uterus interstitial leiomyoma
DOID:13223	DOID:13956	uterine corpus myxoid leiomyoma
DOID:13223	DOID:13957	uterine corpus lipoleiomyoma
DOID:1324	DOID:0080899	lung pleomorphic carcinoma
DOID:1324	DOID:2784	lung sarcoma
DOID:1324	DOID:3593	epithelioid trophoblastic tumor
DOID:1324	DOID:3905	lung carcinoma
DOID:1324	DOID:3924	main bronchus cancer
DOID:1324	DOID:4765	pulmonary blastoma
DOID:1324	DOID:4829	adenosquamous lung carcinoma
DOID:1324	DOID:5410	pulmonary neuroendocrine tumor
DOID:1324	DOID:5547	pulmonary artery choriocarcinoma
DOID:1324	DOID:5764	lung meningioma
DOID:1324	DOID:6760	lung lymphoma
DOID:1324	DOID:7696	lung hilum cancer
DOID:1324	DOID:8007	Pancoast tumor
DOID:13240	DOID:13239	internal pathological resorption
DOID:13240	DOID:14529	external pathological resorption
DOID:13240	DOID:14550	root resorption
DOID:1325	DOID:3904	bronchus carcinoma
DOID:13250	DOID:0050129	secretory diarrhea
DOID:13250	DOID:0050130	osmotic diarrhea
DOID:13250	DOID:0050131	motility-related diarrhea
DOID:13250	DOID:0050132	inflammatory diarrhea
DOID:13250	DOID:0050140	acute diarrhea
DOID:13250	DOID:0060774	congenital diarrhea
DOID:13268	DOID:13271	cutaneous porphyria
DOID:13268	DOID:3133	acute porphyria
DOID:13317	DOID:0070214	familial hyperinsulinemic hypoglycemia 7
DOID:13317	DOID:0070215	familial hyperinsulinemic hypoglycemia 4
DOID:13317	DOID:0070216	familial hyperinsulinemic hypoglycemia 3
DOID:13317	DOID:0070217	familial hyperinsulinemic hypoglycemia 6
DOID:13317	DOID:0070218	familial hyperinsulinemic hypoglycemia 2
DOID:13317	DOID:0070219	familial hyperinsulinemic hypoglycemia 1
DOID:13317	DOID:0070220	familial hyperinsulinemic hypoglycemia 5
DOID:13317	DOID:0081328	familial hyperinsulinemic hypoglycemia 8
DOID:13359	DOID:0050802	Ehlers-Danlos syndrome spondylodysplastic type 2
DOID:13359	DOID:0080726	Ehlers-Danlos syndrome classic type 2
DOID:13359	DOID:0080727	Ehlers-Danlos syndrome arthrochalasia type 1
DOID:13359	DOID:0080728	Ehlers-Danlos syndrome arthrochalasia type 2
DOID:13359	DOID:0080729	brittle cornea syndrome 2
DOID:13359	DOID:0080730	Ehlers-Danlos syndrome cardiac valvular type
DOID:13359	DOID:0080731	Ehlers-Danlos syndrome classic-like 1
DOID:13359	DOID:0080732	Ehlers-Danlos syndrome classic-like 2
DOID:13359	DOID:0080733	Ehlers-Danlos syndrome dermatosparaxis type
DOID:13359	DOID:0080734	Ehlers-Danlos syndrome kyphoscoliotic type 1
DOID:13359	DOID:0080735	Ehlers-Danlos syndrome kyphoscoliotic type 2
DOID:13359	DOID:0080736	Ehlers-Danlos syndrome musculocontractural type 1
DOID:13359	DOID:0080737	Ehlers-Danlos syndrome musculocontractural type 2
DOID:13359	DOID:0080738	Ehlers-Danlos syndrome spondylodysplastic type 1
DOID:13359	DOID:0080739	Ehlers-Danlos syndrome spondylodysplastic type 3
DOID:13359	DOID:0080986	Ehlers-Danlos syndrome periodontal type 1
DOID:13359	DOID:0080987	Ehlers-Danlos syndrome periodontal type 2
DOID:13359	DOID:14720	Ehlers-Danlos syndrome classic type 1
DOID:13359	DOID:14756	vascular type Ehlers-Danlos syndrome
DOID:13359	DOID:14757	Ehlers-Danlos syndrome hypermobility type
DOID:13359	DOID:14759	autosomal recessive type IV Ehlers-Danlos syndrome
DOID:13359	DOID:14775	brittle cornea syndrome 1
DOID:13365	DOID:4428	dyslexia
DOID:1338	DOID:0051001	congenital dyserythropoietic anemia type IIIb
DOID:1338	DOID:0051002	congenital dyserythropoietic anemia type IVb
DOID:1338	DOID:0111396	congenital dyserythropoietic anemia type I
DOID:1338	DOID:0111399	congenital dyserythropoietic anemia type IIIa
DOID:1338	DOID:0111400	congenital dyserythropoietic anemia type IVa
DOID:1338	DOID:0111401	congenital dyserythropoietic anemia type II
DOID:13386	DOID:0050059	oropharyngeal anthrax
DOID:1339	DOID:0111878	Diamond-Blackfan anemia 7
DOID:1339	DOID:0111879	Diamond-Blackfan anemia 6
DOID:1339	DOID:0111880	Diamond-Blackfan anemia 17
DOID:1339	DOID:0111881	Diamond-Blackfan anemia 8
DOID:1339	DOID:0111882	Diamond-Blackfan anemia 12
DOID:1339	DOID:0111883	Diamond-Blackfan anemia 5
DOID:1339	DOID:0111884	Diamond-Blackfan anemia 9
DOID:1339	DOID:0111885	Diamond-Blackfan anemia 2
DOID:1339	DOID:0111886	Diamond-Blackfan anemia 19
DOID:1339	DOID:0111887	Diamond-blackfan anemia 3
DOID:1339	DOID:0111888	Diamond-Blackfan anemia 10
DOID:1339	DOID:0111889	Diamond-Blackfan anemia 13
DOID:1339	DOID:0111890	Diamond-Blackfan anemia 4
DOID:1339	DOID:0111891	Diamond-Blackfan anemia 20
DOID:1339	DOID:0111892	Diamond-Blackfan anemia 11
DOID:1339	DOID:0111893	Diamond-Blackfan anemia 16
DOID:1339	DOID:0111894	Diamond-Blackfan anemia 15 with mandibulofacial dysostosis
DOID:1339	DOID:0111895	Diamond-Blackfan anemia 1
DOID:1339	DOID:0111896	Diamond-Blackfan anemia 18
DOID:1339	DOID:0111897	Diamond-Blackfan anemia 14 with mandibulofacial dysostosis
DOID:13399	DOID:11661	blue color blindness
DOID:13399	DOID:13909	red-green color blindness
DOID:13399	DOID:13910	red color blindness
DOID:13399	DOID:13911	achromatopsia
DOID:13399	DOID:13912	acquired color blindness
DOID:1340	DOID:1339	Diamond-Blackfan anemia
DOID:13401	DOID:979	angioid streaks of choroid
DOID:13403	DOID:12055	sarcoid meningitis
DOID:13413	DOID:12550	hepatic coma
DOID:1342	DOID:1340	pure red-cell aplasia
DOID:1342	DOID:13636	Fanconi anemia
DOID:13452	DOID:13676	posterior scleritis
DOID:13452	DOID:13794	anterior scleritis
DOID:13452	DOID:13861	scleroperikeratitis
DOID:13474	DOID:13473	central pterygium
DOID:13476	DOID:7763	carcinoma of supraglottis
DOID:13476	DOID:8133	epiglottis cancer
DOID:13499	DOID:0050926	jejunal adenocarcinoma
DOID:13499	DOID:3216	jejunal somatostatinoma
DOID:135	DOID:6505	vaginal spindle cell epithelioma
DOID:1350	DOID:1358	maxillary sinus benign neoplasm
DOID:1350	DOID:1361	frontal sinus benign neoplasm
DOID:1350	DOID:1364	ethmoidal sinus benign neoplasm
DOID:1350	DOID:6947	sphenoidal sinus benign neoplasm
DOID:13515	DOID:0080324	tuberous sclerosis 1
DOID:13515	DOID:0080325	tuberous sclerosis 2
DOID:1352	DOID:0050127	sinusitis
DOID:1352	DOID:0050619	paranasal sinus cancer
DOID:1352	DOID:1350	paranasal sinus benign neoplasm
DOID:1352	DOID:867	maxillary sinus cholesteatoma
DOID:13533	DOID:0110937	autosomal dominant osteopetrosis 1
DOID:13533	DOID:0110938	autosomal dominant osteopetrosis 2
DOID:13533	DOID:0110939	autosomal recessive osteopetrosis 5
DOID:13533	DOID:0110940	autosomal recessive osteopetrosis 8
DOID:13533	DOID:0110941	autosomal recessive osteopetrosis 3
DOID:13533	DOID:0110942	autosomal recessive osteopetrosis 1
DOID:13533	DOID:0110943	autosomal recessive osteopetrosis 2
DOID:13533	DOID:0110944	autosomal recessive osteopetrosis 4
DOID:13533	DOID:0110945	autosomal recessive osteopetrosis 6
DOID:13533	DOID:0110946	autosomal recessive osteopetrosis 7
DOID:13543	DOID:11202	primary hyperparathyroidism
DOID:13543	DOID:12466	secondary hyperparathyroidism
DOID:13543	DOID:13575	non-renal secondary hyperparathyroidism
DOID:13548	DOID:14332	postencephalitic Parkinson disease
DOID:13550	DOID:1405	primary angle-closure glaucoma
DOID:13564	DOID:0050073	invasive aspergillosis
DOID:13564	DOID:0050153	pulmonary aspergilloma
DOID:13564	DOID:13166	allergic bronchopulmonary aspergillosis
DOID:13564	DOID:13565	neuroaspergillosis
DOID:1357	DOID:4003	Schneiderian carcinoma
DOID:1357	DOID:7198	maxillary sinus adenoid cystic carcinoma
DOID:1357	DOID:7684	maxillary sinus adenocarcinoma
DOID:1357	DOID:7910	maxillary sinus squamous cell carcinoma
DOID:1358	DOID:7868	maxillary sinus inverted papilloma
DOID:1358	DOID:8093	maxillary sinus Schneiderian papilloma
DOID:13580	DOID:13603	obstructive jaundice
DOID:13580	DOID:13608	biliary atresia
DOID:13580	DOID:13619	extrahepatic cholestasis
DOID:13580	DOID:1852	intrahepatic cholestasis
DOID:136	DOID:4117	vaginal adenosarcoma
DOID:1360	DOID:2441	frontal sinus squamous cell carcinoma
DOID:1361	DOID:6054	frontal sinus Schneiderian papilloma
DOID:1361	DOID:8060	frontal sinus inverted papilloma
DOID:1363	DOID:2763	ethmoid sinus squamous cell carcinoma
DOID:1363	DOID:2764	ethmoid sinus adenoid cystic carcinoma
DOID:1363	DOID:2766	ethmoid sinus adenocarcinoma
DOID:13636	DOID:0060978	Fanconi anemia complementation group W
DOID:13636	DOID:0060979	Fanconi anemia complementation group S
DOID:13636	DOID:0111080	Fanconi anemia complementation group V
DOID:13636	DOID:0111081	Fanconi anemia complementation group T
DOID:13636	DOID:0111082	Fanconi anemia complementation group L
DOID:13636	DOID:0111083	Fanconi anemia complementation group D2
DOID:13636	DOID:0111084	Fanconi anemia complementation group E
DOID:13636	DOID:0111085	Fanconi anemia complementation group U
DOID:13636	DOID:0111086	Fanconi anemia complementation group G
DOID:13636	DOID:0111087	Fanconi anemia complementation group C
DOID:13636	DOID:0111088	Fanconi anemia complementation group F
DOID:13636	DOID:0111089	Fanconi anemia complementation group D1
DOID:13636	DOID:0111090	Fanconi anemia complementation group R
DOID:13636	DOID:0111091	Fanconi anemia complementation group I
DOID:13636	DOID:0111092	Fanconi anemia complementation group P
DOID:13636	DOID:0111093	Fanconi anemia complementation group Q
DOID:13636	DOID:0111094	Fanconi anemia complementation group N
DOID:13636	DOID:0111095	Fanconi anemia complementation group A
DOID:13636	DOID:0111096	Fanconi anemia complementation group O
DOID:13636	DOID:0111097	Fanconi anemia complementation group J
DOID:13636	DOID:0111098	Fanconi anemia complementation group B
DOID:1364	DOID:6559	ethmoid sinus Schneiderian papilloma
DOID:1364	DOID:6562	ethmoid sinus inverted papilloma
DOID:1364	DOID:6854	ethmoid sinus ectopic meningioma
DOID:13664	DOID:0070702	measles inclusion body encephalitis
DOID:13725	DOID:0070317	wet beriberi
DOID:13725	DOID:0070318	dry beriberi
DOID:13731	DOID:13730	malignant renovascular hypertension
DOID:13757	DOID:13756	epiphora due to insufficient drainage
DOID:13757	DOID:14244	epiphora due to excess lacrimation
DOID:13794	DOID:14287	brawny scleritis
DOID:1380	DOID:2871	endometrial carcinoma
DOID:1380	DOID:3590	gestational trophoblastic neoplasm
DOID:1380	DOID:5166	endometrial stromal tumor
DOID:1380	DOID:5631	endometrial adenosquamous carcinoma
DOID:1380	DOID:7139	endometrial small cell carcinoma
DOID:13810	DOID:0090105	autosomal recessive hypercholesterolemia
DOID:13814	DOID:3197	schwannoma of twelfth cranial nerve
DOID:1382	DOID:0070319	miliaria pustulosa
DOID:1382	DOID:0070320	miliaria profunda
DOID:1382	DOID:0070321	miliaria crystallina
DOID:1382	DOID:11153	miliaria rubra
DOID:1383	DOID:11155	hypohidrosis
DOID:1383	DOID:1381	Fox-Fordyce disease
DOID:1383	DOID:1382	miliaria
DOID:1383	DOID:2095	sweat gland cancer
DOID:1383	DOID:2282	hidradenitis
DOID:1383	DOID:2664	sweat gland benign neoplasm
DOID:1383	DOID:9230	pompholyx
DOID:13832	DOID:0060563	Char syndrome
DOID:1387	DOID:0080957	primary hypoalphalipoproteinemia 1
DOID:1387	DOID:0080958	primary hypoalphalipoproteinemia 2
DOID:1387	DOID:1386	abetalipoproteinemia
DOID:1387	DOID:1388	Tangier disease
DOID:1387	DOID:1390	hypobetalipoproteinemia
DOID:1387	DOID:1391	Norum disease
DOID:1389	DOID:10593	idiopathic progressive polyneuropathy
DOID:1389	DOID:13649	polyneuropathy in collagen vascular disease
DOID:1389	DOID:5214	demyelinating polyneuropathy
DOID:1389	DOID:5221	chronic polyneuropathy
DOID:1390	DOID:0111061	familial hypobetalipoproteinemia 2
DOID:1390	DOID:0111062	familial hypobetalipoproteinemia 1
DOID:13911	DOID:0050679	blue cone monochromacy
DOID:13911	DOID:0110007	achromatopsia 2
DOID:13911	DOID:0110008	achromatopsia 3
DOID:13911	DOID:0110009	achromatopsia 7
DOID:13911	DOID:0110010	achromatopsia 4
DOID:1393	DOID:11975	coloboma of optic nerve
DOID:1393	DOID:13295	crater-like holes of optic disc
DOID:1393	DOID:1392	pseudopapilledema
DOID:1393	DOID:5678	nerve fibre bundle defect
DOID:1393	DOID:5691	visual cortex disease
DOID:13934	DOID:12506	Bell's palsy
DOID:13945	DOID:0061227	autosomal recessive cerebral arteriopathy with subcortical infarcts and leukoencephalopathy 1
DOID:13945	DOID:0061228	autosomal recessive cerebral arteriopathy with subcortical infarcts and leukoencephalopathy 2
DOID:13945	DOID:0111035	autosomal dominant cerebral arteriopathy with subcortical infarcts and leukoencephalopathy 1
DOID:13945	DOID:0111036	autosomal dominant cerebral arteriopathy with subcortical infarcts and leukoencephalopathy 2
DOID:1395	DOID:0050597	intestinal schistosomiasis
DOID:1395	DOID:11302	cercarial dermatitis
DOID:1395	DOID:13722	neuroschistosomiasis
DOID:1395	DOID:1394	urinary schistosomiasis
DOID:1397	DOID:10499	orbital granuloma
DOID:1397	DOID:9369	orbital plasma cell granuloma
DOID:1398	DOID:0050291	parasitic Ichthyosporea infectious disease
DOID:1398	DOID:2789	parasitic protozoa infectious disease
DOID:1398	DOID:4110	parasitic ectoparasitic infectious disease
DOID:1398	DOID:883	parasitic helminthiasis infectious disease
DOID:1400	DOID:10140	dry eye syndrome
DOID:1400	DOID:10174	lacrimal passage granuloma
DOID:1400	DOID:11134	prolapse of lacrimal gland
DOID:1400	DOID:13651	eversion of lacrimal punctum
DOID:1400	DOID:13653	stenosis of lacrimal punctum
DOID:1400	DOID:13654	stenosis of lacrimal passage
DOID:1400	DOID:13655	acquired tear duct stenosis
DOID:1400	DOID:13757	excessive tearing
DOID:1400	DOID:13929	lacrimal duct obstruction
DOID:1400	DOID:1399	primary lacrimal atrophy
DOID:1400	DOID:1822	secondary lacrimal atrophy
DOID:1400	DOID:292	lacrimal system cancer
DOID:1400	DOID:3096	stenosis of lacrimal sac
DOID:1400	DOID:6970	acute inflammation of lacrimal passage
DOID:1400	DOID:950	dacryoadenitis
DOID:1400	DOID:9935	chronic inflammation of lacrimal passage
DOID:14040	DOID:0050167	autoimmune polyendocrine syndrome type 1
DOID:14040	DOID:0050168	autoimmune polyendocrine syndrome type 2
DOID:1405	DOID:13549	interval angle-closure glaucoma
DOID:1405	DOID:13862	acute closed-angle glaucoma
DOID:1405	DOID:1404	residual stage angle-closure glaucoma
DOID:1405	DOID:14445	chronic closed-angle glaucoma
DOID:14059	DOID:7284	Skene gland carcinoma
DOID:1407	DOID:9383	iridocyclitis
DOID:14110	DOID:14139	anus lymphoma
DOID:14110	DOID:14145	malignant anus melanoma
DOID:14110	DOID:4066	anus rhabdomyosarcoma
DOID:14110	DOID:4067	anus sarcoma
DOID:14110	DOID:4908	anal carcinoma
DOID:1414	DOID:10787	premature menopause
DOID:1414	DOID:11612	polycystic ovary syndrome
DOID:1414	DOID:14336	estrogen excess
DOID:1417	DOID:11406	choroiditis
DOID:1417	DOID:12759	choroid cancer
DOID:1417	DOID:1415	gyrate atrophy
DOID:1417	DOID:980	choroidal sclerosis
DOID:1417	DOID:9821	choroideremia
DOID:14213	DOID:0110913	adult hypophosphatasia
DOID:14213	DOID:0110914	infantile hypophosphatasia
DOID:14213	DOID:0110915	childhood hypophosphatasia
DOID:14219	DOID:0061165	proximal renal tubular acidosis
DOID:14219	DOID:0061166	autosomal recessive distal renal tubular acidosis 3 with or without sensorineural hearing loss
DOID:14219	DOID:0061167	autosomal recessive proximal renal tubular acidosis
DOID:14219	DOID:0061195	proximal renal tubular acidosis-ocular anomaly syndrome
DOID:14247	DOID:14248	chronic atticoantral disease
DOID:1426	DOID:11819	ureter cancer
DOID:1426	DOID:11885	ureteral benign neoplasm
DOID:1426	DOID:14146	ureterolithiasis
DOID:1426	DOID:1425	pyoureter
DOID:1426	DOID:4022	ureterocele
DOID:1426	DOID:5199	ureteral obstruction
DOID:1426	DOID:827	ureter tuberculosis
DOID:1426	DOID:9266	cystinuria
DOID:1426	DOID:9620	vesicoureteral reflux
DOID:14268	DOID:0060643	primary sclerosing cholangitis
DOID:1428	DOID:0112306	Mahvash Disease
DOID:1428	DOID:13656	gastrin secretion abnormality
DOID:1428	DOID:14427	abnormality of glucagon secretion
DOID:1428	DOID:2181	post-surgical hypoinsulinemia
DOID:1428	DOID:6977	pancreatic cholera
DOID:14291	DOID:0080548	Noonan syndrome with multiple lentigines 1
DOID:14291	DOID:0080549	Noonan syndrome with multiple lentigines 2
DOID:14291	DOID:0080550	Noonan syndrome with multiple lentigines 3
DOID:1432	DOID:13399	color blindness
DOID:14330	DOID:0051082	Parkinson's disease 27
DOID:14330	DOID:0060892	late onset Parkinson's disease
DOID:14330	DOID:0060894	early-onset Parkinson's disease
DOID:14384	DOID:0050903	parietal lobe ependymoma
DOID:1441	DOID:0050882	spinocerebellar ataxia 5
DOID:1441	DOID:0050954	spinocerebellar ataxia 1
DOID:1441	DOID:0050955	spinocerebellar ataxia 2
DOID:1441	DOID:0050956	spinocerebellar ataxia 6
DOID:1441	DOID:0050957	spinocerebellar ataxia 4
DOID:1441	DOID:0050958	spinocerebellar ataxia 7
DOID:1441	DOID:0050959	spinocerebellar ataxia 8
DOID:1441	DOID:0050960	spinocerebellar ataxia 10
DOID:1441	DOID:0050961	spinocerebellar ataxia 11
DOID:1441	DOID:0050962	spinocerebellar ataxia 12
DOID:1441	DOID:0050963	spinocerebellar ataxia 13
DOID:1441	DOID:0050964	spinocerebellar ataxia 14
DOID:1441	DOID:0050965	spinocerebellar ataxia 15
DOID:1441	DOID:0050967	spinocerebellar ataxia 17
DOID:1441	DOID:0050968	autosomal dominant cerebellar ataxia, deafness and narcolepsy
DOID:1441	DOID:0050969	spinocerebellar ataxia 18
DOID:1441	DOID:0050970	spinocerebellar ataxia 19/22
DOID:1441	DOID:0050971	spinocerebellar ataxia 20
DOID:1441	DOID:0050972	spinocerebellar ataxia 21
DOID:1441	DOID:0050973	spinocerebellar ataxia 23
DOID:1441	DOID:0050974	spinocerebellar ataxia 25
DOID:1441	DOID:0050975	spinocerebellar ataxia 26
DOID:1441	DOID:0050976	spinocerebellar ataxia 27A
DOID:1441	DOID:0050977	spinocerebellar ataxia 28
DOID:1441	DOID:0050978	spinocerebellar ataxia 29
DOID:1441	DOID:0050979	spinocerebellar ataxia 30
DOID:1441	DOID:0050980	spinocerebellar ataxia 31
DOID:1441	DOID:0050981	spinocerebellar ataxia 34
DOID:1441	DOID:0050982	spinocerebellar ataxia 35
DOID:1441	DOID:0050983	spinocerebellar ataxia 36
DOID:1441	DOID:0050984	spinocerebellar ataxia 37
DOID:1441	DOID:0050985	spinocerebellar ataxia 38
DOID:1441	DOID:0050986	spinocerebellar ataxia 40
DOID:1441	DOID:0050987	hypomyelinating leukoencephalopathy
DOID:1441	DOID:0050988	GRID2-related spinocerebellar ataxia
DOID:1441	DOID:0050998	nonprogressive cerebellar ataxia with mental retardation
DOID:1441	DOID:0060162	dentatorubral-pallidoluysian atrophy
DOID:1441	DOID:0061137	spinocerebellar ataxia 27B
DOID:1441	DOID:0080286	spinocerebellar ataxia 44
DOID:1441	DOID:0080287	spinocerebellar ataxia 45
DOID:1441	DOID:0080288	spinocerebellar ataxia 46
DOID:1441	DOID:0111742	cerebellar ataxia type 42
DOID:1441	DOID:0111743	cerebellar ataxia type 47
DOID:1441	DOID:0111744	cerebellar ataxia type 41
DOID:1441	DOID:0111745	cerebellar ataxia type 43
DOID:1441	DOID:0111746	cerebellar ataxia type 48
DOID:1441	DOID:0111747	cerebellar ataxia type 9
DOID:1441	DOID:1440	Machado-Joseph disease
DOID:1443	DOID:10579	leukodystrophy
DOID:1443	DOID:10742	cerebral lipidosis
DOID:1443	DOID:10908	hydrocephalus
DOID:1443	DOID:14524	senile degeneration of brain
DOID:1443	DOID:2367	neuroaxonal dystrophy
DOID:14447	DOID:0051055	46,XY gonadal dysgenesis with minifascicular neuropathy
DOID:14447	DOID:0111760	46,XX sex reversal
DOID:14447	DOID:14448	46,XY complete gonadal dysgenesis
DOID:14447	DOID:14449	mixed gonadal dysgenesis
DOID:14447	DOID:14450	46 XX gonadal dysgenesis
DOID:14447	DOID:3491	Turner syndrome
DOID:14448	DOID:0111769	46,XY sex reversal 6
DOID:14448	DOID:0111770	46,XY sex reversal 9
DOID:14448	DOID:0111771	46,XY sex reversal 4
DOID:14448	DOID:0111772	46,XY sex reversal 3
DOID:14448	DOID:0111773	46,XY sex reversal 8
DOID:14448	DOID:0111774	46,XY sex reversal 7
DOID:14448	DOID:0111775	46,XY sex reversal 10
DOID:14448	DOID:0111776	46,XY sex reversal 5
DOID:14448	DOID:0111777	46,XY sex reversal 2
DOID:14448	DOID:0111778	46,XY sex reversal 1
DOID:14449	DOID:0080656	45,X/46,XY mixed gonadal dysgenesis
DOID:14450	DOID:0061013	ovarian dysgenesis 9
DOID:14450	DOID:0061014	ovarian dysgenesis 10
DOID:14450	DOID:0080493	ovarian dysgenesis 1
DOID:14450	DOID:0080494	ovarian dysgenesis 2
DOID:14450	DOID:0080495	ovarian dysgenesis 3
DOID:14450	DOID:0080496	ovarian dysgenesis 4
DOID:14450	DOID:0080497	ovarian dysgenesis 5
DOID:14450	DOID:0080498	ovarian dysgenesis 6
DOID:14450	DOID:0080499	ovarian dysgenesis 7
DOID:14450	DOID:0080500	ovarian dysgenesis 8
DOID:14503	DOID:0061189	neuronal ceroid lipofuscinosis 15
DOID:14503	DOID:0110720	neuronal ceroid lipofuscinosis 4
DOID:14503	DOID:0110721	neuronal ceroid lipofuscinosis 1
DOID:14503	DOID:0110722	neuronal ceroid lipofuscinosis 7
DOID:14503	DOID:0110723	neuronal ceroid lipofuscinosis 8
DOID:14503	DOID:0110724	neuronal ceroid lipofuscinosis 8 northern epilepsy variant
DOID:14503	DOID:0110725	neuronal ceroid lipofuscinosis 10
DOID:14503	DOID:0110726	neuronal ceroid lipofuscinosis 2
DOID:14503	DOID:0110727	neuronal ceroid lipofuscinosis 13
DOID:14503	DOID:0110728	neuronal ceroid lipofuscinosis 5
DOID:14503	DOID:0110729	neuronal ceroid lipofuscinosis 6A
DOID:14503	DOID:0110730	neuronal ceroid lipofuscinosis 6B
DOID:14503	DOID:0110731	neuronal ceroid lipofuscinosis 3
DOID:14503	DOID:0110732	neuronal ceroid lipofuscinosis 11
DOID:14503	DOID:0110733	neuronal ceroid lipofuscinosis 9
DOID:14504	DOID:0070111	Niemann-Pick disease type A
DOID:14504	DOID:0070112	Niemann-Pick disease type B
DOID:14504	DOID:0070113	Niemann-Pick disease type C1
DOID:14504	DOID:0070114	Niemann-Pick disease type C2
DOID:1453	DOID:1455	geographic tongue
DOID:14546	DOID:14547	sphenoid sinus squamous cell carcinoma
DOID:1456	DOID:14111	median rhomboid glossitis
DOID:1456	DOID:1453	atrophic glossitis
DOID:14566	DOID:0060071	pre-malignant neoplasm
DOID:14566	DOID:0060072	benign neoplasm
DOID:14566	DOID:162	cancer
DOID:1459	DOID:0050328	congenital hypothyroidism
DOID:1459	DOID:0050655	Bamforth-Lazarus syndrome
DOID:1459	DOID:11633	thyroid hormone resistance syndrome
DOID:1459	DOID:11634	myxedema
DOID:1459	DOID:1458	postsurgical hypothyroidism
DOID:1459	DOID:5083	iodine hypothyroidism
DOID:146	DOID:14555	Foster-Kennedy syndrome
DOID:1461	DOID:14121	blue toe syndrome
DOID:1461	DOID:1460	atheroembolism of kidney
DOID:14654	DOID:13943	acute gonococcal prostatitis
DOID:14679	DOID:0111766	X-linked VACTERL association
DOID:1468	DOID:12357	viral labyrinthitis
DOID:1468	DOID:13534	purulent labyrinthitis
DOID:1468	DOID:13867	focal labyrinthitis
DOID:1468	DOID:14081	toxic labyrinthitis
DOID:1468	DOID:1467	serous labyrinthitis
DOID:14686	DOID:0110120	Axenfeld-Rieger syndrome type 1
DOID:14686	DOID:0110121	Axenfeld-Rieger syndrome type 2
DOID:14686	DOID:0110122	Axenfeld-Rieger syndrome type 3
DOID:1470	DOID:1595	melancholic depression
DOID:14702	DOID:0111423	branchiootorenal syndrome 1
DOID:14702	DOID:0111424	branchiootorenal syndrome 2
DOID:14717	DOID:0111216	autosomal recessive centronuclear myopathy
DOID:14717	DOID:0111217	autosomal dominant centronuclear myopathy
DOID:14717	DOID:0111225	centronuclear myopathy X-linked
DOID:14735	DOID:0080939	hereditary angioedema type I
DOID:14735	DOID:0080940	hereditary angioedema type III
DOID:1474	DOID:0051075	aggressive periodontitis 2
DOID:1474	DOID:0061237	aggressive periodontitis 1
DOID:14748	DOID:0112102	Sotos syndrome 2
DOID:14748	DOID:0112103	Sotos syndrome 1
DOID:14748	DOID:0112104	Sotos syndrome 3
DOID:14749	DOID:0050715	methylmalonic aciduria and homocystinuria type cblC
DOID:14749	DOID:0050716	methylmalonic aciduria and homocystinuria type cblD
DOID:14749	DOID:0050717	methylmalonic aciduria and homocystinuria type cblF
DOID:14749	DOID:0050732	methylmalonic aciduria and homocystinuria type cblE
DOID:14749	DOID:0050733	methylmalonic aciduria and homocystinuria type cblG
DOID:14749	DOID:0060740	methylmalonic aciduria due to methylmalonyl-CoA mutase deficiency
DOID:14749	DOID:0060741	methylmalonic acidemia due to transcobalamin receptor defect
DOID:14749	DOID:0060742	methylmalonic acidemia cblA type
DOID:14749	DOID:0060743	methylmalonic acidemia cblB type
DOID:14749	DOID:0111814	methylmalonic acidemia and homocysteinemia cblX type
DOID:1475	DOID:2286	capillary lymphangioma
DOID:1475	DOID:235	colonic benign neoplasm
DOID:1475	DOID:3081	cystic lymphangioma
DOID:14766	DOID:0080200	bilateral renal aplasia
DOID:14766	DOID:12594	Potter's syndrome
DOID:14791	DOID:0081169	Leber congenital amaurosis 19
DOID:14791	DOID:0110005	Leber congenital amaurosis 9
DOID:14791	DOID:0110016	Leber congenital amaurosis 2
DOID:14791	DOID:0110078	Leber congenital amaurosis 1
DOID:14791	DOID:0110079	Leber congenital amaurosis 8
DOID:14791	DOID:0110080	Leber congenital amaurosis 12
DOID:14791	DOID:0110118	Leber congenital amaurosis 16
DOID:14791	DOID:0110188	Leber congenital amaurosis 14
DOID:14791	DOID:0110189	Leber congenital amaurosis 15
DOID:14791	DOID:0110215	Leber congenital amaurosis 5
DOID:14791	DOID:0110216	Leber congenital amaurosis 11
DOID:14791	DOID:0110217	Leber congenital amaurosis 17
DOID:14791	DOID:0110291	Leber congenital amaurosis 10
DOID:14791	DOID:0110329	Leber congenital amaurosis 6
DOID:14791	DOID:0110330	Leber congenital amaurosis 13
DOID:14791	DOID:0110331	Leber congenital amaurosis 3
DOID:14791	DOID:0110332	Leber congenital amaurosis 4
DOID:14791	DOID:0110333	Leber congenital amaurosis 7
DOID:14793	DOID:0111652	ectodermal dysplasia 12
DOID:14793	DOID:0111653	ectodermal dysplasia 11A
DOID:14793	DOID:0111654	ectodermal dysplasia 11B
DOID:14793	DOID:0111663	ectodermal dysplasia 10A
DOID:14793	DOID:0111664	ectodermal dysplasia 1
DOID:14793	DOID:0111665	ectodermal dysplasia 10B
DOID:1483	DOID:1134	gingival recession
DOID:1483	DOID:3086	gingival overgrowth
DOID:1483	DOID:3087	gingivitis
DOID:1483	DOID:3671	pericoronitis
DOID:1483	DOID:8602	gum cancer
DOID:1496	DOID:0050218	polycystic echinococcosis
DOID:1496	DOID:12148	alveolar echinococcosis
DOID:1496	DOID:1495	cystic echinococcosis
DOID:15	DOID:0050622	reproductive organ benign neoplasm
DOID:15	DOID:0050791	persistent Mullerian duct syndrome
DOID:15	DOID:0051077	diethylstilbestrol syndrome
DOID:15	DOID:0090122	aromatase excess syndrome
DOID:15	DOID:193	reproductive organ cancer
DOID:15	DOID:229	female reproductive system disease
DOID:15	DOID:48	male reproductive system disease
DOID:15	DOID:5223	infertility
DOID:150	DOID:0060037	developmental disorder of mental health
DOID:150	DOID:0060043	sexual health disorder
DOID:150	DOID:10935	dissociative disorder
DOID:150	DOID:10937	impulse control disorder
DOID:150	DOID:1510	personality disorder
DOID:150	DOID:1561	cognitive disorder
DOID:150	DOID:1766	factitious disorder
DOID:150	DOID:303	substance-related disorder
DOID:150	DOID:4737	somatoform disorder
DOID:150	DOID:507	adjustment disorder
DOID:150	DOID:535	sleep disorder
DOID:150	DOID:8670	eating disorder
DOID:1508	DOID:0080161	cutaneous candidiasis
DOID:1508	DOID:13146	esophageal candidiasis
DOID:1508	DOID:14262	oral candidiasis
DOID:1508	DOID:14512	candidal paronychia
DOID:1508	DOID:2058	chronic mucocutaneous candidiasis
DOID:1508	DOID:2272	vulvovaginal candidiasis
DOID:1508	DOID:9577	neonatal candidiasis
DOID:1510	DOID:10646	schizotypal personality disorder
DOID:1510	DOID:10930	borderline personality disorder
DOID:1510	DOID:10931	dependent personality disorder
DOID:1510	DOID:10932	obsessive-compulsive personality disorder
DOID:1510	DOID:10936	schizoid personality disorder
DOID:1510	DOID:10938	paranoid personality disorder
DOID:1510	DOID:10939	antisocial personality disorder
DOID:1510	DOID:1509	avoidant personality disorder
DOID:1510	DOID:2745	narcissistic personality disorder
DOID:1510	DOID:334	histrionic personality disorder
DOID:1513	DOID:1512	chronic gonorrhea of cervix
DOID:1517	DOID:0050910	cecum adenoma
DOID:1518	DOID:1517	cecal benign neoplasm
DOID:1518	DOID:1521	cecum cancer
DOID:1519	DOID:3039	cecum adenocarcinoma
DOID:1520	DOID:0080183	medullary colon carcinoma
DOID:1520	DOID:234	colon adenocarcinoma
DOID:1520	DOID:5519	colon squamous cell carcinoma
DOID:1521	DOID:1519	cecum carcinoma
DOID:1521	DOID:1522	cecum lymphoma
DOID:1526	DOID:0080750	erythema nodosum
DOID:1526	DOID:1525	nodular nonsuppurative panniculitis
DOID:1529	DOID:11615	penile cancer
DOID:1529	DOID:11624	penile benign neoplasm
DOID:1529	DOID:13031	balanoposthitis
DOID:1529	DOID:13033	balanitis
DOID:1529	DOID:2712	phimosis
DOID:1529	DOID:8616	Peyronie's disease
DOID:1529	DOID:8738	leukoplakia of penis
DOID:1529	DOID:8872	penis carcinoma in situ
DOID:1529	DOID:9286	priapism
DOID:1532	DOID:0060646	congenital chylothorax
DOID:1532	DOID:10195	pleural lipoma
DOID:1532	DOID:10247	pleurisy
DOID:1532	DOID:106	pleural tuberculosis
DOID:1532	DOID:1673	pneumothorax
DOID:1532	DOID:3798	pleural empyema
DOID:1532	DOID:4765	pulmonary blastoma
DOID:1532	DOID:5157	benign pleural mesothelioma
DOID:1532	DOID:6564	neurilemmoma of the pleura
DOID:1532	DOID:7474	malignant pleural mesothelioma
DOID:154	DOID:2996	mixed germ cell-sex cord neoplasm
DOID:154	DOID:4236	carcinosarcoma
DOID:154	DOID:5088	mixed epithelial stromal tumour
DOID:1542	DOID:5520	head and neck squamous cell carcinoma
DOID:1555	DOID:0060220	physical urticaria
DOID:1555	DOID:0080747	chronic urticaria
DOID:1555	DOID:10612	allergic urticaria
DOID:1557	DOID:1556	arthus reaction
DOID:1557	DOID:9809	hypersensitivity vasculitis
DOID:1558	DOID:0080941	acquired angioedema
DOID:1558	DOID:14735	hereditary angioedema
DOID:1561	DOID:0080831	subjective cognitive decline
DOID:1561	DOID:0080832	mild cognitive impairment
DOID:1561	DOID:10914	amnestic disorder
DOID:1561	DOID:1307	dementia
DOID:1561	DOID:2030	anxiety disorder
DOID:1561	DOID:2468	psychotic disorder
DOID:1561	DOID:3324	mood disorder
DOID:1563	DOID:13026	lobomycosis
DOID:1563	DOID:13078	eumycotic mycetoma
DOID:1564	DOID:0050133	superficial mycosis
DOID:1564	DOID:0050134	cutaneous mycosis
DOID:1564	DOID:0050135	subcutaneous mycosis
DOID:1564	DOID:0050136	systemic mycosis
DOID:1564	DOID:0060000	infective endocarditis
DOID:1564	DOID:1019	osteomyelitis
DOID:1564	DOID:10519	chronic fungal otitis externa
DOID:1564	DOID:11608	fungal meningitis
DOID:1564	DOID:13147	fungal esophagitis
DOID:1564	DOID:4034	fungal gastritis
DOID:1570	DOID:12782	cicatricial ectropion
DOID:1570	DOID:13356	senile ectropion
DOID:1570	DOID:1569	mechanical ectropion
DOID:1570	DOID:1571	spastic ectropion
DOID:1572	DOID:0070687	normal pressure hydrocephalus 1
DOID:1573	DOID:1572	normal pressure hydrocephalus
DOID:1575	DOID:419	scleroderma
DOID:1579	DOID:0050161	lower respiratory tract disease
DOID:1579	DOID:0050615	respiratory system cancer
DOID:1579	DOID:0050621	respiratory system benign neoplasm
DOID:1579	DOID:0111579	asthma, nasal polyps, and aspirin intolerance
DOID:1579	DOID:11088	asphyxia neonatorum
DOID:1579	DOID:4974	actinobacillosis
DOID:1579	DOID:8469	influenza
DOID:1579	DOID:8478	actinomycosis
DOID:1579	DOID:9395	croup
DOID:1579	DOID:974	upper respiratory tract disease
DOID:1588	DOID:0060995	autosomal dominant isolated macrothrombocytopenia 2
DOID:1588	DOID:0090102	autosomal dominant isolated macrothrombocytopenia 1
DOID:1588	DOID:0090118	congenital amegakaryocytic thrombocytopenia
DOID:1588	DOID:11126	acquired thrombocytopenia
DOID:1588	DOID:1587	thrombocytopenia due to platelet alloimmunization
DOID:1595	DOID:9478	postpartum depression
DOID:1596	DOID:0060167	seasonal affective disorder
DOID:1596	DOID:1470	major depressive disorder
DOID:16	DOID:0060121	integumentary system benign neoplasm
DOID:16	DOID:0060122	integumentary system cancer
DOID:16	DOID:0060831	Griscelli syndrome
DOID:16	DOID:3263	piebaldism
DOID:16	DOID:37	skin disease
DOID:16	DOID:4123	nail disease
DOID:16	DOID:421	hair disease
DOID:1602	DOID:10782	mesenteric lymphadenitis
DOID:1602	DOID:13378	Kawasaki disease
DOID:1602	DOID:4637	cervical adenitis
DOID:1602	DOID:4638	postauricular lymphadenitis
DOID:1602	DOID:4639	suppurative lymphadenitis
DOID:1602	DOID:4640	axillary adenitis
DOID:161	DOID:0050606	acrokeratosis verruciformis
DOID:161	DOID:0112011	mutilating palmoplantar keratoderma with periorificial keratotic plaques
DOID:161	DOID:13072	acquired hyperkeratosis
DOID:161	DOID:2734	keratosis follicularis
DOID:161	DOID:3390	palmoplantar keratosis
DOID:161	DOID:3805	porokeratosis
DOID:161	DOID:6498	seborrheic keratosis
DOID:161	DOID:869	cholesteatoma
DOID:1612	DOID:0050671	female breast cancer
DOID:1612	DOID:0060079	HER2 positive breast cancer
DOID:1612	DOID:0060080	HER2 negative breast cancer
DOID:1612	DOID:0070781	HER2-low breast cancer
DOID:1612	DOID:0070782	HER2-ultralow breast cancer
DOID:1612	DOID:0070784	hormone receptor-positive breast cancer
DOID:1612	DOID:0070785	hormone receptor-negative breast cancer
DOID:1612	DOID:1614	male breast cancer
DOID:1612	DOID:3004	breast myoepithelial neoplasm
DOID:1612	DOID:3011	breast granular cell tumor
DOID:1612	DOID:3016	breast malignant phyllodes tumor
DOID:1612	DOID:3017	breast sarcoma
DOID:1612	DOID:3459	breast carcinoma
DOID:1612	DOID:4364	malignant breast melanoma
DOID:1612	DOID:5623	adenosquamous breast carcinoma
DOID:1612	DOID:5826	breast lymphoma
DOID:1612	DOID:7983	breast malignant eccrine spiradenoma
DOID:1618	DOID:2639	breast pericanalicular fibroadenoma
DOID:1618	DOID:2656	breast intracanalicular fibroadenoma
DOID:1618	DOID:7223	breast giant fibroadenoma
DOID:162	DOID:0050686	organ system cancer
DOID:162	DOID:0050687	cell type cancer
DOID:1625	DOID:7538	breast ductal adenoma
DOID:1625	DOID:7539	pregnancy adenoma
DOID:1625	DOID:7540	breast apocrine adenoma
DOID:1626	DOID:7984	sclerosing breast papilloma
DOID:1626	DOID:8224	central breast papilloma
DOID:1626	DOID:8225	microscopic breast papilloma
DOID:1626	DOID:8227	atypical breast papilloma
DOID:1628	DOID:1626	breast duct papilloma
DOID:1657	DOID:6406	double outlet right ventricle
DOID:1659	DOID:3644	hypothalamic neoplasm
DOID:1659	DOID:368	cerebrum cancer
DOID:1659	DOID:3843	diencephalic neoplasm
DOID:1659	DOID:4791	supratentorial primitive neuroectodermal tumor
DOID:1659	DOID:7502	childhood supratentorial ependymoma
DOID:1660	DOID:5341	pineal region yolk sac tumor
DOID:1660	DOID:5510	pineal dysgerminoma
DOID:1660	DOID:5553	pineal region choriocarcinoma
DOID:1660	DOID:6856	pineal region teratoma
DOID:1660	DOID:7428	pineal region germinoma
DOID:1664	DOID:5030	pineal parenchymal tumor of intermediate differentiation
DOID:1673	DOID:0080218	primary spontaneous pneumothorax
DOID:1673	DOID:1672	spontaneous tension pneumothorax
DOID:1673	DOID:2718	hemopneumothorax
DOID:1673	DOID:9534	tuberculous pneumothorax
DOID:1679	DOID:0050859	hemorrhagic cystitis
DOID:1679	DOID:12355	prostatocystitis
DOID:1679	DOID:13148	acute cystitis
DOID:1679	DOID:13306	diphtheritic cystitis
DOID:1679	DOID:13507	trigonitis
DOID:1679	DOID:13949	interstitial cystitis
DOID:1679	DOID:1680	chronic cystitis
DOID:1679	DOID:7127	radiation cystitis
DOID:1679	DOID:7138	cystitis cystica
DOID:1680	DOID:1678	chronic interstitial cystitis
DOID:1680	DOID:2392	glandular cystitis
DOID:1681	DOID:0050651	atrioventricular septal defect
DOID:1681	DOID:1657	ventricular septal defect
DOID:1681	DOID:1882	atrial heart septal defect
DOID:1682	DOID:0051054	coarctation of the aorta
DOID:1682	DOID:0060770	dextro-looped transposition of the great arteries
DOID:1682	DOID:0060772	multiple types of congenital heart defects 6
DOID:1682	DOID:0070315	hypoplastic right heart syndrome
DOID:1682	DOID:13832	patent ductus arteriosus
DOID:1682	DOID:1681	heart septal defect
DOID:1682	DOID:4297	scimitar syndrome
DOID:1682	DOID:6419	tetralogy of Fallot
DOID:1682	DOID:9565	dextrocardia
DOID:1682	DOID:9955	hypoplastic left heart syndrome
DOID:1686	DOID:0050593	primary congenital glaucoma
DOID:1686	DOID:1067	open-angle glaucoma
DOID:1686	DOID:11148	hypersecretion glaucoma
DOID:1686	DOID:11149	aqueous misdirection
DOID:1686	DOID:11776	absolute glaucoma
DOID:1686	DOID:12571	phacogenic glaucoma
DOID:1686	DOID:13060	traumatic glaucoma
DOID:1686	DOID:13550	angle-closure glaucoma
DOID:1686	DOID:1687	neovascular glaucoma
DOID:1686	DOID:9283	borderline glaucoma
DOID:1686	DOID:9946	steroid-induced glaucoma
DOID:169	DOID:0050925	small intestine carcinoid neuroendocrine tumor
DOID:169	DOID:2992	prostate neuroendocrine neoplasm
DOID:169	DOID:3002	ovary neuroendocrine neoplasm
DOID:169	DOID:4430	somatostatinoma
DOID:169	DOID:5574	VIPoma
DOID:169	DOID:5577	gastrinoma
DOID:169	DOID:5777	rectum neuroendocrine neoplasm
DOID:1697	DOID:0060655	autosomal recessive congenital ichthyosis
DOID:1697	DOID:0060877	bullous congenital ichthyosiform erythroderma
DOID:1697	DOID:0080751	keratosis pilaris atrophicans
DOID:1697	DOID:1700	X-linked ichthyosis
DOID:1697	DOID:1702	ichthyosis vulgaris
DOID:1697	DOID:4603	epidermolytic hyperkeratosis
DOID:17	DOID:0060032	autoimmune disease of musculoskeletal system
DOID:17	DOID:0060099	musculoskeletal system benign neoplasm
DOID:17	DOID:0060100	musculoskeletal system cancer
DOID:17	DOID:0080000	muscular disease
DOID:17	DOID:440	neuromuscular disease
DOID:17	DOID:65	connective tissue disease
DOID:170	DOID:1540	parathyroid carcinoma
DOID:170	DOID:169	neuroendocrine tumor
DOID:170	DOID:1781	thyroid cancer
DOID:170	DOID:1785	pituitary cancer
DOID:170	DOID:1793	pancreatic cancer
DOID:170	DOID:3277	thymus cancer
DOID:170	DOID:3571	liver cancer
DOID:170	DOID:3953	adrenal gland cancer
DOID:170	DOID:5032	pineal gland cancer
DOID:1701	DOID:0050674	congenital bile acid synthesis defect
DOID:1701	DOID:0050811	congenital adrenal hyperplasia
DOID:1701	DOID:0061180	familial hypercholanemia 3
DOID:1701	DOID:0061181	familial hypercholanemia 1
DOID:1701	DOID:0061182	familial hypercholanemia 2
DOID:1701	DOID:0080925	cytochrome P450 oxidoreductase deficiency
DOID:1701	DOID:4367	apparent mineralocorticoid excess syndrome
DOID:171	DOID:6872	spinal cord primitive neuroectodermal neoplasm
DOID:1712	DOID:1929	supravalvular aortic stenosis
DOID:1712	DOID:5805	subvalvular aortic stenosis
DOID:1725	DOID:1788	peritoneal mesothelioma
DOID:1725	DOID:1791	peritoneal carcinoma
DOID:1725	DOID:4490	malignant peritoneal solitary fibrous tumor
DOID:1727	DOID:1726	partial of retinal vein occlusion
DOID:1727	DOID:2450	central retinal vein occlusion
DOID:1729	DOID:13514	venous tributary occlusion of retina
DOID:1729	DOID:1727	retinal vein occlusion
DOID:1729	DOID:8483	retinal artery occlusion
DOID:173	DOID:2079	eccrine mixed tumor of skin
DOID:173	DOID:5442	eccrine acrospiroma
DOID:173	DOID:5446	eccrine papillary adenoma
DOID:1731	DOID:11315	African histoplasmosis
DOID:1731	DOID:1759	American histoplasmosis
DOID:1737	DOID:0050927	duodenum adenoma
DOID:1737	DOID:10022	ampulla of Vater benign neoplasm
DOID:174	DOID:4321	large cell acanthoma
DOID:174	DOID:4322	pilar sheath acanthoma
DOID:174	DOID:4323	epidermolytic acanthoma
DOID:174	DOID:4324	acantholytic acanthoma
DOID:174	DOID:6498	seborrheic keratosis
DOID:1749	DOID:0050866	oral squamous cell carcinoma
DOID:1749	DOID:0050896	bone squamous cell carcinoma
DOID:1749	DOID:0050920	tonsil squamous cell carcinoma
DOID:1749	DOID:0050921	pharynx squamous cell carcinoma
DOID:1749	DOID:0070664	oropharyngeal squamous cell carcinoma
DOID:1749	DOID:0080323	pancreatic squamous cell carcinoma
DOID:1749	DOID:10287	prostate squamous cell carcinoma
DOID:1749	DOID:12003	trachea squamous cell carcinoma
DOID:1749	DOID:12239	anal margin squamous cell carcinoma
DOID:1749	DOID:13159	scrotum squamous cell carcinoma
DOID:1749	DOID:13538	cornea squamous cell carcinoma
DOID:1749	DOID:14547	sphenoid sinus squamous cell carcinoma
DOID:1749	DOID:1748	conjunctival squamous cell carcinoma
DOID:1749	DOID:2101	vulva squamous cell carcinoma
DOID:1749	DOID:2441	frontal sinus squamous cell carcinoma
DOID:1749	DOID:2442	paranasal sinus squamous cell carcinoma
DOID:1749	DOID:2763	ethmoid sinus squamous cell carcinoma
DOID:1749	DOID:2876	laryngeal squamous cell carcinoma
DOID:1749	DOID:3151	skin squamous cell carcinoma
DOID:1749	DOID:3737	verrucous carcinoma
DOID:1749	DOID:3742	bladder squamous cell carcinoma
DOID:1749	DOID:3744	cervical squamous cell carcinoma
DOID:1749	DOID:3748	esophagus squamous cell carcinoma
DOID:1749	DOID:3750	urethra squamous cell carcinoma
DOID:1749	DOID:3907	lung squamous cell carcinoma
DOID:1749	DOID:4385	papillary squamous carcinoma
DOID:1749	DOID:4829	adenosquamous lung carcinoma
DOID:1749	DOID:4830	adenosquamous carcinoma
DOID:1749	DOID:5514	breast squamous cell carcinoma
DOID:1749	DOID:5515	nasal cavity squamous cell carcinoma
DOID:1749	DOID:5516	gastric squamous cell carcinoma
DOID:1749	DOID:5518	penis squamous cell carcinoma
DOID:1749	DOID:5519	colon squamous cell carcinoma
DOID:1749	DOID:5520	head and neck squamous cell carcinoma
DOID:1749	DOID:5521	keratinizing squamous cell carcinoma
DOID:1749	DOID:5522	basaloid squamous cell carcinoma
DOID:1749	DOID:5524	adenoid squamous cell carcinoma
DOID:1749	DOID:5525	anal squamous cell carcinoma
DOID:1749	DOID:5526	middle ear squamous cell carcinoma
DOID:1749	DOID:5527	ampulla of Vater squamous cell carcinoma
DOID:1749	DOID:5528	rectum squamous cell carcinoma
DOID:1749	DOID:5529	lacrimal gland squamous cell carcinoma
DOID:1749	DOID:5530	thymus squamous cell carcinoma
DOID:1749	DOID:5531	ovarian squamous cell carcinoma
DOID:1749	DOID:5533	endometrial squamous cell carcinoma
DOID:1749	DOID:5534	renal pelvis squamous cell carcinoma
DOID:1749	DOID:5535	gallbladder squamous cell carcinoma
DOID:1749	DOID:5537	squamous cell bile duct carcinoma
DOID:1749	DOID:5538	external ear squamous cell carcinoma
DOID:1749	DOID:5539	ureter squamous cell carcinoma
DOID:1749	DOID:5540	fallopian tube squamous cell carcinoma
DOID:1749	DOID:5623	adenosquamous breast carcinoma
DOID:1749	DOID:5624	adenosquamous bile duct carcinoma
DOID:1749	DOID:5625	esophageal adenosquamous carcinoma
DOID:1749	DOID:5626	thymus adenosquamous carcinoma
DOID:1749	DOID:5627	adenosquamous gallbladder carcinoma
DOID:1749	DOID:5628	ampulla of Vater adenosquamous carcinoma
DOID:1749	DOID:5629	adenosquamous colon carcinoma
DOID:1749	DOID:5631	endometrial adenosquamous carcinoma
DOID:1749	DOID:5634	adenosquamous prostate carcinoma
DOID:1749	DOID:5635	gastric adenosquamous carcinoma
DOID:1749	DOID:5636	cervical adenosquamous carcinoma
DOID:1749	DOID:5637	pancreatic adenosquamous carcinoma
DOID:1749	DOID:5957	bladder urachal squamous cell carcinoma
DOID:1749	DOID:6961	Bartholin's gland squamous cell carcinoma
DOID:1749	DOID:7031	glottis squamous cell carcinoma
DOID:1749	DOID:7049	basaloid squamous cell skin carcinoma
DOID:1749	DOID:7051	esophageal basaloid squamous cell carcinoma
DOID:1749	DOID:7177	anal canal squamous cell carcinoma
DOID:1749	DOID:7585	subglottis squamous cell carcinoma
DOID:1749	DOID:7587	supraglottis squamous cell carcinoma
DOID:1749	DOID:7910	maxillary sinus squamous cell carcinoma
DOID:175	DOID:0001816	angiosarcoma
DOID:175	DOID:0080189	malignant hemangioma
DOID:175	DOID:3316	perivascular tumor
DOID:175	DOID:5547	pulmonary artery choriocarcinoma
DOID:175	DOID:7388	pulmonary vein leiomyosarcoma
DOID:175	DOID:7389	pulmonary artery leiomyosarcoma
DOID:175	DOID:7390	superior vena cava leiomyosarcoma
DOID:175	DOID:8352	aortic malignant tumor
DOID:175	DOID:8731	carotid body cancer
DOID:1752	DOID:6037	spindle cell intraocular melanoma
DOID:1752	DOID:6992	intraocular mixed cell type melanoma
DOID:1756	DOID:13501	Moebius syndrome
DOID:1756	DOID:13865	facial neuralgia
DOID:1756	DOID:13934	facial paralysis
DOID:1756	DOID:14075	geniculate ganglionitis
DOID:1756	DOID:1757	facial hemiatrophy
DOID:1756	DOID:1761	Melkersson-Rosenthal syndrome
DOID:1756	DOID:9210	Ramsay Hunt syndrome
DOID:176	DOID:117	heart cancer
DOID:176	DOID:175	vascular cancer
DOID:1762	DOID:0060312	angular cheilitis
DOID:1766	DOID:0060045	Munchausen by proxy
DOID:178	DOID:0050828	artery disease
DOID:178	DOID:0060903	thrombosis
DOID:178	DOID:0111563	Sturge-Weber syndrome
DOID:178	DOID:0111567	retinal vasculopathy with cerebral leukodystrophy
DOID:178	DOID:10556	supine hypotensive syndrome
DOID:178	DOID:1270	hereditary hemorrhagic telangiectasia
DOID:178	DOID:1271	capillary disease
DOID:178	DOID:1461	cholesterol embolism
DOID:178	DOID:175	vascular cancer
DOID:178	DOID:2462	retinal vascular disease
DOID:178	DOID:2494	angiodysplasia
DOID:178	DOID:255	hemangioma
DOID:178	DOID:272	hepatic vascular disease
DOID:178	DOID:3103	thoracic outlet syndrome
DOID:178	DOID:326	ischemia
DOID:178	DOID:341	peripheral vascular disease
DOID:178	DOID:4265	angiomyoma
DOID:178	DOID:5729	intravenous leiomyomatosis
DOID:178	DOID:6713	cerebrovascular disease
DOID:178	DOID:865	vasculitis
DOID:178	DOID:866	vein disease
DOID:1781	DOID:10011	thyroid lymphoma
DOID:1781	DOID:3963	thyroid gland carcinoma
DOID:1781	DOID:4515	thyroid sarcoma
DOID:1785	DOID:0081244	pituitary blastoma
DOID:1785	DOID:4916	pituitary carcinoma
DOID:1785	DOID:5716	hormone producing pituitary cancer
DOID:1787	DOID:10234	histoplasmosis pericarditis
DOID:1787	DOID:10507	Dressler's syndrome
DOID:1787	DOID:11481	constrictive pericarditis
DOID:1787	DOID:1869	chronic rheumatic pericarditis
DOID:1790	DOID:1788	peritoneal mesothelioma
DOID:1790	DOID:2143	ovarian malignant mesothelioma
DOID:1790	DOID:4486	malignant biphasic mesothelioma
DOID:1790	DOID:4488	sarcomatoid mesothelioma
DOID:1790	DOID:4489	malignant epithelial mesothelioma
DOID:1790	DOID:6201	pericardial mesothelioma
DOID:1790	DOID:7474	malignant pleural mesothelioma
DOID:1791	DOID:4901	peritoneal serous adenocarcinoma
DOID:1793	DOID:0080323	pancreatic squamous cell carcinoma
DOID:1793	DOID:1792	pancreas lymphoma
DOID:1793	DOID:1795	malignant exocrine pancreas neoplasm
DOID:1793	DOID:1796	pancreas sarcoma
DOID:1793	DOID:1799	islet cell tumor
DOID:1793	DOID:5637	pancreatic adenosquamous carcinoma
DOID:1795	DOID:3919	pancreatic serous cystic neoplasm
DOID:1795	DOID:4905	pancreatic carcinoma
DOID:1795	DOID:7575	pancreatic intraductal papillary-mucinous neoplasm
DOID:1799	DOID:1798	pancreatic endocrine carcinoma
DOID:1799	DOID:4432	pancreatic somatostatinoma
DOID:1799	DOID:4433	pancreatic delta cell neoplasm
DOID:1799	DOID:5580	pancreatic gastrinoma
DOID:1799	DOID:5741	pancreatic vasoactive intestinal peptide producing tumor
DOID:1799	DOID:7697	pancreatic ACTH hormone producing tumor
DOID:1799	DOID:7698	non-functioning pancreatic endocrine tumor
DOID:18	DOID:0080653	urolithiasis
DOID:18	DOID:0080784	urinary tract infection
DOID:18	DOID:0111365	benign familial hematuria
DOID:18	DOID:10080	sparganosis
DOID:18	DOID:11111	hydronephrosis
DOID:18	DOID:1375	neonatal urinary tract infectious disease
DOID:18	DOID:1412	bacteriuria
DOID:18	DOID:1426	ureteral disease
DOID:18	DOID:1439	pyuria
DOID:18	DOID:365	bladder disease
DOID:18	DOID:3996	urinary system cancer
DOID:18	DOID:5200	urinary tract obstruction
DOID:18	DOID:557	kidney disease
DOID:18	DOID:731	urinary system benign neoplasm
DOID:18	DOID:732	urethral disease
DOID:18	DOID:9590	lower urinary tract calculus
DOID:1802	DOID:572	mononeuritis of upper limb and mononeuritis multiplex
DOID:1802	DOID:9473	mononeuritis of lower limb
DOID:1803	DOID:3689	brachial plexus neuritis
DOID:182	DOID:0080170	normophosphatemic familial tumoral calcinosis
DOID:182	DOID:0111063	hyperphosphatemic familial tumoral calcinosis
DOID:182	DOID:4734	calciphylaxis
DOID:182	DOID:6652	diffuse idiopathic skeletal hyperostosis
DOID:1826	DOID:0050701	electroclinical syndrome
DOID:1826	DOID:0060281	photosensitive epilepsy
DOID:1826	DOID:0070471	early-onset epilepsy 2
DOID:1826	DOID:0070472	early-onset epilepsy 3
DOID:1826	DOID:0080768	pyridoxine-dependent epilepsy
DOID:1826	DOID:0080994	autoimmune epilepsy
DOID:1826	DOID:0112122	X-linked epilepsy with variable learning disabilities and behavior disorders
DOID:1826	DOID:11832	visual epilepsy
DOID:1826	DOID:1824	status epilepticus
DOID:1826	DOID:1827	generalized epilepsy
DOID:1826	DOID:2234	focal epilepsy
DOID:1826	DOID:2544	extratemporal epilepsy
DOID:1827	DOID:0060170	generalized epilepsy with febrile seizures plus
DOID:1827	DOID:0060475	myoclonic-atonic epilepsy
DOID:1827	DOID:0070783	idiopathic generalized epilepsy 20
DOID:1829	DOID:13658	infective urethral stricture
DOID:184	DOID:0080639	bone sarcoma
DOID:184	DOID:10149	long bones of lower limb cancer
DOID:184	DOID:10151	malignant neoplasm of short bones of lower limb
DOID:184	DOID:1862	jaw cancer
DOID:184	DOID:1863	skull cancer
DOID:184	DOID:2762	bone carcinoma
DOID:184	DOID:2776	adamantinoma
DOID:184	DOID:3303	notochordal cancer
DOID:184	DOID:3368	Ewing sarcoma of bone
DOID:184	DOID:3381	liposarcoma of bone
DOID:184	DOID:4143	orbital cancer
DOID:184	DOID:5090	sternum cancer
DOID:184	DOID:5546	femoral cancer
DOID:184	DOID:6579	chest wall bone cancer
DOID:184	DOID:6759	bone lymphoma
DOID:1852	DOID:0070221	progressive familial intrahepatic cholestasis
DOID:1852	DOID:0070227	intrahepatic cholestasis of pregnancy
DOID:1852	DOID:0070230	benign recurrent intrahepatic cholestasis
DOID:1862	DOID:2338	mandibular cancer
DOID:1862	DOID:4618	maxillary cancer
DOID:1863	DOID:3842	skull base cancer
DOID:1875	DOID:4762	vasculogenic impotence
DOID:1876	DOID:1875	impotence
DOID:1882	DOID:0110106	atrial heart septal defect 1
DOID:1882	DOID:0110107	atrial heart septal defect 2
DOID:1882	DOID:0110108	atrial heart septal defect 3
DOID:1882	DOID:0110109	atrial heart septal defect 4
DOID:1882	DOID:0110110	atrial heart septal defect 5
DOID:1882	DOID:0110111	atrial heart septal defect 6
DOID:1882	DOID:0110112	atrial heart septal defect 7
DOID:1882	DOID:0110113	atrial heart septal defect 8
DOID:1882	DOID:0110114	atrial heart septal defect 9
DOID:1882	DOID:13620	patent foramen ovale
DOID:1882	DOID:1998	Lutembacher's syndrome
DOID:1884	DOID:0050204	Epstein-Barr virus hepatitis
DOID:1884	DOID:12549	hepatitis A
DOID:1884	DOID:1883	hepatitis C
DOID:1884	DOID:2043	hepatitis B
DOID:1884	DOID:2047	hepatitis D
DOID:1884	DOID:4411	hepatitis E
DOID:1891	DOID:0070735	auditory neuropathy and optic atrophy
DOID:1891	DOID:0111531	bilateral optic nerve hypoplasia
DOID:1891	DOID:12010	anterior ischemic optic neuropathy
DOID:1891	DOID:1210	optic neuritis
DOID:1891	DOID:13561	optic disk drusen
DOID:1891	DOID:146	papilledema
DOID:1891	DOID:3419	optic nerve neoplasm
DOID:1891	DOID:5655	chiasmal syndrome
DOID:1891	DOID:5723	optic atrophy
DOID:1891	DOID:705	Leber hereditary optic neuropathy
DOID:1891	DOID:8869	neuromyelitis optica
DOID:1894	DOID:1893	eczematous dermatitis of eyelid
DOID:1894	DOID:1895	allergic contact dermatitis of eyelid
DOID:1894	DOID:9076	discoid lupus erythematosus of eyelid
DOID:1894	DOID:9140	xeroderma of eyelid
DOID:1896	DOID:2780	rectosigmoid junction neoplasm
DOID:1901	DOID:5170	vaginal endometrial stromal sarcoma
DOID:1901	DOID:5283	vagina leiomyosarcoma
DOID:1907	DOID:6192	malignant inflammatory fibrous histiocytoma
DOID:1909	DOID:0050929	mucosal melanoma
DOID:1909	DOID:13160	scrotum melanoma
DOID:1909	DOID:14145	malignant anus melanoma
DOID:1909	DOID:14151	spinal cord melanoma
DOID:1909	DOID:1992	rectum malignant melanoma
DOID:1909	DOID:3162	malignant spindle cell melanoma
DOID:1909	DOID:4359	amelanotic melanoma
DOID:1909	DOID:4360	epithelioid cell melanoma
DOID:1909	DOID:6039	uveal melanoma
DOID:1909	DOID:6041	choroid spindle cell melanoma
DOID:1909	DOID:6043	ciliary body spindle cell melanoma
DOID:1909	DOID:6846	familial melanoma
DOID:1909	DOID:7206	melanomatosis
DOID:1909	DOID:7328	iris spindle cell melanoma
DOID:1909	DOID:8167	gallbladder melanoma
DOID:1909	DOID:8923	skin melanoma
DOID:1911	DOID:5342	childhood endodermal sinus tumor
DOID:1911	DOID:5348	adult endodermal sinus tumor
DOID:192	DOID:0080369	ovarian sex-cord stromal tumor
DOID:192	DOID:2696	Leydig cell tumor
DOID:192	DOID:2997	Sertoli-Leydig cell tumor
DOID:192	DOID:2999	granulosa cell tumor
DOID:192	DOID:3577	Sertoli cell tumor
DOID:192	DOID:4757	testicular sex cord-stromal neoplasm
DOID:1920	DOID:0112127	HRPT-related hyperuricemia
DOID:1923	DOID:0111526	Mullerian aplasia and hyperandrogenism
DOID:1923	DOID:0112316	methemoglobinemia and ambiguous genitalia
DOID:1923	DOID:11383	cryptorchidism
DOID:1923	DOID:11613	hyperandrogenism
DOID:1923	DOID:12698	gynecomastia
DOID:1923	DOID:14447	gonadal dysgenesis
DOID:1923	DOID:3763	hermaphroditism
DOID:1923	DOID:3765	pseudohermaphroditism
DOID:1923	DOID:4671	freemartinism
DOID:1923	DOID:4674	androgen insensitivity syndrome
DOID:1924	DOID:0090070	hypogonadotropic hypogonadism
DOID:1924	DOID:5003	eunuchism
DOID:1925	DOID:0070042	Coffin-Siris syndrome 1
DOID:1925	DOID:0070044	Coffin-Siris syndrome 2
DOID:1925	DOID:0070045	Coffin-Siris syndrome 3
DOID:1925	DOID:0070046	Coffin-Siris syndrome 4
DOID:1925	DOID:0070057	Coffin-Siris syndrome 9
DOID:1925	DOID:0080297	Coffin-Siris syndrome 6
DOID:1925	DOID:0112367	Coffin-Siris syndrome 8
DOID:1925	DOID:0112368	Coffin-Siris syndrome 5
DOID:1925	DOID:0112369	Coffin-Siris syndrome 7
DOID:1925	DOID:0112370	Coffin-Siris syndrome 12
DOID:1925	DOID:0112371	Coffin-Siris syndrome 10
DOID:1925	DOID:0112372	Coffin-Siris syndrome 11
DOID:1926	DOID:0110957	Gaucher's disease type I
DOID:1926	DOID:0110958	Gaucher's disease type II
DOID:1926	DOID:0110959	Gaucher's disease type III
DOID:1926	DOID:0110960	Gaucher's disease perinatal lethal
DOID:1926	DOID:0110961	atypical Gaucher's disease due to saposin c deficiency
DOID:1927	DOID:0050441	mucosulfatidosis
DOID:1927	DOID:0111330	combined saposin deficiency
DOID:1927	DOID:10581	metachromatic leukodystrophy
DOID:1927	DOID:10587	Krabbe disease
DOID:1927	DOID:14499	Fabry disease
DOID:1927	DOID:14504	Niemann-Pick disease
DOID:1927	DOID:1926	Gaucher's disease
DOID:1927	DOID:2368	gangliosidosis
DOID:1927	DOID:4423	sea-blue histiocytosis
DOID:193	DOID:120	female reproductive organ cancer
DOID:193	DOID:192	sex cord-gonadal stromal tumor
DOID:193	DOID:3856	male reproductive organ cancer
DOID:1931	DOID:3644	hypothalamic neoplasm
DOID:1931	DOID:6676	Froelich syndrome
DOID:1934	DOID:0050568	spondylocostal dysostosis
DOID:1934	DOID:0050581	brachydactyly
DOID:1934	DOID:0050789	tarsal-carpal coalition syndrome
DOID:1934	DOID:0050794	multiple synostoses syndrome
DOID:1934	DOID:0051102	acrofrontofacionasal dysostosis
DOID:1934	DOID:0060342	acromelic frontonasal dysostosis
DOID:1934	DOID:0060379	acrofacial dysostosis
DOID:1934	DOID:0090015	Cenani-Lenz syndactyly syndrome
DOID:1934	DOID:0111350	Laurin-Sandrow syndrome
DOID:1934	DOID:0111382	ischiocoxopodopatellar syndrome
DOID:1934	DOID:11971	synostosis
DOID:1934	DOID:14669	acrodysostosis
DOID:1935	DOID:0081009	Bardet-Biedl syndrome 20
DOID:1935	DOID:0081010	Bardet-Biedl syndrome 21
DOID:1935	DOID:0081011	Bardet-Biedl syndrome 22
DOID:1935	DOID:0110123	Bardet-Biedl syndrome 1
DOID:1935	DOID:0110124	Bardet-Biedl syndrome 2
DOID:1935	DOID:0110125	Bardet-Biedl syndrome 3
DOID:1935	DOID:0110126	Bardet-Biedl syndrome 4
DOID:1935	DOID:0110127	Bardet-Biedl syndrome 5
DOID:1935	DOID:0110128	Bardet-Biedl syndrome 6
DOID:1935	DOID:0110129	Bardet-Biedl syndrome 7
DOID:1935	DOID:0110130	Bardet-Biedl syndrome 8
DOID:1935	DOID:0110131	Bardet-Biedl syndrome 9
DOID:1935	DOID:0110132	Bardet-Biedl syndrome 10
DOID:1935	DOID:0110133	Bardet-Biedl syndrome 11
DOID:1935	DOID:0110134	Bardet-Biedl syndrome 12
DOID:1935	DOID:0110135	Bardet-Biedl syndrome 13
DOID:1935	DOID:0110136	Bardet-Biedl syndrome 14
DOID:1935	DOID:0110137	Bardet-Biedl syndrome 15
DOID:1935	DOID:0110138	Bardet-Biedl syndrome 16
DOID:1935	DOID:0110139	Bardet-Biedl syndrome 17
DOID:1935	DOID:0110140	Bardet-Biedl syndrome 18
DOID:1935	DOID:0110141	Bardet-Biedl syndrome 19
DOID:1936	DOID:0061139	coronary atherosclerosis
DOID:1936	DOID:10230	aortic atherosclerosis
DOID:1936	DOID:12720	cerebral atherosclerosis
DOID:1936	DOID:14092	renal artery atheroma
DOID:1936	DOID:2347	generalized atherosclerosis
DOID:1947	DOID:0050269	Trichomonas vaginalis trichomoniasis
DOID:1947	DOID:0050270	Trichomonas tenax trichomoniasis
DOID:1949	DOID:2828	acalculous cholecystitis
DOID:1949	DOID:9765	emphysematous cholecystitis
DOID:1949	DOID:9766	xanthogranulomatous cholecystitis
DOID:1962	DOID:0050166	tuberculous salpingitis
DOID:1962	DOID:0060111	fallopian tube benign neoplasm
DOID:1962	DOID:11424	fallopian tube endometriosis
DOID:1962	DOID:1964	fallopian tube cancer
DOID:1962	DOID:5733	salpingitis
DOID:1962	DOID:7551	gonorrhea
DOID:1963	DOID:3706	fallopian tube adenocarcinoma
DOID:1963	DOID:4008	fallopian tube transitional cell carcinoma
DOID:1963	DOID:5540	fallopian tube squamous cell carcinoma
DOID:1963	DOID:7266	hereditary fallopian tube carcinoma
DOID:1963	DOID:8186	fallopian tube gestational choriocarcinoma
DOID:1964	DOID:1963	fallopian tube carcinoma
DOID:1964	DOID:1965	fallopian tube leiomyosarcoma
DOID:1964	DOID:1970	fallopian tube carcinosarcoma
DOID:1964	DOID:5324	fallopian tube germ cell cancer
DOID:1964	DOID:5564	fallopian tube teratoma
DOID:1967	DOID:1965	fallopian tube leiomyosarcoma
DOID:1967	DOID:3367	bone leiomyosarcoma
DOID:1967	DOID:5251	inflammatory leiomyosarcoma
DOID:1967	DOID:5253	conventional leiomyosarcoma
DOID:1967	DOID:5254	central nervous system leiomyosarcoma
DOID:1967	DOID:5258	granular cell leiomyosarcoma
DOID:1967	DOID:5259	colon leiomyosarcoma
DOID:1967	DOID:5263	ovary leiomyosarcoma
DOID:1967	DOID:5264	epithelioid leiomyosarcoma
DOID:1967	DOID:5265	lung leiomyosarcoma
DOID:1967	DOID:5267	anus leiomyosarcoma
DOID:1967	DOID:5268	myxoid leiomyosarcoma
DOID:1967	DOID:5271	small intestine leiomyosarcoma
DOID:1967	DOID:5275	gallbladder leiomyosarcoma
DOID:1967	DOID:5288	larynx leiomyosarcoma
DOID:1967	DOID:5292	mediastinum leiomyosarcoma
DOID:1967	DOID:5293	extrahepatic bile duct leiomyosarcoma
DOID:1967	DOID:7388	pulmonary vein leiomyosarcoma
DOID:1967	DOID:7389	pulmonary artery leiomyosarcoma
DOID:1967	DOID:7390	superior vena cava leiomyosarcoma
DOID:1969	DOID:0050669	spastic cerebral palsy
DOID:1969	DOID:0050670	ataxic cerebral palsy
DOID:1969	DOID:0050672	dyskinetic cerebral palsy
DOID:1969	DOID:0050673	mixed cerebral palsy
DOID:1970	DOID:1973	fallopian tube adenosarcoma
DOID:1979	DOID:11864	peripheral focal chorioretinitis
DOID:1984	DOID:0050915	rectal adenoma
DOID:1984	DOID:6459	rectal lipoma
DOID:1984	DOID:7160	rectal leiomyoma
DOID:1993	DOID:1988	rectum lymphoma
DOID:1993	DOID:1992	rectum malignant melanoma
DOID:1993	DOID:1995	rectum sarcoma
DOID:1993	DOID:1996	rectum adenocarcinoma
DOID:1993	DOID:5528	rectum squamous cell carcinoma
DOID:1993	DOID:5777	rectum neuroendocrine neoplasm
DOID:1993	DOID:7356	rectum sarcomatoid carcinoma
DOID:1995	DOID:4053	rectum rhabdomyosarcoma
DOID:1995	DOID:5297	rectum leiomyosarcoma
DOID:1995	DOID:6190	rectum Kaposi's sarcoma
DOID:1996	DOID:3709	rectum mucinous adenocarcinoma
DOID:1996	DOID:7707	rectum signet ring adenocarcinoma
DOID:200	DOID:314	tenosynovial giant cell tumor
DOID:200	DOID:4305	bone giant cell tumor
DOID:2000	DOID:10550	acute eustachian salpingitis
DOID:2000	DOID:1999	chronic eustachian salpingitis
DOID:2001	DOID:3192	neurilemmoma
DOID:2001	DOID:5155	multiple mucosal neuroma
DOID:2007	DOID:10871	age related macular degeneration
DOID:2007	DOID:10873	Kuhnt-Junius degeneration
DOID:2007	DOID:13214	hole retinal cyst
DOID:2007	DOID:14245	cystoid macular retinal degeneration
DOID:2007	DOID:2006	preretinal fibrosis
DOID:2007	DOID:2569	retinal drusen
DOID:2007	DOID:9867	toxic maculopathy
DOID:201	DOID:0060102	cartilage cancer
DOID:201	DOID:0070663	soft tissue sarcoma
DOID:201	DOID:0080894	lipofibromatosis-like neural tumor
DOID:201	DOID:0080897	solitary fibrous tumor/hemangiopericytoma
DOID:201	DOID:184	bone cancer
DOID:201	DOID:2668	mesenchymoma
DOID:201	DOID:2705	malignant giant cell tumor
DOID:201	DOID:2706	synovium cancer
DOID:201	DOID:3316	perivascular tumor
DOID:201	DOID:3355	fibrosarcoma
DOID:201	DOID:3369	Ewing sarcoma
DOID:201	DOID:3382	liposarcoma
DOID:201	DOID:4136	myxosarcoma
DOID:201	DOID:5158	pleural cancer
DOID:201	DOID:6193	epithelioid sarcoma
DOID:201	DOID:6333	adult intracranial malignant hemangiopericytoma
DOID:201	DOID:8632	Kaposi's sarcoma
DOID:2021	DOID:3594	choriocarcinoma
DOID:2025	DOID:2024	placental choriocarcinoma
DOID:2025	DOID:8186	fallopian tube gestational choriocarcinoma
DOID:2025	DOID:8187	gestational uterine corpus choriocarcinoma
DOID:203	DOID:206	hereditary multiple exostoses
DOID:203	DOID:210	heel spur
DOID:2030	DOID:10685	separation anxiety disorder
DOID:2030	DOID:10933	obsessive-compulsive disorder
DOID:2030	DOID:14320	generalized anxiety disorder
DOID:2030	DOID:2055	post-traumatic stress disorder
DOID:2030	DOID:4964	neurotic disorder
DOID:2030	DOID:591	phobic disorder
DOID:2030	DOID:594	panic disorder
DOID:2030	DOID:6088	acute stress disorder
DOID:2033	DOID:12685	mixed receptive-expressive language disorder
DOID:2033	DOID:4090	agnosia
DOID:2033	DOID:92	speech disorder
DOID:2033	DOID:93	language disorder
DOID:2034	DOID:13088	periventricular leukomalacia
DOID:204	DOID:13566	tibial collateral ligament bursitis
DOID:204	DOID:9358	fibular collateral ligament bursitis
DOID:2048	DOID:0080742	autoimmune cholangitis
DOID:205	DOID:0060251	sclerosteosis
DOID:205	DOID:0080036	SOST-related sclerosing bone dysplasia
DOID:205	DOID:0080037	Worth syndrome
DOID:205	DOID:203	exostosis
DOID:205	DOID:5408	Paget disease of bone
DOID:2051	DOID:10792	chronic maxillary sinusitis
DOID:2051	DOID:2050	acute maxillary sinusitis
DOID:2053	DOID:6873	skin tag
DOID:2059	DOID:0050269	Trichomonas vaginalis trichomoniasis
DOID:2059	DOID:0060109	vulvar benign neoplasm
DOID:2059	DOID:1245	vulva cancer
DOID:2059	DOID:12566	ulceration of vulva
DOID:2059	DOID:14275	atrophic vulva
DOID:2059	DOID:14292	vulvar dystrophy
DOID:2059	DOID:3901	vulvitis
DOID:2059	DOID:8255	vulva fibroepithelial polyp
DOID:2068	DOID:5382	Bartholin's gland adenoma
DOID:2068	DOID:6518	Bartholin's gland adenomyoma
DOID:2071	DOID:6569	micropapillomatosis labialis
DOID:2072	DOID:2071	vulvar squamous papilloma
DOID:2074	DOID:2073	perinatal intestinal perforation
DOID:2079	DOID:2078	chondroid syringoma of the vulva
DOID:2092	DOID:12084	transient arthropathy
DOID:2095	DOID:4921	eccrine sweat gland cancer
DOID:2095	DOID:4934	apocrine sweat gland cancer
DOID:2095	DOID:5570	malignant acrospiroma
DOID:2095	DOID:5667	sweat gland carcinoma
DOID:2096	DOID:5286	vulvar leiomyosarcoma
DOID:2096	DOID:5313	vulvar alveolar soft part sarcoma
DOID:2096	DOID:6789	vulvar childhood botryoid-type embryonal rhabdomyosarcoma
DOID:2096	DOID:7491	vulvar proximal-type epithelioid sarcoma
DOID:2098	DOID:2097	vulval Paget's disease
DOID:2098	DOID:6339	vulvar eccrine adenocarcinoma
DOID:2098	DOID:6448	vulvar apocrine adenocarcinoma
DOID:2101	DOID:3740	vulva verrucous carcinoma
DOID:2101	DOID:7048	vulvar basaloid squamous cell carcinoma
DOID:2101	DOID:7363	vulvar keratinizing squamous cell carcinoma
DOID:2101	DOID:7408	vulvar keratoacanthoma
DOID:2101	DOID:7409	vulvar non-keratinizing squamous cell carcinoma
DOID:2106	DOID:0081335	Becker disease
DOID:2106	DOID:0081336	Thomsen disease
DOID:2113	DOID:12750	cyclosporiasis
DOID:2113	DOID:1733	cryptosporidiosis
DOID:2113	DOID:2112	cystoisosporiasis
DOID:2113	DOID:9640	sarcocystosis
DOID:2113	DOID:9965	toxoplasmosis
DOID:2115	DOID:0060024	lambda 5 deficiency
DOID:2115	DOID:0060025	immunoglobulin alpha deficiency
DOID:2115	DOID:0060026	immunoglobulin beta deficiency
DOID:2115	DOID:0061091	immunodeficiency 125
DOID:2115	DOID:0111991	immunodeficiency 62
DOID:2115	DOID:0111999	immunodeficiency 61
DOID:2115	DOID:14177	congenital hypogammaglobulinemia
DOID:2115	DOID:2583	agammaglobulinemia
DOID:2115	DOID:2959	hyperimmunoglobulin syndrome
DOID:2115	DOID:6025	selective immunoglobulin deficiency disease
DOID:2121	DOID:0060330	Rapp-Hodgkin syndrome
DOID:2121	DOID:0070509	Schinzel Giedion syndrome
DOID:2121	DOID:0080725	BASAN syndrome
DOID:2121	DOID:0081077	ectodermal dysplasia and immune deficiency
DOID:2121	DOID:0090119	ankyloblepharon-ectodermal defects-cleft lip/palate syndrome
DOID:2121	DOID:0111244	palmoplantar keratoderma and congenital alopecia 1
DOID:2121	DOID:0111245	palmoplantar keratoderma and congenital alopecia 2
DOID:2121	DOID:0111342	dermatopathia pigmentosa reticularis
DOID:2121	DOID:0111510	Marshall syndrome
DOID:2121	DOID:0111528	Naegeli-Franceschetti-Jadassohn syndrome
DOID:2121	DOID:0111550	scalp-ear-nipple syndrome
DOID:2121	DOID:0111647	Schopf-Schulz-Passarge syndrome
DOID:2121	DOID:0111649	ectodermal dysplasia, ectrodactyly, and macular dystrophy syndrome
DOID:2121	DOID:0111650	ectodermal dysplasia 13
DOID:2121	DOID:0111651	ectodermal dysplasia 15
DOID:2121	DOID:0111655	pure hair and nail ectodermal dysplasia
DOID:2121	DOID:0111661	ectodermal dysplasia 8
DOID:2121	DOID:0111662	ectodermal dysplasia 14
DOID:2121	DOID:0111705	oculoectodermal syndrome
DOID:2121	DOID:14693	Clouston syndrome
DOID:2121	DOID:14773	cartilage-hair hypoplasia
DOID:2121	DOID:14793	hypohidrotic ectodermal dysplasia
DOID:2121	DOID:3389	Papillon-Lefevre disease
DOID:2123	DOID:0050382	glandular tularemia
DOID:2123	DOID:0050383	typhoidal tularemia
DOID:2123	DOID:11990	ulceroglandular tularemia
DOID:2123	DOID:13226	oculoglandular tularemia
DOID:2123	DOID:14239	gastrointestinal tularemia
DOID:2123	DOID:2122	pneumonic tularemia
DOID:2127	DOID:7429	childhood brain germinoma
DOID:2132	DOID:0081316	primary intracranial sarcoma, DICER1-mutant
DOID:2133	DOID:4504	central nervous system angiosarcoma
DOID:2133	DOID:6451	central nervous system fibrosarcoma
DOID:214	DOID:12661	tooth ankylosis
DOID:214	DOID:12733	hypercementosis
DOID:214	DOID:13240	tooth resorption
DOID:214	DOID:216	dental caries
DOID:214	DOID:2498	tooth erosion
DOID:214	DOID:693	dental enamel hypoplasia
DOID:214	DOID:698	dentin sensitivity
DOID:214	DOID:701	dentin dysplasia
DOID:2140	DOID:6934	urethra inverted papilloma
DOID:2146	DOID:5169	ovarian endometrioid stromal sarcoma
DOID:2149	DOID:0050166	tuberculous salpingitis
DOID:2149	DOID:1251	tuberculous epididymitis
DOID:2149	DOID:2148	tuberculous oophoritis
DOID:2149	DOID:754	bladder tuberculosis
DOID:2149	DOID:827	ureter tuberculosis
DOID:2149	DOID:9733	renal tuberculosis
DOID:2151	DOID:4001	ovarian carcinoma
DOID:2151	DOID:4217	malignant ovarian Brenner tumor
DOID:2151	DOID:6170	ovarian carcinosarcoma
DOID:2152	DOID:2151	malignant ovarian surface epithelial-stromal neoplasm
DOID:2152	DOID:4000	ovary transitional cell carcinoma
DOID:2152	DOID:6067	ovarian mucinous neoplasm
DOID:2152	DOID:6212	ovarian endometrial cancer
DOID:2152	DOID:6214	ovarian papillary neoplasm
DOID:2152	DOID:6901	hereditary ovarian carcinoma
DOID:2152	DOID:9597	Krukenberg carcinoma
DOID:2154	DOID:5176	renal Wilms' tumor
DOID:2154	DOID:5178	metachronous kidney Wilms' tumor
DOID:2154	DOID:5179	mixed cell type kidney Wilms' tumor
DOID:2154	DOID:5182	blastema predominant kidney Wilms' tumor
DOID:2154	DOID:5183	hereditary Wilms' tumor
DOID:2154	DOID:5189	epithelial predominant Wilms' tumor
DOID:2154	DOID:5191	stromal predominant kidney Wilms' tumor
DOID:2155	DOID:5351	ovarian primitive germ cell tumor
DOID:2155	DOID:5550	choriocarcinoma of ovary
DOID:2155	DOID:6331	immature teratoma of ovary
DOID:2156	DOID:2155	malignant ovarian germ cell neoplasm
DOID:2156	DOID:5567	ovarian germ cell teratoma
DOID:2156	DOID:6084	childhood ovarian germ cell tumor
DOID:216	DOID:10461	dentin caries
DOID:216	DOID:11736	odontoclasia
DOID:216	DOID:14089	root caries
DOID:216	DOID:217	enamel caries
DOID:2163	DOID:10811	nasal cavity cancer
DOID:2163	DOID:14683	Binder syndrome
DOID:2163	DOID:4483	rhinitis
DOID:2163	DOID:6148	nasal cavity carcinoma in situ
DOID:2163	DOID:9310	nasal cavity benign neoplasm
DOID:2163	DOID:9574	choanal atresia
DOID:2170	DOID:11968	postmenopausal atrophic vaginitis
DOID:2170	DOID:3385	bacterial vaginosis
DOID:2174	DOID:1752	ocular melanoma
DOID:2174	DOID:292	lacrimal system cancer
DOID:2174	DOID:295	eye carcinoma
DOID:2174	DOID:3479	uveal cancer
DOID:2174	DOID:4645	retinal cancer
DOID:2174	DOID:5467	conjunctival cancer
DOID:2174	DOID:6199	cornea cancer
DOID:2174	DOID:6903	eye lymphoma
DOID:218	DOID:260	hepatic flexure cancer
DOID:2187	DOID:0060945	amelogenesis imperfecta type 1K
DOID:2187	DOID:0080953	amelogenesis imperfecta type 1J
DOID:2187	DOID:0080960	amelogenesis imperfecta type 2A6
DOID:2187	DOID:0110052	amelogenesis imperfecta type 1B
DOID:2187	DOID:0110053	amelogenesis imperfecta type 4
DOID:2187	DOID:0110054	amelogenesis imperfecta type 1A
DOID:2187	DOID:0110056	amelogenesis imperfecta type 1C
DOID:2187	DOID:0110057	amelogenesis imperfecta type 2A1
DOID:2187	DOID:0110058	amelogenesis imperfecta type 1E
DOID:2187	DOID:0110059	X-linked amelogenesis imperfecta hypoplastic/hypomaturation 2
DOID:2187	DOID:0110060	amelogenesis imperfecta hypomaturation type 2A2
DOID:2187	DOID:0110061	amelogenesis imperfecta hypomaturation type 2A3
DOID:2187	DOID:0110062	amelogenesis imperfecta hypomaturation type 2A4
DOID:2187	DOID:0110063	amelogenesis imperfecta hypomaturation type 2A5
DOID:2187	DOID:0110064	amelogenesis imperfecta type 1H
DOID:2187	DOID:0110065	amelogenesis imperfecta type 1F
DOID:2187	DOID:0110066	amelogenesis imperfecta type 1G
DOID:2187	DOID:0111721	amelogenesis imperfecta type 3
DOID:219	DOID:12190	descending colon cancer
DOID:219	DOID:12192	sigmoid colon cancer
DOID:219	DOID:1520	colon carcinoma
DOID:219	DOID:1523	colon lymphoma
DOID:219	DOID:218	ascending colon cancer
DOID:219	DOID:261	transverse colon cancer
DOID:219	DOID:5260	colon sarcoma
DOID:219	DOID:5629	adenosquamous colon carcinoma
DOID:219	DOID:6727	colon small cell carcinoma
DOID:219	DOID:7401	colonic L-cell glucagon-like peptide producing tumor
DOID:2213	DOID:0060601	alpha-2-plasmin inhibitor deficiency
DOID:2213	DOID:3326	purpura
DOID:2213	DOID:484	vascular hemostatic disease
DOID:2217	DOID:0111059	Bernard-Soulier syndrome type A2
DOID:2218	DOID:0060354	Stormorken syndrome
DOID:2218	DOID:0060651	MYH-9 related disease
DOID:2218	DOID:0060691	platelet-type bleeding disorder 16
DOID:2218	DOID:0060692	platelet-type bleeding disorder 8
DOID:2218	DOID:0111044	gray platelet syndrome
DOID:2218	DOID:0111045	platelet-type bleeding disorder 9
DOID:2218	DOID:0111046	platelet-type bleeding disorder 10
DOID:2218	DOID:0111047	platelet-type bleeding disorder 14
DOID:2218	DOID:0111048	platelet-type bleeding disorder 19
DOID:2218	DOID:0111049	platelet-type bleeding disorder 17
DOID:2218	DOID:0111050	Quebec platelet disorder
DOID:2218	DOID:0111051	platelet-type bleeding disorder 18
DOID:2218	DOID:0111053	platelet-type bleeding disorder 15
DOID:2218	DOID:0111055	platelet-type bleeding disorder 20
DOID:2218	DOID:0111056	platelet-type bleeding disorder 3
DOID:2218	DOID:0111057	platelet-type bleeding disorder 11
DOID:2218	DOID:0111058	platelet-type bleeding disorder 12
DOID:2218	DOID:11125	qualitative platelet defect
DOID:2218	DOID:1588	thrombocytopenia
DOID:2218	DOID:2219	Glanzmann's thrombasthenia
DOID:2218	DOID:2223	platelet storage pool deficiency
DOID:2218	DOID:2228	thrombocytosis
DOID:222	DOID:14243	chronic perichondritis of pinna
DOID:222	DOID:221	acute perichondritis of pinna
DOID:2226	DOID:0060888	transient myeloproliferative syndrome
DOID:2226	DOID:0111344	myeloproliferative disorder with eosinophilia
DOID:2226	DOID:2224	essential thrombocythemia
DOID:2226	DOID:8997	polycythemia vera
DOID:2234	DOID:0081420	familial focal epilepsy with variable foci
DOID:2234	DOID:12382	complex partial epilepsy
DOID:2234	DOID:3327	partial motor epilepsy
DOID:2234	DOID:3328	temporal lobe epilepsy
DOID:2234	DOID:3330	partial sensory epilepsy
DOID:2234	DOID:3331	frontal lobe epilepsy
DOID:2234	DOID:5129	simple partial epilepsy
DOID:2237	DOID:12351	alcoholic hepatitis
DOID:2237	DOID:1884	viral hepatitis
DOID:2237	DOID:2044	drug-induced hepatitis
DOID:2237	DOID:2239	granulomatous hepatitis
DOID:224	DOID:13003	vertebrobasilar insufficiency
DOID:224	DOID:13095	vertebral artery insufficiency
DOID:224	DOID:223	basilar artery insufficiency
DOID:225	DOID:0050427	xeroderma pigmentosum
DOID:225	DOID:0050436	mulibrey nanism
DOID:225	DOID:0050438	Frasier syndrome
DOID:225	DOID:0050439	Usher syndrome
DOID:225	DOID:0050449	pachyonychia congenita
DOID:225	DOID:0050462	Antley-Bixler syndrome with disordered steroidogenesis
DOID:225	DOID:0050466	Loeys-Dietz syndrome
DOID:225	DOID:0050468	yellow nail syndrome
DOID:225	DOID:0050470	Donohue syndrome
DOID:225	DOID:0050471	Carney complex
DOID:225	DOID:0050473	Alstrom syndrome
DOID:225	DOID:0050475	Weill-Marchesani syndrome
DOID:225	DOID:0050526	Gamstorp-Wohlfart syndrome
DOID:225	DOID:0050567	orofacial cleft
DOID:225	DOID:0050569	Seckel syndrome
DOID:225	DOID:0050576	Senior-Loken syndrome
DOID:225	DOID:0050577	cranioectodermal dysplasia
DOID:225	DOID:0050600	ABCD syndrome
DOID:225	DOID:0050601	ADULT syndrome
DOID:225	DOID:0050602	triple-A syndrome
DOID:225	DOID:0050629	Aicardi-Goutieres syndrome
DOID:225	DOID:0050631	Allan-Herndon-Dudley syndrome
DOID:225	DOID:0050632	oculocutaneous albinism
DOID:225	DOID:0050656	pseudo-TORCH syndrome 1
DOID:225	DOID:0050658	Bart-Pumphrey syndrome
DOID:225	DOID:0050660	Beare-Stevenson cutis gyrata syndrome
DOID:225	DOID:0050675	Birk-Barel syndrome
DOID:225	DOID:0050677	Bjornstad syndrome
DOID:225	DOID:0050678	Blau syndrome
DOID:225	DOID:0050684	Bowen-Conradi syndrome
DOID:225	DOID:0050689	brachydactyly-syndactyly syndrome
DOID:225	DOID:0050691	branchiooculofacial syndrome
DOID:225	DOID:0050694	Brown-Vialetto-Van Laere syndrome
DOID:225	DOID:0050740	Qazi Markouizos syndrome
DOID:225	DOID:0050763	ARC syndrome
DOID:225	DOID:0050769	N syndrome
DOID:225	DOID:0050774	rapadilino syndrome
DOID:225	DOID:0050779	hydrolethalus syndrome
DOID:225	DOID:0050781	Ogden syndrome
DOID:225	DOID:0050782	Zollinger-Ellison syndrome
DOID:225	DOID:0050788	proximal symphalangism
DOID:225	DOID:0050796	achalasia microcephaly syndrome
DOID:225	DOID:0050807	Kahrizi syndrome
DOID:225	DOID:0050814	temtamy preaxial brachydactyly syndrome
DOID:225	DOID:0050816	urofacial syndrome
DOID:225	DOID:0050834	CHARGE syndrome
DOID:225	DOID:0050854	Muckle-Wells syndrome
DOID:225	DOID:0050857	Perrault syndrome
DOID:225	DOID:0050858	Marshall-Smith syndrome
DOID:225	DOID:0050880	Koolen de Vries syndrome
DOID:225	DOID:0050881	inclusion body myopathy with Paget disease of bone and frontotemporal dementia
DOID:225	DOID:0050885	IMAGe syndrome
DOID:225	DOID:0050887	Townes-Brocks syndrome
DOID:225	DOID:0050997	cerebellar ataxia, impaired intellectual development, and dysequilibrium syndrome
DOID:225	DOID:0051068	early-onset obesity, adrenal insufficiency, and red hair
DOID:225	DOID:0060055	popliteal pterygium syndrome
DOID:225	DOID:0060173	Timothy syndrome
DOID:225	DOID:0060218	CREST syndrome
DOID:225	DOID:0060221	Maffucci syndrome
DOID:225	DOID:0060225	3MC syndrome
DOID:225	DOID:0060227	Adams-Oliver syndrome
DOID:225	DOID:0060229	Baraitser-Winter syndrome
DOID:225	DOID:0060231	Bruck syndrome
DOID:225	DOID:0060232	branchiootic syndrome
DOID:225	DOID:0060237	Warburg micro syndrome
DOID:225	DOID:0060238	Van Maldergem syndrome
DOID:225	DOID:0060239	Van der Woude syndrome
DOID:225	DOID:0060241	3-M syndrome
DOID:225	DOID:0060248	Simpson-Golabi-Behmel syndrome type 1
DOID:225	DOID:0060254	Robinow syndrome
DOID:225	DOID:0060289	Ohdo syndrome
DOID:225	DOID:0060291	oculodentodigital dysplasia
DOID:225	DOID:0060294	cold-induced sweating syndrome
DOID:225	DOID:0060306	Meier-Gorlin syndrome
DOID:225	DOID:0060337	CEDNIK syndrome
DOID:225	DOID:0060339	chronic atrial and intestinal dysrhythmia
DOID:225	DOID:0060340	ciliopathy
DOID:225	DOID:0060347	acrorenal syndrome
DOID:225	DOID:0060348	hypoparathyroidism-retardation-dysmorphism syndrome
DOID:225	DOID:0060349	microcephaly with or without chorioretinopathy, lymphedema, or mental retardation
DOID:225	DOID:0060356	Vici syndrome
DOID:225	DOID:0060365	mandibulofacial dysostosis with alopecia
DOID:225	DOID:0060409	NFIA-related disorder
DOID:225	DOID:0060428	SATB2-associated syndrome
DOID:225	DOID:0060464	Feingold syndrome
DOID:225	DOID:0060468	Holt-Oram syndrome
DOID:225	DOID:0060469	Miller-Dieker lissencephaly syndrome
DOID:225	DOID:0060470	salt and pepper syndrome
DOID:225	DOID:0060471	fetal valproate syndrome
DOID:225	DOID:0060473	Kabuki syndrome
DOID:225	DOID:0060476	Perlman syndrome
DOID:225	DOID:0060479	Shwachman-Diamond syndrome
DOID:225	DOID:0060481	Goldberg-Shprintzen syndrome
DOID:225	DOID:0060482	oculoauricular syndrome
DOID:225	DOID:0060483	MEDNIK syndrome
DOID:225	DOID:0060484	EAST syndrome
DOID:225	DOID:0060485	Mowat-Wilson syndrome
DOID:225	DOID:0060486	Perry syndrome
DOID:225	DOID:0060488	Pitt-Hopkins syndrome
DOID:225	DOID:0060535	Warsaw breakage syndrome
DOID:225	DOID:0060549	Barber-Say syndrome
DOID:225	DOID:0060550	ablepharon macrostomia syndrome
DOID:225	DOID:0060558	lethal congenital contracture syndrome
DOID:225	DOID:0060565	Ritscher-Schinzel syndrome
DOID:225	DOID:0060566	Holzgreve-Wagner-Rehder Syndrome
DOID:225	DOID:0060589	Yunis-Varon syndrome
DOID:225	DOID:0060599	Nance-Horan syndrome
DOID:225	DOID:0060610	megacystis-microcolon-intestinal hypoperistalsis syndrome
DOID:225	DOID:0060611	abdominal obesity-metabolic syndrome
DOID:225	DOID:0060614	ulnar-mammary syndrome
DOID:225	DOID:0060641	endocrine-cerebro-osteodysplasia syndrome
DOID:225	DOID:0060644	chondrodysplasia-pseudohermaphroditism syndrome
DOID:225	DOID:0060647	fetal encasement syndrome
DOID:225	DOID:0060739	hand-foot-genital syndrome
DOID:225	DOID:0060744	Pendred Syndrome
DOID:225	DOID:0060747	Duane-radial ray syndrome
DOID:225	DOID:0060773	cleft lip-palate-ectodermal dysplasia syndrome
DOID:225	DOID:0060782	EEC syndrome
DOID:225	DOID:0060844	Norrie disease
DOID:225	DOID:0060849	osteoporosis-pseudoglioma syndrome
DOID:225	DOID:0060852	Pierson syndrome
DOID:225	DOID:0060857	septooptic dysplasia
DOID:225	DOID:0060858	hypotonia-cystinuria syndrome
DOID:225	DOID:0060861	microphthalmia with limb anomalies
DOID:225	DOID:0060867	macrocephaly-autism syndrome
DOID:225	DOID:0060871	autosomal dominant keratitis-ichthyosis-deafness syndrome
DOID:225	DOID:0060889	prune belly syndrome
DOID:225	DOID:0060953	ZTTK syndrome
DOID:225	DOID:0060989	short stature, facial dysmorphism, and skeletal anomalies with or without cardiac anomalies 1
DOID:225	DOID:0060994	encephalopathy due to defective mitochondrial and peroxisomal fission 2
DOID:225	DOID:0061126	Brunet-Wagner neurodevelopmental syndrome
DOID:225	DOID:0061129	intellectual developmental disorder with dysmorphic facies and behavioral abnormalities
DOID:225	DOID:0061140	ragopathy
DOID:225	DOID:0061147	neurodevelopmental disorder with or without autism or seizures
DOID:225	DOID:0061156	CASGID syndrome
DOID:225	DOID:0061157	retinopathy sensory neuropathy syndrome
DOID:225	DOID:0061196	Mietens syndrome
DOID:225	DOID:0070148	cerebellar ataxia, neuropathy, and vestibular areflexia syndrome
DOID:225	DOID:0070306	post-cardiac arrest syndrome
DOID:225	DOID:0070307	craniolenticulosutural dysplasia
DOID:225	DOID:0070339	cerebellar hyplasia/atrophy, epilepsy, and global developmental delay
DOID:225	DOID:0070345	vertebral anomalies and variable endocrine and T-cell dysfunction
DOID:225	DOID:0070346	neurodevelopmental disorder with cataracts, poor growth, and dysmorphic facies
DOID:225	DOID:0070347	encephalopathy due to defective mitochondrial and peroxisomal fission 1
DOID:225	DOID:0070355	overactive bladder syndrome
DOID:225	DOID:0070408	Hengel-Maroofian-Schols syndrome
DOID:225	DOID:0070415	brachycephaly, trichomegaly, and developmental delay
DOID:225	DOID:0070418	vertebral hypersegmentation and orofacial anomalies
DOID:225	DOID:0070419	acrocardiofacial syndrome
DOID:225	DOID:0070468	Yoon-Bellen neurodevelopmental syndrome
DOID:225	DOID:0070473	Zaki syndrome
DOID:225	DOID:0070511	polyhydramnios, megalencephaly, and symptomatic epilepsy
DOID:225	DOID:0070512	neurodevelopmental disorder with hypotonia and speech delay
DOID:225	DOID:0070539	Halperin-Birk syndrome
DOID:225	DOID:0070564	dialysis disequilibrium syndrome
DOID:225	DOID:0070600	intellectual disability and myopathy syndrome
DOID:225	DOID:0070617	rhabdoid tumor predisposition syndrome
DOID:225	DOID:0070635	cardiovascular-kidney-metabolic syndrome
DOID:225	DOID:0070650	Ramon syndrome
DOID:225	DOID:0070651	neurodevelopmental disorder with seizures and gingival overgrowth
DOID:225	DOID:0070652	Nil-Deshwar neurodevelopmental syndrome
DOID:225	DOID:0070656	hamartoma syndrome
DOID:225	DOID:0070692	Davis-Wells syndrome
DOID:225	DOID:0070699	STAD syndrome
DOID:225	DOID:0070700	Luo-Agrawal neurodevelopmental syndrome
DOID:225	DOID:0070708	dentin dysplasia with sclerotic bones
DOID:225	DOID:0070723	dyschromatosis, ichthyosis, deafness, and atopic disease
DOID:225	DOID:0070743	congenital facial palsy with ptosis and velopharyngeal dysfunction
DOID:225	DOID:0070746	HELIX syndrome
DOID:225	DOID:0070748	joint laxity, short stature, and myopia
DOID:225	DOID:0070749	Mendez-Johnson immunoneurologic syndrome
DOID:225	DOID:0070789	cataract, alopecia, oral mucosal disorder, and psoriasis-like syndrome
DOID:225	DOID:0070790	congenital nonprogressive movement disorder with ataxia and eye movement abnormalities
DOID:225	DOID:0070791	craniofaciocardiohepatic syndrome
DOID:225	DOID:0070794	Guillouet-Gordon syndrome
DOID:225	DOID:0080040	fibrogenesis imperfecta ossium
DOID:225	DOID:0080046	Stickler syndrome
DOID:225	DOID:0080105	microcephaly and chorioretinopathy 1
DOID:225	DOID:0080106	microcephaly and chorioretinopathy 2
DOID:225	DOID:0080107	microcephaly and chorioretinopathy 3
DOID:225	DOID:0080110	contractures, pterygia, and spondylocarpotarsal fusion syndrome
DOID:225	DOID:0080180	Zika virus congenital syndrome
DOID:225	DOID:0080181	PHARC syndrome
DOID:225	DOID:0080194	Carey-Fineman-Ziter syndrome
DOID:225	DOID:0080195	Marinesco-Sjogren syndrome
DOID:225	DOID:0080196	mandibulofacial dysostosis, Guion-Almeida type
DOID:225	DOID:0080201	Peters plus syndrome
DOID:225	DOID:0080327	multinucleated neurons, anhydramnios, renal dysplasia, cerebellar hypoplasia and hydranencephaly
DOID:225	DOID:0080328	Culler-Jones syndrome
DOID:225	DOID:0080342	Simpson-Golabi-Behmel syndrome type 2
DOID:225	DOID:0080344	blepharocheilodontic syndrome
DOID:225	DOID:0080351	CLOVES syndrome
DOID:225	DOID:0080376	trichorhinophalangeal syndrome type III
DOID:225	DOID:0080519	PAPA syndrome
DOID:225	DOID:0080533	Carney-Stratakis syndrome
DOID:225	DOID:0080538	Sweeney-Cox syndrome
DOID:225	DOID:0080575	Larsen-like syndrome B3GAT3 type
DOID:225	DOID:0080597	Kleefstra syndrome
DOID:225	DOID:0080627	alopecia-mental retardation syndrome
DOID:225	DOID:0080631	Elsahy-Waters syndrome
DOID:225	DOID:0080688	mosaic variegated aneuploidy syndrome
DOID:225	DOID:0080690	RASopathy
DOID:225	DOID:0080694	Galloway-Mowat syndrome
DOID:225	DOID:0080695	Burn-McKeown syndrome
DOID:225	DOID:0080696	Winchester syndrome
DOID:225	DOID:0080697	Opitz GBBB syndrome
DOID:225	DOID:0080714	hereditary alpha tryptasemia syndrome
DOID:225	DOID:0080716	infantile liver failure syndrome
DOID:225	DOID:0080720	autosomal dominant congenital deafness with onychodystrophy
DOID:225	DOID:0080724	Kenny-Caffey syndrome
DOID:225	DOID:0080828	VEXAS syndrome
DOID:225	DOID:0080835	TORCH syndrome
DOID:225	DOID:0080836	growth hormone insensitivity syndrome with immune dysregulation 1
DOID:225	DOID:0080837	growth hormone insensitivity syndrome with immune dysregulation 2
DOID:225	DOID:0080893	Bainbridge-Ropers syndrome
DOID:225	DOID:0080898	cerebellofaciodental syndrome
DOID:225	DOID:0080948	agenesis of corpus callosum, cardiac, ocular, and genital syndrome
DOID:225	DOID:0080952	AMED syndrome
DOID:225	DOID:0081008	Lodder-Merla syndrome type 1 with impaired intellectual development and cardiac arrhythmia
DOID:225	DOID:0081044	frontonasal dysplasia
DOID:225	DOID:0081048	congenital limbs-face contractures-hypotonia-developmental delay syndrome
DOID:225	DOID:0081051	microcephaly, growth deficiency, seizures, and brain malformations
DOID:225	DOID:0081063	DICER1 syndrome
DOID:225	DOID:0081072	craniofacial dysmorphism, skeletal anomalies, and mental retardation syndrome
DOID:225	DOID:0081073	Teebi hypertelorism syndrome
DOID:225	DOID:0081126	DeSanto-Shinawi syndrome
DOID:225	DOID:0081175	short stature, hearing loss, retinitis pigmentosa, and distinctive facies
DOID:225	DOID:0081176	hypotonia, ataxia, and delayed development syndrome
DOID:225	DOID:0081242	autoimmune interstitial lung, joint, and kidney disease
DOID:225	DOID:0081264	developmental delay, hypotrophy, and dysmorphic features without Moebius syndrome
DOID:225	DOID:0081272	Sandestig-Stefanova syndrome
DOID:225	DOID:0081276	cerebellar atrophy, visual impairment, and psychomotor retardation
DOID:225	DOID:0081323	breast implant illness
DOID:225	DOID:0081332	progeroid syndrome
DOID:225	DOID:0081370	LADD syndrome
DOID:225	DOID:0081386	TANGO2-related metabolic encephalopathy and arrythmias
DOID:225	DOID:0081394	Caroli syndrome
DOID:225	DOID:0081395	Harel-Yoon syndrome
DOID:225	DOID:0081396	neonatal lethal pontocerebellar hypoplasia, hypotonia, and respiratory insufficiency syndrome
DOID:225	DOID:0081397	Vissers-Bodmer syndrome
DOID:225	DOID:0081432	microcephaly-micromelia syndrome
DOID:225	DOID:0081441	Nicolaides-Baraitser syndrome
DOID:225	DOID:0081442	blepharophimosis-impaired intellectual development syndrome
DOID:225	DOID:0081443	Stolerman neurodevelopmental syndrome
DOID:225	DOID:0090001	Fraser syndrome
DOID:225	DOID:0090002	Tietz syndrome
DOID:225	DOID:0090005	Schwartz-Jampel syndrome 1
DOID:225	DOID:0090006	renal coloboma syndrome
DOID:225	DOID:0090007	immunodeficiency-centromeric instability-facial anomalies syndrome
DOID:225	DOID:0090017	epidermolysis bullosa simplex with muscular dystrophy
DOID:225	DOID:0090060	Wolcott-Rallison syndrome
DOID:225	DOID:0090066	Fanconi-like syndrome
DOID:225	DOID:0090111	PCWH syndrome
DOID:225	DOID:0090112	Nasu-Hakola disease
DOID:225	DOID:0090113	RIDDLE syndrome
DOID:225	DOID:0090117	thiamine-responsive megaloblastic anemia syndrome
DOID:225	DOID:0090127	camptodactyly-arthropathy-coxa vara-pericarditis syndrome
DOID:225	DOID:0090143	brachyolmia-amelogenesis imperfecta syndrome
DOID:225	DOID:0090144	Donnai-Barrow syndrome
DOID:225	DOID:0110029	alpha thalassemia-intellectual disability syndrome type 1
DOID:225	DOID:0110030	alpha thalassemia-X-linked intellectual disability syndrome
DOID:225	DOID:0111140	IGSF1 deficiency syndrome
DOID:225	DOID:0111158	SADDAN
DOID:225	DOID:0111160	camptodactyly-tall stature-scoliosis-hearing loss syndrome
DOID:225	DOID:0111161	Crouzon syndrome-acanthosis nigricans syndrome
DOID:225	DOID:0111247	hypertension and brachydactyly syndrome
DOID:225	DOID:0111248	cerebrocostomandibular syndrome
DOID:225	DOID:0111249	uveal coloboma-cleft lip and palate-intellectual disability
DOID:225	DOID:0111255	McKusick-Kaufman syndrome
DOID:225	DOID:0111256	hyperferritinemia-cataract syndrome
DOID:225	DOID:0111259	postaxial acrofacial dysostosis
DOID:225	DOID:0111264	Ruijs-Aalfs syndrome
DOID:225	DOID:0111265	Boucher-Neuhauser syndrome
DOID:225	DOID:0111266	geroderma osteodysplasticum
DOID:225	DOID:0111271	Oliver-McFarlane syndrome
DOID:225	DOID:0111274	CODAS syndrome
DOID:225	DOID:0111278	histiocytosis-lymphadenopathy plus syndrome
DOID:225	DOID:0111334	congenital leptin deficiency
DOID:225	DOID:0111336	craniofacial-deafness-hand syndrome
DOID:225	DOID:0111337	Jackson-Weiss syndrome
DOID:225	DOID:0111339	Vohwinkel syndrome
DOID:225	DOID:0111340	dominant optic atrophy plus syndrome
DOID:225	DOID:0111343	lateral meningocele syndrome
DOID:225	DOID:0111348	multiple epiphyseal dysplasia with myopia and deafness
DOID:225	DOID:0111349	hereditary desmoid disease
DOID:225	DOID:0111358	Floating-Harbor syndrome
DOID:225	DOID:0111360	hypotrichosis-lymphedema-telangiectasia-renal defect syndrome
DOID:225	DOID:0111361	hypotrichosis-lymphedema-telangiectasia syndrome
DOID:225	DOID:0111375	fetal akinesia deformation sequence syndrome
DOID:225	DOID:0111381	IVIC syndrome
DOID:225	DOID:0111404	Jalili syndrome
DOID:225	DOID:0111414	trichohepatoenteric syndrome
DOID:225	DOID:0111454	SHORT syndrome
DOID:225	DOID:0111505	palmoplantar keratoderma-deafness syndrome
DOID:225	DOID:0111506	palmoplantar keratoderma-esophageal carcinoma syndrome
DOID:225	DOID:0111507	Lenz-Majewski hyperostotic dwarfism
DOID:225	DOID:0111509	lymphedema-distichiasis syndrome
DOID:225	DOID:0111511	melanoma and neural system tumor syndrome
DOID:225	DOID:0111530	linear nevus sebaceous syndrome
DOID:225	DOID:0111534	multicentric carpotarsal osteolysis syndrome
DOID:225	DOID:0111535	progressive osseous heteroplasia
DOID:225	DOID:0111536	Buschke-Ollendorff syndrome
DOID:225	DOID:0111543	juvenile polyposis-hereditary hemorrhagic telangiectasia syndrome
DOID:225	DOID:0111544	Guttmacher syndrome
DOID:225	DOID:0111546	Currarino syndrome
DOID:225	DOID:0111549	aplasia of lacrimal and salivary glands
DOID:225	DOID:0111555	Alkuraya-Kucinskas syndrome
DOID:225	DOID:0111564	hypoplastic or aplastic tibia with polydactyly
DOID:225	DOID:0111565	trichodontoosseous syndrome
DOID:225	DOID:0111578	Gillespie syndrome
DOID:225	DOID:0111581	C syndrome
DOID:225	DOID:0111582	hereditary arterial and articular multiple calcification syndrome
DOID:225	DOID:0111584	dilated cardiomyopathy-hypergonadotropic hypogonadism syndrome
DOID:225	DOID:0111586	Martsolf syndrome
DOID:225	DOID:0111589	COACH syndrome
DOID:225	DOID:0111590	Cohen syndrome
DOID:225	DOID:0111591	congenital heart defects, hamartomas of tongue, and polysyndactyly
DOID:225	DOID:0111592	plasminogen deficiency type I
DOID:225	DOID:0111620	corneal dystrophy-perceptive deafness syndrome
DOID:225	DOID:0111621	Temtamy syndrome
DOID:225	DOID:0111625	ventriculomegaly - cystic kidney disease
DOID:225	DOID:0111627	DOORS syndrome
DOID:225	DOID:0111628	high myopia-sensorineural deafness syndrome
DOID:225	DOID:0111666	proliferative vasculopathy and hydranencephaly-hydrocephaly syndrome
DOID:225	DOID:0111668	Kohlschutter-Tonz syndrome
DOID:225	DOID:0111674	intellectual developmental disorder with short stature and behavioral abnormalities
DOID:225	DOID:0111675	neurooculocardiogenitourinary syndrome
DOID:225	DOID:0111687	Potocki-Shaffer syndrome
DOID:225	DOID:0111688	Ayme-Gripp syndrome
DOID:225	DOID:0111697	cleft palate, cardiac defects, and intellectual disability
DOID:225	DOID:0111698	proprotein convertase 1/3 deficiency
DOID:225	DOID:0111699	Van den Ende-Gupta syndrome
DOID:225	DOID:0111712	Kagami-Ogata syndrome
DOID:225	DOID:0111713	Temple syndrome
DOID:225	DOID:0111714	Mulchandani-Bhoj-Conlin syndrome
DOID:225	DOID:0111715	Schaaf-Yang syndrome
DOID:225	DOID:0111733	pancreatic hypoplasia-diabetes-congenital heart disease syndrome
DOID:225	DOID:0111754	Leber plus disease
DOID:225	DOID:0111780	TARP syndrome
DOID:225	DOID:0111781	Waisman syndrome
DOID:225	DOID:0111821	ichthyosis follicularis-alopecia-photophobia syndrome 1
DOID:225	DOID:0111822	CHILD syndrome
DOID:225	DOID:0111824	Aarskog syndrome
DOID:225	DOID:0111826	Abruzzo-Erickson syndrome
DOID:225	DOID:0111841	Shukla-Vernon syndrome
DOID:225	DOID:0111842	Keipert syndrome
DOID:225	DOID:0111859	midface hypoplasia, hearing impairment, elliptocytosis, and nephrocalcinosis
DOID:225	DOID:0111860	AMME complex
DOID:225	DOID:0111861	Meester-Loeys syndrome
DOID:225	DOID:0111866	trichothiodystrophy
DOID:225	DOID:0111875	MLS syndrome
DOID:225	DOID:0111931	syndactyly-telecanthus-anogenital and renal malformations syndrome
DOID:225	DOID:0112123	deafness, dystonia, and cerebral hypomyelination
DOID:225	DOID:0112124	X-linked retinitis pigmentosa and sinorespiratory infections
DOID:225	DOID:0112125	alpha-thalassemia myelodysplasia syndrome
DOID:225	DOID:0112148	Uruguay faciocardiomusculoskeletal syndrome
DOID:225	DOID:0112149	terminal osseous dysplasia
DOID:225	DOID:0112151	corpus callosum agenesis-abnormal genitalia syndrome
DOID:225	DOID:0112152	CHIME syndrome
DOID:225	DOID:0112171	wrinkly skin syndrome
DOID:225	DOID:0112177	Mayer-Rokitansky-Kuster-Hauser syndrome
DOID:225	DOID:0112181	Schinzel type phocomelia
DOID:225	DOID:0112182	mismatch repair cancer syndrome
DOID:225	DOID:0112191	tetraamelia syndrome
DOID:225	DOID:0112194	Filippi syndrome
DOID:225	DOID:0112226	Bosch-Boonstra-Schaaf optic atrophy syndrome
DOID:225	DOID:0112244	alopecia, neurologic defects, and endocrinopathy syndrome
DOID:225	DOID:0112247	congenital heart defects, dysmorphic facial features, and intellectual developmental disorder
DOID:225	DOID:0112249	GAPO syndrome
DOID:225	DOID:0112251	Ghosal hematodiaphyseal syndrome
DOID:225	DOID:0112254	hepatic venoocclusive disease with immunodeficiency
DOID:225	DOID:0112264	Woodhouse-Sakati syndrome
DOID:225	DOID:0112290	spondyloepiphyseal dysplasia, sensorineural hearing loss, intellectual developmental disorder, and Leber congenital amaurosis
DOID:225	DOID:0112294	spondyloepiphyseal dysplasia with coronal craniosynostosis, cataracts, cleft palate, and impaired intellectual development
DOID:225	DOID:0112358	short stature, facial dysmorphism, and skeletal anomalies with or without cardiac anomalies 2
DOID:225	DOID:0112359	congenital anomalies of kidney and urinary tract syndrome with or without hearing loss, abnormal ears, or developmental delay
DOID:225	DOID:0112383	KINSSHIP syndrome
DOID:225	DOID:10041	dysplastic nevus syndrome
DOID:225	DOID:10426	Klippel-Feil syndrome
DOID:225	DOID:1056	oculocerebrorenal syndrome
DOID:225	DOID:10632	Wolfram syndrome
DOID:225	DOID:10983	Alport syndrome
DOID:225	DOID:11198	DiGeorge syndrome
DOID:225	DOID:11549	Adie syndrome
DOID:225	DOID:11577	Cauda equina syndrome
DOID:225	DOID:11725	Cornelia de Lange syndrome
DOID:225	DOID:11824	multicentric reticulohistiocytosis
DOID:225	DOID:11983	Prader-Willi syndrome
DOID:225	DOID:12580	Cri-Du-Chat syndrome
DOID:225	DOID:12714	Ellis-Van Creveld syndrome
DOID:225	DOID:13002	subclavian steal syndrome
DOID:225	DOID:13087	Lown-Ganong-Levine syndrome
DOID:225	DOID:13095	vertebral artery insufficiency
DOID:225	DOID:13482	Proteus syndrome
DOID:225	DOID:13677	SAPHO syndrome
DOID:225	DOID:14213	hypophosphatasia
DOID:225	DOID:14261	fragile X syndrome
DOID:225	DOID:14283	primary hypertrophic osteoarthropathy
DOID:225	DOID:14501	Sjogren-Larsson syndrome
DOID:225	DOID:14525	Reye syndrome
DOID:225	DOID:14670	hypertelorism, microtia, facial clefting syndrome
DOID:225	DOID:14679	VACTERL association
DOID:225	DOID:14694	Johanson-Blizzard syndrome
DOID:225	DOID:14699	thrombocytopenia-absent radius syndrome
DOID:225	DOID:14702	branchiootorenal syndrome
DOID:225	DOID:14711	FG syndrome
DOID:225	DOID:14731	Weaver syndrome
DOID:225	DOID:14737	craniofrontonasal syndrome
DOID:225	DOID:14743	trichorhinophalangeal syndrome type I
DOID:225	DOID:14748	Sotos syndrome
DOID:225	DOID:14764	Larsen syndrome
DOID:225	DOID:14778	blepharophimosis, ptosis, and epicanthus inversus syndrome
DOID:225	DOID:14780	KBG syndrome
DOID:225	DOID:14796	Dubowitz syndrome
DOID:225	DOID:1485	cystic fibrosis
DOID:225	DOID:1858	McCune Albright syndrome
DOID:225	DOID:1925	Coffin-Siris syndrome
DOID:225	DOID:1928	Williams-Beuren syndrome
DOID:225	DOID:1930	Laurence-Moon syndrome
DOID:225	DOID:1932	Angelman syndrome
DOID:225	DOID:1933	Rubinstein-Taybi syndrome
DOID:225	DOID:1935	Bardet-Biedl syndrome
DOID:225	DOID:2120	focal dermal hypoplasia
DOID:225	DOID:2121	ectodermal dysplasia
DOID:225	DOID:223	basilar artery insufficiency
DOID:225	DOID:2512	nevoid basal cell carcinoma syndrome
DOID:225	DOID:2581	chondrodysplasia punctata
DOID:225	DOID:2717	Bloom syndrome
DOID:225	DOID:2907	Goldenhar syndrome
DOID:225	DOID:2908	Treacher Collins syndrome
DOID:225	DOID:2926	Klippel-Trenaunay syndrome
DOID:225	DOID:2935	Chediak-Higashi syndrome
DOID:225	DOID:2962	Cockayne syndrome
DOID:225	DOID:3012	Li-Fraumeni syndrome
DOID:225	DOID:3047	Wissler-Fanconi syndrome
DOID:225	DOID:3125	multiple endocrine neoplasia
DOID:225	DOID:3753	Hermansky-Pudlak syndrome
DOID:225	DOID:3764	Denys-Drash syndrome
DOID:225	DOID:3783	Coffin-Lowry syndrome
DOID:225	DOID:3883	Lynch syndrome
DOID:225	DOID:4491	persian gulf syndrome
DOID:225	DOID:4501	orofaciodigital syndrome
DOID:225	DOID:4534	Hallermann-Streiff syndrome
DOID:225	DOID:4621	holoprosencephaly
DOID:225	DOID:4624	Ollier disease
DOID:225	DOID:4661	multiple chemical sensitivity
DOID:225	DOID:4837	Gorham's disease
DOID:225	DOID:4998	trichorhinophalangeal syndrome type II
DOID:225	DOID:5325	Roberts syndrome
DOID:225	DOID:5572	Beckwith-Wiedemann syndrome
DOID:225	DOID:5683	hereditary breast ovarian cancer syndrome
DOID:225	DOID:631	fibromyalgia
DOID:225	DOID:6677	diffuse infiltrative lymphocytosis syndrome
DOID:225	DOID:6678	tooth and nail syndrome
DOID:225	DOID:6686	Achard syndrome
DOID:225	DOID:6691	Aagenaes syndrome
DOID:225	DOID:6692	Barre-Lieou syndrome
DOID:225	DOID:6712	anterior spinal artery syndrome
DOID:225	DOID:7400	Nijmegen breakage syndrome
DOID:225	DOID:8461	Aicardi syndrome
DOID:225	DOID:8544	chronic fatigue syndrome
DOID:225	DOID:9007	sudden infant death syndrome
DOID:225	DOID:9169	Wiskott-Aldrich syndrome
DOID:225	DOID:9248	Pallister-Hall syndrome
DOID:225	DOID:9249	Beemer-Langer syndrome
DOID:225	DOID:9250	acrocallosal syndrome
DOID:225	DOID:9258	Waardenburg syndrome
DOID:225	DOID:9375	Fuchs' heterochromic uveitis
DOID:225	DOID:9467	nail-patella syndrome
DOID:225	DOID:9521	Laron syndrome
DOID:225	DOID:9892	median arcuate ligament syndrome
DOID:2253	DOID:0050269	Trichomonas vaginalis trichomoniasis
DOID:2253	DOID:0060110	cervical benign neoplasm
DOID:2253	DOID:0060325	cervical polyp
DOID:2253	DOID:2251	hypertrophic elongation of cervix
DOID:2253	DOID:2568	cervicitis
DOID:2253	DOID:3456	cervix erosion
DOID:2253	DOID:361	cervix endometriosis
DOID:2253	DOID:4362	cervical cancer
DOID:2253	DOID:8991	cervix uteri carcinoma in situ
DOID:2253	DOID:9043	uterine cervix leukoplakia
DOID:2253	DOID:9681	cervical incompetence
DOID:2256	DOID:0050463	campomelic dysplasia
DOID:2256	DOID:0050603	acheiropody
DOID:2256	DOID:0050604	acrocapitofemoral dysplasia
DOID:2256	DOID:0050648	atelosteogenesis
DOID:2256	DOID:0050680	Boomerang dysplasia
DOID:2256	DOID:0050690	brachyolmia
DOID:2256	DOID:0050767	midface dysplasia
DOID:2256	DOID:0050775	schneckenbecken dysplasia
DOID:2256	DOID:0060288	omodysplasia
DOID:2256	DOID:0060387	chondrodysplasia Blomstrand type
DOID:2256	DOID:0060462	Desbuquois dysplasia
DOID:2256	DOID:0060465	fibrochondrogenesis
DOID:2256	DOID:0060569	hypertrichotic osteochondrodysplasia Cantu type
DOID:2256	DOID:0060608	microcephalic osteodysplastic primordial dwarfism type I
DOID:2256	DOID:0060609	microcephalic osteodysplastic primordial dwarfism type II
DOID:2256	DOID:0060847	Leri-Weill dyschondrosteosis
DOID:2256	DOID:0080019	metaphyseal dysplasia
DOID:2256	DOID:0080026	otospondylomegaepiphyseal dysplasia, autosomal recessive
DOID:2256	DOID:0080027	spondyloepimetaphyseal dysplasia
DOID:2256	DOID:0080038	pycnodysostosis
DOID:2256	DOID:0080041	hypochondroplasia
DOID:2256	DOID:0080043	achondrogenesis
DOID:2256	DOID:0080044	hypochondrogenesis
DOID:2256	DOID:0080045	Kniest dysplasia
DOID:2256	DOID:0080047	pseudoachondroplasia
DOID:2256	DOID:0080049	acromesomelic dysplasia
DOID:2256	DOID:0080664	diaphyseal medullary stenosis with malignant fibrous histiocytoma
DOID:2256	DOID:0080677	otospondylomegaepiphyseal dysplasia, autosomal dominant
DOID:2256	DOID:0080721	calvarial doughnut lesions with bone fragility
DOID:2256	DOID:0080724	Kenny-Caffey syndrome
DOID:2256	DOID:0081431	microcephaly, short stature, and limb abnormalities
DOID:2256	DOID:0090004	progressive pseudorheumatoid arthropathy of childhood
DOID:2256	DOID:0090032	Silverman-Handmaker type dyssegmental dysplasia
DOID:2256	DOID:0111243	acromicric dysplasia
DOID:2256	DOID:0111367	Beukes hip dysplasia
DOID:2256	DOID:0111508	Torrance type platyspondylic dysplasia
DOID:2256	DOID:0111512	metachondromatosis
DOID:2256	DOID:0111513	metaphyseal dysplasia-maxillary hypoplasia-brachydactyly syndrome
DOID:2256	DOID:0111532	osteoglophonic dysplasia
DOID:2256	DOID:0111533	gnathodiaphyseal dysplasia
DOID:2256	DOID:0111539	parastremmatic dwarfism
DOID:2256	DOID:0112195	spondyloperipheral dysplasia
DOID:2256	DOID:0112224	chondrodysplasia with joint dislocations gPAPP type
DOID:2256	DOID:0112280	spondyloepiphyseal dysplasia
DOID:2256	DOID:0112295	spondylometaphyseal dysplasia
DOID:2256	DOID:12347	osteogenesis imperfecta
DOID:2256	DOID:12721	multiple epiphyseal dysplasia
DOID:2256	DOID:13481	thanatophoric dysplasia
DOID:2256	DOID:13994	cleidocranial dysplasia
DOID:2256	DOID:14687	diastrophic dysplasia
DOID:2256	DOID:14798	Blount's disease
DOID:2256	DOID:4258	Weissenbacher-Zweymuller syndrome
DOID:2256	DOID:4480	achondroplasia
DOID:227	DOID:12661	tooth ankylosis
DOID:2277	DOID:1100	ovarian disease
DOID:2277	DOID:1923	disorder of sexual development
DOID:2277	DOID:1924	hypogonadism
DOID:2277	DOID:2519	testicular disease
DOID:2282	DOID:2280	hidradenitis suppurativa
DOID:229	DOID:0060086	female reproductive organ benign neoplasm
DOID:229	DOID:0060329	ectopic pregnancy
DOID:229	DOID:0111144	preterm premature rupture of the membranes
DOID:229	DOID:1003	pelvic inflammatory disease
DOID:229	DOID:1100	ovarian disease
DOID:229	DOID:120	female reproductive organ cancer
DOID:229	DOID:121	vaginal disease
DOID:229	DOID:12735	hernia of ovary and fallopian tube
DOID:229	DOID:1284	prolapse of female genital organ
DOID:229	DOID:13938	amenorrhea
DOID:229	DOID:14133	Masters-Allen syndrome
DOID:229	DOID:1962	fallopian tube disease
DOID:229	DOID:2059	vulvar disease
DOID:229	DOID:2273	vulvovaginitis
DOID:229	DOID:289	endometriosis
DOID:229	DOID:345	uterine disease
DOID:229	DOID:429	gynatresia
DOID:229	DOID:4333	parovarian cyst
DOID:229	DOID:60002	Bartholin's gland disease
DOID:229	DOID:727	premenstrual tension
DOID:229	DOID:7518	inhibited female orgasm
DOID:231	DOID:0111552	scapuloperoneal spinal muscular atrophy
DOID:231	DOID:070355	multisystem proteinopathy
DOID:231	DOID:12377	spinal muscular atrophy
DOID:231	DOID:230	lateral sclerosis
DOID:231	DOID:318	progressive muscular atrophy
DOID:231	DOID:332	amyotrophic lateral sclerosis
DOID:231	DOID:4873	anterior horn cell disease
DOID:231	DOID:4986	nonparalytic poliomyelitis
DOID:231	DOID:681	progressive bulbar palsy
DOID:231	DOID:683	multifocal motor neuropathy
DOID:2316	DOID:224	transient cerebral ischemia
DOID:2320	DOID:3083	chronic obstructive pulmonary disease
DOID:2326	DOID:13622	campylobacteriosis
DOID:2326	DOID:4031	eosinophilic gastroenteritis
DOID:2327	DOID:6102	herpetic gastritis
DOID:234	DOID:3029	colon mucinous adenocarcinoma
DOID:234	DOID:3033	colon signet ring adenocarcinoma
DOID:234	DOID:3038	submucosal invasive colon adenocarcinoma
DOID:2340	DOID:0060703	Muenke Syndrome
DOID:2340	DOID:0060912	craniosynostosis 7
DOID:2340	DOID:0061008	craniosynostosis 6
DOID:2340	DOID:0061009	craniosynostosis 2
DOID:2340	DOID:0061010	craniosynostosis 1
DOID:2340	DOID:0061011	craniosynostosis 3
DOID:2340	DOID:0061012	craniosynostosis 4
DOID:2340	DOID:0081289	Antley-Bixler syndrome
DOID:2340	DOID:2339	Crouzon syndrome
DOID:2345	DOID:0111583	carboxypeptidase N deficiency
DOID:2345	DOID:13372	alpha 1-antitrypsin deficiency
DOID:2345	DOID:2344	polyclonal hypergammaglobulinemia
DOID:2345	DOID:2346	monoclonal paraproteinemia
DOID:2345	DOID:9080	macroglobulinemia
DOID:2348	DOID:1936	atherosclerosis
DOID:2349	DOID:13097	intracranial arteriosclerosis
DOID:2349	DOID:2348	arteriosclerotic cardiovascular disease
DOID:2349	DOID:3669	intermittent claudication
DOID:2349	DOID:5160	arteriosclerosis obliterans
DOID:2349	DOID:5161	Monckeberg arteriosclerosis
DOID:2349	DOID:5162	arteriolosclerosis
DOID:235	DOID:0050912	colon adenoma
DOID:235	DOID:10657	colonic lymphangioma
DOID:235	DOID:1896	sigmoid neoplasm
DOID:235	DOID:4118	colon neuroendocrine neoplasm
DOID:2351	DOID:0050711	aceruloplasminemia
DOID:2351	DOID:12119	hemosiderosis
DOID:2352	DOID:0111028	hemochromatosis type 4
DOID:2352	DOID:0111029	hemochromatosis type 1
DOID:2352	DOID:0111030	hemochromatosis type 3
DOID:2352	DOID:0111031	hemochromatosis type 5
DOID:2352	DOID:0111033	African iron overload
DOID:2352	DOID:0111034	hemochromatosis type 2
DOID:2355	DOID:0112156	X-linked dyserythropoietic anemia
DOID:2355	DOID:10923	sickle cell anemia
DOID:2355	DOID:11244	neonatal anemia
DOID:2355	DOID:11252	microcytic anemia
DOID:2355	DOID:11759	hypochromic anemia
DOID:2355	DOID:12450	pancytopenia
DOID:2355	DOID:13120	protein-deficiency anemia
DOID:2355	DOID:13381	pernicious anemia
DOID:2355	DOID:14026	folic acid deficiency anemia
DOID:2355	DOID:2361	macrocytic anemia
DOID:2355	DOID:720	normocytic anemia
DOID:2355	DOID:8455	pyridoxine deficiency anemia
DOID:2361	DOID:0111562	overhydrated hereditary stomatocytosis
DOID:2361	DOID:13382	megaloblastic anemia
DOID:2365	DOID:0050174	Kunjin encephalitis
DOID:2367	DOID:0070343	CSF1R-related brain malformation and osteopetrosis
DOID:2368	DOID:3321	GM2 gangliosidosis
DOID:2368	DOID:3322	GM1 gangliosidosis
DOID:2377	DOID:0050783	secondary progressive multiple sclerosis
DOID:2377	DOID:0050784	primary progressive multiple sclerosis
DOID:2377	DOID:0050785	progressive relapsing multiple sclerosis
DOID:2377	DOID:0060215	Balo concentric sclerosis
DOID:2377	DOID:2378	relapsing-remitting multiple sclerosis
DOID:238	DOID:11177	total internal ophthalmoplegia
DOID:238	DOID:11518	abnormal pupillary function
DOID:2383	DOID:11452	perinatal jaundice due to hepatocellular damage
DOID:2383	DOID:12043	kernicterus due to isoimmunization
DOID:2388	DOID:14092	renal artery atheroma
DOID:2388	DOID:2972	renal artery obstruction
DOID:2394	DOID:0050928	ovarian melanoma
DOID:2394	DOID:2143	ovarian malignant mesothelioma
DOID:2394	DOID:2145	malignant ovarian cyst
DOID:2394	DOID:2146	ovary sarcoma
DOID:2394	DOID:2150	ovarian lymphoma
DOID:2394	DOID:2152	ovary epithelial cancer
DOID:2394	DOID:2153	ovarian Wilms' cancer
DOID:2394	DOID:2156	ovarian germ cell cancer
DOID:2394	DOID:3002	ovary neuroendocrine neoplasm
DOID:2394	DOID:4441	dysgerminoma
DOID:2394	DOID:4527	ovarian angiosarcoma
DOID:2394	DOID:5531	ovarian squamous cell carcinoma
DOID:2394	DOID:5681	ovarian embryonal carcinoma
DOID:2394	DOID:5697	liposarcoma of the ovary
DOID:2394	DOID:6554	ovarian clear cell malignant adenofibroma
DOID:240	DOID:12271	aniridia
DOID:240	DOID:13641	exfoliation syndrome
DOID:240	DOID:1406	iritis
DOID:240	DOID:3478	iris cancer
DOID:240	DOID:4353	ciliary body disease
DOID:2431	DOID:2430	skin glomus tumor
DOID:2431	DOID:5233	glomangiosarcoma
DOID:2431	DOID:5236	subungual glomus tumor
DOID:2435	DOID:6048	telangiectatic glomangioma
DOID:2436	DOID:2435	skin glomangioma
DOID:2436	DOID:7996	familial glomangioma
DOID:2438	DOID:5132	leiomyoma cutis
DOID:2444	DOID:2449	acromegaly
DOID:2444	DOID:3946	pituitary-dependent Cushing's disease
DOID:2451	DOID:0111900	autosomal dominant thrombophilia due to protein S deficiency
DOID:2451	DOID:0111905	autosomal recessive thrombophilia due to protein S deficiency
DOID:2452	DOID:0111899	X-linked thrombophilia due to factor IX defect
DOID:2452	DOID:0111901	heparin cofactor II deficiency
DOID:2452	DOID:0111902	thrombophilia due to activated protein C resistance
DOID:2452	DOID:0111903	thrombophilia due to HRG deficiency
DOID:2452	DOID:0111906	thrombophilia due to decreased release of PLAT
DOID:2452	DOID:0111907	thrombophilia due to thrombin defect
DOID:2452	DOID:0111908	thrombophilia due to thrombomodulin defect
DOID:2452	DOID:10772	thrombotic thrombocytopenic purpura
DOID:2452	DOID:11247	disseminated intravascular coagulation
DOID:2452	DOID:2235	prothrombin deficiency
DOID:2452	DOID:2451	protein S deficiency
DOID:2452	DOID:3755	antithrombin III deficiency
DOID:2452	DOID:3756	protein C deficiency
DOID:2456	DOID:13999	contact blepharoconjunctivitis
DOID:2456	DOID:2455	angular blepharoconjunctivitis
DOID:2458	DOID:2457	giant papillary conjunctivitis
DOID:2462	DOID:0050535	exudative vitreoretinopathy
DOID:2462	DOID:11295	retinal microaneurysm
DOID:2462	DOID:11563	retinal vasculitis
DOID:2462	DOID:12510	retinal ischemia
DOID:2462	DOID:7736	retinal telangiectasia
DOID:2462	DOID:8947	diabetic retinopathy
DOID:2468	DOID:11328	schizophreniform disorder
DOID:2468	DOID:5418	schizoaffective disorder
DOID:2468	DOID:5419	schizophrenia
DOID:2468	DOID:778	delusional disorder
DOID:2468	DOID:8646	substance-induced psychosis
DOID:2473	DOID:0050288	penicilliosis
DOID:2473	DOID:0050289	fusariosis
DOID:2473	DOID:0050290	trichosporonosis
DOID:2473	DOID:11339	pneumocystosis
DOID:2473	DOID:12053	cryptococcosis
DOID:2473	DOID:13564	aspergillosis
DOID:2473	DOID:1508	candidiasis
DOID:2473	DOID:2832	geotrichosis
DOID:2473	DOID:4271	microsporidiosis
DOID:2473	DOID:8484	maple bark strippers' lung
DOID:2473	DOID:8485	mucormycosis
DOID:2475	DOID:11204	allergic conjunctivitis
DOID:2475	DOID:13326	chronic follicular conjunctivitis
DOID:2475	DOID:13341	parasitic conjunctivitis
DOID:2475	DOID:2474	vernal conjunctivitis
DOID:2475	DOID:9512	simple chronic conjunctivitis
DOID:2476	DOID:0050886	Troyer syndrome
DOID:2476	DOID:0060245	Mast syndrome
DOID:2476	DOID:0060246	MASA syndrome
DOID:2476	DOID:0070454	hereditary spastic paraplegia 70
DOID:2476	DOID:0070455	hereditary spastic paraplegia 79A
DOID:2476	DOID:0070456	hereditary spastic paraplegia 87
DOID:2476	DOID:0070457	hereditary spastic paraplegia 88
DOID:2476	DOID:0070458	hereditary spastic paraplegia 89
DOID:2476	DOID:0070459	hereditary spastic paraplegia 90A
DOID:2476	DOID:0070460	hereditary spastic paraplegia 90B
DOID:2476	DOID:0070642	hereditary spastic paraplegia 72B
DOID:2476	DOID:0070643	hereditary spastic paraplegia 91
DOID:2476	DOID:0070644	hereditary spastic paraplegia 92
DOID:2476	DOID:0070645	hereditary spastic paraplegia 93
DOID:2476	DOID:0070718	neurodevelopmental disorder with behavioral abnormalities and childhood-onset spastic paraplegia
DOID:2476	DOID:0081100	spastic paraplegia with deafness
DOID:2476	DOID:0110763	hereditary spastic paraplegia 10
DOID:2476	DOID:0110764	hereditary spastic paraplegia 11
DOID:2476	DOID:0110765	hereditary spastic paraplegia 12
DOID:2476	DOID:0110766	hereditary spastic paraplegia 13
DOID:2476	DOID:0110767	hereditary spastic paraplegia 14
DOID:2476	DOID:0110768	hereditary spastic paraplegia 15
DOID:2476	DOID:0110769	hereditary spastic paraplegia 16
DOID:2476	DOID:0110770	hereditary spastic paraplegia 17
DOID:2476	DOID:0110771	hereditary spastic paraplegia 18
DOID:2476	DOID:0110772	hereditary spastic paraplegia 19
DOID:2476	DOID:0110773	hereditary spastic paraplegia 2
DOID:2476	DOID:0110774	hereditary spastic paraplegia 23
DOID:2476	DOID:0110775	hereditary spastic paraplegia 24
DOID:2476	DOID:0110776	hereditary spastic paraplegia 25
DOID:2476	DOID:0110777	hereditary spastic paraplegia 26
DOID:2476	DOID:0110778	hereditary spastic paraplegia 27
DOID:2476	DOID:0110779	hereditary spastic paraplegia 28
DOID:2476	DOID:0110780	hereditary spastic paraplegia 29
DOID:2476	DOID:0110781	hereditary spastic paraplegia 30
DOID:2476	DOID:0110782	hereditary spastic paraplegia 31
DOID:2476	DOID:0110783	hereditary spastic paraplegia 32
DOID:2476	DOID:0110784	hereditary spastic paraplegia 33
DOID:2476	DOID:0110785	hereditary spastic paraplegia 34
DOID:2476	DOID:0110786	hereditary spastic paraplegia 35
DOID:2476	DOID:0110787	hereditary spastic paraplegia 36
DOID:2476	DOID:0110788	hereditary spastic paraplegia 37
DOID:2476	DOID:0110789	hereditary spastic paraplegia 38
DOID:2476	DOID:0110790	hereditary spastic paraplegia 39
DOID:2476	DOID:0110791	hereditary spastic paraplegia 3A
DOID:2476	DOID:0110792	hereditary spastic paraplegia 4
DOID:2476	DOID:0110793	hereditary spastic paraplegia 41
DOID:2476	DOID:0110794	hereditary spastic paraplegia 42
DOID:2476	DOID:0110795	hereditary spastic paraplegia 43
DOID:2476	DOID:0110796	hereditary spastic paraplegia 44
DOID:2476	DOID:0110797	hereditary spastic paraplegia 45
DOID:2476	DOID:0110798	hereditary spastic paraplegia 46
DOID:2476	DOID:0110799	hereditary spastic paraplegia 47
DOID:2476	DOID:0110800	hereditary spastic paraplegia 48
DOID:2476	DOID:0110802	hereditary spastic paraplegia 50
DOID:2476	DOID:0110803	hereditary spastic paraplegia 51
DOID:2476	DOID:0110804	hereditary spastic paraplegia 52
DOID:2476	DOID:0110805	hereditary spastic paraplegia 53
DOID:2476	DOID:0110806	hereditary spastic paraplegia 54
DOID:2476	DOID:0110807	hereditary spastic paraplegia 55
DOID:2476	DOID:0110808	hereditary spastic paraplegia 56
DOID:2476	DOID:0110809	hereditary spastic paraplegia 57
DOID:2476	DOID:0110810	hereditary spastic paraplegia 5A
DOID:2476	DOID:0110811	hereditary spastic paraplegia 6
DOID:2476	DOID:0110812	hereditary spastic paraplegia 61
DOID:2476	DOID:0110813	hereditary spastic paraplegia 62
DOID:2476	DOID:0110814	hereditary spastic paraplegia 63
DOID:2476	DOID:0110815	hereditary spastic paraplegia 64
DOID:2476	DOID:0110816	hereditary spastic paraplegia 7
DOID:2476	DOID:0110817	hereditary spastic paraplegia 72A
DOID:2476	DOID:0110818	hereditary spastic paraplegia 73
DOID:2476	DOID:0110819	hereditary spastic paraplegia 74
DOID:2476	DOID:0110820	hereditary spastic paraplegia 75
DOID:2476	DOID:0110821	hereditary spastic paraplegia 76
DOID:2476	DOID:0110822	hereditary spastic paraplegia 77
DOID:2476	DOID:0110823	hereditary spastic paraplegia 8
DOID:2476	DOID:0110824	hereditary spastic paraplegia 9A
DOID:2476	DOID:0110825	hereditary spastic paraplegia 9B
DOID:2476	DOID:0112341	hereditary spastic paraplegia 80
DOID:2476	DOID:0112342	hereditary spastic paraplegia 86
DOID:2476	DOID:0112343	hereditary spastic paraplegia 82
DOID:2476	DOID:0112344	hereditary spastic paraplegia 79B
DOID:2476	DOID:0112345	hereditary spastic paraplegia 85
DOID:2476	DOID:0112346	hereditary spastic paraplegia 83
DOID:2476	DOID:0112347	hereditary spastic paraplegia 84
DOID:2476	DOID:0112348	hereditary spastic paraplegia 78
DOID:2476	DOID:0112349	hereditary spastic paraplegia 81
DOID:2485	DOID:0050336	hypophosphatemia
DOID:2485	DOID:0050459	hyperphosphatemia
DOID:2490	DOID:0050453	lissencephaly
DOID:2490	DOID:0050454	periventricular nodular heterotopia
DOID:2490	DOID:0060668	anencephaly
DOID:2490	DOID:0070714	neurodevelopmental disorder with structural brain abnormalities and craniofacial abnormalities
DOID:2490	DOID:0070716	progressive microcephaly with simplified gyral pattern and cerebellar hypoplasia
DOID:2490	DOID:0111169	subcortical band heterotopia
DOID:2490	DOID:0112227	tubulinopathy
DOID:2490	DOID:10907	microcephaly
DOID:2490	DOID:4621	holoprosencephaly
DOID:2494	DOID:10846	angiodysplasia of intestine
DOID:2498	DOID:13629	dentine erosion
DOID:2498	DOID:14140	pulp erosion
DOID:2498	DOID:2497	enamel erosion
DOID:251	DOID:252	alcoholic psychosis
DOID:2512	DOID:0070365	nevoid basal cell carcinoma syndrome 1
DOID:2512	DOID:0070366	nevoid basal cell carcinoma syndrome 2
DOID:2513	DOID:4277	penis basal cell carcinoma
DOID:2513	DOID:4278	scrotum basal cell carcinoma
DOID:2513	DOID:4279	infundibulocystic basal cell carcinoma
DOID:2513	DOID:4280	nodular basal cell carcinoma
DOID:2513	DOID:4281	metatypical basal cell carcinoma
DOID:2513	DOID:4282	pigmented basal cell carcinoma
DOID:2513	DOID:4283	anal margin basal cell carcinoma
DOID:2513	DOID:4286	skin nasal cell carcinoma with sebaceous differentiation
DOID:2513	DOID:4287	external ear basal cell carcinoma
DOID:2513	DOID:4289	micronodular basal cell carcinoma
DOID:2513	DOID:4290	adamantinoid basal cell epithelioma
DOID:2513	DOID:4291	fibroepithelial basal cell carcinoma
DOID:2513	DOID:4292	morpheaform basal cell carcinoma
DOID:2513	DOID:4293	clear cell basal cell carcinoma
DOID:2513	DOID:4294	adenoid basal cell carcinoma
DOID:2513	DOID:4295	follicular basal cell carcinoma
DOID:2513	DOID:4299	infiltrative basal cell carcinoma
DOID:2513	DOID:4300	superficial basal cell carcinoma
DOID:2513	DOID:4301	vulva basal cell carcinoma
DOID:2513	DOID:4303	sarcomatoid basal cell carcinoma
DOID:2513	DOID:4304	signet ring basal cell carcinoma
DOID:2513	DOID:5063	basosquamous carcinoma
DOID:2513	DOID:5522	basaloid squamous cell carcinoma
DOID:2517	DOID:2516	intracranial cavernous angioma
DOID:2519	DOID:11994	atrophy of testis
DOID:2519	DOID:11996	spermatic cord torsion
DOID:2519	DOID:12332	hematocele of tunica vaginalis testis
DOID:2519	DOID:2518	orchitis
DOID:2519	DOID:2998	testicular cancer
DOID:2519	DOID:3089	granulomatous orchitis
DOID:2519	DOID:3579	testicular gonadoblastoma
DOID:2519	DOID:5104	testicular infarct
DOID:2526	DOID:3024	prostatic acinar adenocarcinoma
DOID:2526	DOID:3504	prostate signet ring cell adenocarcinoma
DOID:2526	DOID:3703	prostate colloid adenocarcinoma
DOID:2526	DOID:7246	lymphoepithelioma-like acinar prostate adenocarcinoma
DOID:2527	DOID:1184	nephrotic syndrome
DOID:2529	DOID:0080936	serum amyloid A amyloidosis
DOID:2529	DOID:10699	paragonimiasis
DOID:2529	DOID:11786	splenic sequestration
DOID:2529	DOID:11787	chronic congestive splenomegaly
DOID:2529	DOID:2530	splenic abscess
DOID:2529	DOID:2533	splenic infarction
DOID:2529	DOID:256	hemangioma of spleen
DOID:2529	DOID:6376	hypersplenism
DOID:2529	DOID:672	spleen cancer
DOID:2529	DOID:9146	visceral leishmaniasis
DOID:2529	DOID:9305	splenic tuberculosis
DOID:2531	DOID:0060058	lymphoma
DOID:2531	DOID:1240	leukemia
DOID:2531	DOID:3664	mast cell neoplasm
DOID:2531	DOID:4960	bone marrow cancer
DOID:2531	DOID:5621	histiocytic and dendritic cell cancer
DOID:2531	DOID:5772	central nervous system hematologic cancer
DOID:2531	DOID:712	refractory hematologic cancer
DOID:2531	DOID:8683	myeloid sarcoma
DOID:2537	DOID:0081393	organophosphate-induced delayed polyneuropathy
DOID:2537	DOID:14183	alcoholic neuropathy
DOID:2537	DOID:14184	polyneuropathy due to drug
DOID:2537	DOID:14402	critical illness polyneuropathy
DOID:2537	DOID:2536	chronic inflammatory demyelinating polyneuritis
DOID:2537	DOID:8681	paraneoplastic polyneuropathy
DOID:2548	DOID:0081104	hot water epilepsy
DOID:2548	DOID:2550	tactile epilepsy
DOID:255	DOID:0060688	arteriovenous malformations of the brain
DOID:255	DOID:0080895	rapidly involuting congenital hemangioma
DOID:255	DOID:11294	arteriovenous malformation
DOID:255	DOID:13081	hemangioma of subcutaneous tissue
DOID:255	DOID:14308	skin epithelioid hemangioma
DOID:255	DOID:2517	intracranial structure hemangioma
DOID:255	DOID:254	hemangioma of intra-abdominal structure
DOID:255	DOID:271	hemangioma of liver
DOID:255	DOID:2725	capillary hemangioma
DOID:255	DOID:275	gastric hemangioma
DOID:255	DOID:277	chorioangioma
DOID:255	DOID:467	venous hemangioma
DOID:255	DOID:468	intramuscular hemangioma
DOID:255	DOID:469	deep angioma
DOID:255	DOID:471	skin hemangioma
DOID:255	DOID:472	subglottic angioma
DOID:255	DOID:474	histiocytoid hemangioma
DOID:255	DOID:482	hemangioma of peripheral nerve
DOID:255	DOID:486	glomeruloid hemangioma
DOID:255	DOID:490	hemangioma of lung
DOID:255	DOID:492	acquired hemangioma
DOID:255	DOID:495	sclerosing hemangioma
DOID:255	DOID:496	spindle cell hemangioma
DOID:255	DOID:501	central nervous system hemangioma
DOID:255	DOID:505	hobnail hemangioma
DOID:255	DOID:5241	hemangioblastoma
DOID:255	DOID:5393	brain angioma
DOID:255	DOID:5766	pulmonary sclerosing hemangioma
DOID:255	DOID:663	scrotal angioma
DOID:255	DOID:8274	synovial angioma
DOID:255	DOID:8331	perineural angioma
DOID:2557	DOID:13357	chondromalacia patellae
DOID:2557	DOID:2556	relapsing polychondritis
DOID:2559	DOID:2560	morphine dependence
DOID:2559	DOID:9976	heroin dependence
DOID:2566	DOID:0060440	epithelial and subepithelial dystrophy
DOID:2566	DOID:0060441	epithelial-stromal TGFBI dystrophy
DOID:2566	DOID:0060442	stromal dystrophy
DOID:2566	DOID:0060443	corneal endothelial dystrophy
DOID:2566	DOID:0060457	posterior polymorphous corneal dystrophy
DOID:2566	DOID:11554	Chandler syndrome
DOID:2568	DOID:10616	acute cervicitis
DOID:2568	DOID:1513	chronic cervicitis
DOID:2568	DOID:5757	endocervicitis
DOID:2569	DOID:0060745	Doyne honeycomb retinal dystrophy
DOID:2569	DOID:0060746	basal laminar drusen
DOID:2580	DOID:0081243	rhizomelic chondrodysplasia punctate type 4
DOID:2580	DOID:0110851	rhizomelic chondrodysplasia punctata type 1
DOID:2580	DOID:0110852	rhizomelic chondrodysplasia punctata type 2
DOID:2580	DOID:0110853	rhizomelic chondrodysplasia punctata type 3
DOID:2580	DOID:0110854	rhizomelic chondrodysplasia punctata type 5
DOID:2581	DOID:0060292	X-linked chondrodysplasia punctata 1
DOID:2581	DOID:0060293	autosomal dominant chondrodysplasia punctata
DOID:2581	DOID:0080352	X-linked chondrodysplasia punctata 2
DOID:2581	DOID:2580	rhizomelic chondrodysplasia punctata
DOID:2583	DOID:0060027	agammaglobulinemia 4
DOID:2583	DOID:0080588	agammaglobulinemia 5
DOID:2583	DOID:0081135	agammaglobulinemia 2
DOID:2583	DOID:0081136	agammaglobulinemia 1
DOID:2583	DOID:0081137	agammaglobulinemia 3
DOID:2583	DOID:0081138	agammaglobulinemia 6
DOID:2583	DOID:0081139	agammaglobulinemia 7
DOID:2583	DOID:0081140	agammaglobulinemia 8A
DOID:2583	DOID:0081141	agammaglobulinemia 9
DOID:2583	DOID:0081142	agammaglobulinemia 10
DOID:2583	DOID:0081143	agammaglobulinemia 8B
DOID:2583	DOID:12177	common variable immunodeficiency
DOID:2583	DOID:14179	X-linked agammaglobulinemia
DOID:2590	DOID:0061193	nephrotic syndrome type 26
DOID:2590	DOID:0061194	nephrotic syndrome type 24
DOID:2590	DOID:0070357	nephrotic syndrome type 20
DOID:2590	DOID:0080265	RENI syndrome
DOID:2590	DOID:0080271	nephrotic syndrome type 15
DOID:2590	DOID:0080272	nephrotic syndrome type 16
DOID:2590	DOID:0080379	nephrotic syndrome type 2
DOID:2590	DOID:0080380	nephrotic syndrome type 5
DOID:2590	DOID:0080381	nephrotic syndrome type 13
DOID:2590	DOID:0080382	nephrotic syndrome type 3
DOID:2590	DOID:0080383	nephrotic syndrome type 4
DOID:2590	DOID:0080384	nephrotic syndrome type 6
DOID:2590	DOID:0080385	nephrotic syndrome type 11
DOID:2590	DOID:0080386	nephrotic syndrome type 10
DOID:2590	DOID:0080387	nephrotic syndrome type 12
DOID:2590	DOID:0080388	nephrotic syndrome type 7
DOID:2590	DOID:0080389	nephrotic syndrome type 8
DOID:2590	DOID:0080390	nephrotic syndrome type 1
DOID:2590	DOID:0080391	nephrotic syndrome type 9
DOID:2590	DOID:0080392	nephrotic syndrome type 17
DOID:2590	DOID:0080393	nephrotic syndrome type 18
DOID:2590	DOID:0080394	nephrotic syndrome type 19
DOID:2590	DOID:0112266	nephrotic syndrome type 23
DOID:2590	DOID:0112267	nephrotic syndrome type 21
DOID:2590	DOID:0112268	nephrotic syndrome type 22
DOID:2595	DOID:2599	glottis carcinoma
DOID:2596	DOID:11472	subglottis cancer
DOID:2596	DOID:13348	laryngeal cartilage cancer
DOID:2596	DOID:13476	supraglottis cancer
DOID:2596	DOID:2595	glottis cancer
DOID:2596	DOID:2600	laryngeal carcinoma
DOID:2596	DOID:2877	larynx sarcoma
DOID:2596	DOID:4688	laryngeal mucoepidermoid carcinoma
DOID:2596	DOID:5696	larynx liposarcoma
DOID:2596	DOID:7144	laryngeal small cell carcinoma
DOID:2598	DOID:10069	subglottis benign neoplasm
DOID:2598	DOID:10070	larynx leiomyoma
DOID:2598	DOID:10071	larynx squamous papilloma
DOID:2598	DOID:2597	glottis neoplasm
DOID:2598	DOID:5457	laryngeal neuroendocrine tumor
DOID:2598	DOID:8002	supraglottis neoplasm
DOID:2599	DOID:7031	glottis squamous cell carcinoma
DOID:26	DOID:0040091	autoimmune pancreatitis
DOID:26	DOID:0050877	pancreatic agenesis
DOID:26	DOID:0060850	annular pancreas
DOID:26	DOID:10610	pancreatic steatorrhea
DOID:26	DOID:13313	pancreatic mucinous ductal ectasia
DOID:26	DOID:13316	exocrine pancreatic insufficiency
DOID:26	DOID:13768	opisthorchiasis
DOID:26	DOID:1428	endocrine pancreas disease
DOID:26	DOID:1793	pancreatic cancer
DOID:26	DOID:2018	hyperinsulinism
DOID:26	DOID:3918	pancreatic cystadenoma
DOID:26	DOID:4989	pancreatitis
DOID:2600	DOID:2876	laryngeal squamous cell carcinoma
DOID:2600	DOID:4869	laryngeal adenoid cystic carcinoma
DOID:2602	DOID:0050898	phalanx chondroma
DOID:2602	DOID:2601	juxtacortical chondroma
DOID:2602	DOID:3813	central nervous system chondroma
DOID:2609	DOID:4993	atypical polypoid adenomyoma
DOID:2615	DOID:0081463	recurrent respiratory papillomatosis
DOID:2615	DOID:139	squamous cell papilloma
DOID:2615	DOID:1626	breast duct papilloma
DOID:2615	DOID:1627	intraductal papilloma
DOID:2615	DOID:2614	serous surface papilloma
DOID:2615	DOID:2626	choroid plexus papilloma
DOID:2615	DOID:2670	transitional papilloma
DOID:2615	DOID:3120	gallbladder papillomatosis
DOID:2615	DOID:3177	verrucous papilloma
DOID:2615	DOID:3178	skin papilloma
DOID:2615	DOID:3179	inverted papilloma
DOID:2615	DOID:3544	atypical choroid plexus papilloma
DOID:2615	DOID:5433	urinary tract papillary transitional cell benign neoplasm
DOID:2615	DOID:5468	biliary papillomatosis
DOID:2615	DOID:6059	nasal vestibule papilloma
DOID:2615	DOID:6118	renal pelvis inverted papilloma
DOID:2615	DOID:6562	ethmoid sinus inverted papilloma
DOID:2615	DOID:6932	urinary bladder inverted papilloma
DOID:2615	DOID:6934	urethra inverted papilloma
DOID:2615	DOID:6935	ureter inverted papilloma
DOID:2615	DOID:7678	sphenoid sinus inverted papilloma
DOID:2615	DOID:7868	maxillary sinus inverted papilloma
DOID:2615	DOID:8060	frontal sinus inverted papilloma
DOID:2615	DOID:9445	cervix squamous papilloma
DOID:2621	DOID:3201	sympathetic neurilemmoma
DOID:2621	DOID:769	neuroblastoma
DOID:263	DOID:2154	nephroblastoma
DOID:263	DOID:262	kidney hemangiopericytoma
DOID:263	DOID:3675	childhood kidney cancer
DOID:263	DOID:4242	kidney sarcoma
DOID:263	DOID:4451	renal carcinoma
DOID:263	DOID:4773	congenital mesoblastic nephroma
DOID:263	DOID:4919	renal pelvis carcinoma
DOID:263	DOID:5699	kidney liposarcoma
DOID:263	DOID:7571	malignant cystic nephroma
DOID:264	DOID:4957	meninges hemangiopericytoma
DOID:264	DOID:5373	retroperitoneal hemangiopericytoma
DOID:264	DOID:6197	conventional malignant hemangiopericytoma
DOID:264	DOID:6209	malignant mediastinum hemangiopericytoma
DOID:264	DOID:6332	adult malignant hemangiopericytoma
DOID:264	DOID:7731	childhood malignant hemangiopericytoma
DOID:2641	DOID:5208	malignant struma ovarii
DOID:2643	DOID:7437	uterus perivascular epithelioid cell tumor
DOID:2645	DOID:2653	benign fibrous mesothelioma
DOID:2645	DOID:5157	benign pleural mesothelioma
DOID:2645	DOID:5884	benign intermediate mesothelioma
DOID:2645	DOID:746	adenomatoid tumor
DOID:2647	DOID:8043	chest wall parachordoma
DOID:2658	DOID:13691	dermoid cyst of skin
DOID:2658	DOID:5117	dermoid cyst of ovary
DOID:2658	DOID:7071	spinal cord dermoid cyst
DOID:2660	DOID:2658	dermoid cyst
DOID:2660	DOID:7079	adult cystic teratoma
DOID:2664	DOID:173	eccrine sweat gland neoplasm
DOID:2664	DOID:2065	syringoma
DOID:2664	DOID:2661	myoepithelioma
DOID:2664	DOID:3896	hidradenoma
DOID:2664	DOID:5876	apocrine sweat gland neoplasm
DOID:2668	DOID:5758	malignant mesenchymoma
DOID:2670	DOID:4630	inverted transitional papilloma
DOID:2671	DOID:4000	ovary transitional cell carcinoma
DOID:2671	DOID:4005	endometrial transitional cell carcinoma
DOID:2671	DOID:4006	bladder urothelial carcinoma
DOID:2671	DOID:4008	fallopian tube transitional cell carcinoma
DOID:2671	DOID:4011	prostate transitional cell carcinoma
DOID:2671	DOID:4012	papillary transitional carcinoma
DOID:2671	DOID:4013	urethra transitional cell carcinoma
DOID:2671	DOID:4014	sarcomatoid transitional cell carcinoma
DOID:2671	DOID:5974	renal pelvis transitional cell carcinoma
DOID:2671	DOID:6844	kidney pelvis sarcomatoid transitional cell carcinoma
DOID:2671	DOID:6888	ureter transitional cell carcinoma
DOID:2683	DOID:2700	mucinous adenofibroma
DOID:2683	DOID:5475	uterine corpus adenofibroma
DOID:2683	DOID:5477	clear cell adenofibroma
DOID:2683	DOID:5478	fallopian tube adenofibroma
DOID:2683	DOID:5479	papillary adenofibroma
DOID:2683	DOID:5482	cystadenofibroma
DOID:2683	DOID:6838	rete ovarii cystadenofibroma
DOID:2687	DOID:4517	skin angiosarcoma
DOID:2687	DOID:5273	cutaneous leiomyosarcoma
DOID:2687	DOID:5712	cutaneous liposarcoma
DOID:2697	DOID:6257	chromophil adenoma of the kidney
DOID:2697	DOID:6404	metanephric adenoma
DOID:270	DOID:4047	liver rhabdomyosarcoma
DOID:270	DOID:5296	liver leiomyosarcoma
DOID:270	DOID:8022	liver fibrosarcoma
DOID:2703	DOID:13454	gonococcal synovitis
DOID:2703	DOID:2702	pigmented villonodular synovitis
DOID:2705	DOID:4719	bone giant cell sarcoma
DOID:2705	DOID:5638	malignant giant cell tumor of soft parts
DOID:2706	DOID:2704	malignant giant cell tumor of the tendon sheath
DOID:2706	DOID:5485	synovial sarcoma
DOID:2712	DOID:5334	paraphimosis
DOID:272	DOID:0080177	hepatic veno-occlusive disease
DOID:272	DOID:0081394	Caroli syndrome
DOID:272	DOID:10762	portal hypertension
DOID:272	DOID:11512	Budd-Chiari syndrome
DOID:272	DOID:11695	portal vein thrombosis
DOID:272	DOID:13738	hepatic infarction
DOID:272	DOID:13739	nutmeg liver
DOID:272	DOID:268	liver angiosarcoma
DOID:272	DOID:271	hemangioma of liver
DOID:272	DOID:914	peliosis hepatis
DOID:2722	DOID:0060344	acrodermatitis chronica atrophicans
DOID:2723	DOID:11330	erysipelas
DOID:2723	DOID:2722	acrodermatitis
DOID:2723	DOID:2773	contact dermatitis
DOID:2723	DOID:3159	photosensitivity disease
DOID:2723	DOID:3309	neurodermatitis
DOID:2723	DOID:3777	granuloma annulare
DOID:2723	DOID:4223	pyoderma
DOID:2723	DOID:4397	granulomatous dermatitis
DOID:2723	DOID:4398	pustulosis of palm and sole
DOID:2723	DOID:4399	acneiform dermatitis
DOID:2723	DOID:4400	dermatosis papulosa nigra
DOID:2723	DOID:4406	spongiotic dermatitis
DOID:2723	DOID:4409	folliculitis
DOID:2723	DOID:8502	bullous skin disease
DOID:2723	DOID:8741	seborrheic dermatitis
DOID:2723	DOID:8892	pityriasis rosea
DOID:2723	DOID:9165	neurotic excoriation
DOID:2725	DOID:5806	stork bite
DOID:2729	DOID:0060984	digenic dyskeratosis congenita
DOID:2729	DOID:0070014	autosomal dominant dyskeratosis congenita 1
DOID:2729	DOID:0070015	autosomal recessive dyskeratosis congenita 1
DOID:2729	DOID:0070016	autosomal dominant dyskeratosis congenita 2
DOID:2729	DOID:0070017	autosomal recessive dyskeratosis congenita 2
DOID:2729	DOID:0070018	autosomal dominant dyskeratosis congenita 3
DOID:2729	DOID:0070019	autosomal recessive dyskeratosis congenita 3
DOID:2729	DOID:0070020	autosomal dominant dyskeratosis congenita 4
DOID:2729	DOID:0070021	autosomal recessive dyskeratosis congenita 4
DOID:2729	DOID:0070022	autosomal recessive dyskeratosis congenita 5
DOID:2729	DOID:0070023	autosomal dominant dyskeratosis congenita 6
DOID:2729	DOID:0070024	autosomal recessive dyskeratosis congenita 6
DOID:2729	DOID:0070025	X-linked dyskeratosis congenita
DOID:2729	DOID:0070026	Revesz syndrome
DOID:2730	DOID:3209	junctional epidermolysis bullosa
DOID:2730	DOID:4313	epidermolysis bullosa acquisita
DOID:2730	DOID:4644	epidermolysis bullosa simplex
DOID:2730	DOID:4959	epidermolysis bullosa dystrophica
DOID:2731	DOID:2730	epidermolysis bullosa
DOID:2741	DOID:12308	Dubin-Johnson syndrome
DOID:2741	DOID:2739	Gilbert syndrome
DOID:2741	DOID:3803	Crigler-Najjar syndrome
DOID:2742	DOID:0050563	nonsyndromic deafness
DOID:2742	DOID:0080619	auditory system benign neoplasm
DOID:2742	DOID:10261	otorrhea
DOID:2742	DOID:11129	dislocation of ear ossicle
DOID:2742	DOID:11235	adhesive otitis media
DOID:2742	DOID:11783	necrosis of ear ossicle
DOID:2742	DOID:2889	retrocochlear disease
DOID:2742	DOID:2952	inner ear disease
DOID:2742	DOID:379	external ear disease
DOID:2742	DOID:5100	middle ear disease
DOID:2742	DOID:833	auditory system cancer
DOID:2744	DOID:11400	pyelonephritis
DOID:2744	DOID:2743	pyeloureteritis cystica
DOID:2747	DOID:0050579	glycogen storage disease XV
DOID:2747	DOID:0050594	glycogen storage disease IX
DOID:2747	DOID:0061271	liver glycogen storage disease
DOID:2747	DOID:0061272	muscle glycogen storage disease
DOID:2747	DOID:0061285	glycogen storage disease X
DOID:2747	DOID:0061286	glycogen storage disease XI
DOID:2747	DOID:0061287	glycogen storage disease XII
DOID:2747	DOID:0061288	glycogen storage disease XIII
DOID:2747	DOID:0081329	glycogen storage disease I
DOID:2747	DOID:0090101	lethal congenital glycogen storage disease of heart
DOID:2747	DOID:11721	glycogen storage disease VII
DOID:2747	DOID:2746	glycogen storage disease V
DOID:2747	DOID:2748	glycogen storage disease III
DOID:2747	DOID:2750	glycogen storage disease IV
DOID:2747	DOID:2752	glycogen storage disease II
DOID:2747	DOID:2754	glycogen storage disease VI
DOID:2762	DOID:0050896	bone squamous cell carcinoma
DOID:2769	DOID:10600	chronic tic disorder
DOID:2769	DOID:11119	Gilles de la Tourette syndrome
DOID:2769	DOID:2768	transient tic disorder
DOID:2772	DOID:4407	phototoxic dermatitis
DOID:2773	DOID:2772	irritant dermatitis
DOID:2773	DOID:3042	allergic contact dermatitis
DOID:2773	DOID:4404	occupational dermatitis
DOID:2775	DOID:6322	tibial adamantinoma
DOID:2776	DOID:2775	long bone adamantinoma
DOID:2782	DOID:2781	rectosigmoid cancer
DOID:2786	DOID:0050574	L-2-hydroxyglutaric aciduria
DOID:2786	DOID:0050753	cerebellar ataxia
DOID:2786	DOID:0070338	cerebellar hypoplasia
DOID:2786	DOID:2785	Dandy-Walker syndrome
DOID:2786	DOID:4205	cerebellum cancer
DOID:2789	DOID:0050242	primary amebic meningoencephalitis
DOID:2789	DOID:10113	trypanosomiasis
DOID:2789	DOID:10718	giardiasis
DOID:2789	DOID:12365	malaria
DOID:2789	DOID:12386	balantidiasis
DOID:2789	DOID:1947	trichomoniasis
DOID:2789	DOID:2113	coccidiosis
DOID:2789	DOID:3733	theileriasis
DOID:2789	DOID:9065	leishmaniasis
DOID:2789	DOID:9181	amebiasis
DOID:2789	DOID:946	dientamoebiasis
DOID:2789	DOID:9643	babesiosis
DOID:2797	DOID:0050157	cryptogenic organizing pneumonia
DOID:2797	DOID:0050158	desquamative interstitial pneumonia
DOID:2797	DOID:0050159	lymphoid interstitial pneumonia
DOID:2797	DOID:2800	acute interstitial pneumonia
DOID:2797	DOID:2801	nonspecific interstitial pneumonia
DOID:28	DOID:0060005	autoimmune disease of endocrine system
DOID:28	DOID:0090139	cortisone reductase deficiency
DOID:28	DOID:0111545	familial male-limited precocious puberty
DOID:28	DOID:0112308	central precocious puberty
DOID:28	DOID:11201	parathyroid gland disease
DOID:28	DOID:2277	gonadal disease
DOID:28	DOID:26	pancreas disease
DOID:28	DOID:50	thyroid gland disease
DOID:28	DOID:53	pituitary gland disease
DOID:28	DOID:9553	adrenal gland disease
DOID:28	DOID:9744	type 1 diabetes mellitus
DOID:2815	DOID:1201	trigeminal nerve neoplasm
DOID:2815	DOID:12984	vagus nerve neoplasm
DOID:2815	DOID:14125	abducens nerve neoplasm
DOID:2815	DOID:2814	malignant neoplasm of acoustic nerve
DOID:2815	DOID:2817	cranial nerve III tumor
DOID:2815	DOID:3198	hypoglossal nerve neoplasm
DOID:2815	DOID:337	spinal accessory nerve neoplasm
DOID:2815	DOID:3417	glossopharyngeal nerve neoplasm
DOID:2815	DOID:3419	optic nerve neoplasm
DOID:2815	DOID:3421	trochlear nerve neoplasm
DOID:2815	DOID:370	malignant olfactory nerve neoplasm
DOID:2817	DOID:2816	malignant oculomotor nerve tumor
DOID:2825	DOID:1352	paranasal sinus disease
DOID:2825	DOID:2163	nasal cavity disease
DOID:2825	DOID:9072	lethal midline granuloma
DOID:2834	DOID:2833	dehydration polycythemia
DOID:2834	DOID:2835	polycythemia due to hypoxia
DOID:2834	DOID:2838	stress polycythemia
DOID:2834	DOID:2839	erythropoietin polycythemia
DOID:2841	DOID:0080809	chronic asthma
DOID:2841	DOID:0080810	acute asthma
DOID:2843	DOID:0050434	Andersen-Tawil syndrome
DOID:2843	DOID:0070533	long QT syndrome 16
DOID:2843	DOID:0110644	long QT syndrome 1
DOID:2843	DOID:0110645	long QT syndrome 2
DOID:2843	DOID:0110646	long QT syndrome 3
DOID:2843	DOID:0110647	long QT syndrome 5
DOID:2843	DOID:0110648	long QT syndrome 6
DOID:2843	DOID:0110649	long QT syndrome 8
DOID:2843	DOID:0110650	long QT syndrome 9
DOID:2843	DOID:0110651	long QT syndrome 10
DOID:2843	DOID:0110652	long QT syndrome 11
DOID:2843	DOID:0110653	long QT syndrome 12
DOID:2843	DOID:0110654	long QT syndrome 13
DOID:2843	DOID:0110655	long QT syndrome 14
DOID:2843	DOID:0110656	long QT syndrome 15
DOID:2843	DOID:0111701	long QT syndrome 4
DOID:2843	DOID:2842	Jervell-Lange Nielsen syndrome
DOID:285	DOID:711	refractory hairy cell leukemia
DOID:285	DOID:713	HCL-V
DOID:2855	DOID:0080219	dystransthyretinemic hyperthyroxinemia
DOID:2860	DOID:10783	methemoglobinemia
DOID:2860	DOID:2859	hemoglobin C disease
DOID:2860	DOID:5378	hemoglobin D disease
DOID:2860	DOID:5379	hemoglobin E disease
DOID:2861	DOID:0051003	congenital nonspherocytic hemolytic anemia 1
DOID:2861	DOID:0051004	congenital nonspherocytic hemolytic anemia 3
DOID:2861	DOID:0051005	congenital nonspherocytic hemolytic anemia 4
DOID:2861	DOID:0051006	congenital nonspherocytic hemolytic anemia 5
DOID:2861	DOID:0051007	congenital nonspherocytic hemolytic anemia 8
DOID:2861	DOID:0051008	congenital nonspherocytic hemolytic anemia 9
DOID:2861	DOID:0051009	congenital nonspherocytic hemolytic anemia 10
DOID:2861	DOID:0111077	congenital nonspherocytic hemolytic anemia 2
DOID:2861	DOID:0111363	Heinz body anemia
DOID:2861	DOID:0111681	congenital nonspherocytic hemolytic anemia 7
DOID:2861	DOID:0112252	congenital nonspherocytic hemolytic anemia 6
DOID:2862	DOID:13628	favism
DOID:2870	DOID:3707	endometrial mucinous adenocarcinoma
DOID:2870	DOID:5299	endometrial clear cell adenocarcinoma
DOID:2870	DOID:6777	villoglandular endometrial endometrioid adenocarcinoma
DOID:2870	DOID:6865	oxyphilic endometrial endometrioid adenocarcinoma
DOID:2870	DOID:7289	endometrial endometrioid adenocarcinoma, secretory variant
DOID:2870	DOID:7293	mucin-rich endometrial endometrioid adenocarcinoma
DOID:2870	DOID:7436	sarcomatoid uterine corpus endometrioid adenocarcinoma
DOID:2870	DOID:7664	endometrial mixed adenocarcinoma
DOID:2871	DOID:2870	endometrial adenocarcinoma
DOID:2871	DOID:4005	endometrial transitional cell carcinoma
DOID:2871	DOID:5533	endometrial squamous cell carcinoma
DOID:2876	DOID:3752	larynx verrucous carcinoma
DOID:2889	DOID:12657	vestibulocochlear nerve disease
DOID:289	DOID:11424	fallopian tube endometriosis
DOID:289	DOID:11427	endosalpingiosis
DOID:289	DOID:11428	endometriosis of intestine
DOID:289	DOID:11429	endometriosis of pelvic peritoneum
DOID:289	DOID:11430	endometriosis in scar of skin
DOID:289	DOID:11431	endometriosis of rectovaginal septum and vagina
DOID:289	DOID:11432	endometriosis of ovary
DOID:289	DOID:1380	endometrial cancer
DOID:289	DOID:288	endometriosis of uterus
DOID:289	DOID:5172	endometrium carcinoma in situ
DOID:2891	DOID:6204	follicular adenoma
DOID:2893	DOID:2892	exocervical carcinoma
DOID:2893	DOID:3702	cervical adenocarcinoma
DOID:2893	DOID:3744	cervical squamous cell carcinoma
DOID:2893	DOID:4867	cervical adenoid cystic carcinoma
DOID:2893	DOID:6428	cervical adenoid basal carcinoma
DOID:2893	DOID:6659	cervical large cell neuroendocrine carcinoma
DOID:2893	DOID:6740	cervix small cell carcinoma
DOID:2893	DOID:7519	endocervical carcinoma
DOID:2908	DOID:0080789	Treacher Collins syndrome 1
DOID:2908	DOID:0080790	Treacher Collins syndrome 2
DOID:2908	DOID:0080791	Treacher Collins syndrome 3
DOID:2908	DOID:0080792	Treacher Collins syndrome 4
DOID:2913	DOID:0080998	acute necrotizing pancreatitis
DOID:2913	DOID:0080999	acute hemorrhagic pancreatitis
DOID:2914	DOID:0060056	hypersensitivity reaction disease
DOID:2914	DOID:0060083	immune system cancer
DOID:2914	DOID:0070796	ICHAD syndrome
DOID:2914	DOID:0070797	immunodysregulation with variable immunodeficiency and autoimmunity
DOID:2914	DOID:0081267	graft-versus-host disease
DOID:2914	DOID:1205	allergic disease
DOID:2914	DOID:417	autoimmune disease
DOID:2914	DOID:612	primary immunodeficiency disease
DOID:2914	DOID:624	transient hypogammaglobulinemia of infancy
DOID:2914	DOID:75	lymphatic system disease
DOID:2916	DOID:0060125	heavy chain disease
DOID:2916	DOID:11335	sarcoidosis
DOID:2916	DOID:2917	cryoglobulinemia
DOID:2916	DOID:4371	Schnitzler syndrome
DOID:2916	DOID:6688	autoimmune lymphoproliferative syndrome
DOID:2916	DOID:7465	chronic NK-cell lymphocytosis
DOID:292	DOID:12756	lacrimal duct cancer
DOID:292	DOID:294	lacrimal gland cancer
DOID:2921	DOID:0050851	glomerulosclerosis
DOID:2921	DOID:0080162	lupus nephritis
DOID:2921	DOID:10976	membranous glomerulonephritis
DOID:2921	DOID:11036	chronic rapidly progressive glomerulonephritis
DOID:2921	DOID:13138	acute proliferative glomerulonephritis
DOID:2921	DOID:14064	acute poststreptococcal glomerulonephritis
DOID:2921	DOID:2920	membranoproliferative glomerulonephritis
DOID:2921	DOID:2986	IgA glomerulonephritis
DOID:2921	DOID:4776	rapidly progressive glomerulonephritis
DOID:2921	DOID:4777	exudative glomerulonephritis
DOID:2921	DOID:4778	proliferative glomerulonephritis
DOID:2921	DOID:4779	focal embolic glomerulonephritis
DOID:2921	DOID:4781	diffuse glomerulonephritis
DOID:2921	DOID:4782	subacute glomerulonephritis
DOID:2921	DOID:4783	mesangial proliferative glomerulonephritis
DOID:2921	DOID:4784	immune-complex glomerulonephritis
DOID:293	DOID:298	lacrimal gland adenocarcinoma
DOID:293	DOID:5529	lacrimal gland squamous cell carcinoma
DOID:2938	DOID:0050204	Epstein-Barr virus hepatitis
DOID:2938	DOID:8568	infectious mononucleosis
DOID:294	DOID:293	lacrimal gland carcinoma
DOID:294	DOID:296	mixed lacrimal gland cancer
DOID:294	DOID:4685	lacrimal gland mucoepidermoid carcinoma
DOID:2951	DOID:4796	space motion sickness
DOID:2952	DOID:0080193	superior semicircular canal dehiscence
DOID:2952	DOID:10003	sensorineural hearing loss
DOID:2952	DOID:10080	sparganosis
DOID:2952	DOID:12185	otosclerosis
DOID:2952	DOID:2951	motion sickness
DOID:2952	DOID:3426	vestibular disease
DOID:2952	DOID:3930	otitis interna
DOID:2952	DOID:5102	inner ear cancer
DOID:2952	DOID:5463	cochlear disease
DOID:2952	DOID:566	labyrinthine dysfunction
DOID:2959	DOID:0080544	hyper IgM syndrome
DOID:2959	DOID:0080545	hyper IgE syndrome
DOID:2959	DOID:0081450	hyperimmunoglobulinemia D periodic fever syndrome
DOID:2960	DOID:0111869	photosensitive trichothiodystrophy 2
DOID:2960	DOID:0111871	photosensitive trichothiodystrophy 3
DOID:2960	DOID:0111873	photosensitive trichothiodystrophy 1
DOID:2962	DOID:0080907	Cockayne syndrome A
DOID:2962	DOID:0080908	Cockayne syndrome B
DOID:2962	DOID:0080910	cerebrooculofacioskeletal syndrome
DOID:2964	DOID:0051058	acute calcific periarthritis
DOID:2965	DOID:12475	pes anserinus bursitis
DOID:2965	DOID:12581	olecranon bursitis
DOID:2965	DOID:12857	retrocalcaneal bursitis
DOID:2965	DOID:13453	gonococcal bursitis
DOID:2975	DOID:0080322	polycystic kidney disease
DOID:2975	DOID:0111682	cystic renal dysplasia
DOID:2975	DOID:9621	non-congenital cyst of kidney
DOID:2977	DOID:0111670	primary hyperoxaluria type 1
DOID:2977	DOID:0111671	primary hyperoxaluria type 2
DOID:2977	DOID:0111672	primary hyperoxaluria type 3
DOID:2978	DOID:0050728	glycogen metabolism disorder
DOID:2978	DOID:0060991	congenital disorder of deglycosylation
DOID:2978	DOID:0081464	isolated glycolic aciduria
DOID:2978	DOID:0111633	congenital sucrase-isomaltase deficiency
DOID:2978	DOID:0111646	congenital lactase deficiency
DOID:2978	DOID:0111680	essential fructosuria
DOID:2978	DOID:10604	lactose intolerance
DOID:2978	DOID:2862	glucosephosphate dehydrogenase deficiency
DOID:2978	DOID:2977	primary hyperoxaluria
DOID:2978	DOID:3649	pyruvate decarboxylase deficiency
DOID:2978	DOID:3651	pyruvate carboxylase deficiency disease
DOID:2978	DOID:4194	glucose metabolism disease
DOID:2978	DOID:5204	fructose-1,6-bisphosphatase deficiency
DOID:2978	DOID:5212	congenital disorder of glycosylation
DOID:2978	DOID:857	multiple carboxylase deficiency
DOID:2978	DOID:9868	intestinal disaccharidase deficiency
DOID:2978	DOID:9869	hereditary fructose intolerance syndrome
DOID:2978	DOID:9870	galactosemia
DOID:298	DOID:4870	lacrimal gland adenoid cystic carcinoma
DOID:299	DOID:0050861	colorectal adenocarcinoma
DOID:299	DOID:0050913	large intestine adenocarcinoma
DOID:299	DOID:0050917	lung combined type small cell adenocarcinoma
DOID:299	DOID:0050926	jejunal adenocarcinoma
DOID:299	DOID:0050940	endocervical adenocarcinoma
DOID:299	DOID:0060534	hepatoid adenocarcinoma
DOID:299	DOID:0080375	gastroesophageal adenocarcinoma
DOID:299	DOID:0080524	thyroid gland adenocarcinoma
DOID:299	DOID:10368	epididymis adenocarcinoma
DOID:299	DOID:10816	duodenum adenocarcinoma
DOID:299	DOID:14544	rete testis adenocarcinoma
DOID:299	DOID:14545	seminal vesicle adenocarcinoma
DOID:299	DOID:1996	rectum adenocarcinoma
DOID:299	DOID:2098	vulva adenocarcinoma
DOID:299	DOID:234	colon adenocarcinoma
DOID:299	DOID:2526	prostate adenocarcinoma
DOID:299	DOID:2766	ethmoid sinus adenocarcinoma
DOID:299	DOID:2870	endometrial adenocarcinoma
DOID:299	DOID:298	lacrimal gland adenocarcinoma
DOID:299	DOID:3030	mucinous adenocarcinoma
DOID:299	DOID:3039	cecum adenocarcinoma
DOID:299	DOID:3112	papillary adenocarcinoma
DOID:299	DOID:3447	anus adenocarcinoma
DOID:299	DOID:3458	breast adenocarcinoma
DOID:299	DOID:3493	signet ring cell adenocarcinoma
DOID:299	DOID:3500	gallbladder adenocarcinoma
DOID:299	DOID:3502	ampulla of Vater adenocarcinoma
DOID:299	DOID:3608	appendix adenocarcinoma
DOID:299	DOID:3692	anal canal adenocarcinoma
DOID:299	DOID:3702	cervical adenocarcinoma
DOID:299	DOID:3706	fallopian tube adenocarcinoma
DOID:299	DOID:3711	bladder adenocarcinoma
DOID:299	DOID:3713	ovary adenocarcinoma
DOID:299	DOID:3717	gastric adenocarcinoma
DOID:299	DOID:3910	lung adenocarcinoma
DOID:299	DOID:3959	adrenal cortical adenocarcinoma
DOID:299	DOID:4024	scirrhous adenocarcinoma
DOID:299	DOID:4074	pancreatic adenocarcinoma
DOID:299	DOID:4468	clear cell adenocarcinoma
DOID:299	DOID:4892	middle ear adenocarcinoma
DOID:299	DOID:4896	bile duct adenocarcinoma
DOID:299	DOID:4906	small intestine adenocarcinoma
DOID:299	DOID:4910	urethra adenocarcinoma
DOID:299	DOID:4914	esophagus adenocarcinoma
DOID:299	DOID:4915	basophilic adenocarcinoma
DOID:299	DOID:4917	villous adenocarcinoma
DOID:299	DOID:4918	renal pelvis adenocarcinoma
DOID:299	DOID:4920	eccrine adenocarcinoma
DOID:299	DOID:4923	thymus adenocarcinoma
DOID:299	DOID:4929	tubular adenocarcinoma
DOID:299	DOID:4930	nasal cavity adenocarcinoma
DOID:299	DOID:4933	apocrine carcinoma
DOID:299	DOID:4938	ureter adenocarcinoma
DOID:299	DOID:5590	aggressive digital papillary adenocarcinoma
DOID:299	DOID:6316	Bartholin's gland adenocarcinoma
DOID:299	DOID:7684	maxillary sinus adenocarcinoma
DOID:2994	DOID:1911	endodermal sinus tumor
DOID:2994	DOID:2127	brain germinoma
DOID:2994	DOID:3095	germ cell and embryonal cancer
DOID:2994	DOID:3304	germinoma
DOID:2994	DOID:3306	mixed germ cell cancer
DOID:2994	DOID:4439	central nervous system germ cell tumor
DOID:2994	DOID:4440	seminoma
DOID:2994	DOID:4441	dysgerminoma
DOID:2994	DOID:4717	extragonadal germ cell cancer
DOID:2994	DOID:5324	fallopian tube germ cell cancer
DOID:2994	DOID:5677	malignant extragonadal nonseminomatous germ cell tumor
DOID:2994	DOID:5834	spermatocytoma
DOID:2994	DOID:5842	testis seminoma
DOID:2994	DOID:6053	childhood germ cell cancer
DOID:2994	DOID:6249	mediastinum seminoma
DOID:2994	DOID:688	embryonal cancer
DOID:2998	DOID:12253	testicular lymphoma
DOID:2998	DOID:12276	malignant tumor of undescended testis
DOID:2998	DOID:12286	testicular leukemia
DOID:2998	DOID:4062	testis sarcoma
DOID:2998	DOID:4084	testicular trophoblastic tumor
DOID:2998	DOID:4739	testicular Brenner tumor
DOID:2998	DOID:512	epididymal neoplasm
DOID:2998	DOID:5557	testicular germ cell cancer
DOID:2998	DOID:5680	embryonal testis carcinoma
DOID:2998	DOID:5834	spermatocytoma
DOID:2998	DOID:5842	testis seminoma
DOID:2999	DOID:5331	testicular granulosa cell tumor
DOID:3001	DOID:6212	ovarian endometrial cancer
DOID:3003	DOID:7533	subareolar duct papillomatosis
DOID:3003	DOID:7839	infiltrating nipple syringomatous adenoma
DOID:3004	DOID:1642	breast adenomyoepithelioma
DOID:3004	DOID:7521	breast myoepitheliosis
DOID:3007	DOID:3008	invasive ductal carcinoma
DOID:3012	DOID:0111503	Li-Fraumeni syndrome 1
DOID:3012	DOID:0111504	Li-Fraumeni syndrome 2
DOID:3013	DOID:1627	intraductal papilloma
DOID:3013	DOID:1628	intraductal papillary breast neoplasm
DOID:3013	DOID:6839	breast intraductal proliferative lesion
DOID:3017	DOID:4060	breast rhabdomyosarcoma
DOID:3017	DOID:4511	breast angiosarcoma
DOID:3017	DOID:5285	breast leiomyosarcoma
DOID:3017	DOID:5370	breast hemangiopericytoma
DOID:3017	DOID:5701	breast liposarcoma
DOID:3017	DOID:6001	breast fibrosarcoma
DOID:3017	DOID:7787	breast osteosarcoma
DOID:302	DOID:11206	opioid abuse
DOID:302	DOID:11718	antidepressant type abuse
DOID:302	DOID:12797	hallucinogen abuse
DOID:302	DOID:1574	alcohol use disorder
DOID:302	DOID:5062	phencyclidine abuse
DOID:302	DOID:670	amphetamine abuse
DOID:302	DOID:809	cocaine abuse
DOID:302	DOID:8519	barbiturate abuse
DOID:302	DOID:9505	cannabis abuse
DOID:3021	DOID:11823	hepatorenal syndrome
DOID:3021	DOID:12556	acute kidney tubular necrosis
DOID:303	DOID:0060001	withdrawal disorder
DOID:303	DOID:302	substance abuse
DOID:303	DOID:9973	substance dependence
DOID:3030	DOID:0080303	mucinous lung adenocarcinoma
DOID:3030	DOID:0080782	mucinous pancreas adenocarcinoma
DOID:3030	DOID:0080800	salivary gland mucinous adenocarcinoma
DOID:3030	DOID:3029	colon mucinous adenocarcinoma
DOID:3030	DOID:3606	ovarian mucinous adenocarcinoma
DOID:3030	DOID:3693	ampulla of Vater mucinous adenocarcinoma
DOID:3030	DOID:3698	bile duct mucinous adenocarcinoma
DOID:3030	DOID:3701	cervical mucinous adenocarcinoma
DOID:3030	DOID:3704	fallopian tube mucinous adenocarcinoma
DOID:3030	DOID:3707	endometrial mucinous adenocarcinoma
DOID:3030	DOID:3709	rectum mucinous adenocarcinoma
DOID:3030	DOID:3716	mucinous stomach adenocarcinoma
DOID:3042	DOID:0040046	nickel allergic contact dermatitis
DOID:3042	DOID:0040052	diphenylmethane-4,4'-diisocyanate allergic contact dermatitis
DOID:3042	DOID:0040053	cobalt allergic contact dermatitis
DOID:3042	DOID:0040055	palladium allergic contact dermatitis
DOID:3042	DOID:0040056	chromium allergic contact dermatitis
DOID:3042	DOID:0040057	benzoic acid allergic contact dermatitis
DOID:3042	DOID:0040058	1,4-phenylenediamine allergic contact dermatitis
DOID:3042	DOID:0040059	potassium dichromate allergic contact dermatitis
DOID:3042	DOID:0040064	carvone allergic contact dermatitis
DOID:3042	DOID:0040067	neomycin sulfate allergic contact dermatitis
DOID:3042	DOID:0040068	4-tert-butylphenol allergic contact dermatitis
DOID:3042	DOID:0040069	1-chloro-2,4-dinitrobenzene allergic contact dermatitis
DOID:3042	DOID:0040072	parthenolide allergic contact dermatitis
DOID:3042	DOID:0040074	formaldehyde allergic contact dermatitis
DOID:3042	DOID:0040075	benzo[d]isothiazol-3-one allergic contact dermatitis
DOID:3042	DOID:0040079	2,4-dinitrophenyl allergic contact dermatitis
DOID:3042	DOID:0040101	N,N'-diphenylthiourea allergic contact dermatitis
DOID:3042	DOID:0040102	N,N'-diethylthiourea allergic contact dermatitis
DOID:3042	DOID:3310	atopic dermatitis
DOID:3042	DOID:3818	photoallergic dermatitis
DOID:3042	DOID:3819	toxicodendron dermatitis
DOID:3044	DOID:0060057	gluten allergy
DOID:3044	DOID:0060495	shellfish allergy
DOID:3044	DOID:0060503	fruit allergy
DOID:3044	DOID:0060513	fish allergy
DOID:3044	DOID:0070334	vegetable allergy
DOID:3044	DOID:3660	wheat allergy
DOID:3044	DOID:4376	milk allergy
DOID:3044	DOID:4377	egg allergy
DOID:3044	DOID:4379	nut allergy
DOID:305	DOID:0050685	small cell carcinoma
DOID:305	DOID:0050904	salivary gland carcinoma
DOID:305	DOID:0050918	vaginal carcinoma
DOID:305	DOID:0050922	gastrointestinal carcinoma
DOID:305	DOID:0060463	NUT midline carcinoma
DOID:305	DOID:0080199	colorectal carcinoma
DOID:305	DOID:0080202	adenoid cystic carcinoma
DOID:305	DOID:0080618	lymph node carcinoma
DOID:305	DOID:0080641	tongue carcinoma
DOID:305	DOID:10286	prostate carcinoma
DOID:305	DOID:1107	esophageal carcinoma
DOID:305	DOID:12342	retroperitoneum carcinoma
DOID:305	DOID:1294	vulva carcinoma
DOID:305	DOID:1519	cecum carcinoma
DOID:305	DOID:1520	colon carcinoma
DOID:305	DOID:1540	parathyroid carcinoma
DOID:305	DOID:1542	head and neck carcinoma
DOID:305	DOID:1749	squamous cell carcinoma
DOID:305	DOID:1791	peritoneal carcinoma
DOID:305	DOID:1800	neuroendocrine carcinoma
DOID:305	DOID:1963	fallopian tube carcinoma
DOID:305	DOID:2152	ovary epithelial cancer
DOID:305	DOID:2599	glottis carcinoma
DOID:305	DOID:2600	laryngeal carcinoma
DOID:305	DOID:2671	transitional cell carcinoma
DOID:305	DOID:2762	bone carcinoma
DOID:305	DOID:2871	endometrial carcinoma
DOID:305	DOID:2893	cervix carcinoma
DOID:305	DOID:293	lacrimal gland carcinoma
DOID:305	DOID:295	eye carcinoma
DOID:305	DOID:299	adenocarcinoma
DOID:305	DOID:3025	acinar cell carcinoma
DOID:305	DOID:3113	papillary carcinoma
DOID:305	DOID:3284	thymic carcinoma
DOID:305	DOID:3308	embryonal carcinoma
DOID:305	DOID:3445	scrotal carcinoma
DOID:305	DOID:3449	penis carcinoma
DOID:305	DOID:3451	skin carcinoma
DOID:305	DOID:3904	bronchus carcinoma
DOID:305	DOID:3905	lung carcinoma
DOID:305	DOID:3948	adrenocortical carcinoma
DOID:305	DOID:3950	adrenal carcinoma
DOID:305	DOID:3963	thyroid gland carcinoma
DOID:305	DOID:4003	Schneiderian carcinoma
DOID:305	DOID:4007	bladder carcinoma
DOID:305	DOID:4015	sarcomatoid carcinoma
DOID:305	DOID:4288	external ear carcinoma
DOID:305	DOID:4451	renal carcinoma
DOID:305	DOID:4531	mucoepidermoid carcinoma
DOID:305	DOID:4552	large cell carcinoma
DOID:305	DOID:4838	myoepithelial carcinoma
DOID:305	DOID:4840	sebaceous carcinoma
DOID:305	DOID:4876	trachea carcinoma
DOID:305	DOID:4893	middle ear carcinoma
DOID:305	DOID:4897	bile duct carcinoma
DOID:305	DOID:4902	appendix carcinoma
DOID:305	DOID:4903	granular cell carcinoma
DOID:305	DOID:4905	pancreatic carcinoma
DOID:305	DOID:4907	small intestine carcinoma
DOID:305	DOID:4908	anal carcinoma
DOID:305	DOID:4916	pituitary carcinoma
DOID:305	DOID:4919	renal pelvis carcinoma
DOID:305	DOID:4931	nasal cavity carcinoma
DOID:305	DOID:4932	ampulla of Vater carcinoma
DOID:305	DOID:4939	ureter carcinoma
DOID:305	DOID:4948	gallbladder carcinoma
DOID:305	DOID:5517	stomach carcinoma
DOID:305	DOID:5648	choroid plexus carcinoma
DOID:305	DOID:5660	lymphoepithelioma-like carcinoma
DOID:305	DOID:5667	sweat gland carcinoma
DOID:305	DOID:6126	anal canal carcinoma
DOID:305	DOID:6700	gastric fundus carcinoma
DOID:305	DOID:6721	Littre gland carcinoma
DOID:305	DOID:6727	colon small cell carcinoma
DOID:305	DOID:686	liver carcinoma
DOID:305	DOID:6886	ureter small cell carcinoma
DOID:305	DOID:7050	thymus basaloid carcinoma
DOID:305	DOID:7139	endometrial small cell carcinoma
DOID:305	DOID:7141	prostate small cell carcinoma
DOID:305	DOID:7144	laryngeal small cell carcinoma
DOID:305	DOID:7221	gallbladder papillary carcinoma
DOID:305	DOID:7284	Skene gland carcinoma
DOID:305	DOID:7379	adrenal medulla carcinoma
DOID:305	DOID:7632	Cowper gland carcinoma
DOID:305	DOID:9261	nasopharynx carcinoma
DOID:3068	DOID:0050803	glioblastoma classical subtype
DOID:3068	DOID:0050804	glioblastoma proneural subtype
DOID:3068	DOID:0050805	glioblastoma mesenchymal subtype
DOID:3068	DOID:0050806	glioblastoma neural subtype
DOID:3068	DOID:0080878	IDH-wildtype glioblastoma
DOID:3068	DOID:3071	gliosarcoma
DOID:3068	DOID:3074	giant cell glioblastoma
DOID:3069	DOID:0080854	anaplastic pleomorphic xanthoastrocytoma
DOID:3069	DOID:0081278	infant-type hemispheric glioma
DOID:3069	DOID:3068	glioblastoma
DOID:3069	DOID:3076	adult astrocytic tumor
DOID:3069	DOID:3078	anaplastic astrocytoma
DOID:3069	DOID:3079	childhood astrocytic tumor
DOID:3069	DOID:4856	gliofibroma
DOID:3069	DOID:6726	fibrillary astrocytoma
DOID:3069	DOID:7005	gemistocytic astrocytoma
DOID:3069	DOID:7008	protoplasmic astrocytoma
DOID:3069	DOID:7305	astroblastoma
DOID:3070	DOID:0080684	diffuse midline glioma, H3 K27-altered
DOID:3070	DOID:0080879	histone mutated tumor
DOID:3070	DOID:0081277	diffuse pediatric-type high-grade glioma, H3-wildtype and IDH-wildtype
DOID:3070	DOID:3069	malignant astrocytoma
DOID:3070	DOID:3181	oligodendroglioma
DOID:3070	DOID:3185	spinal cord glioma
DOID:3070	DOID:3774	chordoid glioma
DOID:3070	DOID:4202	brain stem glioma
DOID:3070	DOID:4848	cerebellar astrocytoma
DOID:3070	DOID:4855	diencephalic astrocytoma
DOID:3070	DOID:4858	pineal gland astrocytoma
DOID:3070	DOID:4991	optic nerve astrocytoma
DOID:3070	DOID:5074	high grade ependymoma
DOID:3070	DOID:5076	mixed glioma
DOID:3076	DOID:7656	adult infiltrating astrocytic neoplasm
DOID:3078	DOID:0080875	IDH-mutant anaplastic astrocytoma
DOID:3078	DOID:0080876	IDH-wildtype anaplastic astrocytoma
DOID:3078	DOID:0081304	high-grade astrocytoma with piloid features
DOID:3082	DOID:0060941	interstitial lung disease 1
DOID:3082	DOID:0060971	interstitial lung disease 2
DOID:3082	DOID:10316	pneumoconiosis
DOID:3082	DOID:2799	bronchiolitis obliterans
DOID:3082	DOID:3770	pulmonary fibrosis
DOID:3082	DOID:841	extrinsic allergic alveolitis
DOID:3082	DOID:849	rheumatoid arthritis interstitial lung disease
DOID:3083	DOID:9675	pulmonary emphysema
DOID:3086	DOID:0060466	gingival fibromatosis
DOID:3086	DOID:5337	epulis
DOID:3086	DOID:5338	gingival hypertrophy
DOID:3087	DOID:13924	necrotizing ulcerative gingivitis
DOID:3093	DOID:0060116	sensory system cancer
DOID:3093	DOID:1192	peripheral nervous system neoplasm
DOID:3093	DOID:171	neuroectodermal tumor
DOID:3093	DOID:3620	central nervous system cancer
DOID:3095	DOID:3305	teratocarcinoma
DOID:3095	DOID:3307	teratoma
DOID:3095	DOID:4085	trophoblastic neoplasm
DOID:3098	DOID:0081249	EWSR1-negative small round cell tumor
DOID:3098	DOID:0081402	sarcoma with BCOR genetic alterations
DOID:3098	DOID:0081406	round cell sarcoma with EWSR1-non-ETS fusion
DOID:3098	DOID:6785	desmoplastic small round cell tumor
DOID:3111	DOID:3110	papillary cystadenocarcinoma
DOID:3111	DOID:3114	serous cystadenocarcinoma
DOID:3111	DOID:3603	mucinous cystadenocarcinoma
DOID:3111	DOID:7729	acinar cell cystadenocarcinoma
DOID:3112	DOID:2632	papillary serous adenocarcinoma
DOID:3112	DOID:3969	papillary thyroid carcinoma
DOID:3116	DOID:0080615	nephroma
DOID:3116	DOID:10194	kidney lipoma
DOID:3116	DOID:2697	renal adenoma
DOID:3116	DOID:2698	nephrogenic adenofibroma
DOID:3116	DOID:5977	renal pelvis benign neoplasm
DOID:3116	DOID:6245	renal oncocytoma
DOID:3116	DOID:7334	nephrogenic adenoma
DOID:3116	DOID:7762	childhood multilocular cystic kidney neoplasm
DOID:3116	DOID:8411	kidney angiomyolipoma
DOID:3117	DOID:0050625	biliary tract benign neoplasm
DOID:3117	DOID:916	liver benign neoplasm
DOID:3118	DOID:409	liver disease
DOID:3118	DOID:9741	biliary tract disease
DOID:3119	DOID:0050626	gastrointestinal neuroendocrine tumor
DOID:3119	DOID:0050922	gastrointestinal carcinoma
DOID:3119	DOID:0060119	pharynx cancer
DOID:3119	DOID:0080355	hepatobiliary system cancer
DOID:3119	DOID:0080374	gastroesophageal cancer
DOID:3119	DOID:10155	intestinal cancer
DOID:3119	DOID:10534	stomach cancer
DOID:3119	DOID:5041	esophageal cancer
DOID:3119	DOID:8618	oral cavity cancer
DOID:3119	DOID:903	gastrointestinal lymphoma
DOID:3119	DOID:9253	gastrointestinal stromal tumor
DOID:3121	DOID:12298	intrahepatic gall duct cancer
DOID:3121	DOID:4057	gallbladder rhabdomyosarcoma
DOID:3121	DOID:4058	gallbladder sarcoma
DOID:3121	DOID:4513	gallbladder angiosarcoma
DOID:3121	DOID:4948	gallbladder carcinoma
DOID:3121	DOID:5150	neurofibroma of gallbladder
DOID:3121	DOID:5275	gallbladder leiomyosarcoma
DOID:3121	DOID:7221	gallbladder papillary carcinoma
DOID:3121	DOID:8135	gallbladder lymphoma
DOID:3121	DOID:8167	gallbladder melanoma
DOID:3122	DOID:12639	pyloric stenosis
DOID:3125	DOID:0050430	multiple endocrine neoplasia type 2A
DOID:3125	DOID:0080137	multiple endocrine neoplasia type 4
DOID:3125	DOID:10016	multiple endocrine neoplasia type 2B
DOID:3125	DOID:10017	multiple endocrine neoplasia type 1
DOID:3128	DOID:10488	imperforate anus
DOID:3128	DOID:11014	anorectal stricture
DOID:3128	DOID:11374	anal spasm
DOID:3128	DOID:14110	anus cancer
DOID:3128	DOID:4551	anus benign neoplasm
DOID:3128	DOID:8170	fibroepithelial polyp of the anus
DOID:3128	DOID:9746	hemorrhoid
DOID:3133	DOID:13269	hereditary coproporphyria
DOID:3133	DOID:13270	erythropoietic protoporphyria
DOID:3133	DOID:3132	porphyria cutanea tarda
DOID:3133	DOID:3890	acute intermittent porphyria
DOID:3133	DOID:4346	variegate porphyria
DOID:3133	DOID:5230	hepatoerythropoietic porphyria
DOID:3134	DOID:0061187	multiple familial trichoepithelioma 1
DOID:3144	DOID:0070137	autosomal recessive cutis laxa type IIB
DOID:3144	DOID:0070141	autosomal recessive cutis laxa type II classic type
DOID:3144	DOID:0070142	autosomal dominant cutis laxa
DOID:3144	DOID:0070143	autosomal recessive cutis laxa type III
DOID:3144	DOID:0070144	autosomal recessive cutis laxa type I
DOID:3146	DOID:0060235	carnitine palmitoyltransferase II deficiency
DOID:3146	DOID:0060357	chylomicron retention disease
DOID:3146	DOID:0061186	long chain 3-hydroxyacyl-CoA dehydrogenase deficiency
DOID:3146	DOID:0070540	mitochondrial short-chain enoyl-CoA hydratase 1 deficiency
DOID:3146	DOID:0070654	desmosterolosis
DOID:3146	DOID:0080153	medium chain acyl-CoA dehydrogenase deficiency
DOID:3146	DOID:0080154	short chain acyl-CoA dehydrogenase deficiency
DOID:3146	DOID:0080155	very long chain acyl-CoA dehydrogenase deficiency
DOID:3146	DOID:0080503	multiple congenital anomalies-hypotonia-seizures syndrome
DOID:3146	DOID:0090129	carnitine palmitoyltransferase I deficiency
DOID:3146	DOID:0111277	mitochondrial trifunctional protein deficiency
DOID:3146	DOID:0111368	cholesterol-ester transfer protein deficiency
DOID:3146	DOID:0111585	carnitine-acylcarnitine translocase deficiency
DOID:3146	DOID:0111865	MEND syndrome
DOID:3146	DOID:0111898	CK syndrome
DOID:3146	DOID:10582	Refsum disease
DOID:3146	DOID:1168	familial hyperlipidemia
DOID:3146	DOID:1387	hypolipoproteinemia
DOID:3146	DOID:14498	lipoid proteinosis
DOID:3146	DOID:14692	Smith-Lemli-Opitz syndrome
DOID:3146	DOID:1701	steroid inherited metabolic disorder
DOID:3149	DOID:5585	Ferguson-Smith tumor
DOID:315	DOID:7016	tendon sheath lipoma
DOID:3151	DOID:3149	keratoacanthoma
DOID:3151	DOID:3751	plantar verrucous skin carcinoma
DOID:3151	DOID:5536	sarcomatoid squamous cell skin carcinoma
DOID:3151	DOID:7643	acantholytic squamous cell skin carcinoma
DOID:3151	DOID:8122	pseudovascular skin squamous cell carcinoma
DOID:3151	DOID:8288	clear cell squamous cell skin carcinoma
DOID:3153	DOID:0070518	familial multiple lipomatosis
DOID:3153	DOID:14116	multiple symmetric lipomatosis
DOID:3153	DOID:3923	diffuse lipomatosis
DOID:3153	DOID:3925	steroid lipomatosis
DOID:3153	DOID:3926	mediastinal lipomatosis
DOID:3153	DOID:3927	pelvic lipomatosis
DOID:3153	DOID:3928	adiposis dolorosa
DOID:3165	DOID:10188	skin lipoma
DOID:3165	DOID:13081	hemangioma of subcutaneous tissue
DOID:3165	DOID:13691	dermoid cyst of skin
DOID:3165	DOID:14308	skin epithelioid hemangioma
DOID:3165	DOID:172	clear cell acanthoma
DOID:3165	DOID:2173	eyelid benign neoplasm
DOID:3165	DOID:2410	skin granular cell tumor
DOID:3165	DOID:2411	granular cell tumor
DOID:3165	DOID:2425	cutaneous ganglioneuroma
DOID:3165	DOID:2433	epidermal appendage tumor
DOID:3165	DOID:2435	skin glomangioma
DOID:3165	DOID:2438	dermis tumor
DOID:3165	DOID:2495	senile angioma
DOID:3165	DOID:2664	sweat gland benign neoplasm
DOID:3165	DOID:3178	skin papilloma
DOID:3165	DOID:4418	cutaneous fibrous histiocytoma
DOID:3165	DOID:471	skin hemangioma
DOID:3165	DOID:5375	hair follicle neoplasm
DOID:3165	DOID:5759	sebaceous gland neoplasm
DOID:3165	DOID:5949	angiokeratoma circumscriptum
DOID:3165	DOID:6498	seborrheic keratosis
DOID:3165	DOID:663	scrotal angioma
DOID:3165	DOID:664	angiokeratoma of Fordyce
DOID:3165	DOID:7181	benign dermal neurilemmoma
DOID:3168	DOID:174	acanthoma
DOID:3178	DOID:7380	squamous cell papilloma of skin
DOID:3181	DOID:0050901	corpus callosum oligodendroglioma
DOID:3181	DOID:3183	childhood oligodendroglioma
DOID:3181	DOID:3184	spinal cord oligodendroglioma
DOID:3181	DOID:3186	adult oligodendroglioma
DOID:3181	DOID:7154	anaplastic oligodendroglioma
DOID:3185	DOID:3184	spinal cord oligodendroglioma
DOID:3185	DOID:4863	spinal cord astrocytoma
DOID:3185	DOID:5503	spinal cord ependymoma
DOID:3185	DOID:5508	brain stem ependymoma
DOID:3185	DOID:7806	adult spinal cord glioblastoma multiforme
DOID:3187	DOID:0050901	corpus callosum oligodendroglioma
DOID:319	DOID:0050259	baylisascariasis
DOID:319	DOID:0050513	spinal polio
DOID:319	DOID:0060326	myelomeningocele
DOID:319	DOID:0080829	low grade glioma
DOID:319	DOID:1089	tethered spinal cord syndrome
DOID:319	DOID:13722	neuroschistosomiasis
DOID:319	DOID:13743	spinal cord lipoma
DOID:319	DOID:320	vascular myelopathy
DOID:319	DOID:321	HTLV-1-associated myelopathy/tropical spastic paraparesis
DOID:319	DOID:322	myelitis
DOID:319	DOID:327	syringomyelia
DOID:319	DOID:3617	epidural spinal canal angiolipoma
DOID:319	DOID:5612	spinal cancer
DOID:319	DOID:6712	anterior spinal artery syndrome
DOID:319	DOID:7071	spinal cord dermoid cyst
DOID:319	DOID:8869	neuromyelitis optica
DOID:319	DOID:9988	tertiary neurosyphilis
DOID:3191	DOID:0081374	nemaline myopathy 5B
DOID:3191	DOID:0081375	nemaline myopathy 5C
DOID:3191	DOID:0110927	nemaline myopathy 3
DOID:3191	DOID:0110928	nemaline myopathy 2
DOID:3191	DOID:0110929	nemaline myopathy 9
DOID:3191	DOID:0110930	nemaline myopathy 8
DOID:3191	DOID:0110931	nemaline myopathy 10
DOID:3191	DOID:0110933	nemaline myopathy 11
DOID:3191	DOID:0110934	nemaline myopathy 7
DOID:3191	DOID:0110935	nemaline myopathy 6
DOID:3191	DOID:0110936	nemaline myopathy 5A
DOID:3192	DOID:12689	acoustic neuroma
DOID:3192	DOID:3196	cellular schwannoma
DOID:3192	DOID:3197	schwannoma of twelfth cranial nerve
DOID:3192	DOID:3203	macrocystic neurilemmoma
DOID:3192	DOID:3205	melanotic neurilemmoma
DOID:3192	DOID:3206	plexiform schwannoma
DOID:3192	DOID:956	peripheral nerve schwannoma
DOID:3193	DOID:4697	perineurioma
DOID:3193	DOID:5940	malignant peripheral nerve sheath tumor
DOID:3193	DOID:962	neurofibroma
DOID:3200	DOID:3199	C-P angle neurinoma
DOID:3200	DOID:4787	cerebellopontine angle primitive neuroectodermal tumor
DOID:3200	DOID:6337	cerebellopontine angle meningioma
DOID:3204	DOID:0070480	schwannomatosis 1
DOID:3204	DOID:0070481	schwannomatosis 2
DOID:3204	DOID:0111252	vestibular schwannomatosis
DOID:3205	DOID:6484	mediastinal melanocytic neurilemmoma
DOID:3209	DOID:0060733	junctional epidermolysis bullosa with pyloric atresia
DOID:3209	DOID:0060737	junctional epidermolysis bullosa Herlitz type
DOID:3209	DOID:0060738	junctional epidermolysis bullosa non-Herlitz type
DOID:3211	DOID:0050437	Danon disease
DOID:3211	DOID:0050461	aspartylglucosaminuria
DOID:3211	DOID:0080540	galactosialidosis
DOID:3211	DOID:0112317	Schindler disease
DOID:3211	DOID:1064	cystinosis
DOID:3211	DOID:12798	mucopolysaccharidosis
DOID:3211	DOID:14500	fucosidosis
DOID:3211	DOID:3413	alpha-mannosidosis
DOID:3211	DOID:3633	beta-mannosidosis
DOID:3211	DOID:3659	sialuria
DOID:3211	DOID:9455	lipid storage disease
DOID:3213	DOID:2377	multiple sclerosis
DOID:3213	DOID:636	central pontine myelinolysis
DOID:322	DOID:0080743	transverse myelitis
DOID:322	DOID:0080947	acute flaccid myelitis
DOID:3223	DOID:14022	algoneurodystrophy
DOID:3223	DOID:1811	reflex sympathetic dystrophy
DOID:3223	DOID:3222	causalgia
DOID:3225	DOID:0060313	tracheomalacia
DOID:3225	DOID:11920	tracheal cancer
DOID:3225	DOID:14224	tracheal calcification
DOID:3225	DOID:248	trachea leiomyoma
DOID:3225	DOID:3227	tracheal stenosis
DOID:3225	DOID:8802	trachea carcinoma in situ
DOID:3225	DOID:9392	tracheitis
DOID:3240	DOID:3241	lipid pneumonia
DOID:3246	DOID:0060338	parameningeal embryonal rhabdomyosarcoma
DOID:3246	DOID:3255	botryoid rhabdomyosarcoma
DOID:3247	DOID:0080900	oral rhabdomyosarcoma
DOID:3247	DOID:3246	embryonal rhabdomyosarcoma
DOID:3247	DOID:3250	pleomorphic rhabdomyosarcoma
DOID:3247	DOID:3254	bile duct rhabdomyosarcoma
DOID:3247	DOID:3260	spindle cell rhabdomyosarcoma
DOID:3247	DOID:4048	central nervous system rhabdomyosarcoma
DOID:3247	DOID:4049	mediastinum rhabdomyosarcoma
DOID:3247	DOID:4051	alveolar rhabdomyosarcoma
DOID:3247	DOID:4057	gallbladder rhabdomyosarcoma
DOID:3247	DOID:4059	ovary rhabdomyosarcoma
DOID:3247	DOID:4065	mixed type rhabdomyosarcoma
DOID:3247	DOID:4066	anus rhabdomyosarcoma
DOID:3250	DOID:7463	childhood pleomorphic rhabdomyosarcoma
DOID:3250	DOID:8251	adult pleomorphic rhabdomyosarcoma
DOID:3252	DOID:3251	prostate embryonal rhabdomyosarcoma
DOID:3254	DOID:3253	embryonal extrahepatic bile duct rhabdomyosarcoma
DOID:3255	DOID:6786	childhood botryoid rhabdomyosarcoma
DOID:3255	DOID:6788	vagina botryoid rhabdomyosarcoma
DOID:3255	DOID:6847	adult botryoid rhabdomyosarcoma
DOID:3259	DOID:3258	orbit embryonal rhabdomyosarcoma
DOID:3259	DOID:4384	orbit alveolar rhabdomyosarcoma
DOID:326	DOID:0050852	limb ischemia
DOID:326	DOID:12510	retinal ischemia
DOID:326	DOID:2316	brain ischemia
DOID:326	DOID:682	compartment syndrome
DOID:3262	DOID:0112000	immunodeficiency 34
DOID:3262	DOID:3265	chronic granulomatous disease
DOID:3265	DOID:0070191	autosomal recessive chronic granulomatous disease 2
DOID:3265	DOID:0070192	autosomal recessive chronic granulomatous disease 1
DOID:3265	DOID:0070193	autosomal recessive chronic granulomatous disease 4
DOID:3265	DOID:0070194	autosomal recessive chronic granulomatous disease 3
DOID:3265	DOID:0070195	X-linked chronic granulomatous disease
DOID:3265	DOID:0070368	autosomal recessive chronic granulomatous disease 5
DOID:3269	DOID:3267	mucinous ovarian cystadenoma
DOID:3269	DOID:7191	ovarian endometrioid cystadenoma
DOID:3274	DOID:8310	sclerosing adenosis of breast
DOID:3275	DOID:3278	encapsulated thymoma
DOID:3275	DOID:3279	spindle cell thymoma
DOID:3275	DOID:3280	mixed type thymoma
DOID:3275	DOID:3281	combined thymoma
DOID:3275	DOID:3282	thymoma type B
DOID:3275	DOID:3283	invasive malignant thymoma
DOID:3275	DOID:4554	type C thymoma
DOID:3275	DOID:7214	noninvasive malignant thymoma
DOID:3277	DOID:10146	thymus lymphoma
DOID:3277	DOID:3275	thymoma
DOID:3277	DOID:3284	thymic carcinoma
DOID:3277	DOID:4678	thymus mucoepidermoid carcinoma
DOID:3277	DOID:5626	thymus adenosquamous carcinoma
DOID:3277	DOID:7050	thymus basaloid carcinoma
DOID:3279	DOID:7927	malignant type A thymoma
DOID:3280	DOID:6723	malignant type AB thymoma
DOID:3282	DOID:6530	thymoma type B2
DOID:3282	DOID:6917	predominantly cortical thymoma
DOID:3282	DOID:7926	epithelial malignant thymoma
DOID:3284	DOID:4553	thymus large cell carcinoma
DOID:3284	DOID:4923	thymus adenocarcinoma
DOID:3284	DOID:5530	thymus squamous cell carcinoma
DOID:3284	DOID:7142	thymus small cell carcinoma
DOID:3284	DOID:7599	lymphoepithelioma-like thymic carcinoma
DOID:3284	DOID:8137	thymus clear cell carcinoma
DOID:3284	DOID:8138	thymus sarcomatoid carcinoma
DOID:3301	DOID:3578	ovarian gonadoblastoma
DOID:3301	DOID:3579	testicular gonadoblastoma
DOID:3302	DOID:0081417	poorly differentiated chordoma
DOID:3302	DOID:4151	skull base chordoma
DOID:3302	DOID:4152	chondroid chordoma
DOID:3302	DOID:4153	spinal chordoma
DOID:3303	DOID:3302	chordoma
DOID:3306	DOID:0050907	mixed extragonadal germ cell cancer
DOID:3307	DOID:0081246	teratoma with somatic-type malignancy
DOID:3307	DOID:5563	malignant teratoma
DOID:3307	DOID:5566	mature teratoma
DOID:3308	DOID:5680	embryonal testis carcinoma
DOID:3308	DOID:5681	ovarian embryonal carcinoma
DOID:3308	DOID:7232	central nervous system embryonal carcinoma
DOID:331	DOID:0050242	primary amebic meningoencephalitis
DOID:331	DOID:0050251	coenurosis
DOID:331	DOID:0050256	angiostrongyliasis
DOID:331	DOID:0050425	restless legs syndrome
DOID:331	DOID:0050515	paralytic poliomyelitis
DOID:331	DOID:0060004	autoimmune disease of central nervous system
DOID:331	DOID:0060090	central nervous system benign neoplasm
DOID:331	DOID:10079	cysticercosis
DOID:331	DOID:10095	intracranial abscess
DOID:331	DOID:10554	meningoencephalitis
DOID:331	DOID:10955	strongyloidiasis
DOID:331	DOID:10969	hemiplegia
DOID:331	DOID:11387	epidural abscess
DOID:331	DOID:11389	subdural empyema
DOID:331	DOID:12835	quadriplegia
DOID:331	DOID:1289	neurodegenerative disease
DOID:331	DOID:1638	central nervous system tuberculosis
DOID:331	DOID:319	spinal cord disease
DOID:331	DOID:3213	demyelinating disease
DOID:331	DOID:3230	high pressure neurological syndrome
DOID:331	DOID:3620	central nervous system cancer
DOID:331	DOID:5154	borna disease
DOID:331	DOID:525	central nervous system vasculitis
DOID:331	DOID:607	paraplegia
DOID:331	DOID:640	encephalomyelitis
DOID:331	DOID:8117	neuronitis
DOID:331	DOID:936	brain disease
DOID:331	DOID:9471	meningitis
DOID:3310	DOID:0110098	atopic dermatitis 2
DOID:3310	DOID:0110099	atopic dermatitis 3
DOID:3310	DOID:0110100	atopic dermatitis 4
DOID:3310	DOID:0110101	atopic dermatitis 5
DOID:3310	DOID:0110102	atopic dermatitis 6
DOID:3310	DOID:0110103	atopic dermatitis 7
DOID:3310	DOID:0110104	atopic dermatitis 8
DOID:3310	DOID:0110105	atopic dermatitis 9
DOID:3312	DOID:0060166	bipolar ll disorder
DOID:3312	DOID:14042	bipolar I disorder
DOID:3312	DOID:845	cyclothymic disorder
DOID:3314	DOID:3318	epithelioid type angiomyolipoma
DOID:3315	DOID:10183	endobronchial lipoma
DOID:3315	DOID:10184	spindle cell lipoma
DOID:3315	DOID:10187	esophageal lipoma
DOID:3315	DOID:10188	skin lipoma
DOID:3315	DOID:10190	liver lipoma
DOID:3315	DOID:10192	pleomorphic lipoma
DOID:3315	DOID:10193	conventional lipoma
DOID:3315	DOID:10194	kidney lipoma
DOID:3315	DOID:10195	pleural lipoma
DOID:3315	DOID:10199	breast lipoma
DOID:3315	DOID:10200	chest wall lipoma
DOID:3315	DOID:10201	gallbladder lipoma
DOID:3315	DOID:10203	external ear lipoma
DOID:3315	DOID:10205	axillary lipoma
DOID:3315	DOID:10207	paratesticular lipoma
DOID:3315	DOID:10208	chondroid lipoma
DOID:3315	DOID:10209	extrahepatic bile duct lipoma
DOID:3315	DOID:1975	thymus lipoma
DOID:3315	DOID:3616	angiolipoma
DOID:3315	DOID:6285	heart lipoma
DOID:3315	DOID:6293	central nervous system lipoma
DOID:3315	DOID:6459	rectal lipoma
DOID:3315	DOID:6460	large intestine lipoma
DOID:3315	DOID:6752	internal auditory canal lipoma
DOID:3315	DOID:7014	infiltrating lipoma
DOID:3315	DOID:7016	tendon sheath lipoma
DOID:3315	DOID:7017	lumbosacral lipoma
DOID:3316	DOID:0080896	pericytoma with t(7;12)
DOID:3316	DOID:2643	perivascular epithelioid cell tumor
DOID:3316	DOID:3850	hemangiopericytic tumor
DOID:332	DOID:0050752	amyotrophic lateral sclerosis type 8
DOID:332	DOID:0060193	amyotrophic lateral sclerosis type 1
DOID:332	DOID:0060194	amyotrophic lateral sclerosis type 2
DOID:332	DOID:0060195	amyotrophic lateral sclerosis type 3
DOID:332	DOID:0060196	amyotrophic lateral sclerosis type 4
DOID:332	DOID:0060197	amyotrophic lateral sclerosis type 5
DOID:332	DOID:0060198	amyotrophic lateral sclerosis type 6
DOID:332	DOID:0060199	amyotrophic lateral sclerosis type 7
DOID:332	DOID:0060200	amyotrophic lateral sclerosis type 9
DOID:332	DOID:0060201	amyotrophic lateral sclerosis type 10
DOID:332	DOID:0060202	amyotrophic lateral sclerosis type 11
DOID:332	DOID:0060203	amyotrophic lateral sclerosis type 12
DOID:332	DOID:0060204	amyotrophic lateral sclerosis type 13
DOID:332	DOID:0060205	frontotemporal dementia and/or amyotrophic lateral sclerosis 6
DOID:332	DOID:0060206	amyotrophic lateral sclerosis type 15
DOID:332	DOID:0060207	amyotrophic lateral sclerosis type 16
DOID:332	DOID:0060209	amyotrophic lateral sclerosis type 18
DOID:332	DOID:0060210	amyotrophic lateral sclerosis type 19
DOID:332	DOID:0060211	amyotrophic lateral sclerosis type 20
DOID:332	DOID:0060212	amyotrophic lateral sclerosis type 21
DOID:332	DOID:0060213	C9orf72 frontotemporal dementia and/or amyotrophic lateral sclerosis
DOID:332	DOID:0060214	frontotemporal dementia and/or amyotrophic lateral sclerosis 2
DOID:332	DOID:0060355	amyotrophic lateral sclerosis type 22
DOID:332	DOID:0080225	amyotrophic lateral sclerosis type 23
DOID:332	DOID:0080917	sporadic amyotrophic lateral sclerosis
DOID:332	DOID:0081378	amyotrophic lateral sclerosis type 24
DOID:332	DOID:0081379	amyotrophic lateral sclerosis type 25
DOID:332	DOID:0081380	amyotrophic lateral sclerosis type 26
DOID:332	DOID:0081381	juvenile amyotrophic lateral sclerosis type 27
DOID:332	DOID:0081382	amyotrophic lateral sclerosis type 28
DOID:332	DOID:0110067	juvenile amyotrophic lateral sclerosis with dementia
DOID:332	DOID:0110068	frontotemporal dementia and/or amyotrophic lateral sclerosis 3
DOID:332	DOID:0110069	frontotemporal dementia and/or amyotrophic lateral sclerosis 4
DOID:332	DOID:0111227	frontotemporal dementia and/or amyotrophic lateral sclerosis 7
DOID:3321	DOID:3320	Tay-Sachs disease
DOID:3321	DOID:3323	Sandhoff disease
DOID:3321	DOID:4795	GM2 gangliosidosis, AB variant
DOID:3322	DOID:0080489	GM1 gangliosidosis type 3
DOID:3322	DOID:0080501	GM1 gangliosidosis type 2
DOID:3322	DOID:0080502	GM1 gangliosidosis type 1
DOID:3324	DOID:12139	dysthymic disorder
DOID:3324	DOID:12294	atypical depressive disorder
DOID:3324	DOID:1596	depressive disorder
DOID:3324	DOID:3312	bipolar disorder
DOID:3326	DOID:0060538	purpura fulminans
DOID:3326	DOID:3325	hyperglobulinemic purpura
DOID:3328	DOID:0060748	familial temporal lobe epilepsy 1
DOID:3328	DOID:0060749	familial temporal lobe epilepsy 6
DOID:3328	DOID:0060750	familial temporal lobe epilepsy 3
DOID:3328	DOID:0060751	familial temporal lobe epilepsy 7
DOID:3328	DOID:0060752	familial temporal lobe epilepsy 5
DOID:3328	DOID:0060753	familial temporal lobe epilepsy 4
DOID:3328	DOID:0060754	familial temporal lobe epilepsy 8
DOID:3328	DOID:0060755	familial temporal lobe epilepsy 2
DOID:3331	DOID:0060681	autosomal dominant nocturnal frontal lobe epilepsy
DOID:3342	DOID:0060322	mastoiditis
DOID:3342	DOID:1019	osteomyelitis
DOID:3342	DOID:14087	epicondylitis
DOID:3342	DOID:4257	Caffey disease
DOID:3342	DOID:7489	Osgood-Schlatter's disease
DOID:3342	DOID:848	arthritis
DOID:3345	DOID:4810	cerebrotendinous xanthomatosis
DOID:3345	DOID:5769	verruciform xanthoma of skin
DOID:3347	DOID:3352	malignant fibrous histiocytoma of bone
DOID:3347	DOID:3356	localized osteosarcoma
DOID:3347	DOID:3357	extraosseous osteosarcoma
DOID:3347	DOID:3361	childhood osteosarcoma
DOID:3347	DOID:3372	chondroblastic osteosarcoma
DOID:3347	DOID:3376	bone osteosarcoma
DOID:3347	DOID:3379	metachronous osteosarcoma of the bone
DOID:3347	DOID:6208	mediastinal osteogenic sarcoma
DOID:3347	DOID:6370	hepatic osteogenic sarcoma
DOID:3350	DOID:0050905	inflammatory myofibroblastic tumor
DOID:3350	DOID:2647	parachordoma
DOID:3350	DOID:2685	ossifying fibromyxoid tumor
DOID:3350	DOID:6755	amyloid tumor
DOID:3350	DOID:8303	congenital granular cell tumor
DOID:3350	DOID:8305	nonossifying fibromyxoid tumor
DOID:3355	DOID:3507	dermatofibrosarcoma protuberans
DOID:3355	DOID:3516	adult fibrosarcoma
DOID:3355	DOID:3517	conventional fibrosarcoma
DOID:3355	DOID:3520	childhood fibrosarcoma
DOID:3355	DOID:6451	central nervous system fibrosarcoma
DOID:3355	DOID:6880	small bowel fibrosarcoma
DOID:3357	DOID:7297	childhood extraosseous osteosarcoma
DOID:3357	DOID:7827	adult extraosseous osteosarcoma
DOID:3360	DOID:6696	synchronous multifocal osteogenic sarcoma
DOID:3360	DOID:6697	asynchronous multifocal osteogenic sarcoma
DOID:3368	DOID:4388	bone peripheral neuroepithelioma
DOID:3369	DOID:0050608	Askin's tumor
DOID:3369	DOID:3368	Ewing sarcoma of bone
DOID:3369	DOID:4232	extraosseous Ewing sarcoma
DOID:3371	DOID:0050897	bone chondrosarcoma
DOID:3371	DOID:0081247	dedifferentiated chondrosarcoma
DOID:3371	DOID:4545	mesenchymal chondrosarcoma
DOID:3371	DOID:4549	extraskeletal myxoid chondrosarcoma
DOID:3371	DOID:5859	periosteal chondrosarcoma
DOID:3371	DOID:5861	myxoid chondrosarcoma
DOID:3371	DOID:5862	localized chondrosarcoma
DOID:3371	DOID:5866	juxtacortical chondrosarcoma
DOID:3371	DOID:5867	clear cell chondrosarcoma
DOID:3373	DOID:5809	childhood parosteal osteogenic sarcoma
DOID:3374	DOID:3373	parosteal osteosarcoma
DOID:3374	DOID:6489	periosteal osteogenic sarcoma
DOID:3376	DOID:3374	peripheral osteosarcoma
DOID:3376	DOID:7542	osteosarcoma arising in bone Paget's disease
DOID:3376	DOID:7602	conventional osteosarcoma
DOID:3382	DOID:0080531	dedifferentiated liposarcoma
DOID:3382	DOID:3381	liposarcoma of bone
DOID:3382	DOID:5363	myxoid liposarcoma
DOID:3382	DOID:5690	well-differentiated liposarcoma
DOID:3382	DOID:5692	cellular myxoid liposarcoma
DOID:3382	DOID:5693	adult liposarcoma
DOID:3382	DOID:5694	esophagus liposarcoma
DOID:3382	DOID:5695	childhood liposarcoma
DOID:3382	DOID:5696	larynx liposarcoma
DOID:3382	DOID:5697	liposarcoma of the ovary
DOID:3382	DOID:5698	fibroblastic liposarcoma
DOID:3382	DOID:5699	kidney liposarcoma
DOID:3382	DOID:5702	pleomorphic liposarcoma
DOID:3382	DOID:5703	mixed liposarcoma
DOID:3382	DOID:5711	vulvar liposarcoma
DOID:3382	DOID:5713	mediastinum liposarcoma
DOID:3382	DOID:5714	intracranial liposarcoma
DOID:3388	DOID:0070768	peri-implant disease
DOID:3388	DOID:1483	gingival disease
DOID:3388	DOID:824	periodontitis
DOID:3390	DOID:0050428	nonepidermolytic palmoplantar keratoderma
DOID:3390	DOID:0060361	punctate palmoplantar keratoderma
DOID:3390	DOID:0060862	mal de Meleda
DOID:3390	DOID:0070553	focal palmoplantar and gingival keratosis
DOID:3390	DOID:0080223	epidermolytic palmoplantar keratoderma
DOID:3390	DOID:0081105	keratosis palmoplantaris striata
DOID:3393	DOID:0080938	nonobstructive coronary artery disease
DOID:3393	DOID:11840	coronary artery vasospasm
DOID:3393	DOID:11843	coronary artery anomaly
DOID:3393	DOID:11847	coronary thrombosis
DOID:3393	DOID:4248	coronary stenosis
DOID:3393	DOID:5844	myocardial infarction
DOID:3393	DOID:8805	intermediate coronary syndrome
DOID:3405	DOID:2570	malignant histiocytic disease
DOID:3405	DOID:2571	Langerhans-cell histiocytosis
DOID:3405	DOID:4330	non-Langerhans-cell histiocytosis
DOID:3405	DOID:4394	reticulohistiocytic granuloma
DOID:3407	DOID:13001	carotid stenosis
DOID:3407	DOID:3410	carotid artery thrombosis
DOID:3407	DOID:807	carotid artery occlusion
DOID:3407	DOID:9348	carotid artery dissection
DOID:341	DOID:10300	Raynaud disease
DOID:341	DOID:11713	diabetic angiopathy
DOID:341	DOID:1272	telangiectasis
DOID:341	DOID:12918	thromboangiitis obliterans
DOID:341	DOID:13252	mesenteric vascular occlusion
DOID:341	DOID:1729	retinal vascular occlusion
DOID:341	DOID:9286	priapism
DOID:3417	DOID:1760	facial nerve neoplasm
DOID:3418	DOID:12491	Vagus nerve disease
DOID:3418	DOID:13814	hypoglossal nerve disease
DOID:3418	DOID:13866	multiple cranial nerve palsy
DOID:3418	DOID:14423	glossopharyngeal neuralgia
DOID:3418	DOID:339	accessory nerve disease
DOID:3418	DOID:367	olfactory nerve disease
DOID:3418	DOID:7558	glossopharyngeal motor neuropathy
DOID:3419	DOID:4992	optic nerve glioma
DOID:3419	DOID:5632	optic nerve sheath meningioma
DOID:3419	DOID:6334	anterior optic tract meningioma
DOID:3419	DOID:6335	bilateral meningioma of optic nerve
DOID:3426	DOID:0050332	enlarged vestibular aqueduct
DOID:3426	DOID:9847	peripheral vertigo
DOID:3437	DOID:11797	chronic laryngitis
DOID:3437	DOID:1583	laryngeal tuberculosis
DOID:3437	DOID:9396	acute laryngitis
DOID:3445	DOID:13159	scrotum squamous cell carcinoma
DOID:3445	DOID:3444	scrotum Paget's disease
DOID:3445	DOID:4278	scrotum basal cell carcinoma
DOID:3447	DOID:3446	anal Paget's disease
DOID:3447	DOID:3691	anal colloid adenocarcinoma
DOID:3447	DOID:7531	anal gland adenocarcinoma
DOID:3449	DOID:3448	penis Paget's disease
DOID:3449	DOID:4277	penis basal cell carcinoma
DOID:3449	DOID:5518	penis squamous cell carcinoma
DOID:345	DOID:0050862	pyometritis
DOID:345	DOID:0060095	uterine benign neoplasm
DOID:345	DOID:1005	endometrial disease
DOID:345	DOID:13589	female infertility of uterine origin
DOID:345	DOID:13736	uterine inflammatory disease
DOID:345	DOID:13811	chronic subinvolution of uterus
DOID:345	DOID:13812	adhesions of uterus
DOID:345	DOID:2253	cervix disease
DOID:345	DOID:288	endometriosis of uterus
DOID:345	DOID:363	uterine cancer
DOID:345	DOID:780	placenta disease
DOID:345	DOID:9042	polyp of corpus uteri
DOID:345	DOID:9108	uterus carcinoma in situ
DOID:345	DOID:9346	Taylor's syndrome
DOID:345	DOID:9958	hemometra
DOID:345	DOID:997	uterine inversion
DOID:3451	DOID:2513	basal cell carcinoma
DOID:3451	DOID:3151	skin squamous cell carcinoma
DOID:3451	DOID:3450	cutaneous Paget's disease
DOID:3451	DOID:3965	Merkel cell carcinoma
DOID:3451	DOID:4683	cutaneous mucoepidermoid carcinoma
DOID:3451	DOID:4871	cutaneous adenocystic carcinoma
DOID:3451	DOID:5376	skin pilomatrix carcinoma
DOID:3451	DOID:6425	eyelid carcinoma
DOID:3451	DOID:7039	Borst-Jadassohn intraepidermal carcinoma
DOID:3454	DOID:3523	brain stem infarction
DOID:3454	DOID:3526	cerebral infarction
DOID:3458	DOID:0081028	glycogen-rich carcinoma
DOID:3458	DOID:3443	mammary Paget's disease
DOID:3458	DOID:3503	breast signet ring cell adenocarcinoma
DOID:3458	DOID:3610	breast mucinous carcinoma
DOID:3458	DOID:4922	breast secretory carcinoma
DOID:3458	DOID:5605	breast medullary carcinoma
DOID:3458	DOID:5743	acinic cell breast carcinoma
DOID:3458	DOID:6263	inflammatory breast carcinoma
DOID:3458	DOID:6581	breast apocrine carcinoma
DOID:3458	DOID:6585	breast oncocytic carcinoma
DOID:3458	DOID:6587	breast tubular carcinoma
DOID:3459	DOID:0050938	breast lobular carcinoma
DOID:3459	DOID:0060548	luminal breast carcinoma A
DOID:3459	DOID:0080674	luminal breast carcinoma B
DOID:3459	DOID:3007	breast ductal carcinoma
DOID:3459	DOID:3458	breast adenocarcinoma
DOID:3459	DOID:4680	breast metaplastic carcinoma
DOID:3459	DOID:4877	breast adenoid cystic carcinoma
DOID:3459	DOID:5050	Ehrlich tumor carcinoma
DOID:3459	DOID:5592	breast papillary carcinoma
DOID:3459	DOID:5658	lipid-rich carcinoma
DOID:3459	DOID:5675	cribriform carcinoma
DOID:3459	DOID:5760	sebaceous breast carcinoma
DOID:3459	DOID:6629	nipple carcinoma
DOID:3459	DOID:6657	breast large cell neuroendocrine carcinoma
DOID:3459	DOID:6741	bilateral breast cancer
DOID:3459	DOID:6776	breast myoepithelial carcinoma
DOID:3459	DOID:7578	breast scirrhous carcinoma
DOID:3459	DOID:7843	female breast carcinoma
DOID:3459	DOID:8029	sporadic breast cancer
DOID:3463	DOID:0060082	breast benign neoplasm
DOID:3463	DOID:0060323	breast abscess
DOID:3463	DOID:0081323	breast implant illness
DOID:3463	DOID:10080	sparganosis
DOID:3463	DOID:10688	hypertrophy of breast
DOID:3463	DOID:10690	mastitis
DOID:3463	DOID:10691	fat necrosis of breast
DOID:3463	DOID:11603	infant gynecomastia
DOID:3463	DOID:1612	breast cancer
DOID:3463	DOID:1637	breast angiomatosis
DOID:3463	DOID:5998	microglandular adenosis
DOID:3463	DOID:8791	breast carcinoma in situ
DOID:3478	DOID:4352	ciliary body cancer
DOID:3478	DOID:6994	malignant iris melanoma
DOID:3479	DOID:12759	choroid cancer
DOID:3479	DOID:3478	iris cancer
DOID:3479	DOID:6039	uveal melanoma
DOID:3480	DOID:0040088	autoimmune uveitis
DOID:3480	DOID:13141	uveitis
DOID:3480	DOID:1417	choroid disease
DOID:3480	DOID:240	iris disease
DOID:3480	DOID:3479	uveal cancer
DOID:3482	DOID:10398	pneumonic plague
DOID:3482	DOID:10773	bubonic plague
DOID:3482	DOID:3481	septicemic plague
DOID:3488	DOID:4558	Ludwig's angina
DOID:349	DOID:4659	extracutaneous mastocytoma
DOID:349	DOID:4660	indolent systemic mastocytosis
DOID:349	DOID:4797	SM-AHNMD
DOID:349	DOID:4798	aggressive systemic mastocytosis
DOID:3490	DOID:0060578	Noonan syndrome 1
DOID:3490	DOID:0060580	Noonan syndrome 2
DOID:3490	DOID:0060581	Noonan syndrome 3
DOID:3490	DOID:0060582	Noonan syndrome 4
DOID:3490	DOID:0060583	Noonan syndrome 5
DOID:3490	DOID:0060584	Noonan syndrome 6
DOID:3490	DOID:0060585	Noonan syndrome 7
DOID:3490	DOID:0060586	Noonan syndrome 8
DOID:3490	DOID:0060587	Noonan syndrome 9
DOID:3490	DOID:0060588	Noonan syndrome 10
DOID:3490	DOID:0112161	Noonan syndrome 13
DOID:3490	DOID:0112169	Noonan syndrome 11
DOID:3490	DOID:0112170	Noonan syndrome 12
DOID:3495	DOID:5926	extrahepatic bile duct small cell adenocarcinoma
DOID:3495	DOID:6931	papillary extrahepatic bile duct adenocarcinoma
DOID:3498	DOID:3497	pancreatic signet ring cell adenocarcinoma
DOID:3498	DOID:7716	mixed ductal-endocrine carcinoma
DOID:3498	DOID:7718	osteoclast-like giant cell neoplasm of the pancreas
DOID:350	DOID:349	systemic mastocytosis
DOID:350	DOID:3663	cutaneous mastocytosis
DOID:3500	DOID:3499	gallbladder signet ring cell adenocarcinoma
DOID:3500	DOID:7222	gallbladder pleomorphic giant cell adenocarcinoma
DOID:3502	DOID:3501	ampullary signet ring cell adenocarcinoma
DOID:3502	DOID:3693	ampulla of Vater mucinous adenocarcinoma
DOID:3502	DOID:5308	ampulla of Vater clear cell adenocarcinoma
DOID:3502	DOID:8110	periampullary adenocarcinoma
DOID:3520	DOID:8418	congenital fibrosarcoma
DOID:3523	DOID:3522	lateral medullary syndrome
DOID:3526	DOID:3525	middle cerebral artery infarction
DOID:3526	DOID:3528	anterior cerebral artery infarction
DOID:3526	DOID:3821	posterior cerebral artery infarction
DOID:3527	DOID:10941	intracranial aneurysm
DOID:3527	DOID:13099	Moyamoya disease
DOID:3534	DOID:0061211	Lafora disease 2
DOID:3534	DOID:0070660	Lafora disease 1
DOID:3535	DOID:0111448	progressive myoclonus epilepsy 1B
DOID:3535	DOID:0111452	progressive myoclonus epilepsy 1A
DOID:3540	DOID:3542	adult choroid plexus cancer
DOID:3540	DOID:3545	childhood choroid plexus cancer
DOID:3540	DOID:4584	choroid plexus meningioma
DOID:3540	DOID:5648	choroid plexus carcinoma
DOID:3541	DOID:0081314	extraventricular neurocytoma
DOID:3541	DOID:14174	central neurocytoma
DOID:3541	DOID:3540	choroid plexus cancer
DOID:3541	DOID:3774	chordoid glioma
DOID:3541	DOID:5074	high grade ependymoma
DOID:3541	DOID:6115	lateral ventricle meningioma
DOID:3558	DOID:13687	chronic duodenal ileus
DOID:3558	DOID:3557	superior mesenteric artery syndrome
DOID:3565	DOID:0060106	brain meningioma
DOID:3565	DOID:0080842	intracranial meningioma
DOID:3565	DOID:0080843	supratentorial meningioma
DOID:3565	DOID:1138	spinal meningioma
DOID:3565	DOID:3772	intraventricular meningioma
DOID:3565	DOID:4141	intraorbital meningioma
DOID:3565	DOID:4210	clear cell meningioma
DOID:3565	DOID:4211	posterior fossa meningioma
DOID:3565	DOID:4435	cavernous sinus meningioma
DOID:3565	DOID:4436	anterior cranial fossa meningioma
DOID:3565	DOID:4586	familial meningioma
DOID:3565	DOID:4588	secretory meningioma
DOID:3565	DOID:4591	lymphoplasmacyte-rich meningioma
DOID:3565	DOID:4593	childhood meningioma
DOID:3565	DOID:4594	microcystic meningioma
DOID:3565	DOID:4708	foramen magnum meningioma
DOID:3565	DOID:4749	middle cranial fossa meningioma
DOID:3565	DOID:4957	meninges hemangiopericytoma
DOID:3565	DOID:5058	rhabdoid meningioma
DOID:3565	DOID:5764	lung meningioma
DOID:3565	DOID:6086	malignant leptomeningeal neoplasm
DOID:3565	DOID:6110	jugular foramen meningioma
DOID:3565	DOID:6334	anterior optic tract meningioma
DOID:3565	DOID:6335	bilateral meningioma of optic nerve
DOID:3565	DOID:6548	angiomatous meningioma
DOID:3565	DOID:7210	psammomatous meningioma
DOID:3565	DOID:7211	fibrous meningioma
DOID:3565	DOID:7212	meningothelial meningioma
DOID:3565	DOID:7213	transitional meningioma
DOID:3565	DOID:7482	petrous apex meningioma
DOID:3565	DOID:7614	meninges sarcoma
DOID:3565	DOID:7634	suprasellar meningioma
DOID:3565	DOID:7635	Gasserian ganglion meningioma
DOID:3565	DOID:8006	skin meningioma
DOID:3565	DOID:8030	periocular meningioma
DOID:3565	DOID:8031	pineal region meningioma
DOID:3565	DOID:8058	pituitary stalk meningioma
DOID:3565	DOID:8216	parapharyngeal meningioma
DOID:3565	DOID:8368	chordoid meningioma
DOID:3571	DOID:268	liver angiosarcoma
DOID:3571	DOID:270	liver sarcoma
DOID:3571	DOID:6370	hepatic osteogenic sarcoma
DOID:3571	DOID:686	liver carcinoma
DOID:3571	DOID:687	hepatoblastoma
DOID:3571	DOID:901	liver lymphoma
DOID:3572	DOID:3574	lateral sinus thrombosis
DOID:3572	DOID:3575	cavernous sinus thrombosis
DOID:3572	DOID:3576	sagittal sinus thrombosis
DOID:3594	DOID:2025	gestational choriocarcinoma
DOID:3594	DOID:3596	placental site trophoblastic tumor
DOID:3594	DOID:4320	non-gestational choriocarcinoma
DOID:3594	DOID:5547	pulmonary artery choriocarcinoma
DOID:3594	DOID:5550	choriocarcinoma of ovary
DOID:3594	DOID:5551	choriocarcinoma of the testis
DOID:3594	DOID:6634	adult central nervous system choriocarcinoma
DOID:3594	DOID:6639	childhood CNS choriocarcinoma
DOID:3594	DOID:8188	uterine corpus choriocarcinoma
DOID:3605	DOID:3604	ovarian mucinous cystadenocarcinoma
DOID:3605	DOID:5746	ovarian serous cystadenocarcinoma
DOID:3605	DOID:7438	ovarian clear cell cystadenocarcinoma
DOID:3608	DOID:3607	appendix mucinous cystadenocarcinoma
DOID:3610	DOID:3609	breast mucinous cystadenocarcinoma
DOID:3610	DOID:8130	breast columnar cell mucinous carcinoma
DOID:3612	DOID:0080160	Cytomegalovirus retinitis
DOID:3612	DOID:11316	histoplasmosis retinitis
DOID:3612	DOID:3611	acute retinal necrosis syndrome
DOID:3616	DOID:3615	infiltrating angiolipoma
DOID:3616	DOID:3617	epidural spinal canal angiolipoma
DOID:3620	DOID:1319	brain cancer
DOID:3620	DOID:2133	central nervous system sarcoma
DOID:3620	DOID:2815	cranial nerve malignant neoplasm
DOID:3620	DOID:3069	malignant astrocytoma
DOID:3620	DOID:3565	meningioma
DOID:3620	DOID:4048	central nervous system rhabdomyosarcoma
DOID:3620	DOID:4439	central nervous system germ cell tumor
DOID:3620	DOID:4955	central nervous system melanocytic neoplasm
DOID:3620	DOID:502	central nervous system mesenchymal non-meningothelial tumor
DOID:3620	DOID:5612	spinal cancer
DOID:3620	DOID:5772	central nervous system hematologic cancer
DOID:3620	DOID:6634	adult central nervous system choriocarcinoma
DOID:3627	DOID:14004	thoracic aortic aneurysm
DOID:3627	DOID:7693	abdominal aortic aneurysm
DOID:363	DOID:11747	uterine adnexa cancer
DOID:363	DOID:1380	endometrial cancer
DOID:363	DOID:2021	placenta cancer
DOID:363	DOID:4362	cervical cancer
DOID:363	DOID:5727	uterine ligament cancer
DOID:363	DOID:9460	uterine corpus cancer
DOID:3635	DOID:0080587	congenital myasthenic syndrome 22
DOID:3635	DOID:0110657	congenital myasthenic syndrome 8
DOID:3635	DOID:0110658	congenital myasthenic syndrome 15
DOID:3635	DOID:0110659	congenital myasthenic syndrome 7
DOID:3635	DOID:0110660	congenital myasthenic syndrome 12
DOID:3635	DOID:0110661	congenital myasthenic syndrome 20
DOID:3635	DOID:0110662	congenital myasthenic syndrome 1B
DOID:3635	DOID:0110663	congenital myasthenic syndrome 1A
DOID:3635	DOID:0110664	congenital myasthenic syndrome 3C
DOID:3635	DOID:0110665	congenital myasthenic syndrome 3B
DOID:3635	DOID:0110666	congenital myasthenic syndrome 3A
DOID:3635	DOID:0110667	congenital myasthenic syndrome 5
DOID:3635	DOID:0110668	congenital myasthenic syndrome 10
DOID:3635	DOID:0110669	congenital myasthenic syndrome 14
DOID:3635	DOID:0110670	congenital myasthenic syndrome 9
DOID:3635	DOID:0110671	congenital myasthenic syndrome 6
DOID:3635	DOID:0110672	congenital myasthenic syndrome 21
DOID:3635	DOID:0110673	congenital myasthenic syndrome 19
DOID:3635	DOID:0110674	congenital myasthenic syndrome 17
DOID:3635	DOID:0110675	congenital myasthenic syndrome 11
DOID:3635	DOID:0110676	congenital myasthenic syndrome 13
DOID:3635	DOID:0110677	congenital myasthenic syndrome 4B
DOID:3635	DOID:0110678	congenital myasthenic syndrome 4A
DOID:3635	DOID:0110679	congenital myasthenic syndrome 4C
DOID:3635	DOID:0110680	congenital myasthenic syndrome 2C
DOID:3635	DOID:0110681	congenital myasthenic syndrome 2A
DOID:3635	DOID:0110682	congenital myasthenic syndrome 16
DOID:3640	DOID:6015	adult central nervous system teratoma
DOID:3640	DOID:6017	central nervous system mature teratoma
DOID:3640	DOID:6019	central nervous system immature teratoma
DOID:3643	DOID:7103	diaphragma sellae meningioma
DOID:3643	DOID:7713	tuberculum sellae meningioma
DOID:3643	DOID:8058	pituitary stalk meningioma
DOID:3646	DOID:1130	pituitary infarct
DOID:365	DOID:0050623	bladder benign neoplasm
DOID:365	DOID:0070355	overactive bladder syndrome
DOID:365	DOID:0080174	bladder exstrophy
DOID:365	DOID:0112014	congenital megabladder
DOID:365	DOID:11054	urinary bladder cancer
DOID:365	DOID:11353	bladder diverticulum
DOID:365	DOID:11355	bladder calculus
DOID:365	DOID:12143	neurogenic bladder
DOID:365	DOID:12144	low compliance bladder
DOID:365	DOID:12145	detrusor sphincter dyssynergia
DOID:365	DOID:1394	urinary schistosomiasis
DOID:365	DOID:13948	bladder neck obstruction
DOID:365	DOID:1679	cystitis
DOID:365	DOID:724	female stress incontinence
DOID:365	DOID:754	bladder tuberculosis
DOID:365	DOID:9053	bladder carcinoma in situ
DOID:365	DOID:9266	cystinuria
DOID:3663	DOID:12309	urticaria pigmentosa
DOID:3663	DOID:3665	diffuse cutaneous mastocytosis
DOID:3664	DOID:13005	intra-abdominal lymph node mast cell malignancy
DOID:3664	DOID:355	mast-cell sarcoma
DOID:3664	DOID:3666	solitary mastocytoma of the skin
DOID:3664	DOID:4659	extracutaneous mastocytoma
DOID:3664	DOID:9254	mast-cell leukemia
DOID:3672	DOID:3674	kidney rhabdoid cancer
DOID:3675	DOID:3672	rhabdoid cancer
DOID:368	DOID:0060103	central nervous system embryonal tumor
DOID:368	DOID:12016	frontal lobe neoplasm
DOID:368	DOID:14384	parietal lobe neoplasm
DOID:368	DOID:2135	temporal lobe neoplasm
DOID:368	DOID:3541	cerebral ventricle cancer
DOID:368	DOID:4164	cerebral neuroblastoma
DOID:368	DOID:5815	cerebral lymphoma
DOID:368	DOID:6112	cerebral meningioma
DOID:368	DOID:7007	childhood cerebral astrocytoma
DOID:368	DOID:7398	cerebral primitive neuroectodermal tumor
DOID:368	DOID:910	occipital lobe neoplasm
DOID:3683	DOID:490	hemangioma of lung
DOID:3683	DOID:5136	lung leiomyoma
DOID:3683	DOID:5364	pulmonary coin lesion
DOID:3683	DOID:5386	lung adenoma
DOID:3683	DOID:5763	lung clear cell-sugar-tumor
DOID:3683	DOID:5766	pulmonary sclerosing hemangioma
DOID:3683	DOID:5767	hilar lung neoplasm
DOID:369	DOID:10812	nasal cavity olfactory neuroblastoma
DOID:3690	DOID:10383	amyotrophic neuralgia
DOID:3690	DOID:3689	brachial plexus neuritis
DOID:3690	DOID:8443	brachial plexus lesion
DOID:3692	DOID:8119	anal canal Paget's disease
DOID:3696	DOID:3728	acute allergic sanguinous otitis media
DOID:3697	DOID:11557	acute serous otitis media
DOID:3697	DOID:3696	acute sanguinous otitis media
DOID:3697	DOID:9736	blue drum syndrome
DOID:37	DOID:0050096	tinea barbae
DOID:37	DOID:0050169	cutaneous lupus erythematosus
DOID:37	DOID:0050185	erythema multiforme
DOID:37	DOID:0050251	coenurosis
DOID:37	DOID:0050260	dioctophymiasis
DOID:37	DOID:0050426	Stevens-Johnson syndrome
DOID:37	DOID:0050448	white sponge nevus
DOID:37	DOID:0050467	erythrokeratodermia variabilis
DOID:37	DOID:0050468	yellow nail syndrome
DOID:37	DOID:0050474	Netherton syndrome
DOID:37	DOID:0050486	exanthem
DOID:37	DOID:0050639	primary cutaneous amyloidosis
DOID:37	DOID:0050676	Birt-Hogg-Dube syndrome
DOID:37	DOID:0050693	Brooke-Spiegler syndrome
DOID:37	DOID:0050725	tyrosinemia type II
DOID:37	DOID:0050792	multiple cutaneous and mucosal venous malformations
DOID:37	DOID:0060039	autoimmune disease of skin and connective tissue
DOID:37	DOID:0060240	UV-sensitive syndrome
DOID:37	DOID:0060283	peeling skin syndrome
DOID:37	DOID:0060472	Kindler syndrome
DOID:37	DOID:0060551	poikiloderma with neutropenia
DOID:37	DOID:0060762	restrictive dermopathy
DOID:37	DOID:0070510	inflammatory poikiloderma with hair abnormalities and acral keratoses
DOID:37	DOID:0070526	PLACK syndrome
DOID:37	DOID:0080110	contractures, pterygia, and spondylocarpotarsal fusion syndrome
DOID:37	DOID:0080161	cutaneous candidiasis
DOID:37	DOID:0080661	nonsyndromic aplasia cutis congenita
DOID:37	DOID:0080746	Sweet syndrome
DOID:37	DOID:0111162	epidermal nevus
DOID:37	DOID:0111357	adermatoglyphia
DOID:37	DOID:0111359	large congenital melanocytic nevus
DOID:37	DOID:0111371	isolated hyperchlorhidrosis
DOID:37	DOID:0111373	familial progressive hyperpigmentation with or without hypopigmentation
DOID:37	DOID:0111561	stiff skin syndrome
DOID:37	DOID:0112241	multiple benign circumferential skin creases on limbs
DOID:37	DOID:10079	cysticercosis
DOID:37	DOID:10123	pigmentation disease
DOID:37	DOID:10223	dermatomyositis
DOID:37	DOID:1081	mansonelliasis
DOID:37	DOID:1082	dirofilariasis
DOID:37	DOID:10955	strongyloidiasis
DOID:37	DOID:11302	cercarial dermatitis
DOID:37	DOID:12132	granulomatosis with polyangiitis
DOID:37	DOID:12179	tinea corporis
DOID:37	DOID:12211	filarial elephantiasis
DOID:37	DOID:12403	tinea pedis
DOID:37	DOID:12841	ancylostomiasis
DOID:37	DOID:13271	cutaneous porphyria
DOID:37	DOID:13369	tinea manuum
DOID:37	DOID:13402	skin sarcoidosis
DOID:37	DOID:13523	loiasis
DOID:37	DOID:13760	Pthirus pubis infestation
DOID:37	DOID:13777	epidermodysplasia verruciformis
DOID:37	DOID:13778	chancroid
DOID:37	DOID:1383	sweat gland disease
DOID:37	DOID:14422	dipetalonemiasis
DOID:37	DOID:1526	panniculitis
DOID:37	DOID:1555	urticaria
DOID:37	DOID:1558	angioedema
DOID:37	DOID:1563	dermatomycosis
DOID:37	DOID:161	keratosis
DOID:37	DOID:1697	ichthyosis
DOID:37	DOID:2053	reactive cutaneous fibrous lesion
DOID:37	DOID:2058	chronic mucocutaneous candidiasis
DOID:37	DOID:2723	dermatitis
DOID:37	DOID:2729	dyskeratosis congenita
DOID:37	DOID:2732	Rothmund-Thomson syndrome
DOID:37	DOID:2733	skin atrophy
DOID:37	DOID:3134	facial dermatosis
DOID:37	DOID:3136	scalp dermatosis
DOID:37	DOID:3140	scleredema adultorum
DOID:37	DOID:3142	leg dermatosis
DOID:37	DOID:3144	cutis laxa
DOID:37	DOID:3153	lipomatosis
DOID:37	DOID:3156	hypomelanosis of Ito
DOID:37	DOID:3158	hand dermatosis
DOID:37	DOID:3165	skin benign neoplasm
DOID:37	DOID:3486	necrobiosis lipoidica
DOID:37	DOID:3488	cellulitis
DOID:37	DOID:3663	cutaneous mastocytosis
DOID:37	DOID:4159	skin cancer
DOID:37	DOID:4702	mongolian spot
DOID:37	DOID:530	eyelid disease
DOID:37	DOID:5769	verruciform xanthoma of skin
DOID:37	DOID:6687	Achenbach syndrome
DOID:37	DOID:7365	Kimura disease
DOID:37	DOID:7426	cutaneous anthrax
DOID:37	DOID:8549	chronic ulcer of skin
DOID:37	DOID:8574	lichen disease
DOID:37	DOID:8687	skin carcinoma in situ
DOID:37	DOID:8736	smallpox
DOID:37	DOID:8771	contagious pustular dermatitis
DOID:37	DOID:8881	rosacea
DOID:37	DOID:8893	psoriasis
DOID:37	DOID:9008	psoriatic arthritis
DOID:37	DOID:9063	Ritter's disease
DOID:37	DOID:9097	erythematosquamous dermatosis
DOID:37	DOID:9098	sebaceous gland disease
DOID:37	DOID:9111	cutaneous leishmaniasis
DOID:37	DOID:9123	eczema herpeticum
DOID:37	DOID:9212	pityriasis rubra pilaris
DOID:37	DOID:9540	vascular skin disease
DOID:37	DOID:9746	hemorrhoid
DOID:370	DOID:369	olfactory neuroblastoma
DOID:370	DOID:8256	olfactory neural tumor
DOID:3700	DOID:3699	uterine ligament mucinous adenocarcinoma
DOID:3700	DOID:5302	uterine ligament clear cell adenocarcinoma
DOID:3700	DOID:5747	uterine ligament serous adenocarcinoma
DOID:3700	DOID:5829	uterine ligament endometrioid adenocarcinoma
DOID:3701	DOID:6101	signet ring cell variant cervical mucinous adenocarcinoma
DOID:3701	DOID:6627	cervical adenoma malignum
DOID:3701	DOID:8338	villoglandular variant cervical mucinous adenocarcinoma
DOID:3701	DOID:8339	intestinal variant cervical mucinous adenocarcinoma
DOID:3701	DOID:8340	endocervical type cervical mucinous adenocarcinoma
DOID:3702	DOID:3701	cervical mucinous adenocarcinoma
DOID:3702	DOID:5303	cervical clear cell adenocarcinoma
DOID:3702	DOID:5368	Wolffian duct adenocarcinoma
DOID:3702	DOID:5752	cervical serous adenocarcinoma
DOID:3702	DOID:5830	cervical endometrioid adenocarcinoma
DOID:3702	DOID:8307	early invasive cervical adenocarcinoma
DOID:3706	DOID:3704	fallopian tube mucinous adenocarcinoma
DOID:3706	DOID:5301	fallopian tube clear cell adenocarcinoma
DOID:3706	DOID:5597	fallopian tube papillary adenocarcinoma
DOID:3706	DOID:5598	fallopian tube serous adenocarcinoma
DOID:3706	DOID:5831	fallopian tube endometrioid adenocarcinoma
DOID:371	DOID:0050935	cervical neuroblastoma
DOID:3711	DOID:3710	bladder colloid adenocarcinoma
DOID:3711	DOID:5306	bladder clear cell adenocarcinoma
DOID:3711	DOID:6481	bladder signet ring cell adenocarcinoma
DOID:3711	DOID:6594	bladder colonic type adenocarcinoma
DOID:3711	DOID:7694	bladder urachal adenocarcinoma
DOID:3711	DOID:8096	bladder mixed adenocarcinoma
DOID:3711	DOID:8097	bladder hepatoid adenocarcinoma
DOID:3713	DOID:3605	ovarian cystadenocarcinoma
DOID:3713	DOID:3606	ovarian mucinous adenocarcinoma
DOID:3713	DOID:4894	rete ovarii adenocarcinoma
DOID:3713	DOID:5304	ovarian clear cell adenocarcinoma
DOID:3713	DOID:5744	ovary serous adenocarcinoma
DOID:3713	DOID:5828	endometrioid ovary carcinoma
DOID:3717	DOID:10541	microinvasive gastric cancer
DOID:3717	DOID:5593	gastric papillary adenocarcinoma
DOID:3717	DOID:6217	gastric diffuse adenocarcinoma
DOID:3717	DOID:6271	gastric cardia adenocarcinoma
DOID:3717	DOID:6595	gastric tubular adenocarcinoma
DOID:3721	DOID:3720	extramedullary plasmacytoma
DOID:3721	DOID:3722	solitary osseous plasmacytoma
DOID:3721	DOID:3723	solitary plasmacytoma of chest wall
DOID:374	DOID:5113	nutritional deficiency disease
DOID:374	DOID:654	overnutrition
DOID:3742	DOID:3741	bladder verrucous squamous cell carcinoma
DOID:3744	DOID:3743	cervical verrucous carcinoma
DOID:3744	DOID:7046	cervical basaloid squamous cell carcinoma
DOID:3744	DOID:7483	cervical keratinizing squamous cell carcinoma
DOID:3744	DOID:7598	cervical lymphoepithelioma-like carcinoma
DOID:3744	DOID:7961	cervical non-keratinizing squamous cell carcinoma
DOID:3744	DOID:8409	microinvasive cervical squamous cell carcinoma
DOID:3748	DOID:3747	esophagus verrucous carcinoma
DOID:3750	DOID:3749	urethral verrucous carcinoma
DOID:3753	DOID:0060539	Hermansky-Pudlak syndrome 1
DOID:3753	DOID:0060540	Hermansky-Pudlak syndrome 2
DOID:3753	DOID:0060541	Hermansky-Pudlak syndrome 3
DOID:3753	DOID:0060542	Hermansky-Pudlak syndrome 4
DOID:3753	DOID:0060543	Hermansky-Pudlak syndrome 5
DOID:3753	DOID:0060544	Hermansky-Pudlak syndrome 6
DOID:3753	DOID:0060545	Hermansky-Pudlak syndrome 7
DOID:3753	DOID:0060546	Hermansky-Pudlak syndrome 8
DOID:3753	DOID:0060547	Hermansky-Pudlak syndrome 9
DOID:3753	DOID:0061300	Hermansky-Pudlak syndrome 10
DOID:3753	DOID:0061301	Hermansky-Pudlak syndrome 11
DOID:3756	DOID:0111904	autosomal recessive thrombophilia due to protein C deficiency
DOID:3756	DOID:0111909	autosomal dominant thrombophilia due to protein C deficiency
DOID:3762	DOID:0050713	COX deficiency, infantile mitochondrial myopathy
DOID:3762	DOID:0070485	mitochondrial complex IV deficiency nuclear type 23
DOID:3762	DOID:0081377	COX deficiency, benign infantile mitochondrial myopathy
DOID:3762	DOID:0111180	French Canadian Leigh disease
DOID:3762	DOID:3652	Leigh disease
DOID:3765	DOID:0050791	persistent Mullerian duct syndrome
DOID:3765	DOID:0112248	17-beta hydroxysteroid dehydrogenase 3 deficiency
DOID:3765	DOID:0112259	Leydig cell hypoplasia
DOID:3767	DOID:3766	leukorrhea
DOID:3770	DOID:0050156	idiopathic pulmonary fibrosis
DOID:3770	DOID:12123	postinflammatory pulmonary fibrosis
DOID:3770	DOID:5641	diffuse pulmonary fibrosis
DOID:3770	DOID:5642	localized pulmonary fibrosis
DOID:3772	DOID:6115	lateral ventricle meningioma
DOID:379	DOID:5665	external ear cancer
DOID:379	DOID:9462	cholesteatoma of external ear
DOID:379	DOID:9463	otitis externa
DOID:3798	DOID:14305	tuberculous empyema
DOID:381	DOID:10393	secondary hypertrophic osteoarthropathy
DOID:381	DOID:1123	spondyloarthropathy
DOID:381	DOID:12225	Plica syndrome
DOID:381	DOID:13781	hypermobility syndrome
DOID:381	DOID:14107	De Quervain disease
DOID:381	DOID:14276	shoulder impingement syndrome
DOID:381	DOID:14284	patellofemoral pain syndrome
DOID:381	DOID:14286	neurogenic arthropathy
DOID:381	DOID:1670	Behcet's syndrome arthropathy
DOID:381	DOID:2092	transient arthritis
DOID:381	DOID:227	ankylosis
DOID:381	DOID:528	hydrarthrosis
DOID:381	DOID:801	hemarthrosis
DOID:381	DOID:970	tenosynovitis
DOID:381	DOID:9754	ganglion or cyst of synovium/tendon/bursa
DOID:381	DOID:9898	villonodular synovitis
DOID:3817	DOID:10865	abducens nerve palsy
DOID:3817	DOID:3816	glossopharyngeal nerve paralysis
DOID:3818	DOID:0040060	ketoprofen photoallergic dermatitis
DOID:3829	DOID:0112008	pituitary adenoma 5
DOID:3829	DOID:0112009	pituitary adenoma 1
DOID:3829	DOID:0112010	pituitary adenoma 3
DOID:3829	DOID:3828	chromophobe adenoma
DOID:3829	DOID:4542	basophil adenoma
DOID:3829	DOID:5392	acidophil adenoma
DOID:3829	DOID:5395	functioning pituitary adenoma
DOID:3829	DOID:5715	functionless pituitary adenoma
DOID:3829	DOID:7179	mixed eosinophil-basophil adenoma
DOID:3840	DOID:3846	adamantinous craniopharyngioma
DOID:3840	DOID:3847	papillary craniopharyngioma
DOID:3842	DOID:3643	sella turcica neoplasm
DOID:3842	DOID:4435	cavernous sinus meningioma
DOID:3842	DOID:4437	skull base meningioma
DOID:3843	DOID:4855	diencephalic astrocytoma
DOID:3843	DOID:6098	thalamic neoplasm
DOID:3850	DOID:2431	glomus tumor
DOID:3850	DOID:264	hemangiopericytoma
DOID:3855	DOID:5724	seminal vesicle cystadenoma
DOID:3856	DOID:10283	prostate cancer
DOID:3856	DOID:10366	epididymis cancer
DOID:3856	DOID:11615	penile cancer
DOID:3856	DOID:13169	spermatic cord cancer
DOID:3856	DOID:14545	seminal vesicle adenocarcinoma
DOID:3856	DOID:2998	testicular cancer
DOID:3856	DOID:518	scrotum neoplasm
DOID:3856	DOID:5639	rete testis neoplasm
DOID:3856	DOID:6721	Littre gland carcinoma
DOID:3856	DOID:7632	Cowper gland carcinoma
DOID:3875	DOID:10880	iliac vein thrombophlebitis
DOID:3875	DOID:12282	femoral vein thrombophlebitis
DOID:3875	DOID:14392	thrombophlebitis migrans
DOID:3877	DOID:3876	colonic pseudo-obstruction
DOID:3883	DOID:0050465	Muir-Torre syndrome
DOID:3883	DOID:0070270	hereditary nonpolyposis colorectal cancer type 8
DOID:3883	DOID:0070271	Lynch syndrome 1
DOID:3883	DOID:0070272	hereditary nonpolyposis colorectal cancer type 5
DOID:3883	DOID:0070273	hereditary nonpolyposis colorectal cancer type 6
DOID:3883	DOID:0070274	hereditary nonpolyposis colorectal cancer type 2
DOID:3883	DOID:0070275	hereditary nonpolyposis colorectal cancer type 4
DOID:3883	DOID:0070276	hereditary nonpolyposis colorectal cancer type 7
DOID:3896	DOID:2061	nodular hidradenoma
DOID:3896	DOID:5439	papillary hidradenoma
DOID:3896	DOID:5443	clear cell hidradenoma
DOID:3905	DOID:0050932	lung mucoepidermoid carcinoma
DOID:3905	DOID:0080777	lung sarcomatoid carcinoma
DOID:3905	DOID:3908	lung non-small cell carcinoma
DOID:3905	DOID:4872	lung adenoid cystic carcinoma
DOID:3905	DOID:5409	lung small cell carcinoma
DOID:3905	DOID:7267	lung clear cell carcinoma
DOID:3905	DOID:7596	asbestos-related lung carcinoma
DOID:3905	DOID:8207	hilar lung carcinoma
DOID:3906	DOID:10183	endobronchial lipoma
DOID:3906	DOID:5391	bronchus adenoma
DOID:3906	DOID:8003	alveoli adenoma
DOID:3907	DOID:6510	lung occult squamous cell carcinoma
DOID:3907	DOID:7045	basaloid lung carcinoma
DOID:3908	DOID:0080521	lung non-squamous non-small cell carcinoma
DOID:3908	DOID:3907	lung squamous cell carcinoma
DOID:3908	DOID:3910	lung adenocarcinoma
DOID:3908	DOID:4556	lung large cell carcinoma
DOID:3910	DOID:0080303	mucinous lung adenocarcinoma
DOID:3910	DOID:0080304	lung mucinous cystadenocarcinoma
DOID:3910	DOID:0080305	signet ring lung adenocarcinoma
DOID:3910	DOID:0080306	solid adenocarcinoma with mucin production
DOID:3910	DOID:4926	bronchiolo-alveolar adenocarcinoma
DOID:3910	DOID:5588	lung papillary adenocarcinoma
DOID:3910	DOID:6482	lung acinar adenocarcinoma
DOID:3910	DOID:7168	lung occult adenocarcinoma
DOID:3918	DOID:3892	insulinoma
DOID:3918	DOID:3917	pancreatic serous cystadenoma
DOID:3918	DOID:5403	microcystic adenoma
DOID:3918	DOID:7235	pancreatic mucinous cystadenoma
DOID:3918	DOID:7735	pancreatic colloid cystadenoma
DOID:3930	DOID:1468	labyrinthitis
DOID:3944	DOID:0050194	Argentine hemorrhagic fever
DOID:3944	DOID:0050195	Bolivian hemorrhagic fever
DOID:3944	DOID:0050196	Venezuelan hemorrhagic fever
DOID:3944	DOID:0050197	Brazilian hemorrhagic fever
DOID:3944	DOID:0050198	Chapare hemorrhagic fever
DOID:3944	DOID:0050199	Whitewater Arroyo hemorrhagic fever
DOID:3944	DOID:0050202	Lujo hemorrhagic fever
DOID:3944	DOID:12155	lymphocytic choriomeningitis
DOID:3944	DOID:9537	Lassa fever
DOID:3947	DOID:446	primary hyperaldosteronism
DOID:3948	DOID:3959	adrenal cortical adenocarcinoma
DOID:3951	DOID:10778	fiedler's myocarditis
DOID:3951	DOID:10779	septic myocarditis
DOID:3951	DOID:9694	toxic myocarditis
DOID:3952	DOID:0060280	primary pigmented nodular adrenocortical disease
DOID:3952	DOID:10493	adrenal cortical hypofunction
DOID:3952	DOID:4968	Nelson syndrome
DOID:3952	DOID:660	adrenal cortex cancer
DOID:3953	DOID:3950	adrenal carcinoma
DOID:3953	DOID:5718	adrenal neuroblastoma
DOID:3953	DOID:5719	adrenal medulla cancer
DOID:3953	DOID:660	adrenal cortex cancer
DOID:3953	DOID:8140	adrenal gland ganglioneuroblastoma
DOID:3962	DOID:3964	trabecular follicular adenocarcinoma
DOID:3962	DOID:8161	oncocytic carcinoma of the thyroid
DOID:3963	DOID:0050923	spindle epithelial tumor with thymus-like differentiation tumor
DOID:3963	DOID:0080522	anaplastic thyroid carcinoma
DOID:3963	DOID:0080524	thyroid gland adenocarcinoma
DOID:3963	DOID:0081457	intrathyroid thymic carcinoma
DOID:3963	DOID:0081458	thyroid gland cribriform morular carcinoma
DOID:3963	DOID:0081459	thyroid gland mixed medullary and follicular cell-derived carcinoma
DOID:3963	DOID:0081460	thyroid gland mucinous carcinoma
DOID:3963	DOID:0081461	thyroid gland spindle epithelial tumor with thymus-like elements
DOID:3963	DOID:3972	poorly differentiated thyroid carcinoma
DOID:3963	DOID:3973	medullary thyroid carcinoma
DOID:3963	DOID:4687	thyroid gland mucoepidermoid carcinoma
DOID:3969	DOID:5914	diffuse sclerosing papillary thyroid carcinoma
DOID:3969	DOID:7086	multicentric papillary thyroid carcinoma
DOID:3969	DOID:7088	columnar cell papillary thyroid carcinoma
DOID:3969	DOID:7089	tall cell papillary thyroid carcinoma
DOID:397	DOID:0061025	familial restrictive cardiomyopathy 6
DOID:397	DOID:0111425	familial restrictive cardiomyopathy 1
DOID:397	DOID:0111426	familial restrictive cardiomyopathy 2
DOID:397	DOID:0111427	familial restrictive cardiomyopathy 3
DOID:397	DOID:12932	endomyocardial fibrosis
DOID:397	DOID:396	Loeffler endocarditis
DOID:3973	DOID:0050547	familial medullary thyroid carcinoma
DOID:3978	DOID:12935	alcoholic cardiomyopathy
DOID:3978	DOID:820	myocarditis
DOID:399	DOID:0050598	extrapulmonary tuberculosis
DOID:399	DOID:0060570	cardiac tuberculosis
DOID:399	DOID:0070344	ocular tuberculosis
DOID:399	DOID:0080995	tuberculous encephalopathy
DOID:399	DOID:2957	pulmonary tuberculosis
DOID:399	DOID:401	multidrug-resistant tuberculosis
DOID:3996	DOID:11054	urinary bladder cancer
DOID:3996	DOID:11819	ureter cancer
DOID:3996	DOID:263	kidney cancer
DOID:3996	DOID:734	urethra cancer
DOID:3999	DOID:3998	Bartholin's gland transitional cell carcinoma
DOID:3999	DOID:4879	Bartholin's gland adenoid cystic carcinoma
DOID:3999	DOID:5630	Bartholin's gland adenosquamous carcinoma
DOID:3999	DOID:6316	Bartholin's gland adenocarcinoma
DOID:3999	DOID:6961	Bartholin's gland squamous cell carcinoma
DOID:3999	DOID:7140	Bartholin's gland small cell carcinoma
DOID:4	DOID:0014667	disease of metabolism
DOID:4	DOID:0050117	disease by infectious agent
DOID:4	DOID:0080015	physical disorder
DOID:4	DOID:14566	disease of cellular proliferation
DOID:4	DOID:150	disease of mental health
DOID:4	DOID:225	syndrome
DOID:4	DOID:630	genetic disease
DOID:4	DOID:7	disease of anatomical entity
DOID:4001	DOID:0050933	ovarian serous carcinoma
DOID:4001	DOID:0050934	ovarian clear cell carcinoma
DOID:4001	DOID:3713	ovary adenocarcinoma
DOID:4001	DOID:4555	ovarian large-cell neuroendocrine carcinoma
DOID:4001	DOID:6179	ovarian small cell carcinoma
DOID:4001	DOID:6408	ovary papillary carcinoma
DOID:4001	DOID:6898	ovarian seromucinous carcinoma
DOID:4006	DOID:6477	invasive bladder transitional cell carcinoma
DOID:4006	DOID:6571	non-invasive bladder urothelial carcinoma
DOID:4006	DOID:6975	bladder urothelial papillary carcinoma
DOID:4007	DOID:0080902	bladder small cell carcinoma
DOID:4007	DOID:3711	bladder adenocarcinoma
DOID:4007	DOID:3742	bladder squamous cell carcinoma
DOID:4007	DOID:4006	bladder urothelial carcinoma
DOID:4007	DOID:5958	bladder urachal carcinoma
DOID:4007	DOID:7132	urinary bladder small cell neuroendocrine carcinoma
DOID:4007	DOID:7315	Jewett-Marshall bladder cancer
DOID:4007	DOID:7371	superficial urinary bladder cancer
DOID:4014	DOID:0080901	bladder sarcomatoid transitional cell carcinoma
DOID:4015	DOID:5662	pleomorphic carcinoma
DOID:4029	DOID:2327	viral gastritis
DOID:4029	DOID:4030	eosinophilic gastritis
DOID:4029	DOID:4033	bacterial gastritis
DOID:4029	DOID:4034	fungal gastritis
DOID:4029	DOID:4035	lymphocytic gastritis
DOID:4029	DOID:4037	necrotizing gastritis
DOID:4029	DOID:4038	granulomatous gastritis
DOID:4029	DOID:8680	alcoholic gastritis
DOID:4029	DOID:8757	gastric mucosal hypertrophy
DOID:4029	DOID:8929	atrophic gastritis
DOID:403	DOID:0050270	Trichomonas tenax trichomoniasis
DOID:403	DOID:0050610	oral cavity carcinoma in situ
DOID:403	DOID:0060315	oral hairy leukoplakia
DOID:403	DOID:0070724	dental radicular dysplasia
DOID:403	DOID:10854	salivary gland disease
DOID:403	DOID:10883	herpangina
DOID:403	DOID:1091	tooth disease
DOID:403	DOID:10944	tongue disease
DOID:403	DOID:14262	oral candidiasis
DOID:403	DOID:3388	periodontal disease
DOID:403	DOID:402	oral tuberculosis
DOID:403	DOID:4331	burning mouth syndrome
DOID:403	DOID:4557	oral leukoedema
DOID:403	DOID:5773	oral submucous fibrosis
DOID:403	DOID:8618	oral cavity cancer
DOID:403	DOID:9297	lip disease
DOID:403	DOID:9655	oral mucosa leukoplakia
DOID:404	DOID:13282	intestinal tuberculosis
DOID:404	DOID:402	oral tuberculosis
DOID:404	DOID:407	hepatic tuberculosis
DOID:404	DOID:7332	esophageal tuberculosis
DOID:404	DOID:9801	tuberculous peritonitis
DOID:4043	DOID:3247	rhabdomyosarcoma
DOID:4043	DOID:4239	alveolar soft part sarcoma
DOID:4045	DOID:0050924	striated muscle rhabdoid tumor
DOID:4045	DOID:4043	skeletal muscle cancer
DOID:4045	DOID:4230	smooth muscle cancer
DOID:4050	DOID:6208	mediastinal osteogenic sarcoma
DOID:4054	DOID:3252	prostate rhabdomyosarcoma
DOID:4054	DOID:4524	prostate angiosarcoma
DOID:4054	DOID:5282	prostate leiomyosarcoma
DOID:4054	DOID:7152	prostate stromal sarcoma
DOID:4062	DOID:4061	testis rhabdomyosarcoma
DOID:4072	DOID:10021	duodenum cancer
DOID:4072	DOID:1737	duodenal benign neoplasm
DOID:4072	DOID:3558	duodenal obstruction
DOID:4072	DOID:4071	duodenogastric reflux
DOID:4073	DOID:5751	pancreatic serous cystadenocarcinoma
DOID:4073	DOID:7234	mucinous cystadenocarcinoma of pancreas
DOID:4074	DOID:0080782	mucinous pancreas adenocarcinoma
DOID:4074	DOID:3498	pancreatic ductal adenocarcinoma
DOID:4074	DOID:4073	pancreatic cystadenocarcinoma
DOID:4074	DOID:5742	pancreatic acinar cell adenocarcinoma
DOID:4074	DOID:7574	pancreatic intraductal papillary-colloid carcinoma
DOID:4074	DOID:7577	pancreatic foamy gland adenocarcinoma
DOID:4079	DOID:0050826	tricuspid valve disease
DOID:4079	DOID:0050827	rheumatic heart disease
DOID:4079	DOID:0111765	X-linked cardiac valvular dysplasia
DOID:4079	DOID:5749	pulmonary valve disease
DOID:4079	DOID:61	mitral valve disease
DOID:4079	DOID:62	aortic valve disease
DOID:4085	DOID:3590	gestational trophoblastic neoplasm
DOID:4085	DOID:3593	epithelioid trophoblastic tumor
DOID:4085	DOID:4084	testicular trophoblastic tumor
DOID:409	DOID:0050218	polycystic echinococcosis
DOID:409	DOID:0050725	tyrosinemia type II
DOID:409	DOID:0050770	polycystic liver disease
DOID:409	DOID:0061215	hepatic fibrosis
DOID:409	DOID:0070658	alcohol-associated liver disease
DOID:409	DOID:0080716	infantile liver failure syndrome
DOID:409	DOID:0080778	transient infantile liver failure
DOID:409	DOID:0080933	immunoglobulin light chain amyloidosis
DOID:409	DOID:0080936	serum amyloid A amyloidosis
DOID:409	DOID:10699	paragonimiasis
DOID:409	DOID:12148	alveolar echinococcosis
DOID:409	DOID:12474	capillariasis
DOID:409	DOID:13767	clonorchiasis
DOID:409	DOID:13768	opisthorchiasis
DOID:409	DOID:1495	cystic echinococcosis
DOID:409	DOID:2237	hepatitis
DOID:409	DOID:272	hepatic vascular disease
DOID:409	DOID:3571	liver cancer
DOID:409	DOID:407	hepatic tuberculosis
DOID:409	DOID:5082	liver cirrhosis
DOID:409	DOID:900	hepatopulmonary syndrome
DOID:409	DOID:9132	liver carcinoma in situ
DOID:409	DOID:9146	visceral leishmaniasis
DOID:409	DOID:916	liver benign neoplasm
DOID:409	DOID:918	liver inflammatory pseudotumor
DOID:409	DOID:9245	Alagille syndrome
DOID:409	DOID:9452	steatotic liver disease
DOID:409	DOID:9790	toxocariasis
DOID:4090	DOID:0060130	akinetopsia
DOID:4090	DOID:0060131	alexithymia
DOID:4090	DOID:0060132	amusia
DOID:4090	DOID:0060133	anosognosia
DOID:4090	DOID:0060134	apperceptive agnosia
DOID:4090	DOID:0060135	apraxia
DOID:4090	DOID:0060136	associative agnosia
DOID:4090	DOID:0060137	auditory agnosia
DOID:4090	DOID:0060138	autotopagnosia
DOID:4090	DOID:0060139	color agnosia
DOID:4090	DOID:0060140	cortical deafness
DOID:4090	DOID:0060141	finger agnosia
DOID:4090	DOID:0060142	form agnosia
DOID:4090	DOID:0060143	integrative agnosia
DOID:4090	DOID:0060144	mirror agnosia
DOID:4090	DOID:0060145	pain agnosia
DOID:4090	DOID:0060146	phonagnosia
DOID:4090	DOID:0060147	semantic agnosia
DOID:4090	DOID:0060148	simultanagnosia
DOID:4090	DOID:0060149	social emotional agnosia
DOID:4090	DOID:0060150	astereognosia
DOID:4090	DOID:0060151	tactile agnosia
DOID:4090	DOID:0060152	time agnosia
DOID:4090	DOID:0060154	verbal auditory agnosia
DOID:4090	DOID:0060155	visual agnosia
DOID:4090	DOID:13417	alexia
DOID:4090	DOID:4970	prosopagnosia
DOID:4109	DOID:11285	tick paralysis
DOID:4110	DOID:0050266	tungiasis
DOID:4110	DOID:11079	leech infestation
DOID:4110	DOID:11080	myiasis
DOID:4110	DOID:4109	tick infestation
DOID:4110	DOID:5502	lice infestation
DOID:4110	DOID:7894	mite infestation
DOID:4112	DOID:4111	cervical adenosarcoma
DOID:4112	DOID:5190	cervical Wilms' tumor
DOID:4114	DOID:4113	uterine corpus adenosarcoma
DOID:4114	DOID:6171	uterine carcinosarcoma
DOID:4114	DOID:7281	uterine corpus adenocarcinofibroma
DOID:4123	DOID:0050468	yellow nail syndrome
DOID:4123	DOID:0080683	nonsyndromic congenital nail disorder
DOID:4123	DOID:13074	tinea unguium
DOID:4123	DOID:13117	paronychia
DOID:4123	DOID:14512	candidal paronychia
DOID:4123	DOID:2058	chronic mucocutaneous candidiasis
DOID:4137	DOID:11755	choledocholithiasis
DOID:4138	DOID:0050613	bile duct carcinoma in situ
DOID:4138	DOID:0050876	Caroli disease
DOID:4138	DOID:0061214	biliary obstruction
DOID:4138	DOID:0081394	Caroli syndrome
DOID:4138	DOID:10022	ampulla of Vater benign neoplasm
DOID:4138	DOID:10209	extrahepatic bile duct lipoma
DOID:4138	DOID:13580	cholestasis
DOID:4138	DOID:4137	common bile duct disease
DOID:4138	DOID:4606	bile duct cancer
DOID:4138	DOID:5125	extrahepatic bile duct leiomyoma
DOID:4138	DOID:5381	bile duct adenoma
DOID:4138	DOID:5384	bile duct cystadenoma
DOID:4138	DOID:885	fascioliasis
DOID:4138	DOID:899	choledochal cyst
DOID:4138	DOID:9446	cholangitis
DOID:4143	DOID:4141	intraorbital meningioma
DOID:4143	DOID:9986	orbit lymphoma
DOID:4143	DOID:9987	orbit sarcoma
DOID:4148	DOID:4715	gastric neuroendocrine neoplasm
DOID:4148	DOID:7402	L-cell glucagon-like peptide producing tumor
DOID:4151	DOID:6312	clivus chordoma
DOID:4153	DOID:0050900	sacrum chordoma
DOID:4159	DOID:1243	labia minora cancer
DOID:4159	DOID:13168	prepuce cancer
DOID:4159	DOID:13389	labia majora carcinoma
DOID:4159	DOID:2095	sweat gland cancer
DOID:4159	DOID:2430	skin glomus tumor
DOID:4159	DOID:2687	skin sarcoma
DOID:4159	DOID:3451	skin carcinoma
DOID:4159	DOID:4284	anal margin carcinoma
DOID:4159	DOID:4840	sebaceous carcinoma
DOID:4159	DOID:5042	malignant granular cell myoblastoma
DOID:4159	DOID:5274	malignant dermis tumor
DOID:4159	DOID:7049	basaloid squamous cell skin carcinoma
DOID:4159	DOID:8006	skin meningioma
DOID:4159	DOID:8923	skin melanoma
DOID:4163	DOID:5193	nodular ganglioneuroblastoma
DOID:4163	DOID:5194	intermixed schwannian stroma-rich ganglioneuroblastoma
DOID:4163	DOID:5195	peripheral nervous system ganglioneuroblastoma
DOID:4166	DOID:4156	primary syphilis
DOID:4166	DOID:4157	secondary syphilis
DOID:4166	DOID:8200	tertiary syphilis
DOID:4166	DOID:9531	latent syphilis
DOID:4166	DOID:9856	congenital syphilis
DOID:417	DOID:0060005	autoimmune disease of endocrine system
DOID:417	DOID:0060029	autoimmune disease of exocrine system
DOID:417	DOID:0060031	autoimmune disease of gastrointestinal tract
DOID:417	DOID:0060032	autoimmune disease of musculoskeletal system
DOID:417	DOID:0060049	autoimmune disease of urogenital tract
DOID:417	DOID:0060050	autoimmune disease of blood
DOID:417	DOID:0060051	autoimmune disease of cardiovascular system
DOID:417	DOID:0061159	infantile onset multisystem autoimmune disease
DOID:417	DOID:0080356	IgG4-related disease
DOID:417	DOID:0080744	antisynthetase syndrome
DOID:417	DOID:0081242	autoimmune interstitial lung, joint, and kidney disease
DOID:417	DOID:0081451	PFAPA syndrome
DOID:417	DOID:0090029	CINCA Syndrome
DOID:417	DOID:0090110	immune dysregulation-polyendocrinopathy-enteropathy-X-linked syndrome
DOID:417	DOID:11042	Felty's syndrome
DOID:417	DOID:12900	Mikulicz disease
DOID:417	DOID:13080	Jaccoud's syndrome
DOID:417	DOID:438	autoimmune disease of the nervous system
DOID:4176	DOID:4175	Rh isoimmunization
DOID:418	DOID:1577	limited scleroderma
DOID:418	DOID:1578	pulmonary systemic sclerosis
DOID:418	DOID:1580	diffuse scleroderma
DOID:4184	DOID:0051013	pseudohypoparathyroidism type 1C
DOID:4184	DOID:0080053	pseudohypoparathyroidism type 1A
DOID:4184	DOID:0080222	pseudohypoparathyroidism type 1B
DOID:4184	DOID:4183	pseudopseudohypoparathyroidism
DOID:4186	DOID:0060243	stuttering
DOID:419	DOID:418	systemic scleroderma
DOID:419	DOID:8472	localized scleroderma
DOID:4193	DOID:3410	carotid artery thrombosis
DOID:4193	DOID:3572	intracranial sinus thrombosis
DOID:4194	DOID:0050884	triosephosphate isomerase deficiency
DOID:4194	DOID:0070560	glucose transporter type 1 deficiency syndrome
DOID:4194	DOID:0070562	Fanconi-Bickel syndrome
DOID:4194	DOID:0070563	glucose-galactose malabsorption
DOID:4194	DOID:0111933	phosphoglycerate kinase 1 deficiency
DOID:4194	DOID:11716	prediabetes syndrome
DOID:4194	DOID:2018	hyperinsulinism
DOID:4194	DOID:4195	hyperglycemia
DOID:4194	DOID:9351	diabetes mellitus
DOID:4194	DOID:9993	hypoglycemia
DOID:4195	DOID:10603	glucose intolerance
DOID:420	DOID:0111060	Ambras type hypertrichosis universalis congenita
DOID:420	DOID:11669	hypertrichosis of eyelid
DOID:4202	DOID:4813	adult brain stem glioma
DOID:4202	DOID:4860	brain stem astrocytic neoplasm
DOID:4203	DOID:0050899	brain stem medulloblastoma
DOID:4203	DOID:3200	cerebellopontine angle tumor
DOID:4203	DOID:4202	brain stem glioma
DOID:4203	DOID:4206	childhood brain stem neoplasm
DOID:4203	DOID:4207	childhood infratentorial neoplasm
DOID:4203	DOID:6501	brain stem angioblastoma
DOID:4205	DOID:0060104	cerebellar medulloblastoma
DOID:4205	DOID:4848	cerebellar astrocytoma
DOID:4205	DOID:5056	adult cerebellar neoplasm
DOID:4205	DOID:5057	papillary meningioma of the cerebellum
DOID:4205	DOID:5059	childhood cerebellar neoplasm
DOID:4205	DOID:6458	cerebellar liponeurocytoma
DOID:4205	DOID:6500	cerebellar angioblastoma
DOID:4206	DOID:6383	childhood brain stem glioma
DOID:4207	DOID:7522	childhood infratentorial embryonal tumor with multilayered rosettes, C19MC-altered
DOID:421	DOID:0050097	ectothrix infectious disease
DOID:421	DOID:0050105	endothrix infectious disease
DOID:421	DOID:0050472	monilethrix
DOID:421	DOID:0111572	familial woolly hair syndrome
DOID:421	DOID:420	hypertrichosis
DOID:421	DOID:4409	folliculitis
DOID:421	DOID:4535	hypotrichosis
DOID:4210	DOID:4209	brainstem intraparenchymal clear cell meningioma
DOID:4211	DOID:6517	clivus meningioma
DOID:422	DOID:14717	centronuclear myopathy
DOID:4223	DOID:12275	cutaneous diphtheria
DOID:4223	DOID:2176	carbuncle
DOID:4223	DOID:4131	erythrasma
DOID:4223	DOID:8504	impetigo
DOID:4223	DOID:8553	pyoderma gangrenosum
DOID:423	DOID:0050760	X-linked myopathy with excessive autophagy
DOID:423	DOID:0080089	tubular aggregate myopathy 1
DOID:423	DOID:0080090	reducing body myopathy 1A
DOID:423	DOID:0080108	myoglobinuria
DOID:423	DOID:0080307	myofibrillar myopathy
DOID:423	DOID:0080686	tubular aggregate myopathy 2
DOID:423	DOID:0080687	reducing body myopathy 1B
DOID:423	DOID:0080718	GNE myopathy
DOID:423	DOID:0080990	King Denborough syndrome
DOID:423	DOID:0080992	rhabdomyolysis-myalgia syndrome
DOID:423	DOID:0081296	oculopharyngodistal myopathy
DOID:423	DOID:0081337	congenital myopathy
DOID:423	DOID:0111335	myopathy with extrapyramidal signs
DOID:423	DOID:0111551	neurogenic scapuloperoneal syndrome Kaeser type
DOID:423	DOID:431	myofascial pain syndrome
DOID:423	DOID:633	myositis
DOID:423	DOID:699	mitochondrial myopathy
DOID:423	DOID:767	muscular atrophy
DOID:423	DOID:929	myopathy of extraocular muscle
DOID:423	DOID:9884	muscular dystrophy
DOID:4230	DOID:1967	leiomyosarcoma
DOID:4231	DOID:4415	fibrous histiocytoma
DOID:4232	DOID:4389	soft tissue peripheral neuroepithelioma
DOID:4232	DOID:4985	extraosseous Ewings sarcoma-primitive neuroepithelial tumor
DOID:4236	DOID:1974	adenosarcoma
DOID:4236	DOID:4422	malignant adenofibroma
DOID:4242	DOID:0081418	anaplastic sarcoma of the kidney
DOID:4242	DOID:4880	kidney clear cell sarcoma
DOID:4242	DOID:5287	kidney leiomyosarcoma
DOID:4242	DOID:5982	kidney fibrosarcoma
DOID:4242	DOID:5983	kidney osteogenic sarcoma
DOID:4248	DOID:4247	coronary restenosis
DOID:4251	DOID:0050906	conjunctival nevus
DOID:4251	DOID:10139	conjunctival degeneration
DOID:4251	DOID:10526	conjunctival pterygium
DOID:4251	DOID:10989	conjunctival vascular disease
DOID:4251	DOID:11227	acute hemorrhagic conjunctivitis
DOID:4251	DOID:11653	conjunctival deposit
DOID:4251	DOID:1248	ocular hyperemia
DOID:4251	DOID:13800	inclusion conjunctivitis
DOID:4251	DOID:4250	conjunctivochalasis
DOID:4251	DOID:5465	conjunctival intraepithelial neoplasm
DOID:4251	DOID:5467	conjunctival cancer
DOID:4251	DOID:6195	conjunctivitis
DOID:4254	DOID:0060886	osteopathia striata with cranial sclerosis
DOID:4254	DOID:0080032	craniodiaphyseal dysplasia
DOID:4254	DOID:0080033	craniometaphyseal dysplasia
DOID:4254	DOID:0080039	axial osteomalacia
DOID:4254	DOID:11991	osteopoikilosis
DOID:4254	DOID:13533	osteopetrosis
DOID:4254	DOID:4253	melorheostosis
DOID:4254	DOID:4997	Camurati-Engelmann disease
DOID:4265	DOID:4266	intravascular angioleiomyoma
DOID:4271	DOID:4270	encephalitozoonosis
DOID:4280	DOID:4302	cystic basal cell carcinoma
DOID:4284	DOID:12239	anal margin squamous cell carcinoma
DOID:4284	DOID:7708	perianal skin Paget's disease
DOID:4288	DOID:4287	external ear basal cell carcinoma
DOID:4288	DOID:5538	external ear squamous cell carcinoma
DOID:4305	DOID:1866	giant cell reparative granuloma
DOID:4306	DOID:4307	polyradiculopathy
DOID:4330	DOID:4329	Erdheim-Chester disease
DOID:4330	DOID:4424	juvenile xanthogranuloma
DOID:4330	DOID:7875	adult xanthogranuloma
DOID:4337	DOID:0050097	ectothrix infectious disease
DOID:4337	DOID:0050105	endothrix infectious disease
DOID:4337	DOID:4336	tinea favosa
DOID:4352	DOID:6043	ciliary body spindle cell melanoma
DOID:4352	DOID:6523	ciliary body mixed cell melanoma
DOID:4352	DOID:6524	malignant ciliary body melanoma
DOID:4352	DOID:7042	ciliary body epithelioid cell melanoma
DOID:4353	DOID:4352	ciliary body cancer
DOID:4360	DOID:7040	uveal epithelioid cell melanoma
DOID:4360	DOID:7041	choroid epithelioid cell melanoma
DOID:4362	DOID:2893	cervix carcinoma
DOID:4362	DOID:3593	epithelioid trophoblastic tumor
DOID:4362	DOID:4112	cervical carcinosarcoma
DOID:4362	DOID:4413	cervix melanoma
DOID:4362	DOID:4442	cervical alveolar soft part sarcoma
DOID:4362	DOID:4521	cervix endometrial stromal tumor
DOID:4362	DOID:5636	cervical adenosquamous carcinoma
DOID:437	DOID:14043	neonatal myasthenia gravis
DOID:4376	DOID:0060521	cow milk allergy
DOID:4376	DOID:0060522	goat milk allergy
DOID:4377	DOID:0060492	chicken egg allergy
DOID:438	DOID:0060004	autoimmune disease of central nervous system
DOID:438	DOID:0060030	autoimmune disease of eyes, ear, nose and throat
DOID:438	DOID:0060033	autoimmune disease of peripheral nervous system
DOID:438	DOID:437	myasthenia gravis
DOID:439	DOID:0050214	Lambert-Eaton myasthenic syndrome
DOID:439	DOID:3635	congenital myasthenic syndrome
DOID:440	DOID:0070678	congenital hypomyelinating neuropathy
DOID:440	DOID:0111538	paramyotonia congenita of Von Eulenburg
DOID:440	DOID:10595	Charcot-Marie-Tooth disease
DOID:440	DOID:439	neuromuscular junction disease
DOID:440	DOID:913	atrophic muscular disease
DOID:4415	DOID:4418	cutaneous fibrous histiocytoma
DOID:4433	DOID:7840	pancreatic non-functioning delta cell tumor
DOID:4436	DOID:7986	cerebral falx meningioma
DOID:4436	DOID:8057	olfactory groove meningioma
DOID:4437	DOID:4708	foramen magnum meningioma
DOID:4437	DOID:6517	clivus meningioma
DOID:4437	DOID:7054	multiple skull base meningioma
DOID:4437	DOID:7103	diaphragma sellae meningioma
DOID:4437	DOID:7818	petroclival meningioma
DOID:4437	DOID:7819	sphenoorbital meningioma
DOID:4437	DOID:7820	sphenocavernous meningioma
DOID:4438	DOID:7867	adult central nervous system germinoma
DOID:4438	DOID:8078	childhood central nervous system germinoma
DOID:4439	DOID:0080905	central nervous system neuroblastoma
DOID:4439	DOID:3640	central nervous system teratoma
DOID:4439	DOID:4438	central nervous system germinoma
DOID:4439	DOID:5343	central nervous system endodermal sinus tumor
DOID:4439	DOID:5349	central nervous system adult germ cell tumor
DOID:4439	DOID:6052	central nervous system childhood germ cell tumor
DOID:4439	DOID:7232	central nervous system embryonal carcinoma
DOID:4440	DOID:5838	extragonadal seminoma
DOID:4441	DOID:5511	dysgerminoma of ovary
DOID:4448	DOID:0050578	occult macular dystrophy
DOID:4448	DOID:0050661	vitelliform macular dystrophy
DOID:4448	DOID:0050662	bestrophinopathy
DOID:4448	DOID:0060863	patterned macular dystrophy
DOID:4448	DOID:0070438	retinal macular dystrophy
DOID:4448	DOID:0112157	X-linked atrophic macular degeneration
DOID:4448	DOID:2007	degeneration of macula and posterior pole
DOID:4449	DOID:4447	cystoid macular edema
DOID:445	DOID:0110142	Bartter disease type 1
DOID:445	DOID:0110143	Bartter disease type 2
DOID:445	DOID:0110144	Bartter disease type 3
DOID:445	DOID:0110145	Bartter disease type 4a
DOID:445	DOID:0110146	Bartter disease type 4b
DOID:445	DOID:0110147	Bartter disease type 5
DOID:4450	DOID:0070475	SMARCB1-deficient renal medullary carcinoma
DOID:4450	DOID:0081413	renal cell carcinoma with MiT translocations
DOID:4450	DOID:4454	childhood kidney cell carcinoma
DOID:4450	DOID:4455	hereditary renal cell carcinoma
DOID:4450	DOID:4463	multilocular clear cell renal cell carcinoma
DOID:4450	DOID:4464	collecting duct carcinoma
DOID:4450	DOID:4465	papillary renal cell carcinoma
DOID:4450	DOID:4467	clear cell renal cell carcinoma
DOID:4450	DOID:4471	chromophobe renal cell carcinoma
DOID:4450	DOID:4472	mucinous tubular and spindle renal cell carcinoma
DOID:4450	DOID:4473	sarcomatoid renal cell carcinoma
DOID:4451	DOID:4450	renal cell carcinoma
DOID:4455	DOID:0050387	nonpapillary renal cell carcinoma
DOID:4455	DOID:6163	familial renal papillary carcinoma
DOID:4455	DOID:7192	hereditary conventional renal cell carcinoma
DOID:446	DOID:0060890	ectopic Cushing syndrome
DOID:446	DOID:0061247	familial hyperaldosteronism
DOID:446	DOID:0111622	ACTH-independent macronodular adrenal hyperplasia
DOID:446	DOID:14080	glucocorticoid-remediable aldosteronism
DOID:447	DOID:0050450	Gitelman syndrome
DOID:447	DOID:0050477	Liddle syndrome
DOID:447	DOID:0050699	Dent disease
DOID:447	DOID:0111798	X-linked nephrolithiasis type I
DOID:447	DOID:0112121	nephrogenic syndrome of inappropriate antidiuresis
DOID:447	DOID:0112265	iminoglycinuria
DOID:447	DOID:1062	Fanconi syndrome
DOID:447	DOID:14219	renal tubular acidosis
DOID:447	DOID:445	Bartter disease
DOID:447	DOID:4479	pseudohypoaldosteronism
DOID:447	DOID:9432	renal glycosuria
DOID:4471	DOID:6605	classic variant of chromophobe renal cell carcinoma
DOID:4471	DOID:6606	eosinophilic variant of chromophobe renal cell carcinoma
DOID:4479	DOID:0060854	autosomal recessive pseudohypoaldosteronism type 1
DOID:4479	DOID:0060855	autosomal dominant pseudohypoaldosteronism type 1
DOID:4483	DOID:4481	allergic rhinitis
DOID:4483	DOID:4730	vasomotor rhinitis
DOID:4483	DOID:4731	atrophic rhinitis
DOID:4483	DOID:8252	chronic rhinitis
DOID:450	DOID:0050759	myotonic dystrophy type 2
DOID:450	DOID:11722	myotonic dystrophy type 1
DOID:4501	DOID:0060316	orofaciodigital syndrome I
DOID:4501	DOID:0060373	orofaciodigital syndrome III
DOID:4501	DOID:0060374	orofaciodigital syndrome IV
DOID:4501	DOID:0060375	orofaciodigital syndrome V
DOID:4501	DOID:0060377	orofaciodigital syndrome VII
DOID:4501	DOID:0060378	orofaciodigital syndrome VIII
DOID:4501	DOID:0060380	orofaciodigital syndrome X
DOID:4501	DOID:0060381	orofaciodigital syndrome XI
DOID:4501	DOID:0060382	orofaciodigital syndrome IX
DOID:4501	DOID:0060958	orofaciodigital syndrome XIV
DOID:4501	DOID:0060959	orofaciodigital syndrome II
DOID:4501	DOID:0060960	orofaciodigital syndrome XIX
DOID:4501	DOID:0060961	orofaciodigital syndrome XVIII
DOID:4501	DOID:0060962	orofaciodigital syndrome XX
DOID:4501	DOID:0080254	orofaciodigital syndrome XVI
DOID:4501	DOID:0080289	orofaciodigital syndrome XVII
DOID:4515	DOID:4514	thyroid angiosarcoma
DOID:4521	DOID:4520	cervical endometrial stromal sarcoma
DOID:4531	DOID:0050916	bronchus mucoepidermoid carcinoma
DOID:4531	DOID:0050919	trachea mucoepidermoid carcinoma
DOID:4531	DOID:0081293	salivary gland mucoepidermoid carcinoma
DOID:4531	DOID:4678	thymus mucoepidermoid carcinoma
DOID:4531	DOID:4681	bile duct mucoepidermoid carcinoma
DOID:4531	DOID:4685	lacrimal gland mucoepidermoid carcinoma
DOID:4531	DOID:4688	laryngeal mucoepidermoid carcinoma
DOID:4535	DOID:0060968	hypotrichosis 15
DOID:4535	DOID:0080582	hypotrichosis 14
DOID:4535	DOID:0110698	hypotrichosis 1
DOID:4535	DOID:0110699	hypotrichosis 2
DOID:4535	DOID:0110700	hypotrichosis 3
DOID:4535	DOID:0110701	hypotrichosis 4
DOID:4535	DOID:0110702	hypotrichosis 5
DOID:4535	DOID:0110703	hypotrichosis 6
DOID:4535	DOID:0110704	hypotrichosis 7
DOID:4535	DOID:0110705	hypotrichosis 8
DOID:4535	DOID:0110706	hypotrichosis 9
DOID:4535	DOID:0110707	hypotrichosis 10
DOID:4535	DOID:0110708	hypotrichosis 11
DOID:4535	DOID:0110709	hypotrichosis 12
DOID:4535	DOID:0110710	hypotrichosis 13
DOID:4535	DOID:0110711	congenital hypotrichosis with juvenile macular dystrophy
DOID:4535	DOID:11671	hypotrichosis of eyelid
DOID:4535	DOID:987	alopecia
DOID:4545	DOID:4546	childhood mesenchymal chondrosarcoma
DOID:4545	DOID:4547	adult mesenchymal chondrosarcoma
DOID:4549	DOID:4548	extraskeletal mesenchymal chondrosarcoma
DOID:4549	DOID:7902	adult extraskeletal myxoid chondrosarcoma
DOID:4549	DOID:7903	intracranial chondrosarcoma
DOID:4551	DOID:4550	anal gland neoplasm
DOID:4551	DOID:5134	anus leiomyoma
DOID:4551	DOID:5545	anal neuroendocrine tumor
DOID:4556	DOID:0050872	large cell neuroendocrine carcinoma
DOID:4556	DOID:5583	lung giant cell carcinoma
DOID:4556	DOID:6658	pulmonary large cell neuroendocrine carcinoma
DOID:4556	DOID:7169	lung occult large cell carcinoma
DOID:4556	DOID:7480	large cell carcinoma with rhabdoid phenotype
DOID:4603	DOID:0081358	epidermolytic hyperkeratosis 1
DOID:4603	DOID:0081359	epidermolytic hyperkeratosis 2
DOID:4606	DOID:10020	ampulla of Vater cancer
DOID:4606	DOID:3254	bile duct rhabdomyosarcoma
DOID:4606	DOID:4064	bile duct sarcoma
DOID:4606	DOID:4681	bile duct mucoepidermoid carcinoma
DOID:4606	DOID:4897	bile duct carcinoma
DOID:4606	DOID:5624	adenosquamous bile duct carcinoma
DOID:4607	DOID:3121	gallbladder cancer
DOID:4607	DOID:4606	bile duct cancer
DOID:461	DOID:2691	myoma
DOID:461	DOID:4044	skeletal muscle neoplasm
DOID:461	DOID:4310	smooth muscle tumor
DOID:461	DOID:468	intramuscular hemangioma
DOID:461	DOID:5039	myoblastoma
DOID:4610	DOID:0050860	colorectal adenoma
DOID:4610	DOID:0050914	large intestine adenoma
DOID:4610	DOID:11240	appendiceal neoplasm
DOID:4610	DOID:1517	cecal benign neoplasm
DOID:4610	DOID:1984	rectal benign neoplasm
DOID:4610	DOID:235	colonic benign neoplasm
DOID:4610	DOID:4119	intestinal neuroendocrine benign tumor
DOID:4610	DOID:4551	anus benign neoplasm
DOID:4610	DOID:5143	large bowel leiomyoma
DOID:4610	DOID:6460	large intestine lipoma
DOID:4610	DOID:7505	small intestine benign neoplasm
DOID:4621	DOID:0060412	chromosome 1q41-q42 deletion syndrome
DOID:4621	DOID:0060954	Holoprosencephaly 13, X-linked
DOID:4621	DOID:0081398	holoprosencephaly 12
DOID:4621	DOID:0110872	holoprosencephaly 2
DOID:4621	DOID:0110873	holoprosencephaly 9
DOID:4621	DOID:0110874	holoprosencephaly 6
DOID:4621	DOID:0110875	holoprosencephaly 3
DOID:4621	DOID:0110876	holoprosencephaly 7
DOID:4621	DOID:0110877	holoprosencephaly 11
DOID:4621	DOID:0110878	holoprosencephaly 5
DOID:4621	DOID:0110879	holoprosencephaly 8
DOID:4621	DOID:0110880	holoprosencephaly 4
DOID:4621	DOID:0110881	holoprosencephaly 1
DOID:4637	DOID:4636	submandibular adenitis
DOID:4644	DOID:0060735	generalized severe epidermolysis bullosa simplex 1A
DOID:4644	DOID:0060736	epidermolysis bullosa simplex 5A Ogna type
DOID:4644	DOID:0080510	epidermolysis bullosa simplex 1C
DOID:4644	DOID:0080511	generalized intermediate epidermolysis bullosa simplex 1B
DOID:4644	DOID:0111346	epidermolysis bullosa simplex 2F with mottled pigmentation
DOID:4645	DOID:5240	retinal hemangioblastoma
DOID:4645	DOID:771	retinal cell cancer
DOID:4645	DOID:774	retina lymphoma
DOID:4645	DOID:8427	retinal melanoma
DOID:4653	DOID:6938	childhood intraocular retinoblastoma
DOID:4656	DOID:7747	childhood extraocular retinoblastoma
DOID:4667	DOID:4668	congenital kyphosis
DOID:4667	DOID:9373	postural kyphosis
DOID:4674	DOID:0080775	complete androgen insensitivity syndrome
DOID:4674	DOID:0080776	partial androgen insensitivity syndrome
DOID:4676	DOID:4675	uremic neuropathy
DOID:4677	DOID:0080158	herpes simplex virus keratitis
DOID:4677	DOID:0111383	autosomal dominant keratitis
DOID:4677	DOID:11382	corneal neovascularization
DOID:4677	DOID:11871	macular keratitis
DOID:4677	DOID:12196	superficial keratitis
DOID:4677	DOID:13626	photokeratitis
DOID:4677	DOID:4664	filamentary keratitis
DOID:4677	DOID:8463	corneal ulcer
DOID:4677	DOID:9697	gonococcal keratitis
DOID:4677	DOID:9858	deep keratitis
DOID:4680	DOID:4679	breast mucoepidermoid carcinoma
DOID:4680	DOID:5514	breast squamous cell carcinoma
DOID:4680	DOID:7541	mixed epithelial/mesenchymal metaplastic breast carcinoma
DOID:4682	DOID:3495	extrahepatic bile duct adenocarcinoma
DOID:4682	DOID:5293	extrahepatic bile duct leiomyosarcoma
DOID:4691	DOID:10660	mediastinum neuroblastoma
DOID:4691	DOID:10661	mediastinum ganglioneuroblastoma
DOID:4691	DOID:12064	mediastinum neurofibroma
DOID:4691	DOID:4690	childhood mediastinal neurogenic tumor
DOID:4692	DOID:9698	gonococcal endophthalmia
DOID:4692	DOID:9724	purulent endophthalmitis
DOID:4693	DOID:5913	brachial plexus neoplasm
DOID:4693	DOID:8389	lumbar plexus neoplasm
DOID:4697	DOID:4696	intraneural perineurioma
DOID:47	DOID:10283	prostate cancer
DOID:47	DOID:11132	prostatic hypertrophy
DOID:47	DOID:13689	prostate calculus
DOID:47	DOID:14654	prostatitis
DOID:47	DOID:2301	atrophy of prostate
DOID:47	DOID:2883	prostatic adenoma
DOID:47	DOID:2887	prostate leiomyoma
DOID:47	DOID:8634	prostate carcinoma in situ
DOID:4706	DOID:0050902	medulloblastoma
DOID:4706	DOID:4203	brain stem cancer
DOID:4706	DOID:4205	cerebellum cancer
DOID:4706	DOID:4707	cervicomedullary junction neoplasm
DOID:4706	DOID:7501	childhood infratentorial ependymoma
DOID:4708	DOID:6381	anterior foramen magnum meningioma
DOID:4708	DOID:6553	posterior foramen magnum meningioma
DOID:471	DOID:4028	angioma serpiginosum
DOID:471	DOID:470	verrucous keratotic hemangioma
DOID:471	DOID:479	angiokeratoma
DOID:4716	DOID:6948	malignant gastric teratoma
DOID:4737	DOID:0060163	body dysmorphic disorder
DOID:4737	DOID:0060164	pain disorder
DOID:4737	DOID:11569	neurocirculatory asthenia
DOID:4737	DOID:12883	hypochondriasis
DOID:4737	DOID:13918	somatization disorder
DOID:4737	DOID:1768	conversion disorder
DOID:4743	DOID:6161	childhood testicular mixed germ cell tumor
DOID:4752	DOID:0060998	striatal degeneration 2
DOID:4752	DOID:4751	striatonigral degeneration
DOID:4757	DOID:4756	testicular Leydig cell tumor
DOID:476	DOID:6491	breast capillary hemangioma
DOID:476	DOID:6492	breast epithelioid hemangioma
DOID:4765	DOID:4767	classic pulmonary blastoma
DOID:4765	DOID:4768	epithelial predominant pulmonary blastoma
DOID:4765	DOID:4769	pleuropulmonary blastoma
DOID:4773	DOID:8082	cellular congenital mesoblastic nephroma
DOID:4773	DOID:8083	classic congenital mesoblastic nephroma
DOID:4781	DOID:14066	acute diffuse nephritis
DOID:479	DOID:5948	angiokeratoma of mibelli
DOID:48	DOID:0060087	male reproductive organ benign neoplasm
DOID:48	DOID:0080373	epididymis disease
DOID:48	DOID:10835	chylocele of tunica vaginalis
DOID:48	DOID:11997	spermatocele
DOID:48	DOID:12333	male genital organ stricture
DOID:48	DOID:12335	male genital organ vascular disease
DOID:48	DOID:12336	male infertility
DOID:48	DOID:1529	penile disease
DOID:48	DOID:1876	sexual dysfunction
DOID:48	DOID:2519	testicular disease
DOID:48	DOID:3856	male reproductive organ cancer
DOID:48	DOID:47	prostate disease
DOID:48	DOID:5576	inhibited male orgasm
DOID:48	DOID:9365	vesiculitis
DOID:48	DOID:9912	hydrocele
DOID:480	DOID:0070487	dopamine transporter deficiency syndrome
DOID:480	DOID:0070490	infantile parkinsonism-dystonia 2
DOID:480	DOID:0080855	Parkinsonism
DOID:480	DOID:0111153	congenital mirror movement disorder
DOID:480	DOID:0112105	X-linked parkinsonism-spasticity syndrome
DOID:480	DOID:0112276	neurodevelopmental disorder with involuntary movements
DOID:480	DOID:12859	choreatic disease
DOID:480	DOID:13366	Stiff-Person syndrome
DOID:480	DOID:13839	extrapyramidal and movement disease
DOID:480	DOID:1713	benign shuddering attacks
DOID:480	DOID:4990	essential tremor
DOID:480	DOID:543	dystonia
DOID:480	DOID:678	progressive supranuclear palsy
DOID:480	DOID:9854	lingual-facial-buccal dyskinesia
DOID:4813	DOID:4812	adult brainstem gliosarcoma
DOID:4813	DOID:5921	adult brainstem mixed glioma
DOID:4813	DOID:5922	adult brainstem astrocytoma
DOID:483	DOID:14463	cavernous hemangioma of orbit
DOID:483	DOID:3148	dermal unilateral segmental cavernous angioma
DOID:483	DOID:5774	giant hemangioma
DOID:483	DOID:5775	cavernous hemangioma of colon
DOID:483	DOID:5776	cavernous hemangioma of face
DOID:484	DOID:483	cavernous hemangioma
DOID:4840	DOID:4286	skin nasal cell carcinoma with sebaceous differentiation
DOID:4840	DOID:4839	sebaceous adenocarcinoma
DOID:4843	DOID:5077	subependymal giant cell astrocytoma
DOID:4844	DOID:4843	subependymal glioma
DOID:4844	DOID:5075	myxopapillary ependymoma
DOID:4844	DOID:5500	cellular ependymoma
DOID:4844	DOID:5504	tanycytic ependymoma
DOID:4844	DOID:5505	papillary ependymoma
DOID:4844	DOID:5507	clear cell ependymoma
DOID:4847	DOID:0081245	cauda equina neuroendocrine tumor
DOID:4847	DOID:4846	cauda equina intradural extramedullary astrocytoma
DOID:4848	DOID:4853	pilocytic astrocytoma of cerebellum
DOID:4848	DOID:6286	childhood cerebellar astrocytic neoplasm
DOID:4851	DOID:4845	pilomyxoid astrocytoma
DOID:4851	DOID:6811	juvenile pilocytic astrocytoma
DOID:4851	DOID:6812	childhood pilocytic astrocytoma
DOID:4857	DOID:0081279	diffuse astrocytoma, MYB- or MYBL1-altered
DOID:4876	DOID:12003	trachea squamous cell carcinoma
DOID:4876	DOID:4875	trachea adenoid cystic carcinoma
DOID:4890	DOID:0111325	juvenile myoclonic epilepsy 10
DOID:4890	DOID:0111326	juvenile myoclonic epilepsy 3
DOID:4890	DOID:0111327	juvenile myoclonic epilepsy 4
DOID:4890	DOID:0111328	juvenile myoclonic epilepsy 9
DOID:4893	DOID:4892	middle ear adenocarcinoma
DOID:4893	DOID:5526	middle ear squamous cell carcinoma
DOID:4895	DOID:6837	rete ovarii adenoma
DOID:4895	DOID:6838	rete ovarii cystadenofibroma
DOID:4896	DOID:3698	bile duct mucinous adenocarcinoma
DOID:4896	DOID:4075	bile duct cystadenocarcinoma
DOID:4896	DOID:4947	cholangiocarcinoma
DOID:4896	DOID:7032	bile duct clear cell adenocarcinoma
DOID:4897	DOID:3494	bile duct signet ring cell carcinoma
DOID:4897	DOID:4896	bile duct adenocarcinoma
DOID:4897	DOID:5537	squamous cell bile duct carcinoma
DOID:4897	DOID:5923	distal biliary tract carcinoma
DOID:4901	DOID:6228	peritoneal serous papillary adenocarcinoma
DOID:4902	DOID:3608	appendix adenocarcinoma
DOID:4905	DOID:3587	pancreatic ductal carcinoma
DOID:4905	DOID:4074	pancreatic adenocarcinoma
DOID:4905	DOID:6823	pancreatoblastoma
DOID:4905	DOID:6827	pancreatic solid pseudopapillary carcinoma
DOID:4905	DOID:7717	colloid carcinoma of the pancreas
DOID:4907	DOID:4906	small intestine adenocarcinoma
DOID:4908	DOID:3447	anus adenocarcinoma
DOID:4908	DOID:4284	anal margin carcinoma
DOID:4908	DOID:5525	anal squamous cell carcinoma
DOID:4910	DOID:5307	urethra clear cell adenocarcinoma
DOID:4914	DOID:7941	Barrett's adenocarcinoma
DOID:4916	DOID:4915	basophilic adenocarcinoma
DOID:4916	DOID:5396	prolactin producing pituitary tumor
DOID:4919	DOID:4918	renal pelvis adenocarcinoma
DOID:4919	DOID:5534	renal pelvis squamous cell carcinoma
DOID:4919	DOID:5974	renal pelvis transitional cell carcinoma
DOID:4919	DOID:6844	kidney pelvis sarcomatoid transitional cell carcinoma
DOID:4920	DOID:5591	eccrine papillary adenocarcinoma
DOID:4921	DOID:4920	eccrine adenocarcinoma
DOID:4921	DOID:5569	malignant syringoma
DOID:4921	DOID:7566	eccrine porocarcinoma
DOID:4921	DOID:7960	malignant spiradenoma
DOID:4922	DOID:7537	breast cystic hypersecretory carcinoma
DOID:4923	DOID:5595	papillary thymic adenocarcinoma
DOID:4926	DOID:0080184	mixed mucinous and nonmucinous bronchioloalveolar adenocarcinoma
DOID:4926	DOID:0080185	mucinous bronchioloalveolar adenocarcinoma
DOID:4926	DOID:0080186	nonmucinous bronchioloalveolar adenocarcinoma
DOID:4928	DOID:4927	Klatskin's tumor
DOID:4928	DOID:7024	mucinous intrahepatic cholangiocarcinoma
DOID:4928	DOID:7642	cholangiolocellular carcinoma
DOID:4928	DOID:7733	signet ring cell intrahepatic cholangiocarcinoma
DOID:4928	DOID:8072	sarcomatous intrahepatic cholangiocarcinoma
DOID:4931	DOID:0080799	sinonasal undifferentiated carcinoma
DOID:4931	DOID:4930	nasal cavity adenocarcinoma
DOID:4931	DOID:8415	carcinoma arising in nasal papillomatosis
DOID:4932	DOID:3502	ampulla of Vater adenocarcinoma
DOID:4932	DOID:5527	ampulla of Vater squamous cell carcinoma
DOID:4932	DOID:7136	ampulla of Vater small cell carcinoma
DOID:4933	DOID:6446	ceruminous adenocarcinoma
DOID:4934	DOID:4933	apocrine carcinoma
DOID:4939	DOID:14491	regional ureteric cancer
DOID:4939	DOID:4938	ureter adenocarcinoma
DOID:4939	DOID:5539	ureter squamous cell carcinoma
DOID:4939	DOID:6888	ureter transitional cell carcinoma
DOID:4947	DOID:4682	extrahepatic bile duct carcinoma
DOID:4947	DOID:4928	intrahepatic cholangiocarcinoma
DOID:4948	DOID:3500	gallbladder adenocarcinoma
DOID:4948	DOID:5535	gallbladder squamous cell carcinoma
DOID:4948	DOID:5627	adenosquamous gallbladder carcinoma
DOID:4948	DOID:6998	gallbladder mucinous carcinoma
DOID:4948	DOID:7133	gallbladder small cell carcinoma
DOID:4953	DOID:0050515	paralytic poliomyelitis
DOID:4953	DOID:4952	postpoliomyelitis syndrome
DOID:4953	DOID:4986	nonparalytic poliomyelitis
DOID:4955	DOID:6379	diffuse meningeal melanocytosis
DOID:4955	DOID:8243	meningeal melanomatosis
DOID:4959	DOID:0060642	recessive dystrophic epidermolysis bullosa
DOID:4959	DOID:0080224	autosomal dominant dystrophic epidermolysis bullosa
DOID:4959	DOID:0080988	pretibial dystrophic epidermolysis bullosa
DOID:4959	DOID:0111345	transient bullous dermolysis of the newborn
DOID:4960	DOID:0050750	splenic marginal zone lymphoma
DOID:4960	DOID:0050908	myelodysplastic syndrome
DOID:4960	DOID:0070004	myeloid neoplasm
DOID:4961	DOID:4960	bone marrow cancer
DOID:4961	DOID:8432	polycythemia
DOID:4971	DOID:8106	cellular phase chronic idiopathic myelofibrosis
DOID:4972	DOID:0050458	juvenile myelomonocytic leukemia
DOID:4972	DOID:0060597	atypical chronic myeloid leukemia, BCR-ABL1 negative
DOID:4976	DOID:0050138	podoconiosis
DOID:4977	DOID:0050580	hereditary lymphedema
DOID:4977	DOID:4976	elephantiasis
DOID:4989	DOID:0051065	chronic pancreatitis
DOID:4989	DOID:2913	acute pancreatitis
DOID:4989	DOID:4988	alcoholic pancreatitis
DOID:4990	DOID:0081295	essential tremor 6
DOID:4990	DOID:0111428	essential tremor 1
DOID:4990	DOID:0111429	essential tremor 2
DOID:4990	DOID:0111430	essential tremor 3
DOID:4990	DOID:0111431	essential tremor 4
DOID:4990	DOID:0111432	essential tremor 5
DOID:4991	DOID:6575	childhood optic tract astrocytoma
DOID:4992	DOID:4991	optic nerve astrocytoma
DOID:4992	DOID:6576	childhood optic nerve glioma
DOID:4994	DOID:7878	uterine corpus atypical polypoid adenomyoma
DOID:4995	DOID:8177	endocervical type cervical adenomyoma
DOID:4995	DOID:8178	endometrial type cervical adenomyoma
DOID:4995	DOID:8179	cervical atypical polypoid adenomyoma
DOID:4997	DOID:0061229	Camurati-Engelmann disease 1
DOID:4997	DOID:0061230	Camurati-Engelmann disease 2
DOID:50	DOID:12176	goiter
DOID:50	DOID:12424	thyrocalcitonin secretion disease
DOID:50	DOID:12837	thyroid crisis
DOID:50	DOID:1459	hypothyroidism
DOID:50	DOID:1781	thyroid cancer
DOID:50	DOID:2855	hyperthyroxinemia
DOID:50	DOID:2856	euthyroid sick syndrome
DOID:50	DOID:2891	thyroid adenoma
DOID:50	DOID:7166	thyroiditis
DOID:50	DOID:7997	thyrotoxicosis
DOID:50	DOID:7998	hyperthyroidism
DOID:50	DOID:8433	thyroid malformation
DOID:5015	DOID:0080182	mixed fibrolamellar hepatocellular carcinoma
DOID:502	DOID:4055	ectomesenchymoma
DOID:502	DOID:5254	central nervous system leiomyosarcoma
DOID:502	DOID:7994	central nervous system osteosarcoma
DOID:5031	DOID:6648	adult pineoblastoma
DOID:5032	DOID:0081251	papillary tumor of the pineal region
DOID:5032	DOID:1660	malignant pineal area germ cell neoplasm
DOID:5032	DOID:1664	pineoblastoma
DOID:5032	DOID:4858	pineal gland astrocytoma
DOID:5032	DOID:5031	adult pineal parenchymal tumor
DOID:5032	DOID:8031	pineal region meningioma
DOID:5041	DOID:1106	esophagus lymphoma
DOID:5041	DOID:1107	esophageal carcinoma
DOID:5041	DOID:1108	esophagus melanoma
DOID:5041	DOID:1114	esophagus sarcoma
DOID:5041	DOID:5040	malignant granular cell esophageal tumor
DOID:5041	DOID:5625	esophageal adenosquamous carcinoma
DOID:5041	DOID:5694	esophagus liposarcoma
DOID:5041	DOID:5784	esophageal neuroendocrine tumor
DOID:5041	DOID:7051	esophageal basaloid squamous cell carcinoma
DOID:5041	DOID:961	neurofibroma of the esophagus
DOID:5048	DOID:0081280	pituicytoma
DOID:5048	DOID:0081306	spindle cell oncocytoma
DOID:5048	DOID:5047	granular cell tumor of the sellar region
DOID:5058	DOID:5057	papillary meningioma of the cerebellum
DOID:5058	DOID:7826	adult papillary meningioma
DOID:5074	DOID:0080889	posterior fossa ependymoma
DOID:5074	DOID:0080890	supratentorial ependymoma
DOID:5074	DOID:5503	spinal cord ependymoma
DOID:5074	DOID:5508	brain stem ependymoma
DOID:5074	DOID:5509	childhood ependymoma
DOID:5074	DOID:5889	anaplastic ependymoma
DOID:5074	DOID:5890	malignant adult ependymoma
DOID:5076	DOID:7817	mixed astrocytoma-ependymoma-oligodendroglioma
DOID:5076	DOID:7907	mixed astrocytoma-ependymoma
DOID:5076	DOID:7912	mixed oligodendroglioma-astrocytoma
DOID:5078	DOID:0081259	desmoplastic infantile ganglioglioma / desmoplastic infantile astrocytoma
DOID:5082	DOID:12236	primary biliary cholangitis
DOID:5082	DOID:14018	alcoholic liver cirrhosis
DOID:5090	DOID:6762	sternum lymphoma
DOID:5093	DOID:0080532	Smarca4-deficient sarcoma of thorax
DOID:5093	DOID:117	heart cancer
DOID:5093	DOID:3277	thymus cancer
DOID:5093	DOID:5559	mediastinal cancer
DOID:5093	DOID:5875	retroperitoneal cancer
DOID:5093	DOID:6758	chest wall lymphoma
DOID:5099	DOID:4893	middle ear carcinoma
DOID:5100	DOID:0060322	mastoiditis
DOID:5100	DOID:10754	otitis media
DOID:5100	DOID:10964	cholesteatoma of middle ear
DOID:5100	DOID:5099	middle ear cancer
DOID:5100	DOID:5387	middle ear adenoma
DOID:5100	DOID:5782	tympanic membrane disease
DOID:5100	DOID:7439	polyp of middle ear
DOID:5101	DOID:5099	middle ear cancer
DOID:5101	DOID:5102	inner ear cancer
DOID:5101	DOID:5665	external ear cancer
DOID:5102	DOID:5990	internal auditory canal meningioma
DOID:5113	DOID:0050083	Keshan disease
DOID:5113	DOID:0050810	biotin deficiency
DOID:5113	DOID:0070313	thiamine deficiency disease
DOID:5113	DOID:11249	vitamin K deficiency bleeding
DOID:5113	DOID:11491	acquired night blindness
DOID:5113	DOID:11801	protein-energy malnutrition
DOID:5113	DOID:13120	protein-deficiency anemia
DOID:5113	DOID:13198	endemic goiter
DOID:5113	DOID:13381	pernicious anemia
DOID:5113	DOID:13724	scurvy
DOID:5113	DOID:14026	folic acid deficiency anemia
DOID:5113	DOID:5112	copper deficiency myelopathy
DOID:5113	DOID:8454	riboflavin deficiency
DOID:5113	DOID:8455	pyridoxine deficiency anemia
DOID:5113	DOID:8456	choline deficiency disease
DOID:5113	DOID:8457	pellagra
DOID:5119	DOID:13050	corpus luteum cyst
DOID:5136	DOID:6608	endobronchial leiomyoma
DOID:5158	DOID:0050695	malignant pleural solitary fibrous tumor
DOID:5158	DOID:14032	malignant parietal pleura tumor
DOID:5158	DOID:14033	malignant visceral pleura tumor
DOID:5158	DOID:7474	malignant pleural mesothelioma
DOID:5165	DOID:4227	uterine corpus endometrial stromal sarcoma
DOID:5165	DOID:5289	uterus leiomyosarcoma
DOID:5166	DOID:4226	endometrial stromal sarcoma
DOID:518	DOID:13160	scrotum melanoma
DOID:518	DOID:3445	scrotal carcinoma
DOID:5193	DOID:7949	stroma-dominant and stroma-poor composite ganglioneuroblastoma
DOID:5193	DOID:7951	Schwannian stroma-rich and stroma-poor composite ganglioneuroblastoma
DOID:520	DOID:0080685	aortic dissection
DOID:520	DOID:14037	aorta atresia
DOID:520	DOID:14323	Marfan syndrome
DOID:520	DOID:3627	aortic aneurysm
DOID:520	DOID:4510	aorta angiosarcoma
DOID:520	DOID:519	aortitis
DOID:520	DOID:62	aortic valve disease
DOID:520	DOID:8352	aortic malignant tumor
DOID:5200	DOID:0111145	ureteropelvic junction obstruction
DOID:5200	DOID:5199	ureteral obstruction
DOID:5207	DOID:2641	ovarian germ cell monodermal and highly specialized teratoma
DOID:5212	DOID:0050570	congenital disorder of glycosylation type I
DOID:5212	DOID:0050571	congenital disorder of glycosylation type II
DOID:5212	DOID:0112321	alacrima, achalasia, and impaired intellectual development syndrome
DOID:5221	DOID:7441	chronic metabolic polyneuropathy
DOID:5221	DOID:7825	chronic toxic polyneuropathy
DOID:5238	DOID:2436	glomangioma
DOID:5238	DOID:6906	glomangiomatosis
DOID:5238	DOID:8020	glomangiomyoma
DOID:5241	DOID:14175	von Hippel-Lindau disease
DOID:525	DOID:13375	temporal arteritis
DOID:526	DOID:635	acquired immunodeficiency syndrome
DOID:5260	DOID:6804	colon Kaposi sarcoma
DOID:5262	DOID:5261	heart leiomyosarcoma
DOID:5262	DOID:6033	heart fibrosarcoma
DOID:5262	DOID:6034	heart malignant hemangiopericytoma
DOID:5272	DOID:6880	small bowel fibrosarcoma
DOID:5274	DOID:1906	malignant skin fibrous histiocytoma
DOID:5274	DOID:7639	malignant granular cell skin tumor
DOID:5289	DOID:6139	uterine corpus epithelioid leiomyosarcoma
DOID:5289	DOID:6567	uterine corpus myxoid leiomyosarcoma
DOID:5295	DOID:0050256	angiostrongyliasis
DOID:5295	DOID:0050259	baylisascariasis
DOID:5295	DOID:0050424	familial adenomatous polyposis
DOID:5295	DOID:0050589	inflammatory bowel disease
DOID:5295	DOID:0050597	intestinal schistosomiasis
DOID:5295	DOID:0060320	inguinal hernia
DOID:5295	DOID:0060321	umbilical hernia
DOID:5295	DOID:0090019	sitosterolemia
DOID:5295	DOID:0111667	enterokinase deficiency
DOID:5295	DOID:0111684	hereditary mixed polyposis syndrome
DOID:5295	DOID:100	intestinal infectious disease
DOID:5295	DOID:10155	intestinal cancer
DOID:5295	DOID:10486	intestinal atresia
DOID:5295	DOID:10605	short bowel syndrome
DOID:5295	DOID:10606	blind loop syndrome
DOID:5295	DOID:10607	tropical sprue
DOID:5295	DOID:10611	protein-losing enteropathy
DOID:5295	DOID:10846	angiodysplasia of intestine
DOID:5295	DOID:10955	strongyloidiasis
DOID:5295	DOID:11428	endometriosis of intestine
DOID:5295	DOID:12474	capillariasis
DOID:5295	DOID:1252	trichuriasis
DOID:5295	DOID:1285	rectal disease
DOID:5295	DOID:13248	mucocele of appendix
DOID:5295	DOID:13249	pneumatosis cystoides intestinalis
DOID:5295	DOID:13282	intestinal tuberculosis
DOID:5295	DOID:13419	neurogenic bowel
DOID:5295	DOID:14671	multiple intestinal atresia
DOID:5295	DOID:1518	cecal disease
DOID:5295	DOID:1733	cryptosporidiosis
DOID:5295	DOID:2074	intestinal perforation
DOID:5295	DOID:3852	Peutz-Jeghers syndrome
DOID:5295	DOID:4072	duodenum disease
DOID:5295	DOID:4610	intestinal benign neoplasm
DOID:5295	DOID:5353	colonic disease
DOID:5295	DOID:7475	diverticulitis
DOID:5295	DOID:8437	intestinal obstruction
DOID:5295	DOID:8439	postgastrectomy syndrome
DOID:5295	DOID:8476	Whipple disease
DOID:5295	DOID:8590	acute vascular insufficiency of intestine
DOID:5295	DOID:8633	chronic intestinal vascular insufficiency
DOID:5295	DOID:8643	duodenitis
DOID:5295	DOID:884	metagonimiasis
DOID:5295	DOID:9024	intestine carcinoma in situ
DOID:5295	DOID:9778	irritable bowel syndrome
DOID:5295	DOID:9779	bowel dysfunction
DOID:5295	DOID:9868	intestinal disaccharidase deficiency
DOID:53	DOID:1785	pituitary cancer
DOID:53	DOID:2444	hyperpituitarism
DOID:53	DOID:3401	inappropriate ADH syndrome
DOID:53	DOID:3642	empty sella syndrome
DOID:53	DOID:3646	necrosis of pituitary
DOID:53	DOID:60009	pituitary gland benign neoplasm
DOID:53	DOID:7378	pituitary hypoplasia
DOID:53	DOID:9406	hypopituitarism
DOID:530	DOID:0111566	familial isolated trichomegaly
DOID:530	DOID:10122	hyperpigmentation of eyelid
DOID:530	DOID:10348	blepharophimosis
DOID:530	DOID:11668	hypopigmentation of eyelid
DOID:530	DOID:11669	hypertrichosis of eyelid
DOID:530	DOID:11671	hypotrichosis of eyelid
DOID:530	DOID:12397	entropion
DOID:530	DOID:12959	lagophthalmos
DOID:530	DOID:1570	ectropion
DOID:530	DOID:2173	eyelid benign neoplasm
DOID:530	DOID:348	blepharochalasis
DOID:530	DOID:6425	eyelid carcinoma
DOID:530	DOID:9423	blepharitis
DOID:530	DOID:9909	hordeolum
DOID:5306	DOID:6210	bladder diffuse clear cell adenocarcinoma
DOID:5306	DOID:8050	bladder tubulo-cystic clear cell adenocarcinoma
DOID:5306	DOID:8051	bladder papillary clear cell adenocarcinoma
DOID:5327	DOID:12514	retinal perforation
DOID:533	DOID:1975	thymus lipoma
DOID:533	DOID:3277	thymus cancer
DOID:533	DOID:6307	ectopic thymus
DOID:533	DOID:7350	thymic dysplasia
DOID:5330	DOID:11121	pulpitis
DOID:5330	DOID:11189	pulp degeneration
DOID:5330	DOID:11623	dental pulp necrosis
DOID:5330	DOID:5608	dental pulp calcification
DOID:5331	DOID:6032	juvenile type testicular granulosa cell tumor
DOID:5331	DOID:8394	adult type testicular granulosa cell tumor
DOID:5337	DOID:7280	congenital epulis
DOID:5344	DOID:7097	macrocystic pattern testicular yolk sac tumor
DOID:5344	DOID:7302	endodermal sinus pattern testicular yolk sac tumor
DOID:5344	DOID:7360	solid pattern testicular yolk sac tumor
DOID:5344	DOID:7435	polyvesicular vitelline pattern testicular yolk sac tumor
DOID:5344	DOID:7930	glandular-alveolar pattern testicular yolk sac tumor
DOID:5344	DOID:8081	myxomatous pattern testicular yolk sac tumor
DOID:5344	DOID:8193	papillary pattern testicular yolk sac tumor
DOID:5344	DOID:8195	hepatoid pattern testicular yolk sac tumor
DOID:5344	DOID:8362	enteric pattern testicular yolk sac tumor
DOID:5344	DOID:8392	reticular pattern testicular yolk sac tumor
DOID:5345	DOID:5344	testicular yolk sac tumor
DOID:5349	DOID:7233	adult central nervous system embryonal carcinoma
DOID:5349	DOID:7945	adult central nervous system mixed germ cell tumor
DOID:535	DOID:0050628	advanced sleep phase syndrome
DOID:535	DOID:0050847	sleep apnea
DOID:535	DOID:0111141	delayed sleep phase syndrome
DOID:535	DOID:2846	bruxism
DOID:535	DOID:8619	recurrent hypersomnia
DOID:535	DOID:8986	narcolepsy
DOID:535	DOID:9091	REM sleep behavior disorder
DOID:535	DOID:9207	periodic limb movement disorder
DOID:5350	DOID:6083	childhood ovarian endodermal sinus tumor
DOID:5350	DOID:6511	glandular pattern ovarian yolk sac tumor
DOID:5350	DOID:6512	hepatoid pattern ovarian yolk sac tumor
DOID:5350	DOID:6514	polyvesicular vitelline pattern ovarian yolk sac tumor
DOID:5351	DOID:5350	ovarian endodermal sinus tumor
DOID:5351	DOID:5936	ovarian mixed germ cell neoplasm
DOID:5351	DOID:6774	polyembryoma of the ovary
DOID:5351	DOID:7665	non-gestational ovarian choriocarcinoma
DOID:5353	DOID:0060180	colitis
DOID:5353	DOID:0080072	intestinal pseudo-obstruction
DOID:5353	DOID:10655	lipoma of colon
DOID:5353	DOID:10656	colon leiomyoma
DOID:5353	DOID:11371	functional diarrhea
DOID:5353	DOID:11372	megacolon
DOID:5353	DOID:12385	shigellosis
DOID:5353	DOID:13254	diverticulitis of colon
DOID:5353	DOID:1897	sigmoid disease
DOID:5353	DOID:219	colon cancer
DOID:5353	DOID:235	colonic benign neoplasm
DOID:5353	DOID:3877	functional colonic disease
DOID:5353	DOID:5775	cavernous hemangioma of colon
DOID:5353	DOID:8826	colon carcinoma in situ
DOID:5363	DOID:8023	myxoid liposarcoma of the ovary
DOID:5375	DOID:5374	pilomatrixoma
DOID:5375	DOID:8426	follicular infundibulum tumor
DOID:5381	DOID:5437	intrahepatic bile duct adenoma
DOID:5381	DOID:5438	extrahepatic bile duct adenoma
DOID:5384	DOID:6733	intrahepatic bile duct cystadenoma
DOID:5384	DOID:8105	extrahepatic bile duct cystadenoma
DOID:539	DOID:13135	exophthalmic ophthalmoplegia
DOID:539	DOID:538	internuclear ophthalmoplegia
DOID:5391	DOID:7030	bronchial mucus gland adenoma
DOID:5393	DOID:6621	cerebral angioma
DOID:5395	DOID:5394	prolactinoma
DOID:5395	DOID:6255	growth hormone secreting pituitary adenoma
DOID:5395	DOID:6275	TSH producing pituitary tumor
DOID:5395	DOID:7004	ACTH-secreting pituitary adenoma
DOID:540	DOID:10863	paralytic squint
DOID:540	DOID:1143	exotropia
DOID:540	DOID:12445	conjugate gaze palsy
DOID:540	DOID:12557	Duane retraction syndrome
DOID:540	DOID:12667	binocular vision disease
DOID:540	DOID:1942	intermittent squint
DOID:540	DOID:538	internuclear ophthalmoplegia
DOID:540	DOID:9306	mechanical strabismus
DOID:540	DOID:9837	hypertropia
DOID:540	DOID:9838	cyclotropia
DOID:540	DOID:9840	esotropia
DOID:540	DOID:9841	hypotropia
DOID:540	DOID:9843	monofixation syndrome
DOID:5402	DOID:6613	vaginal villous adenoma
DOID:5402	DOID:8104	vaginal tubulovillous adenoma
DOID:5408	DOID:0051099	Paget disease of bone 7
DOID:5408	DOID:0081365	Paget disease of bone 2
DOID:5408	DOID:0081366	Paget disease of bone 3
DOID:5408	DOID:0081367	Paget disease of bone 4
DOID:5408	DOID:0081368	Paget disease of bone 5
DOID:5408	DOID:0081369	Paget disease of bone 6
DOID:5409	DOID:5411	lung oat cell carcinoma
DOID:5409	DOID:5414	lung occult small cell carcinoma
DOID:5409	DOID:5421	lung combined type small cell carcinoma
DOID:5410	DOID:7081	lung mixed small cell and squamous cell carcinoma
DOID:5419	DOID:0070077	schizophrenia 1
DOID:5419	DOID:0070078	schizophrenia 2
DOID:5419	DOID:0070079	schizophrenia 3
DOID:5419	DOID:0070080	schizophrenia 4
DOID:5419	DOID:0070081	schizophrenia 5
DOID:5419	DOID:0070082	schizophrenia 6
DOID:5419	DOID:0070083	schizophrenia 7
DOID:5419	DOID:0070084	schizophrenia 8
DOID:5419	DOID:0070085	schizophrenia 9
DOID:5419	DOID:0070086	schizophrenia 10
DOID:5419	DOID:0070087	schizophrenia 11
DOID:5419	DOID:0070088	schizophrenia 12
DOID:5419	DOID:0070089	schizophrenia 13
DOID:5419	DOID:0070090	schizophrenia 14
DOID:5419	DOID:0070091	schizophrenia 15
DOID:5419	DOID:0070092	schizophrenia 16
DOID:5419	DOID:0070093	schizophrenia 18
DOID:5419	DOID:0080281	schizophrenia 19
DOID:5419	DOID:1229	paranoid schizophrenia
DOID:5421	DOID:0050917	lung combined type small cell adenocarcinoma
DOID:5426	DOID:0080857	primary ovarian insufficiency 1
DOID:5426	DOID:0080858	primary ovarian insufficiency 2A
DOID:5426	DOID:0080859	primary ovarian insufficiency 2B
DOID:5426	DOID:0080860	primary ovarian insufficiency 3
DOID:5426	DOID:0080861	primary ovarian insufficiency 4
DOID:5426	DOID:0080862	primary ovarian insufficiency 5
DOID:5426	DOID:0080863	primary ovarian insufficiency 6
DOID:5426	DOID:0080864	primary ovarian insufficiency 7
DOID:5426	DOID:0080865	primary ovarian insufficiency 8
DOID:5426	DOID:0080866	primary ovarian insufficiency 9
DOID:5426	DOID:0080867	primary ovarian insufficiency 10
DOID:5426	DOID:0080868	primary ovarian insufficiency 11
DOID:5426	DOID:0080869	primary ovarian insufficiency 12
DOID:5426	DOID:0080870	primary ovarian insufficiency 13
DOID:5426	DOID:0080871	primary ovarian insufficiency 14
DOID:5426	DOID:0080872	primary ovarian insufficiency 15
DOID:5426	DOID:0080873	primary ovarian insufficiency 16
DOID:5426	DOID:0080874	primary ovarian insufficiency 17
DOID:5426	DOID:0112269	primary ovarian insufficiency 18
DOID:5426	DOID:0112278	primary ovarian insufficiency 19
DOID:543	DOID:0050835	generalized dystonia
DOID:543	DOID:0050836	focal dystonia
DOID:543	DOID:0050837	multifocal dystonia
DOID:543	DOID:0050838	segmental dystonia
DOID:543	DOID:0051059	autosomal recessive Segawa syndrome
DOID:543	DOID:0060936	dystonia 28, childhood-onset
DOID:543	DOID:0060937	dystonia 30
DOID:543	DOID:0060938	dystonia 31
DOID:543	DOID:0060939	dystonia 32
DOID:543	DOID:0060940	dystonia 33
DOID:543	DOID:0060944	episodic kinesigenic dyskinesia 3
DOID:543	DOID:0060955	dystonia 35, childhood-onset
DOID:543	DOID:0060956	dystonia 37, early-onset with striatal lesions
DOID:543	DOID:0060957	myoclonic dystonia 34
DOID:543	DOID:0060966	dystonia 22, juvenile-onset
DOID:543	DOID:0060967	dystonia 22, adult-onset
DOID:543	DOID:0070442	paroxysmal nonkinesigenic dyskinesia 3
DOID:543	DOID:0070445	early-onset dystonia and/or spastic paraplegia
DOID:543	DOID:0081419	childhood-onset dystonia with optic atrophy and basal ganglia abnormalities
DOID:543	DOID:0090033	myoclonic dystonia
DOID:543	DOID:0090037	torsion dystonia 13
DOID:543	DOID:0090038	torsion dystonia 2
DOID:543	DOID:0090041	torsion dystonia 4
DOID:543	DOID:0090042	torsion dystonia 17
DOID:543	DOID:0090043	dopa-responsive dystonia
DOID:543	DOID:0090044	dystonia 9
DOID:543	DOID:0090045	glucose transporter type 1 deficiency syndrome 2
DOID:543	DOID:0090046	dystonia 21
DOID:543	DOID:0090047	paroxysmal nonkinesigenic dyskinesia 2
DOID:543	DOID:0090049	paroxysmal nonkinesigenic dyskinesia 1
DOID:543	DOID:0090053	episodic kinesigenic dyskinesia 1
DOID:543	DOID:0090054	episodic kinesigenic dyskinesia 2
DOID:543	DOID:0090056	dystonia 12
DOID:543	DOID:0111168	sepiapterin reductase deficiency
DOID:5432	DOID:6239	non-invasive bladder papillary urothelial neoplasm
DOID:5432	DOID:6933	bladder transitional cell papilloma
DOID:5433	DOID:5432	bladder papillary transitional cell neoplasm
DOID:5433	DOID:6065	urinary tract non-invasive transitional cell neoplasm
DOID:5438	DOID:7503	extrahepatic bile duct papillary adenoma
DOID:5453	DOID:0081268	pulmonary venoocclusive disease 1
DOID:5453	DOID:0081269	pulmonary venoocclusive disease 2
DOID:5465	DOID:6198	corneal intraepithelial neoplasm
DOID:5467	DOID:1748	conjunctival squamous cell carcinoma
DOID:5467	DOID:1751	malignant conjunctival melanoma
DOID:5468	DOID:7752	extrahepatic biliary papillomatosis
DOID:5468	DOID:8230	intrahepatic biliary papillomatosis
DOID:5474	DOID:7320	ovarian serous cystadenofibroma
DOID:5478	DOID:8211	fallopian tube cystadenofibroma
DOID:5480	DOID:7411	ovarian endometrioid cystadenofibroma
DOID:5482	DOID:5895	clear cell cystadenofibroma
DOID:5482	DOID:6468	mucinous cystadenofibroma
DOID:5485	DOID:5484	fibrous synovial sarcoma
DOID:5485	DOID:5487	spindle cell synovial sarcoma
DOID:5485	DOID:5488	mediastinum synovial sarcoma
DOID:5485	DOID:5492	biphasic synovial sarcoma
DOID:5485	DOID:5494	epithelioid cell synovial sarcoma
DOID:5485	DOID:5495	monophasic synovial sarcoma
DOID:5502	DOID:13760	Pthirus pubis infestation
DOID:5502	DOID:5501	Pediculus humanus capitis infestation
DOID:5502	DOID:5513	Pediculus humanus corporis infestation
DOID:5503	DOID:0080888	spinal ependymoma, MYCN-amplified
DOID:5503	DOID:7788	adult spinal cord ependymoma
DOID:5514	DOID:7459	acantholytic variant squamous cell breast carcinoma
DOID:5514	DOID:7460	spindle cell variant squamous cell breast carcinoma
DOID:5514	DOID:7461	large cell keratinizing variant squamous cell breast carcinoma
DOID:5517	DOID:3717	gastric adenocarcinoma
DOID:5517	DOID:5516	gastric squamous cell carcinoma
DOID:5517	DOID:5635	gastric adenosquamous carcinoma
DOID:5517	DOID:6270	gastric cardia carcinoma
DOID:5517	DOID:6552	gastric small cell carcinoma
DOID:5517	DOID:6703	gastric pylorus carcinoma
DOID:5517	DOID:6705	gastric body carcinoma
DOID:5518	DOID:5908	penis verrucous carcinoma
DOID:5518	DOID:7047	penis basaloid carcinoma
DOID:5518	DOID:7958	sarcomatoid penile squamous cell carcinoma
DOID:5518	DOID:8009	penis mixed squamous cell carcinoma
DOID:5518	DOID:8013	penis papillary carcinoma
DOID:552	DOID:10533	viral pneumonia
DOID:552	DOID:12375	bronchopneumonia
DOID:552	DOID:14319	pleuropneumonia
DOID:552	DOID:2797	idiopathic interstitial pneumonia
DOID:552	DOID:3240	aspiration pneumonitis
DOID:552	DOID:551	toxic pneumonitis
DOID:552	DOID:5870	eosinophilic pneumonia
DOID:552	DOID:874	bacterial pneumonia
DOID:5520	DOID:0050865	tongue squamous cell carcinoma
DOID:5525	DOID:7173	cloacogenic carcinoma
DOID:5525	DOID:7174	anus basaloid carcinoma
DOID:5525	DOID:7175	anal Buschke-Lowenstein tumor
DOID:5528	DOID:6959	rectal cloacogenic carcinoma
DOID:5550	DOID:7591	gestational ovarian choriocarcinoma
DOID:5550	DOID:7665	non-gestational ovarian choriocarcinoma
DOID:5550	DOID:8336	childhood choriocarcinoma of the ovary
DOID:5551	DOID:6160	childhood choriocarcinoma of the testis
DOID:5551	DOID:6693	testicular monophasic choriocarcinoma
DOID:5556	DOID:4743	mixed testicular germ cell tumor
DOID:5556	DOID:5345	testicular non-seminomatous germ cell cancer
DOID:5556	DOID:7928	testis refractory cancer
DOID:5556	DOID:8042	testis polyembryoma
DOID:5557	DOID:4087	testicular pure germ cell tumor
DOID:5557	DOID:5556	testicular malignant germ cell cancer
DOID:5557	DOID:6082	childhood testicular germ cell tumor
DOID:5559	DOID:4050	mediastinum sarcoma
DOID:5559	DOID:436	posterior mediastinum cancer
DOID:5559	DOID:4691	malignant mediastinal neurogenic neoplasm
DOID:5559	DOID:5560	mediastinal mesenchymal tumor
DOID:5559	DOID:5568	mediastinum teratoma
DOID:5559	DOID:5677	malignant extragonadal nonseminomatous germ cell tumor
DOID:5559	DOID:6249	mediastinum seminoma
DOID:5559	DOID:6868	mediastinal malignant lymphoma
DOID:5559	DOID:7077	malignant melanocytic peripheral nerve sheath tumor of mediastinum
DOID:5561	DOID:8118	mature gastric teratoma
DOID:5563	DOID:7202	intermediate malignant teratoma
DOID:5567	DOID:5207	monodermal teratoma
DOID:5567	DOID:6230	childhood teratoma of the ovary
DOID:5567	DOID:6232	ovarian biphasic or triphasic teratoma
DOID:557	DOID:0040086	Polyomavirus-associated nephropathy
DOID:557	DOID:0050260	dioctophymiasis
DOID:557	DOID:0050855	renal fibrosis
DOID:557	DOID:0060062	autosomal dominant tubulointerstitial kidney disease
DOID:557	DOID:0070314	obstructive nephropathy
DOID:557	DOID:0080204	renal hypoplasia
DOID:557	DOID:0080205	congenital anomalies of the kidney and urinary tract
DOID:557	DOID:0080616	kidney cortex disease
DOID:557	DOID:0080655	hypophosphatemic nephrolithiasis/osteoporosis
DOID:557	DOID:0080927	apolipoprotein A-IV associated amyloidosis
DOID:557	DOID:0080928	dialysis-related amyloidosis
DOID:557	DOID:0080933	immunoglobulin light chain amyloidosis
DOID:557	DOID:0080934	immunoglobulin heavy chain amyloidosis
DOID:557	DOID:0080936	serum amyloid A amyloidosis
DOID:557	DOID:1073	renal hypertension
DOID:557	DOID:1074	kidney failure
DOID:557	DOID:10952	nephritis
DOID:557	DOID:11266	Hantavirus hemorrhagic fever with renal syndrome
DOID:557	DOID:12132	granulomatosis with polyangiitis
DOID:557	DOID:12465	secondary hyperparathyroidism of renal origin
DOID:557	DOID:12554	hemolytic-uremic syndrome
DOID:557	DOID:12679	nephrocalcinosis
DOID:557	DOID:12712	nephronophthisis
DOID:557	DOID:13068	renal osteodystrophy
DOID:557	DOID:1460	atheroembolism of kidney
DOID:557	DOID:14766	renal agenesis
DOID:557	DOID:263	kidney cancer
DOID:557	DOID:2744	pyelitis
DOID:557	DOID:2975	cystic kidney disease
DOID:557	DOID:2981	kidney papillary necrosis
DOID:557	DOID:2982	perinephritis
DOID:557	DOID:2983	anuria
DOID:557	DOID:3116	kidney benign neoplasm
DOID:557	DOID:3508	stricture or kinking of ureter
DOID:557	DOID:447	renal tubular transport disease
DOID:557	DOID:576	proteinuria
DOID:557	DOID:585	nephrolithiasis
DOID:557	DOID:782	renal infectious disease
DOID:557	DOID:9234	kidney carcinoma in situ
DOID:557	DOID:9266	cystinuria
DOID:557	DOID:9409	diabetes insipidus
DOID:557	DOID:9617	orthostatic proteinuria
DOID:557	DOID:9622	kidney hypertrophy
DOID:557	DOID:9733	renal tuberculosis
DOID:557	DOID:9808	Goodpasture syndrome
DOID:5577	DOID:7959	duodenal gastrinoma
DOID:5603	DOID:0050523	adult T-cell leukemia/lymphoma
DOID:5603	DOID:0050751	T-cell large granular lymphocyte leukemia
DOID:5603	DOID:0080145	childhood T-cell acute lymphoblastic leukemia
DOID:5603	DOID:5602	T-cell adult acute lymphocytic leukemia
DOID:5604	DOID:0060592	B-cell adult acute lymphocytic leukemia
DOID:5604	DOID:5602	T-cell adult acute lymphocytic leukemia
DOID:561	DOID:12098	trigeminal neuralgia
DOID:5612	DOID:1140	spinal canal and spinal cord meningioma
DOID:5612	DOID:13742	neurofibroma of spinal cord
DOID:5612	DOID:14150	spinal cord lymphoma
DOID:5612	DOID:14151	spinal cord melanoma
DOID:5612	DOID:14152	spinal cord sarcoma
DOID:5612	DOID:3185	spinal cord glioma
DOID:5612	DOID:3618	epidural spinal canal neoplasm
DOID:5612	DOID:3637	childhood spinal cord tumor
DOID:5612	DOID:3639	spinal cord intramedullary teratoma
DOID:5612	DOID:3641	conus medullaris neoplasm
DOID:5612	DOID:4847	cauda equina neoplasm
DOID:5612	DOID:5615	spinal canal intradural extramedullary neoplasm
DOID:5612	DOID:6872	spinal cord primitive neuroectodermal neoplasm
DOID:5612	DOID:7224	spinal meninges cancer
DOID:5612	DOID:7497	brain ependymoma
DOID:5614	DOID:0050250	philophthalmiasis
DOID:5614	DOID:0050256	angiostrongyliasis
DOID:5614	DOID:0050259	baylisascariasis
DOID:5614	DOID:0050268	ophthalmomyiasis
DOID:5614	DOID:0050630	Aland Island eye disease
DOID:5614	DOID:0050633	ocular albinism 1
DOID:5614	DOID:0050637	Finnish type amyloidosis
DOID:5614	DOID:0060216	Cogan syndrome
DOID:5614	DOID:0060217	Cogan-Reese syndrome
DOID:5614	DOID:0060260	ptosis
DOID:5614	DOID:0060648	anterior segment dysgenesis
DOID:5614	DOID:0060680	pigment dispersion syndrome
DOID:5614	DOID:0070344	ocular tuberculosis
DOID:5614	DOID:0070356	visual impairment and progressive phthisis bulbi
DOID:5614	DOID:0080849	ocular motor apraxia, Cogan type
DOID:5614	DOID:0111228	Sveinsson chorioretinal atrophy
DOID:5614	DOID:0111541	pigmented paravenous chorioretinal atrophy
DOID:5614	DOID:0111648	ectopia lentis with ectopia of pupil
DOID:5614	DOID:10034	eye accommodation disease
DOID:5614	DOID:10079	cysticercosis
DOID:5614	DOID:10124	corneal disease
DOID:5614	DOID:10176	neuroretinitis
DOID:5614	DOID:10376	amblyopia
DOID:5614	DOID:10629	microphthalmia
DOID:5614	DOID:110	lens disease
DOID:5614	DOID:11265	trachoma
DOID:5614	DOID:11343	scleral disease
DOID:5614	DOID:12270	coloboma
DOID:5614	DOID:1242	globe disease
DOID:5614	DOID:1279	ocular motility disease
DOID:5614	DOID:12841	ancylostomiasis
DOID:5614	DOID:13523	loiasis
DOID:5614	DOID:1393	visual pathway disease
DOID:5614	DOID:1400	lacrimal apparatus disease
DOID:5614	DOID:1432	blindness
DOID:5614	DOID:14323	Marfan syndrome
DOID:5614	DOID:14422	dipetalonemiasis
DOID:5614	DOID:14686	Axenfeld-Rieger syndrome
DOID:5614	DOID:1686	glaucoma
DOID:5614	DOID:2174	ocular cancer
DOID:5614	DOID:238	pupil disease
DOID:5614	DOID:3480	uveal disease
DOID:5614	DOID:4251	conjunctival disease
DOID:5614	DOID:5679	retinal disease
DOID:5614	DOID:790	ocular hypotension
DOID:5614	DOID:8501	fundus dystrophy
DOID:5614	DOID:8792	eye carcinoma in situ
DOID:5614	DOID:8886	chorioretinitis
DOID:5614	DOID:9282	ocular hypertension
DOID:5614	DOID:9335	scotoma
DOID:5614	DOID:9368	keratoconjunctivitis
DOID:5614	DOID:9720	vitreous disease
DOID:5614	DOID:9722	ophthalmia nodosa
DOID:5614	DOID:9790	toxocariasis
DOID:5614	DOID:9799	eye degenerative disease
DOID:5614	DOID:9835	refractive error
DOID:562	DOID:11550	oculomotor nerve paralysis
DOID:562	DOID:2817	cranial nerve III tumor
DOID:5621	DOID:0080915	histiocytic sarcoma
DOID:5621	DOID:7146	Langerhans cell sarcoma
DOID:5621	DOID:7848	interdigitating dendritic cell sarcoma
DOID:5621	DOID:7849	dendritic cell sarcoma
DOID:5636	DOID:8361	glassy cell variant cervical adenosquamous carcinoma
DOID:5639	DOID:14544	rete testis adenocarcinoma
DOID:5656	DOID:12657	vestibulocochlear nerve disease
DOID:5656	DOID:1279	ocular motility disease
DOID:5656	DOID:13864	trochlear nerve disease
DOID:5656	DOID:1756	facial nerve disease
DOID:5656	DOID:1891	optic nerve disease
DOID:5656	DOID:2815	cranial nerve malignant neoplasm
DOID:5656	DOID:3418	glossopharyngeal nerve disease
DOID:5656	DOID:3817	cranial nerve palsy
DOID:5656	DOID:560	jaw-winking syndrome
DOID:5656	DOID:561	trigeminal nerve disease
DOID:5656	DOID:562	third cranial nerve disease
DOID:5658	DOID:7076	breast lipid-rich carcinoma
DOID:566	DOID:14165	bilateral hyperactive labyrinth
DOID:566	DOID:14413	labyrinthine bilateral reactive loss
DOID:566	DOID:1776	labyrinthine unilateral reactive loss
DOID:566	DOID:1777	unilateral hyperactive labyrinth
DOID:566	DOID:565	bilateral hypoactive labyrinth
DOID:566	DOID:9496	unilateral hypoactive labyrinth
DOID:5662	DOID:0080899	lung pleomorphic carcinoma
DOID:5665	DOID:4288	external ear carcinoma
DOID:5667	DOID:5590	aggressive digital papillary adenocarcinoma
DOID:5672	DOID:0050688	anal canal cancer
DOID:5672	DOID:0050913	large intestine adenocarcinoma
DOID:5672	DOID:14110	anus cancer
DOID:5672	DOID:1521	cecum cancer
DOID:5672	DOID:9256	colorectal cancer
DOID:5679	DOID:0050335	bradyopsia
DOID:5679	DOID:0050795	cone dystrophy
DOID:5679	DOID:0070530	foveal hypoplasia 1
DOID:5679	DOID:0070531	foveal hypoplasia 2
DOID:5679	DOID:0090059	enhanced S-cone syndrome
DOID:5679	DOID:0111677	familial benign fleck retina
DOID:5679	DOID:11086	chorioretinal scar
DOID:5679	DOID:11561	hypertensive retinopathy
DOID:5679	DOID:13025	retinopathy of prematurity
DOID:5679	DOID:13401	angioid streaks
DOID:5679	DOID:14000	rubeosis iridis
DOID:5679	DOID:14791	Leber congenital amaurosis
DOID:5679	DOID:2462	retinal vascular disease
DOID:5679	DOID:3612	retinitis
DOID:5679	DOID:4645	retinal cancer
DOID:5679	DOID:5327	retinal detachment
DOID:5679	DOID:5678	nerve fibre bundle defect
DOID:5679	DOID:6929	retinal edema
DOID:5679	DOID:7633	macular holes
DOID:5679	DOID:8466	retinal degeneration
DOID:5679	DOID:8499	night blindness
DOID:5679	DOID:9719	neovascular inflammatory vitreoretinopathy
DOID:5680	DOID:6162	childhood embryonal testis carcinoma
DOID:5680	DOID:8275	intratubular embryonal carcinoma
DOID:5681	DOID:8036	childhood ovarian embryonal carcinoma
DOID:5690	DOID:5704	sclerosing liposarcoma
DOID:5690	DOID:5705	spindle cell liposarcoma
DOID:5690	DOID:8233	inflammatory liposarcoma
DOID:5691	DOID:11831	cortical blindness
DOID:5697	DOID:8023	myxoid liposarcoma of the ovary
DOID:5716	DOID:6256	malignant growth hormone secreting neoplasm of pituitary
DOID:5716	DOID:6274	malignant thyroid stimulating hormone producing neoplasm of pituitary gland
DOID:5716	DOID:6276	malignant ACTH producing neoplasm of pituitary gland
DOID:5719	DOID:0080347	malignant pheochromocytoma
DOID:5719	DOID:7379	adrenal medulla carcinoma
DOID:572	DOID:12168	ulnar nerve lesion
DOID:572	DOID:1835	mononeuritis multiplex
DOID:572	DOID:1844	mononeuritis of upper limb
DOID:572	DOID:571	median neuropathy
DOID:5723	DOID:0080840	optic atrophy 12
DOID:5723	DOID:0111433	optic atrophy 3
DOID:5723	DOID:0111434	optic atrophy 10
DOID:5723	DOID:0111435	optic atrophy 6
DOID:5723	DOID:0111436	optic atrophy 11
DOID:5723	DOID:0111437	optic atrophy 7
DOID:5723	DOID:0111438	optic atrophy 5
DOID:5723	DOID:0111439	optic atrophy 8
DOID:5723	DOID:0111440	optic atrophy 4
DOID:5723	DOID:0111441	optic atrophy 1
DOID:5723	DOID:0111442	optic atrophy 9
DOID:5723	DOID:0111443	optic atrophy 2
DOID:5723	DOID:10337	glaucomatous atrophy of optic disc
DOID:5723	DOID:10627	primary optic atrophy
DOID:5723	DOID:10631	partial optic atrophy
DOID:5727	DOID:3700	uterine ligament adenocarcinoma
DOID:5727	DOID:7514	Wolffian adnexal neoplasm
DOID:573	DOID:12169	carpal tunnel syndrome
DOID:5731	DOID:12718	chronic gonococcal salpingitis
DOID:5731	DOID:5730	salpingitis isthmica nodosa
DOID:5733	DOID:10973	acute salpingitis
DOID:5733	DOID:5731	chronic salpingitis
DOID:5733	DOID:5732	pyosalpinx
DOID:574	DOID:0060033	autoimmune disease of peripheral nervous system
DOID:574	DOID:11465	autonomic nervous system disease
DOID:574	DOID:11577	Cauda equina syndrome
DOID:574	DOID:1192	peripheral nervous system neoplasm
DOID:574	DOID:1389	polyneuropathy
DOID:574	DOID:13913	lumbosacral plexus lesion
DOID:574	DOID:4306	radiculopathy
DOID:574	DOID:4308	polyradiculoneuropathy
DOID:574	DOID:482	hemangioma of peripheral nerve
DOID:574	DOID:573	nerve compression syndrome
DOID:574	DOID:6925	peroneal nerve paralysis
DOID:574	DOID:870	neuropathy
DOID:5749	DOID:14265	pulmonary valve insufficiency
DOID:5749	DOID:5748	rheumatic pulmonary valve disease
DOID:5749	DOID:6420	pulmonary valve stenosis
DOID:5758	DOID:5893	childhood malignant mesenchymoma
DOID:5758	DOID:5894	adult malignant mesenchymoma
DOID:5759	DOID:2648	sebaceous adenoma
DOID:576	DOID:2527	nephrosis
DOID:576	DOID:582	hemoglobinuria
DOID:5772	DOID:12969	central nervous system leukemia
DOID:5772	DOID:14150	spinal cord lymphoma
DOID:5772	DOID:3234	central nervous system lymphoma
DOID:5772	DOID:5815	cerebral lymphoma
DOID:5782	DOID:11217	chronic tympanitis
DOID:5782	DOID:1214	tympanosclerosis
DOID:5782	DOID:12546	atrophic nonflaccid tympanic membrane
DOID:5782	DOID:13790	acute tympanitis
DOID:5782	DOID:13791	myringitis bullosa hemorrhagica
DOID:5782	DOID:5781	atrophic flaccid tympanic membrane
DOID:5805	DOID:5804	discrete subaortic stenosis
DOID:582	DOID:0060284	paroxysmal nocturnal hemoglobinuria
DOID:5822	DOID:6867	mediastinal gray zone lymphoma
DOID:5823	DOID:0070324	systemic Epstein-Barr virus positive T-cell lymphoma of childhood
DOID:583	DOID:0050641	Rh deficiency syndrome
DOID:583	DOID:0061026	hereditary pyropoikilocytosis
DOID:583	DOID:0111575	dehydrated hereditary stomatocytosis
DOID:583	DOID:589	congenital hemolytic anemia
DOID:583	DOID:718	autoimmune hemolytic anemia
DOID:5834	DOID:7891	testicular spermatocytic seminoma
DOID:5842	DOID:6706	tubular variant testicular seminoma
DOID:5842	DOID:7269	cribriform variant testicular seminoma
DOID:5842	DOID:7891	testicular spermatocytic seminoma
DOID:5842	DOID:8358	pseudoglandular variant testicular seminoma
DOID:5844	DOID:5843	posteroinferior myocardial infarction
DOID:5844	DOID:5845	anterolateral myocardial infarction
DOID:5844	DOID:5846	septal myocardial infarction
DOID:5844	DOID:5847	posterior myocardial infarction
DOID:5844	DOID:5848	apical myocardial infarction
DOID:5844	DOID:5849	subendocardial myocardial infarction
DOID:5844	DOID:5850	inferior myocardial infarction
DOID:5844	DOID:5851	posterolateral myocardial infarction
DOID:5844	DOID:5852	inferolateral myocardial infarct
DOID:5844	DOID:5853	lateral myocardial infarction
DOID:5844	DOID:5854	silent myocardial infarction
DOID:5844	DOID:5855	anteroseptal myocardial infarction
DOID:5844	DOID:9408	acute myocardial infarction
DOID:5844	DOID:9767	myocardial stunning
DOID:585	DOID:0080652	calcium oxalate nephrolithiasis
DOID:585	DOID:580	uric acid nephrolithiasis
DOID:5861	DOID:6494	childhood myxoid chondrosarcoma
DOID:5870	DOID:9502	chronic eosinophilic pneumonia
DOID:5870	DOID:9503	Loeffler syndrome
DOID:5875	DOID:0050937	retroperitoneal neuroblastoma
DOID:5875	DOID:12339	retroperitoneal lymphoma
DOID:5875	DOID:12341	retroperitoneal sarcoma
DOID:5875	DOID:12342	retroperitoneum carcinoma
DOID:5875	DOID:5874	retroperitoneal germ cell neoplasm
DOID:5876	DOID:3893	hidrocystoma
DOID:5876	DOID:3895	apocrine adenoma
DOID:5876	DOID:5444	spiradenoma
DOID:5876	DOID:5445	syringocystadenoma papilliferum
DOID:5876	DOID:7549	ceruminoma
DOID:589	DOID:0111846	X-linked congenital hemolytic anemia
DOID:589	DOID:12971	hereditary spherocytosis
DOID:589	DOID:1338	congenital dyserythropoietic anemia
DOID:589	DOID:2860	hemoglobinopathy
DOID:589	DOID:2861	congenital nonspherocytic hemolytic anemia
DOID:5897	DOID:5896	ovarian clear cell cystadenofibroma
DOID:5908	DOID:5907	penis non-invasive verrucous carcinoma
DOID:591	DOID:11257	social phobia
DOID:591	DOID:593	agoraphobia
DOID:591	DOID:599	specific phobia
DOID:5916	DOID:5915	uterus intravascular leiomyomatosis
DOID:5916	DOID:5917	uterine corpus diffuse leiomyomatosis
DOID:5940	DOID:14534	malignant cardiac peripheral nerve sheath neoplasm
DOID:5940	DOID:6345	malignant melanocytic neoplasm of the peripheral nerve sheath
DOID:5940	DOID:6707	malignant triton tumor
DOID:5940	DOID:7732	childhood malignant schwannoma
DOID:5940	DOID:8353	epithelioid malignant peripheral nerve sheath tumor
DOID:5940	DOID:8369	adult malignant schwannoma
DOID:5940	DOID:8420	malignant glandular tumor of peripheral nerve sheath
DOID:5958	DOID:5957	bladder urachal squamous cell carcinoma
DOID:5958	DOID:7244	bladder urachal urothelial carcinoma
DOID:5974	DOID:0050620	infiltrating renal pelvis transitional cell carcinoma
DOID:5974	DOID:5973	kidney pelvis papillary carcinoma
DOID:5975	DOID:6119	renal pelvis urothelial papilloma
DOID:5976	DOID:11299	vertebral artery occlusion
DOID:5976	DOID:13446	basilar artery occlusion
DOID:5976	DOID:807	carotid artery occlusion
DOID:5977	DOID:5975	renal pelvis papillary tumor
DOID:599	DOID:0060048	nosophobia
DOID:599	DOID:600	animal phobia
DOID:599	DOID:605	flying phobia
DOID:5997	DOID:10353	fibrosclerosis of breast
DOID:5997	DOID:5999	apocrine adenosis of breast
DOID:5998	DOID:7312	breast adenomyoepithelial adenosis
DOID:5998	DOID:8335	microglandular adenosis of breast
DOID:6000	DOID:0051064	left ventricular failure
DOID:6000	DOID:0060319	cardiac arrest
DOID:6000	DOID:14172	rheumatic congestive heart failure
DOID:6000	DOID:8515	Cor pulmonale
DOID:6000	DOID:9651	systolic heart failure
DOID:6000	DOID:9775	diastolic heart failure
DOID:60000	DOID:11239	appendix cancer
DOID:60000	DOID:5146	appendix leiomyoma
DOID:60000	DOID:8337	appendicitis
DOID:60001	DOID:5547	pulmonary artery choriocarcinoma
DOID:60001	DOID:9477	pulmonary embolism
DOID:60002	DOID:5382	Bartholin's gland adenoma
DOID:60002	DOID:60003	Bartholin's gland cancer
DOID:60002	DOID:6518	Bartholin's gland adenomyoma
DOID:60002	DOID:851	Bartholin's duct cyst
DOID:60003	DOID:3999	Bartholin's gland carcinoma
DOID:60004	DOID:3111	cystadenocarcinoma
DOID:60006	DOID:1475	lymphangioma
DOID:60007	DOID:2626	choroid plexus papilloma
DOID:60007	DOID:3544	atypical choroid plexus papilloma
DOID:60008	DOID:7608	parathyroid adenoma
DOID:60009	DOID:3829	pituitary adenoma
DOID:60009	DOID:5048	posterior pituitary gland neoplasm
DOID:6003	DOID:6958	aleukemic monocytic leukemia cutis
DOID:6004	DOID:6003	aleukemic leukemia cutis
DOID:6015	DOID:6016	adult central nervous system mature teratoma
DOID:6015	DOID:6018	adult central nervous system immature teratoma
DOID:6017	DOID:6016	adult central nervous system mature teratoma
DOID:6017	DOID:6423	childhood central nervous system mature teratoma
DOID:6019	DOID:6018	adult central nervous system immature teratoma
DOID:6019	DOID:6654	childhood central nervous system immature teratoma
DOID:6025	DOID:11702	dysgammaglobulinemia
DOID:6025	DOID:7263	selective IgD deficiency disease
DOID:6039	DOID:6522	mixed cell uveal melanoma
DOID:6039	DOID:6566	posterior uveal melanoma
DOID:6039	DOID:7040	uveal epithelioid cell melanoma
DOID:6039	DOID:7808	necrotic uveal melanoma
DOID:6050	DOID:10187	esophageal lipoma
DOID:6050	DOID:10485	esophageal atresia
DOID:6050	DOID:112	esophageal varix
DOID:6050	DOID:11963	esophagitis
DOID:6050	DOID:13146	esophageal candidiasis
DOID:6050	DOID:13185	esophageal diverticulosis
DOID:6050	DOID:13186	megaesophagus
DOID:6050	DOID:5041	esophageal cancer
DOID:6050	DOID:7332	esophageal tuberculosis
DOID:6050	DOID:9021	esophageal leukoplakia
DOID:6050	DOID:9095	esophagus carcinoma in situ
DOID:6050	DOID:9164	achalasia
DOID:6050	DOID:9192	dyskinesia of esophagus
DOID:6050	DOID:9206	Barrett's esophagus
DOID:6050	DOID:959	esophagus squamous cell papilloma
DOID:6050	DOID:960	esophagus leiomyoma
DOID:6052	DOID:7231	childhood CNS embryonal cell carcinoma
DOID:6052	DOID:7430	childhood germ cell brain tumor
DOID:6052	DOID:7516	childhood central nervous system mixed germ cell tumor
DOID:6053	DOID:8149	malignant childhood germ cell neoplasm
DOID:6067	DOID:6278	ovarian mucinous malignant adenofibroma
DOID:607	DOID:2476	hereditary spastic paraplegia
DOID:607	DOID:606	Brown-Sequard syndrome
DOID:6084	DOID:7340	childhood ovarian dysgerminoma
DOID:6085	DOID:6089	childhood leptomeningeal melanoma
DOID:6085	DOID:6090	adult leptomeningeal melanoma
DOID:6086	DOID:6085	meningeal melanoma
DOID:6086	DOID:7689	leptomeninges sarcoma
DOID:6088	DOID:6950	combat disorder
DOID:61	DOID:11502	mitral valve insufficiency
DOID:61	DOID:1754	mitral valve stenosis
DOID:61	DOID:988	mitral valve prolapse
DOID:6112	DOID:4584	choroid plexus meningioma
DOID:6112	DOID:6113	intracerebral cystic meningioma
DOID:6112	DOID:6114	cerebral convexity meningioma
DOID:6112	DOID:6115	lateral ventricle meningioma
DOID:6114	DOID:6869	parasagittal meningioma
DOID:6114	DOID:8000	frontal convexity meningioma
DOID:6119	DOID:6118	renal pelvis inverted papilloma
DOID:612	DOID:0051000	autoinflammatory disease
DOID:612	DOID:0051056	immunodeficiency 113
DOID:612	DOID:0060591	WHIM syndrome 1
DOID:612	DOID:0060704	lymphoproliferative syndrome
DOID:612	DOID:0060973	WHIM syndrome 2
DOID:612	DOID:0061051	immunodeficiency 80
DOID:612	DOID:0061052	immunodeficiency 81
DOID:612	DOID:0061053	immunodeficiency 82
DOID:612	DOID:0061054	immunodeficiency 84
DOID:612	DOID:0061055	immunodeficiency 85
DOID:612	DOID:0061058	immunodeficiency 88
DOID:612	DOID:0061059	immunodeficiency 89
DOID:612	DOID:0061060	immunodeficiency 90
DOID:612	DOID:0061061	immunodeficiency 91
DOID:612	DOID:0061062	immunodeficiency 92
DOID:612	DOID:0061063	immunodeficiency 93
DOID:612	DOID:0061064	immunodeficiency 94
DOID:612	DOID:0061065	immunodeficiency 95
DOID:612	DOID:0061066	immunodeficiency 96
DOID:612	DOID:0061070	immunodeficiency 100
DOID:612	DOID:0061071	immunodeficiency 101
DOID:612	DOID:0061075	immunodeficiency 106
DOID:612	DOID:0061076	immunodeficiency 107
DOID:612	DOID:0061077	immunodeficiency 108
DOID:612	DOID:0061078	immunodeficiency 109
DOID:612	DOID:0061080	immunodeficiency 114
DOID:612	DOID:0061081	immunodeficiency 115
DOID:612	DOID:0061084	immunodeficiency 118
DOID:612	DOID:0061092	immunodeficiency 127
DOID:612	DOID:0061096	immunodeficiency 133
DOID:612	DOID:0061097	immunodeficiency 132B
DOID:612	DOID:0061101	immunodeficiency 132A
DOID:612	DOID:0061125	immunodeficiency 131
DOID:612	DOID:0070615	autoinflammation, antibody deficiency, and immune dysregulation syndrome
DOID:612	DOID:0080709	NK cell deficiency
DOID:612	DOID:0080710	T cell and NK cell immunodeficiency
DOID:612	DOID:0080741	limbic encephalitis
DOID:612	DOID:0080745	polymyositis
DOID:612	DOID:0080994	autoimmune epilepsy
DOID:612	DOID:0081077	ectodermal dysplasia and immune deficiency
DOID:612	DOID:0081242	autoimmune interstitial lung, joint, and kidney disease
DOID:612	DOID:0111934	immunodeficiency 38
DOID:612	DOID:0111940	immunodeficiency 42
DOID:612	DOID:0111941	immunodeficiency 20
DOID:612	DOID:0111944	immunodeficiency 31B
DOID:612	DOID:0111945	immunodeficiency 31A
DOID:612	DOID:0111946	immunodeficiency 31C
DOID:612	DOID:0111947	immunodeficiency 21
DOID:612	DOID:0111950	immunodeficiency 29
DOID:612	DOID:0111952	immunodeficiency 57
DOID:612	DOID:0111955	immunodeficiency 27A
DOID:612	DOID:0111956	immunodeficiency 27B
DOID:612	DOID:0111962	combined immunodeficiency
DOID:612	DOID:0111963	dendritic cell deficiency
DOID:612	DOID:0111969	immunodeficiency 39
DOID:612	DOID:0111971	immunodeficiency 18
DOID:612	DOID:0111975	immunodeficiency 44
DOID:612	DOID:0111978	immunodeficiency 65
DOID:612	DOID:0111981	immunodeficiency 43
DOID:612	DOID:0111989	immunodeficiency 35
DOID:612	DOID:0111994	immunodeficiency 45
DOID:612	DOID:0111995	immunodeficiency 28
DOID:612	DOID:0111996	immunodeficiency 51
DOID:612	DOID:0111998	immunodeficiency 66
DOID:612	DOID:0112002	immunodeficiency 47
DOID:612	DOID:10993	postinfectious encephalitis
DOID:612	DOID:11042	Felty's syndrome
DOID:612	DOID:11200	T cell deficiency
DOID:612	DOID:12236	primary biliary cholangitis
DOID:612	DOID:13241	Behcet's disease
DOID:612	DOID:13375	temporal arteritis
DOID:612	DOID:13777	epidermodysplasia verruciformis
DOID:612	DOID:14482	pemphigoid gestationis
DOID:612	DOID:2115	B cell deficiency
DOID:612	DOID:2556	relapsing polychondritis
DOID:612	DOID:3262	phagocyte bactericidal dysfunction
DOID:612	DOID:3492	mixed connective tissue disease
DOID:612	DOID:4313	epidermolysis bullosa acquisita
DOID:612	DOID:5748	rheumatic pulmonary valve disease
DOID:612	DOID:6196	reactive arthritis
DOID:612	DOID:626	complement deficiency
DOID:612	DOID:7147	ankylosing spondylitis
DOID:612	DOID:7148	rheumatoid arthritis
DOID:612	DOID:718	autoimmune hemolytic anemia
DOID:612	DOID:849	rheumatoid arthritis interstitial lung disease
DOID:612	DOID:853	polymyalgia rheumatica
DOID:612	DOID:8577	ulcerative colitis
DOID:612	DOID:8893	psoriasis
DOID:612	DOID:9008	psoriatic arthritis
DOID:612	DOID:9744	type 1 diabetes mellitus
DOID:614	DOID:3109	idiopathic CD4-positive T-lymphocytopenia
DOID:615	DOID:12987	agranulocytosis
DOID:615	DOID:614	lymphopenia
DOID:6161	DOID:6474	childhood teratocarcinoma of the testis
DOID:6167	DOID:6166	prostatic urethra urothelial carcinoma
DOID:6170	DOID:4115	ovarian mesodermal adenosarcoma
DOID:6170	DOID:6445	ovarian endometrioid malignant adenofibroma
DOID:6175	DOID:5046	mediastinal granular cell myoblastoma
DOID:6175	DOID:7921	mediastinal psammomatous neurilemmoma
DOID:6179	DOID:7650	pulmonary type ovarian small cell carcinoma
DOID:6179	DOID:7651	small-cell carcinoma of the ovary of hypercalcemic type
DOID:6193	DOID:6988	peripheral epithelioid sarcoma
DOID:6193	DOID:7095	childhood epithelioid sarcoma
DOID:6193	DOID:7492	central epithelioid sarcoma
DOID:6193	DOID:8282	adult epithelioid sarcoma
DOID:6195	DOID:11184	acute conjunctivitis
DOID:6195	DOID:2458	papillary conjunctivitis
DOID:6195	DOID:2475	chronic conjunctivitis
DOID:6195	DOID:9700	bacterial conjunctivitis
DOID:6195	DOID:9709	rosacea conjunctivitis
DOID:6199	DOID:13538	cornea squamous cell carcinoma
DOID:6199	DOID:8400	malignant cornea melanoma
DOID:62	DOID:0080332	bicuspid aortic valve disease
DOID:62	DOID:1712	aortic valve stenosis
DOID:62	DOID:5232	aortic valve prolapse
DOID:62	DOID:57	aortic valve insufficiency
DOID:620	DOID:0081445	sickle cell disease
DOID:620	DOID:12451	sulfhemoglobinemia
DOID:620	DOID:14039	POEMS syndrome
DOID:620	DOID:7442	monoclonal gammopathy of uncertain significance
DOID:6204	DOID:6203	thyroid hyalinizing trabecular adenoma
DOID:6204	DOID:8102	fetal adenoma
DOID:6204	DOID:8162	thyroid Hurthle cell adenoma
DOID:6204	DOID:8292	atypical follicular adenoma
DOID:6204	DOID:8419	colloid adenoma
DOID:6214	DOID:6405	ovarian papillary cystadenoma
DOID:6214	DOID:6407	ovarian surface papilloma
DOID:6217	DOID:3716	mucinous stomach adenocarcinoma
DOID:6217	DOID:4023	linitis plastica
DOID:6217	DOID:8025	gastric signet ring cell adenocarcinoma
DOID:6227	DOID:2557	chondromalacia
DOID:6231	DOID:5118	ovarian cystic teratoma
DOID:6231	DOID:6229	childhood mature teratoma of the ovary
DOID:6231	DOID:6314	ovarian fetiform teratoma
DOID:6231	DOID:6315	ovarian solid teratoma
DOID:6232	DOID:6231	mature teratoma of the ovary
DOID:6245	DOID:6244	familial renal oncocytoma
DOID:6255	DOID:0112007	growth hormone secreting pituitary adenoma 2
DOID:6257	DOID:6258	type 1 papillary adenoma of the kidney
DOID:6257	DOID:6259	type 2 papillary adenoma of the kidney
DOID:626	DOID:0050419	complement factor I deficiency
DOID:626	DOID:0060002	C1 inhibitor deficiency
DOID:626	DOID:0060295	complement component 2 deficiency
DOID:626	DOID:0060297	complement component 4a deficiency
DOID:626	DOID:0060298	complement component 4b deficiency
DOID:626	DOID:0060299	complement component 6 deficiency
DOID:626	DOID:0060300	complement component 7 deficiency
DOID:626	DOID:0060301	type I complement component 8 deficiency
DOID:626	DOID:0060302	type II complement component 8 deficiency
DOID:626	DOID:0060303	complement component 9 deficiency
DOID:626	DOID:0080301	atypical hemolytic-uremic syndrome
DOID:626	DOID:0111768	X-linked properdin deficiency
DOID:626	DOID:8158	complement component 5 deficiency
DOID:626	DOID:8354	complement component 3 deficiency
DOID:627	DOID:0060007	CD3zeta deficiency
DOID:627	DOID:0060008	janus kinase-3 deficiency
DOID:627	DOID:0060009	MHC class I deficiency
DOID:627	DOID:0060010	Omenn syndrome
DOID:627	DOID:0060011	recombinase activating gene 1 deficiency
DOID:627	DOID:0060012	recombinase activating gene 2 deficiency
DOID:627	DOID:0060013	X-linked severe combined immunodeficiency
DOID:627	DOID:0060014	CD45 deficiency
DOID:627	DOID:0060016	CD3delta deficiency
DOID:627	DOID:0060017	CD3epsilon deficiency
DOID:627	DOID:0060018	CD3gamma deficiency
DOID:627	DOID:0060019	coronin-1A deficiency
DOID:627	DOID:0060020	reticular dysgenesis
DOID:627	DOID:0060769	T-cell immunodeficiency, congenital alopecia, and nail dystrophy
DOID:627	DOID:0061074	severe combined immunodeficiency 105
DOID:627	DOID:0061087	immunodeficiency 121
DOID:627	DOID:0061090	severe combined immunodeficiency 124
DOID:627	DOID:0090012	severe combined immunodeficiency with sensitivity to ionizing radiation
DOID:627	DOID:0090013	severe combined immunodeficiency, autosomal recessive, T cell-negative, B cell-negative, Nk cell-positive
DOID:627	DOID:0090014	severe combined immunodeficiency 104
DOID:627	DOID:0111937	immunodeficiency 22
DOID:627	DOID:0111938	immunodeficiency 24
DOID:627	DOID:0111957	immunodeficiency 11A
DOID:627	DOID:0111959	immunodeficiency 15B
DOID:627	DOID:0111961	immunodeficiency 26
DOID:627	DOID:0111972	immunodeficiency 19
DOID:627	DOID:5810	adenosine deaminase deficiency
DOID:627	DOID:5812	MHC class II deficiency
DOID:628	DOID:0060021	DNA ligase IV deficiency
DOID:628	DOID:0060022	CD40 ligand deficiency
DOID:628	DOID:0060028	Good syndrome
DOID:628	DOID:0061068	immunodeficiency 98
DOID:628	DOID:0061069	immunodeficiency 99
DOID:628	DOID:0061086	immunodeficiency 120
DOID:628	DOID:0080319	X-linked immunodeficiency with magnesium defect, Epstein-Barr virus infection, and neoplasia
DOID:628	DOID:0111935	immunodeficiency 16
DOID:628	DOID:0111936	immunodeficiency 14
DOID:628	DOID:0111939	immunodeficiency 37
DOID:628	DOID:0111948	immunodeficiency 46
DOID:628	DOID:0111949	immunodeficiency 36
DOID:628	DOID:0111951	immunodeficiency 40
DOID:628	DOID:0111953	immunodeficiency 23
DOID:628	DOID:0111954	immunodeficiency 60
DOID:628	DOID:0111960	immunodeficiency 15A
DOID:628	DOID:0111982	immunodeficiency 56
DOID:628	DOID:0111984	immunodeficiency 58
DOID:628	DOID:0111992	immunodeficiency 53
DOID:628	DOID:0112005	immunodeficiency 70
DOID:628	DOID:5813	purine nucleoside phosphorylase deficiency
DOID:628	DOID:6612	leukocyte adhesion deficiency
DOID:6285	DOID:6284	epicardium lipoma
DOID:6291	DOID:6294	corpus callosum lipoma
DOID:6293	DOID:13743	spinal cord lipoma
DOID:6293	DOID:6291	cerebral hemisphere lipoma
DOID:6293	DOID:6607	nervous system hibernoma
DOID:630	DOID:0050177	monogenic disease
DOID:630	DOID:0061213	telomere biology disorder
DOID:630	DOID:0080014	chromosomal disease
DOID:630	DOID:0080577	polygenic disease
DOID:630	DOID:10241	thalassemia
DOID:630	DOID:655	inherited metabolic disorder
DOID:6312	DOID:6313	clivus chondroid chordoma
DOID:633	DOID:0080745	polymyositis
DOID:633	DOID:10223	dermatomyositis
DOID:633	DOID:3428	granulomatous myositis
DOID:633	DOID:3429	inclusion body myositis
DOID:633	DOID:668	myositis ossificans
DOID:633	DOID:876	pyomyositis
DOID:633	DOID:971	tendinitis
DOID:633	DOID:9788	myositis fibrosa
DOID:6331	DOID:7037	childhood immature teratoma of ovary
DOID:6345	DOID:6344	melanotic psammomatous malignant peripheral nerve sheath tumor
DOID:6354	DOID:7230	postgerminal center chronic lymphocytic leukemia/small lymphocytic lymphoma
DOID:6354	DOID:8144	pregerminal center chronic lymphocytic leukemia/small lymphocytic lymphoma
DOID:6364	DOID:10024	migraine with aura
DOID:6364	DOID:12783	migraine without aura
DOID:6383	DOID:6386	childhood brainstem astrocytoma
DOID:639	DOID:10992	acute hemorrhagic leukoencephalitis
DOID:640	DOID:639	acute disseminated encephalomyelitis
DOID:6420	DOID:8861	pulmonary subvalvular stenosis
DOID:6432	DOID:13042	persistent fetal circulation syndrome
DOID:6432	DOID:5453	pulmonary venoocclusive disease
DOID:6438	DOID:6041	choroid spindle cell melanoma
DOID:6438	DOID:6525	choroid mixed cell melanoma
DOID:6438	DOID:6996	intermediate cell type choroid melanoma
DOID:6438	DOID:7041	choroid epithelioid cell melanoma
DOID:6457	DOID:0050657	Cowden syndrome 1
DOID:6457	DOID:0081000	Cowden syndrome 4
DOID:6457	DOID:0081001	Cowden syndrome 5
DOID:6457	DOID:0081002	Cowden syndrome 6
DOID:6457	DOID:0081003	Cowden syndrome 7
DOID:646	DOID:0070702	measles inclusion body encephalitis
DOID:646	DOID:8970	subacute sclerosing panencephalitis
DOID:6460	DOID:10655	lipoma of colon
DOID:6469	DOID:7013	ovarian mucinous cystadenofibroma
DOID:6477	DOID:6476	clear cell variant infiltrating bladder urothelial carcinoma
DOID:6477	DOID:6976	micropapillary variant infiltrating bladder urothelial carcinoma
DOID:6477	DOID:7553	infiltrating bladder urothelial carcinoma sarcomatoid variant
DOID:6477	DOID:7600	infiltrating bladder lymphoepithelioma-like carcinoma
DOID:6477	DOID:7967	lipid-cell variant infiltrating bladder urothelial carcinoma
DOID:6477	DOID:7968	plasmacytoid variant infiltrating bladder urothelial carcinoma
DOID:6477	DOID:7969	nested variant infiltrating bladder urothelial carcinoma
DOID:6477	DOID:7971	microcystic variant infiltrating bladder urothelial carcinoma
DOID:6477	DOID:7972	lymphoma-like variant infiltrating bladder urothelial carcinoma
DOID:649	DOID:0050433	fatal familial insomnia
DOID:649	DOID:0090103	Huntington's disease-like 1
DOID:649	DOID:11949	Creutzfeldt-Jakob disease
DOID:649	DOID:3530	chronic wasting disease
DOID:649	DOID:4249	Gerstmann-Straussler-Scheinker syndrome
DOID:649	DOID:5434	scrapie
DOID:649	DOID:5435	variant Creutzfeldt-Jakob disease
DOID:649	DOID:648	kuru
DOID:6498	DOID:11684	melanoacanthoma
DOID:6498	DOID:11685	inflamed seborrheic keratosis
DOID:6498	DOID:6944	vulvar seborrheic keratosis
DOID:6498	DOID:6945	inverted follicular keratosis
DOID:65	DOID:0050645	arterial tortuosity syndrome
DOID:65	DOID:0050698	funisitis
DOID:65	DOID:0060039	autoimmune disease of skin and connective tissue
DOID:65	DOID:0060123	connective tissue benign neoplasm
DOID:65	DOID:0060887	ossification of the posterior longitudinal ligament of spine
DOID:65	DOID:0061197	BCARD syndrome
DOID:65	DOID:0080001	bone disease
DOID:65	DOID:0111568	congenital vertical talus
DOID:65	DOID:0111669	hyaline fibromatosis syndrome
DOID:65	DOID:11329	ainhum
DOID:65	DOID:1222	cartilage disease
DOID:65	DOID:13374	fibrodysplasia ossificans progressiva
DOID:65	DOID:14188	frozen shoulder
DOID:65	DOID:14223	ochronosis
DOID:65	DOID:14323	Marfan syndrome
DOID:65	DOID:1526	panniculitis
DOID:65	DOID:1575	rheumatic disease
DOID:65	DOID:201	connective tissue cancer
DOID:65	DOID:204	enthesopathy
DOID:65	DOID:2703	synovitis
DOID:65	DOID:2738	pseudoxanthoma elasticum
DOID:65	DOID:2965	bursitis
DOID:65	DOID:3082	interstitial lung disease
DOID:65	DOID:3141	mucinoses
DOID:65	DOID:3488	cellulitis
DOID:65	DOID:4313	epidermolysis bullosa acquisita
DOID:65	DOID:5330	dental pulp disease
DOID:65	DOID:5587	Volkmann contracture
DOID:65	DOID:811	lipodystrophy
DOID:65	DOID:819	mediastinitis
DOID:65	DOID:854	collagen disease
DOID:65	DOID:8893	psoriasis
DOID:65	DOID:8936	plantar fascial fibromatosis
DOID:65	DOID:9074	systemic lupus erythematosus
DOID:65	DOID:9598	fasciitis
DOID:65	DOID:9857	interstitial keratitis
DOID:65	DOID:9957	periostitis
DOID:6517	DOID:8221	upper clivus meningioma
DOID:6517	DOID:8239	lower clivus meningioma
DOID:6522	DOID:6523	ciliary body mixed cell melanoma
DOID:6524	DOID:6997	intermediate cell type ciliary body melanoma
DOID:653	DOID:0060236	xanthinuria
DOID:653	DOID:0060350	adenine phosphoribosyltransferase deficiency
DOID:653	DOID:14218	dihydropyrimidine dehydrogenase deficiency
DOID:653	DOID:1919	Lesch-Nyhan syndrome
DOID:6536	DOID:3721	plasmacytoma
DOID:6536	DOID:9513	plasma cell leukemia
DOID:654	DOID:9970	obesity
DOID:654	DOID:9971	hypervitaminosis D
DOID:654	DOID:9972	hypervitaminosis A
DOID:655	DOID:0050636	hereditary systemic amyloidosis 2
DOID:655	DOID:0050638	hereditary systemic amyloidosis 1
DOID:655	DOID:0050639	primary cutaneous amyloidosis
DOID:655	DOID:0050711	aceruloplasminemia
DOID:655	DOID:0050718	vitamin metabolic disorder
DOID:655	DOID:0050832	pyrimidine metabolic disorder
DOID:655	DOID:0060358	multiple acyl-CoA dehydrogenase deficiency
DOID:655	DOID:0060363	glycerol kinase deficiency
DOID:655	DOID:0060699	familial hypocalciuric hypercalcemia
DOID:655	DOID:0061135	infantile hypercalcemia 2
DOID:655	DOID:0061136	infantile hypercalcemia 1
DOID:655	DOID:0070795	hyposulfatemia with skeletal dysplasia
DOID:655	DOID:0080172	poor metabolism of thiopurines
DOID:655	DOID:0080361	trimethylaminuria
DOID:655	DOID:0080665	warfarin resistance
DOID:655	DOID:0080666	warfarin sensitivity
DOID:655	DOID:0080839	X-linked warfarin sensitivity
DOID:655	DOID:0080929	variant ABeta2M amyloidosis
DOID:655	DOID:0080933	immunoglobulin light chain amyloidosis
DOID:655	DOID:0090123	aromatic L-amino acid decarboxylase deficiency
DOID:655	DOID:0090145	dopamine beta-hydroxylase deficiency
DOID:655	DOID:0111063	hyperphosphatemic familial tumoral calcinosis
DOID:655	DOID:0111260	phosphoribosylpyrophosphate synthetase superactivity
DOID:655	DOID:0111270	isolated sulfite oxidase deficiency
DOID:655	DOID:0111338	isolated elevated serum creatine phosphokinase levels
DOID:655	DOID:0111587	Gordon Holmes syndrome
DOID:655	DOID:0111588	Greenberg dysplasia
DOID:655	DOID:0111626	D-glyceric aciduria
DOID:655	DOID:0112127	HRPT-related hyperuricemia
DOID:655	DOID:13268	porphyria
DOID:655	DOID:2345	plasma protein metabolism disease
DOID:655	DOID:2741	bilirubin metabolic disorder
DOID:655	DOID:2978	carbohydrate metabolic disorder
DOID:655	DOID:3146	lipid metabolism disorder
DOID:655	DOID:3211	lysosomal storage disease
DOID:655	DOID:653	purine-pyrimidine metabolic disorder
DOID:655	DOID:700	mitochondrial metabolism disease
DOID:655	DOID:896	metal metabolism disorder
DOID:655	DOID:906	peroxisomal disease
DOID:655	DOID:9246	cerebral amyloid angiopathy
DOID:655	DOID:9252	amino acid metabolic disorder
DOID:656	DOID:0050891	adrenal cortical adenoma
DOID:656	DOID:12028	Conn's syndrome
DOID:657	DOID:0050849	periampullary adenoma
DOID:657	DOID:0050860	colorectal adenoma
DOID:657	DOID:0050868	hepatocellular adenoma
DOID:657	DOID:0050869	villous adenoma
DOID:657	DOID:0050893	gallbladder adenoma
DOID:657	DOID:0050910	cecum adenoma
DOID:657	DOID:0050912	colon adenoma
DOID:657	DOID:0050914	large intestine adenoma
DOID:657	DOID:0050915	rectal adenoma
DOID:657	DOID:0050927	duodenum adenoma
DOID:657	DOID:1371	uterine corpus adenomatoid tumor
DOID:657	DOID:1618	breast fibroadenoma
DOID:657	DOID:1625	breast adenoma
DOID:657	DOID:2075	minor vestibular glands adenoma
DOID:657	DOID:2616	Wolffian duct adenoma
DOID:657	DOID:2634	cystadenoma
DOID:657	DOID:2682	intracystic papillary adenoma
DOID:657	DOID:2697	renal adenoma
DOID:657	DOID:2891	thyroid adenoma
DOID:657	DOID:3172	papillary adenoma
DOID:657	DOID:3829	pituitary adenoma
DOID:657	DOID:4147	gastrointestinal adenoma
DOID:657	DOID:5196	fallopian tube adenomatoid tumor
DOID:657	DOID:5381	bile duct adenoma
DOID:657	DOID:5382	Bartholin's gland adenoma
DOID:657	DOID:5385	mixed cell adenoma
DOID:657	DOID:5386	lung adenoma
DOID:657	DOID:5390	clear cell adenoma
DOID:657	DOID:5391	bronchus adenoma
DOID:657	DOID:5398	lipoadenoma
DOID:657	DOID:5401	water-clear cell adenoma
DOID:657	DOID:5402	vaginal adenoma
DOID:657	DOID:5427	urinary bladder villous adenoma
DOID:657	DOID:5446	eccrine papillary adenoma
DOID:657	DOID:5643	urethral villous adenoma
DOID:657	DOID:6483	rete testis adenoma
DOID:657	DOID:656	adrenal adenoma
DOID:657	DOID:7333	nephrogenic adenoma of urinary bladder
DOID:657	DOID:7334	nephrogenic adenoma
DOID:657	DOID:745	epididymis adenomatoid tumor
DOID:657	DOID:7608	parathyroid adenoma
DOID:657	DOID:7839	infiltrating nipple syringomatous adenoma
DOID:657	DOID:7851	pancreatic intraductal papillary-mucinous adenoma
DOID:657	DOID:8003	alveoli adenoma
DOID:6590	DOID:12105	inflammatory spondylopathy
DOID:6590	DOID:13127	gonococcal spondylitis
DOID:66	DOID:0050646	distal arthrogryposis
DOID:66	DOID:0060255	rippling muscle disease 2
DOID:66	DOID:0070308	rippling muscle disease 1
DOID:66	DOID:0111072	myostatin-related muscle hypertrophy
DOID:66	DOID:2106	myotonia congenita
DOID:66	DOID:423	myopathy
DOID:66	DOID:8545	malignant hyperthermia
DOID:660	DOID:3948	adrenocortical carcinoma
DOID:6612	DOID:0080492	leukocyte adhesion deficiency 2
DOID:6612	DOID:0110910	leukocyte adhesion deficiency 1
DOID:6612	DOID:0110912	leukocyte adhesion deficiency 3
DOID:6629	DOID:7953	nipple duct carcinoma
DOID:6658	DOID:7207	lung combined large cell neuroendocrine carcinoma
DOID:6688	DOID:0110115	autoimmune lymphoproliferative syndrome type 2A
DOID:6688	DOID:0110116	autoimmune lymphoproliferative syndrome type 2B
DOID:6688	DOID:0110117	autoimmune lymphoproliferative syndrome type 4
DOID:6688	DOID:0110119	autoimmune lymphoproliferative syndrome type 3
DOID:6713	DOID:0051061	stroke
DOID:6713	DOID:0060669	cerebral cavernous malformation
DOID:6713	DOID:0060688	arteriovenous malformations of the brain
DOID:6713	DOID:10127	cerebral artery occlusion
DOID:6713	DOID:10991	basal ganglia cerebrovascular disease
DOID:6713	DOID:11390	cerebral arteritis
DOID:6713	DOID:13089	intracranial arterial disease
DOID:6713	DOID:13100	intracranial vasospasm
DOID:6713	DOID:2316	brain ischemia
DOID:6713	DOID:3407	carotid artery disease
DOID:6713	DOID:3454	brain infarction
DOID:6713	DOID:4193	intracranial thrombosis
DOID:6713	DOID:4372	intracranial embolism
DOID:6713	DOID:5393	brain angioma
DOID:6713	DOID:5976	occlusion precerebral artery
DOID:672	DOID:0050750	splenic marginal zone lymphoma
DOID:672	DOID:265	spleen angiosarcoma
DOID:672	DOID:710	splenic manifestation of leukemia
DOID:674	DOID:0060613	X-linked cleft palate with or without ankyloglossia
DOID:674	DOID:0110213	isolated cleft palate
DOID:674	DOID:0110214	cleft soft palate
DOID:6741	DOID:6742	synchronous bilateral breast carcinoma
DOID:6788	DOID:6787	childhood vagina botryoid rhabdomyosarcoma
DOID:6788	DOID:6848	adult vagina botryoid rhabdomyosarcoma
DOID:679	DOID:0050659	biotin-responsive basal ganglia disease
DOID:679	DOID:0060230	basal ganglia calcification
DOID:680	DOID:0081291	chronic traumatic encephalopathy
DOID:680	DOID:10652	Alzheimer's disease
DOID:681	DOID:0080632	Fazio-Londe disease
DOID:682	DOID:3933	anterior compartment syndrome
DOID:683	DOID:7558	glossopharyngeal motor neuropathy
DOID:683	DOID:7559	asymmetric motor neuropathy
DOID:6837	DOID:5725	rete ovarii cystadenoma
DOID:6839	DOID:6841	flat ductal epithelial atypia
DOID:684	DOID:0070322	childhood hepatocellular carcinoma
DOID:684	DOID:0070328	adult hepatocellular carcinoma
DOID:684	DOID:5015	fibrolamellar carcinoma
DOID:684	DOID:5016	hepatocellular clear cell carcinoma
DOID:684	DOID:5022	aflatoxins-related hepatocellular carcinoma
DOID:684	DOID:5026	sclerosing hepatic carcinoma
DOID:6856	DOID:6857	pineal region mature teratoma
DOID:6856	DOID:6858	pineal region immature teratoma
DOID:686	DOID:684	hepatocellular carcinoma
DOID:6868	DOID:6867	mediastinal gray zone lymphoma
DOID:687	DOID:5789	mixed hepatoblastoma
DOID:687	DOID:5798	macrotrabecular hepatoblastoma
DOID:6872	DOID:6871	spinal cord neuroblastoma
DOID:6873	DOID:8108	fibroepithelial polyp of urethra
DOID:6873	DOID:8170	fibroepithelial polyp of the anus
DOID:6873	DOID:8255	vulva fibroepithelial polyp
DOID:688	DOID:3308	embryonal carcinoma
DOID:688	DOID:4766	embryoma
DOID:6888	DOID:6845	infiltrating ureter transitional cell carcinoma
DOID:6903	DOID:775	intraocular lymphoma
DOID:6929	DOID:4449	macular retinal edema
DOID:693	DOID:2187	amelogenesis imperfecta
DOID:6936	DOID:6935	ureter inverted papilloma
DOID:6944	DOID:6943	vulvar inverted follicular keratosis
DOID:6945	DOID:6943	vulvar inverted follicular keratosis
DOID:6947	DOID:7678	sphenoid sinus inverted papilloma
DOID:6947	DOID:7679	sphenoid sinus Schneiderian papilloma
DOID:6970	DOID:6969	acute canaliculitis
DOID:6970	DOID:9938	dacryocystitis
DOID:699	DOID:0070750	mitochondrial myopathy and ataxia
DOID:699	DOID:0080099	myopathy, lactic acidosis, and sideroblastic anemia
DOID:699	DOID:0081357	isolated mitochondrial myopathy
DOID:699	DOID:12558	chronic progressive external ophthalmoplegia
DOID:699	DOID:890	mitochondrial encephalomyopathy
DOID:6992	DOID:6993	iris mixed cell melanoma
DOID:6992	DOID:6996	intermediate cell type choroid melanoma
DOID:6992	DOID:6997	intermediate cell type ciliary body melanoma
DOID:6994	DOID:6993	iris mixed cell melanoma
DOID:6994	DOID:7328	iris spindle cell melanoma
DOID:7	DOID:0060118	thoracic disease
DOID:7	DOID:1287	cardiovascular system disease
DOID:7	DOID:15	reproductive system disease
DOID:7	DOID:1579	respiratory system disease
DOID:7	DOID:16	integumentary system disease
DOID:7	DOID:17	musculoskeletal system disease
DOID:7	DOID:18	urinary system disease
DOID:7	DOID:28	endocrine system disease
DOID:7	DOID:2914	immune system disease
DOID:7	DOID:3463	breast disease
DOID:7	DOID:74	hematopoietic system disease
DOID:7	DOID:77	gastrointestinal system disease
DOID:7	DOID:863	nervous system disease
DOID:700	DOID:0050730	coenzyme Q10 deficiency disease
DOID:700	DOID:0050757	deafness-dystonia-optic neuronopathy syndrome
DOID:700	DOID:0060067	Pearson syndrome
DOID:700	DOID:0060286	combined oxidative phosphorylation deficiency
DOID:700	DOID:0060536	mitochondrial complex I deficiency
DOID:700	DOID:0060537	mitochondrial complex II deficiency
DOID:700	DOID:0060640	ethylmalonic encephalopathy
DOID:700	DOID:0070329	mitochondrial DNA depletion syndrome
DOID:700	DOID:0070330	multiple mitochondrial dysfunctions syndrome
DOID:700	DOID:0070540	mitochondrial short-chain enoyl-CoA hydratase 1 deficiency
DOID:700	DOID:0070543	neurodevelopmental disorder with cardiomyopathy, spasticity, and brain abnormalities
DOID:700	DOID:0070752	neonatal severe encephalopathy with lactic acidosis and brain abnormalities
DOID:700	DOID:0080363	mitochondrial pyruvate carrier deficiency
DOID:700	DOID:0111139	mitochondrial complex III deficiency
DOID:700	DOID:0111143	mitochondrial complex V (ATP synthase) deficiency
DOID:700	DOID:0111273	NARP syndrome
DOID:700	DOID:0111276	sensory ataxic neuropathy, dysarthria, and ophthalmoparesis
DOID:700	DOID:0111455	GRACILE syndrome
DOID:700	DOID:0111750	adult-onset ataxia and polyneuropathy
DOID:700	DOID:3762	cytochrome-c oxidase deficiency disease
DOID:701	DOID:0070704	dentin dysplasia type IA
DOID:701	DOID:0070705	dentin dysplasia type IB
DOID:701	DOID:0070706	dentin dysplasia type IC
DOID:701	DOID:0070707	dentin dysplasia type II
DOID:7031	DOID:7583	glottis verrucous carcinoma
DOID:7040	DOID:7042	ciliary body epithelioid cell melanoma
DOID:706	DOID:6536	plasma cell neoplasm
DOID:706	DOID:8584	Burkitt lymphoma
DOID:707	DOID:0050746	mantle cell lymphoma
DOID:707	DOID:0050748	marginal zone lymphoma
DOID:707	DOID:0050873	follicular lymphoma
DOID:707	DOID:0060901	lymphoplasmacytic lymphoma
DOID:707	DOID:0081452	large B-cell lymphoma
DOID:707	DOID:5820	composite lymphoma
DOID:707	DOID:706	mature B-cell neoplasm
DOID:710	DOID:4334	splenic manifestation of prolymphocytic leukemia
DOID:710	DOID:709	splenic manifestation of hairy cell leukemia
DOID:712	DOID:711	refractory hairy cell leukemia
DOID:712	DOID:7936	refractory T lymphoblastic leukemia/lymphoma
DOID:712	DOID:9544	refractory plasma cell neoplasm
DOID:7147	DOID:0040092	juvenile ankylosing spondylitis
DOID:7147	DOID:0080603	ankylosing spondylitis 1
DOID:7147	DOID:0080604	ankylosing spondylitis 2
DOID:7147	DOID:0080605	ankylosing spondylitis 3
DOID:7148	DOID:14256	adult-onset Still's disease
DOID:7148	DOID:676	systemic juvenile rheumatoid arthritis
DOID:7154	DOID:0080882	IDH-mutant and 1p/19q-codeleted oligodendroglioma
DOID:7166	DOID:14350	suppurative thyroiditis
DOID:7166	DOID:14351	Riedel's fibrosing thyroiditis
DOID:7166	DOID:14353	acute thyroiditis
DOID:7166	DOID:7165	subacute thyroiditis
DOID:7166	DOID:7187	subacute lymphocytic thyroiditis
DOID:720	DOID:12449	aplastic anemia
DOID:720	DOID:583	hemolytic anemia
DOID:7234	DOID:7236	pancreatic invasive mucinous cystadenocarcinoma
DOID:7234	DOID:7237	pancreatic non-invasive mucinous cystadenocarcinoma
DOID:7242	DOID:7241	uterine corpus apoplectic leiomyoma
DOID:730	DOID:2139	paraurethral gland neoplasm
DOID:730	DOID:2140	urethral urothelial papilloma
DOID:730	DOID:2142	urethra leiomyoma
DOID:730	DOID:5643	urethral villous adenoma
DOID:730	DOID:8109	nephrogenic adenoma of the urethra
DOID:7305	DOID:0080904	astroblastoma, MN1-altered
DOID:731	DOID:0050623	bladder benign neoplasm
DOID:731	DOID:11885	ureteral benign neoplasm
DOID:731	DOID:3116	kidney benign neoplasm
DOID:731	DOID:5433	urinary tract papillary transitional cell benign neoplasm
DOID:731	DOID:730	urethral benign neoplasm
DOID:7319	DOID:0090068	giant axonal neuropathy 1
DOID:7319	DOID:0090069	giant axonal neuropathy 2
DOID:732	DOID:0050269	Trichomonas vaginalis trichomoniasis
DOID:732	DOID:12369	prolapse of urethra
DOID:732	DOID:12577	urethral obstruction
DOID:732	DOID:1343	urethritis
DOID:732	DOID:13461	urethral intrinsic sphincter deficiency
DOID:732	DOID:13498	urethral syndrome
DOID:732	DOID:730	urethral benign neoplasm
DOID:732	DOID:734	urethra cancer
DOID:732	DOID:8108	fibroepithelial polyp of urethra
DOID:732	DOID:9339	urethral false passage
DOID:732	DOID:9341	urethral diverticulum
DOID:732	DOID:9589	urethral calculus
DOID:732	DOID:9877	urethral gland abscess
DOID:7327	DOID:7326	cranial pseudosarcomatous fasciitis
DOID:7327	DOID:9603	intravascular fasciitis
DOID:7334	DOID:8109	nephrogenic adenoma of the urethra
DOID:734	DOID:3750	urethra squamous cell carcinoma
DOID:734	DOID:4013	urethra transitional cell carcinoma
DOID:734	DOID:4910	urethra adenocarcinoma
DOID:734	DOID:736	male urethral cancer
DOID:734	DOID:738	female urethral cancer
DOID:736	DOID:6167	prostatic urethral cancer
DOID:736	DOID:8223	penile urethral cancer
DOID:736	DOID:8259	bulbomembranous urethral cancer
DOID:738	DOID:7488	posterior urethra cancer
DOID:738	DOID:8272	anterior urethra cancer
DOID:74	DOID:0080520	Tn polyagglutination syndrome
DOID:74	DOID:0111767	X-linked thrombocytopenia with beta-thalassemia
DOID:74	DOID:1247	blood coagulation disease
DOID:74	DOID:2355	anemia
DOID:74	DOID:2373	hereditary elliptocytosis
DOID:74	DOID:2531	hematologic cancer
DOID:74	DOID:4176	blood group incompatibility
DOID:74	DOID:4961	bone marrow disease
DOID:74	DOID:620	blood protein disease
DOID:74	DOID:9500	leukocyte disease
DOID:74	DOID:9631	Pelger-Huet anomaly
DOID:7427	DOID:0050160	inhalation anthrax
DOID:7427	DOID:0081239	injection anthrax
DOID:7427	DOID:13386	gastrointestinal anthrax
DOID:7427	DOID:7426	cutaneous anthrax
DOID:7474	DOID:7381	lymphohistiocytoid mesothelioma
DOID:7475	DOID:11223	small intestine diverticulitis
DOID:7475	DOID:13254	diverticulitis of colon
DOID:7475	DOID:8408	Meckel's diverticulitis
DOID:7492	DOID:7491	vulvar proximal-type epithelioid sarcoma
DOID:7497	DOID:7750	adult brain ependymoma
DOID:75	DOID:0050120	hemophagocytic lymphohistiocytosis
DOID:75	DOID:0060073	lymphatic system cancer
DOID:75	DOID:0060366	Hennekam syndrome
DOID:75	DOID:0081030	central conducting lymphatic anomaly
DOID:75	DOID:0081031	generalized lymphatic anomaly
DOID:75	DOID:2529	splenic disease
DOID:75	DOID:3405	histiocytosis
DOID:75	DOID:4347	lymphocele
DOID:75	DOID:4977	lymphedema
DOID:75	DOID:533	thymus gland disease
DOID:75	DOID:9317	lymphangitis
DOID:75	DOID:9942	lymph node disease
DOID:750	DOID:10808	gastric ulcer
DOID:750	DOID:10927	gastrojejunal ulcer
DOID:750	DOID:1724	duodenal ulcer
DOID:750	DOID:749	active peptic ulcer disease
DOID:750	DOID:752	peptic ulcer perforation
DOID:750	DOID:8644	gastroduodenitis
DOID:7505	DOID:10156	benign ileal neoplasm
DOID:7505	DOID:1737	duodenal benign neoplasm
DOID:7505	DOID:1738	small intestine leiomyoma
DOID:7505	DOID:3218	jejunal neoplasm
DOID:7505	DOID:4434	small intestine neuroendocrine neoplasm
DOID:7519	DOID:0050940	endocervical adenocarcinoma
DOID:7521	DOID:7520	periductal breast myoepitheliosis
DOID:7521	DOID:8068	intraductal breast myoepitheliosis
DOID:7528	DOID:7527	acute gonococcal endometritis
DOID:7551	DOID:10400	gonococcal seminal vesiculitis
DOID:7574	DOID:7685	pancreatic non-invasive intraductal papillary-mucinous carcinoma
DOID:7574	DOID:8150	pancreatic invasive intraductal papillary-mucinous carcinoma
DOID:7575	DOID:7574	pancreatic intraductal papillary-colloid carcinoma
DOID:7585	DOID:7584	subglottis verrucous carcinoma
DOID:7587	DOID:7586	supraglottis verrucous carcinoma
DOID:76	DOID:0040090	autoimmune gastritis
DOID:76	DOID:10534	stomach cancer
DOID:76	DOID:1159	functional gastric disease
DOID:76	DOID:12070	Dieulafoy lesion
DOID:76	DOID:12072	pylorospasm
DOID:76	DOID:12234	cascade stomach
DOID:76	DOID:12642	hiatus hernia
DOID:76	DOID:275	gastric hemangioma
DOID:76	DOID:3122	gastric outlet obstruction
DOID:76	DOID:3229	gastric dilatation
DOID:76	DOID:4029	gastritis
DOID:76	DOID:4370	stomach diverticulosis
DOID:76	DOID:6225	Cronkhite-Canada syndrome
DOID:76	DOID:9138	stomach carcinoma in situ
DOID:7602	DOID:3377	small cell osteogenic sarcoma
DOID:7602	DOID:6951	telangiectatic osteogenic sarcoma
DOID:7602	DOID:7603	fibrosarcomatous osteosarcoma
DOID:7602	DOID:7612	childhood intracortical osteosarcoma
DOID:7608	DOID:7607	chief cell adenoma
DOID:7608	DOID:7609	parathyroid transitional clear cell adenoma
DOID:7608	DOID:7610	mixed cell type adenoma of parathyroid
DOID:7608	DOID:7611	parathyroid oncocytic adenoma
DOID:7614	DOID:7613	sarcomatosis of the meninges
DOID:768	DOID:4647	trilateral retinoblastoma
DOID:768	DOID:4648	familial retinoblastoma
DOID:768	DOID:4650	bilateral retinoblastoma
DOID:768	DOID:4651	unilateral retinoblastoma
DOID:768	DOID:4653	intraocular retinoblastoma
DOID:768	DOID:4656	extraocular retinoblastoma
DOID:769	DOID:371	extracranial neuroblastoma
DOID:769	DOID:4160	differentiating neuroblastoma
DOID:769	DOID:4163	ganglioneuroblastoma
DOID:7696	DOID:8207	hilar lung carcinoma
DOID:7698	DOID:7840	pancreatic non-functioning delta cell tumor
DOID:77	DOID:0050624	gastrointestinal system benign neoplasm
DOID:77	DOID:0050787	juvenile polyposis syndrome
DOID:77	DOID:0060031	autoimmune disease of gastrointestinal tract
DOID:77	DOID:0060262	gallbladder disease
DOID:77	DOID:0080171	esophageal atresia/tracheoesophageal fistula
DOID:77	DOID:0080178	mucositis
DOID:77	DOID:13250	diarrhea
DOID:77	DOID:13386	gastrointestinal anthrax
DOID:77	DOID:14239	gastrointestinal tularemia
DOID:77	DOID:2326	gastroenteritis
DOID:77	DOID:3118	hepatobiliary disease
DOID:77	DOID:3119	gastrointestinal system cancer
DOID:77	DOID:403	mouth disease
DOID:77	DOID:5295	intestinal disease
DOID:77	DOID:60000	appendix disease
DOID:77	DOID:6050	esophageal disease
DOID:77	DOID:750	peptic ulcer disease
DOID:77	DOID:76	stomach disease
DOID:77	DOID:8283	peritonitis
DOID:77	DOID:8534	gastroesophageal reflux disease
DOID:77	DOID:8677	perinatal necrotizing enterocolitis
DOID:771	DOID:768	retinoblastoma
DOID:7736	DOID:7765	Coats disease
DOID:7757	DOID:0070323	childhood acute myeloid leukemia
DOID:7757	DOID:0080144	childhood acute lymphocytic leukemia
DOID:7757	DOID:0080794	childhood acute megakaryoblastic leukemia
DOID:7757	DOID:7756	neonatal leukemia
DOID:7763	DOID:7587	supraglottis squamous cell carcinoma
DOID:7764	DOID:7585	subglottis squamous cell carcinoma
DOID:778	DOID:6680	Capgras syndrome
DOID:780	DOID:0050697	chorioamnionitis
DOID:780	DOID:11060	placenta praevia
DOID:780	DOID:12215	oligohydramnios
DOID:780	DOID:2021	placenta cancer
DOID:780	DOID:277	chorioangioma
DOID:780	DOID:3891	placental insufficiency
DOID:780	DOID:4744	placenta accreta
DOID:780	DOID:8488	polyhydramnios
DOID:780	DOID:9667	placental abruption
DOID:7808	DOID:7807	choroid necrotic melanoma
DOID:784	DOID:0051066	arterionephrosclerosis
DOID:784	DOID:783	end stage renal disease
DOID:7841	DOID:0080956	childhood supratentorial embryonal tumor with multilayered rosettes, C19MC-altered
DOID:7841	DOID:7522	childhood infratentorial embryonal tumor with multilayered rosettes, C19MC-altered
DOID:7849	DOID:6262	follicular dendritic cell sarcoma
DOID:786	DOID:0080833	laryngomalacia
DOID:786	DOID:0080834	acquired laryngomalacia
DOID:786	DOID:11527	laryngostenosis
DOID:786	DOID:2596	larynx cancer
DOID:786	DOID:2598	laryngeal benign neoplasm
DOID:786	DOID:3437	laryngitis
DOID:786	DOID:9011	larynx carcinoma in situ
DOID:7894	DOID:8295	scabies
DOID:7894	DOID:8399	trombiculiasis
DOID:790	DOID:11766	blind hypotensive eye
DOID:790	DOID:12349	primary eye hypotony
DOID:799	DOID:9742	pelvic varices
DOID:7997	DOID:12573	neonatal thyrotoxicosis
DOID:7998	DOID:0081101	nonautoimmune hyperthyroidism
DOID:7998	DOID:0081102	familial gestational hyperthyroidism
DOID:7998	DOID:0111374	selective pituitary thyroid hormone resistance
DOID:7998	DOID:10719	toxic diffuse goiter
DOID:7998	DOID:11277	Plummer's disease
DOID:8002	DOID:7105	epiglottis neoplasm
DOID:8007	DOID:8208	lung superior sulcus carcinoma
DOID:811	DOID:0080298	complete generalized lipodystrophy
DOID:811	DOID:0080299	partial lipodystrophy
DOID:8125	DOID:11760	Kohler's disease
DOID:8125	DOID:13300	Scheuermann's disease
DOID:8125	DOID:14415	Legg-Calve-Perthes disease
DOID:8188	DOID:8187	gestational uterine corpus choriocarcinoma
DOID:820	DOID:0080767	autoimmune myocarditis
DOID:820	DOID:3951	acute myocarditis
DOID:820	DOID:817	interstitial myocarditis
DOID:820	DOID:8481	rheumatic myocarditis
DOID:8200	DOID:0050584	gummatous syphilis
DOID:8200	DOID:9880	cardiovascular syphilis
DOID:8200	DOID:9988	tertiary neurosyphilis
DOID:823	DOID:11269	chronic apical periodontitis
DOID:823	DOID:11693	acute apical periodontitis
DOID:823	DOID:2562	suppurative periapical periodontitis
DOID:823	DOID:4617	periapical granuloma
DOID:824	DOID:10423	acute pericementitis
DOID:824	DOID:1474	aggressive periodontitis
DOID:824	DOID:823	periapical periodontitis
DOID:8283	DOID:13310	diphtheritic peritonitis
DOID:8295	DOID:14374	norwegian scabies
DOID:83	DOID:0050537	posterior polar cataract
DOID:83	DOID:0070353	cataract 47
DOID:83	DOID:0070354	cataract 48
DOID:83	DOID:0110227	cataract 32 multiple types
DOID:83	DOID:0110228	cataract 8 multiple types
DOID:83	DOID:0110229	cataract 6 multiple types
DOID:83	DOID:0110230	cataract 34 multiple types
DOID:83	DOID:0110231	cataract 1 multiple types
DOID:83	DOID:0110232	cataract 29
DOID:83	DOID:0110233	cataract 27
DOID:83	DOID:0110234	cataract 4 multiple types
DOID:83	DOID:0110235	cataract 2 multiple types
DOID:83	DOID:0110236	cataract 39 multiple types
DOID:83	DOID:0110237	cataract 42
DOID:83	DOID:0110238	cataract 18
DOID:83	DOID:0110239	cataract 12 multiple types
DOID:83	DOID:0110240	cataract 20 multiple types
DOID:83	DOID:0110241	cataract 41
DOID:83	DOID:0110242	cataract 13 with adult i phenotype
DOID:83	DOID:0110243	cataract 46 juvenile-onset
DOID:83	DOID:0110244	cataract 28
DOID:83	DOID:0110245	cataract 38
DOID:83	DOID:0110246	cataract 26 multiple types
DOID:83	DOID:0110247	cataract 36
DOID:83	DOID:0110248	cataract 30
DOID:83	DOID:0110249	cataract 11 multiple types
DOID:83	DOID:0110250	cataract 16 multiple types
DOID:83	DOID:0110251	cataract 15 multiple types
DOID:83	DOID:0110252	cataract 37
DOID:83	DOID:0110253	cataract 14 multiple types
DOID:83	DOID:0110254	cataract 25
DOID:83	DOID:0110255	cataract 5 multiple types
DOID:83	DOID:0110256	cataract 21 multiple types
DOID:83	DOID:0110257	cataract 24
DOID:83	DOID:0110258	cataract 10 multiple types
DOID:83	DOID:0110259	cataract 43
DOID:83	DOID:0110260	cataract 7
DOID:83	DOID:0110261	cataract 35
DOID:83	DOID:0110262	cataract 45
DOID:83	DOID:0110263	cataract 19 multiple types
DOID:83	DOID:0110264	cataract 33
DOID:83	DOID:0110265	cataract 31 multiple types
DOID:83	DOID:0110266	cataract 9 multiple types
DOID:83	DOID:0110267	cataract 44
DOID:83	DOID:0110268	cataract 22 multiple types
DOID:83	DOID:0110269	cataract 3 multiple types
DOID:83	DOID:0110270	cataract 17 multiple types
DOID:83	DOID:0110271	cataract 23
DOID:83	DOID:0110272	cataract 40
DOID:83	DOID:13328	diabetic cataract
DOID:83	DOID:13822	tetanic cataract
DOID:83	DOID:82	myotonic cataract
DOID:83	DOID:9669	senile cataract
DOID:833	DOID:2814	malignant neoplasm of acoustic nerve
DOID:833	DOID:5101	ear cancer
DOID:841	DOID:11289	ventilation pneumonitis
DOID:841	DOID:12522	bagassosis
DOID:841	DOID:13891	bird fancier's lung
DOID:841	DOID:14453	farmer's lung
DOID:841	DOID:2314	malt worker's lung
DOID:841	DOID:2708	mushroom workers' lung
DOID:841	DOID:2710	sick building syndrome
DOID:841	DOID:840	cork-handlers' disease
DOID:8411	DOID:8410	childhood kidney angiomyolipoma
DOID:8432	DOID:10780	primary polycythemia
DOID:8432	DOID:11242	plethora of newborn
DOID:8432	DOID:2834	acquired polycythemia
DOID:8432	DOID:8431	physiological polycythemia
DOID:8437	DOID:8440	ileus
DOID:8437	DOID:8442	paralytic ileus
DOID:8437	DOID:8445	intestinal volvulus
DOID:8437	DOID:8446	intussusception
DOID:8437	DOID:8448	intestinal impaction
DOID:8439	DOID:14495	dumping syndrome
DOID:8439	DOID:8438	afferent loop syndrome
DOID:8463	DOID:10439	Mooren's ulcer
DOID:8463	DOID:10440	mycotic corneal ulcer
DOID:8463	DOID:10441	marginal corneal ulcer
DOID:8463	DOID:10444	ring corneal ulcer
DOID:8463	DOID:10445	perforated corneal ulcer
DOID:8463	DOID:9910	central corneal ulcer
DOID:8465	DOID:0060763	X-linked juvenile retinoschisis 1
DOID:8465	DOID:12108	bullous retinoschisis
DOID:8465	DOID:8464	flat retinoschisis
DOID:8466	DOID:0050572	cone-rod dystrophy
DOID:8466	DOID:0050664	Bietti crystalline corneoretinal dystrophy
DOID:8466	DOID:0060869	late-onset retinal degeneration
DOID:8466	DOID:0081462	Zeitz-Han retinal dystrophy
DOID:8466	DOID:10584	retinitis pigmentosa
DOID:8466	DOID:12161	peripheral retinal degeneration
DOID:8466	DOID:4448	macular degeneration
DOID:8466	DOID:8465	retinoschisis
DOID:8466	DOID:979	angioid streaks of choroid
DOID:8469	DOID:0050211	swine influenza
DOID:8469	DOID:4492	avian influenza
DOID:8472	DOID:0081373	disabling pansclerotic morphea
DOID:848	DOID:1156	chondrocalcinosis
DOID:848	DOID:1166	palindromic rheumatism
DOID:848	DOID:13189	gout
DOID:848	DOID:2964	periarthritis
DOID:848	DOID:6196	reactive arthritis
DOID:848	DOID:7147	ankylosing spondylitis
DOID:848	DOID:7148	rheumatoid arthritis
DOID:848	DOID:813	septic arthritis
DOID:848	DOID:8398	osteoarthritis
DOID:848	DOID:9008	psoriatic arthritis
DOID:8483	DOID:13094	branch retinal artery occlusion
DOID:8483	DOID:13098	central retinal artery occlusion
DOID:8483	DOID:14522	partial arterial retinal occlusion
DOID:8483	DOID:8482	transient retinal arterial occlusion
DOID:8498	DOID:0050534	congenital stationary night blindness
DOID:8499	DOID:11874	abnormal threshold of rods
DOID:8499	DOID:8498	hereditary night blindness
DOID:850	DOID:0050073	invasive aspergillosis
DOID:850	DOID:0050153	pulmonary aspergilloma
DOID:850	DOID:0060317	lung abscess
DOID:850	DOID:0061070	immunodeficiency 100
DOID:850	DOID:0061076	immunodeficiency 107
DOID:850	DOID:0061125	immunodeficiency 131
DOID:850	DOID:10032	hyperlucent lung
DOID:850	DOID:10080	sparganosis
DOID:850	DOID:10398	pneumonic plague
DOID:850	DOID:1082	dirofilariasis
DOID:850	DOID:10955	strongyloidiasis
DOID:850	DOID:11049	meconium aspiration syndrome
DOID:850	DOID:11162	respiratory failure
DOID:850	DOID:11339	pneumocystosis
DOID:850	DOID:11650	bronchopulmonary dysplasia
DOID:850	DOID:12117	pulmonary alveolar microlithiasis
DOID:850	DOID:12118	pulmonary hemosiderosis
DOID:850	DOID:12120	pulmonary alveolar proteinosis
DOID:850	DOID:12132	granulomatosis with polyangiitis
DOID:850	DOID:12148	alveolar echinococcosis
DOID:850	DOID:12474	capillariasis
DOID:850	DOID:1324	lung cancer
DOID:850	DOID:13406	pulmonary sarcoidosis
DOID:850	DOID:14472	hantavirus pulmonary syndrome
DOID:850	DOID:1495	cystic echinococcosis
DOID:850	DOID:1578	pulmonary systemic sclerosis
DOID:850	DOID:1584	acute chest syndrome
DOID:850	DOID:2122	pneumonic tularemia
DOID:850	DOID:2320	obstructive lung disease
DOID:850	DOID:2810	middle lobe syndrome
DOID:850	DOID:2942	bronchiolitis
DOID:850	DOID:2957	pulmonary tuberculosis
DOID:850	DOID:3082	interstitial lung disease
DOID:850	DOID:3319	lymphangioleiomyomatosis
DOID:850	DOID:3677	pulmonary plasma cell granuloma
DOID:850	DOID:3683	lung benign neoplasm
DOID:850	DOID:424	pulmonary immaturity
DOID:850	DOID:4374	Silo filler's disease
DOID:850	DOID:552	pneumonia
DOID:850	DOID:60001	pulmonary artery disease
DOID:850	DOID:8484	maple bark strippers' lung
DOID:850	DOID:9498	pulmonary eosinophilia
DOID:850	DOID:9790	toxocariasis
DOID:850	DOID:9808	Goodpasture syndrome
DOID:8500	DOID:0090114	Sorsby's fundus dystrophy
DOID:8500	DOID:0111569	autosomal dominant vitreoretinochoroidopathy
DOID:8501	DOID:0050683	Bothnia retinal dystrophy
DOID:8501	DOID:11105	fundus albipunctatus
DOID:8501	DOID:13227	retinal dystrophies primarily involving Bruch's membrane
DOID:8501	DOID:14251	vitreoretinal dystrophy
DOID:8501	DOID:14252	dystrophies primarily involving the retinal pigment epithelium
DOID:8501	DOID:14253	retinal dystrophy in systemic or cerebroretinal lipidoses
DOID:8501	DOID:8500	hereditary retinal dystrophy
DOID:8502	DOID:0080841	pemphigoid
DOID:8502	DOID:2731	vesiculobullous skin disease
DOID:8502	DOID:8505	dermatitis herpetiformis
DOID:8502	DOID:8508	subcorneal pustular dermatosis
DOID:8502	DOID:9182	pemphigus
DOID:8504	DOID:11907	ecthyma
DOID:8504	DOID:8503	impetigo herpetiformis
DOID:8505	DOID:8507	juvenile dermatitis herpetiformis
DOID:8514	DOID:8516	pulmonary embolism and infarction
DOID:8514	DOID:8517	acute cor pulmonale
DOID:8515	DOID:12326	chronic pulmonary heart disease
DOID:8515	DOID:8514	acute pulmonary heart disease
DOID:8527	DOID:8593	chronic monocytic leukemia
DOID:8527	DOID:8696	subacute monocytic leukemia
DOID:8527	DOID:8864	acute monocytic leukemia
DOID:8533	DOID:8660	postcricoid region cancer
DOID:8533	DOID:8663	aryepiglottic fold cancer
DOID:8533	DOID:9235	pyriform sinus cancer
DOID:8536	DOID:9210	Ramsay Hunt syndrome
DOID:854	DOID:13359	Ehlers-Danlos syndrome
DOID:854	DOID:3492	mixed connective tissue disease
DOID:854	DOID:853	polymyalgia rheumatica
DOID:854	DOID:9499	disseminated eosinophilic collagen disease
DOID:8549	DOID:8529	ulcer of lower limbs
DOID:8549	DOID:8717	decubitus ulcer
DOID:8552	DOID:0060761	familial chronic myelocytic leukemia-like syndrome
DOID:8552	DOID:0081088	chronic myelogenous leukemia, BCR-ABL1 positive
DOID:8557	DOID:0070664	oropharyngeal squamous cell carcinoma
DOID:8557	DOID:8556	vallecula cancer
DOID:8557	DOID:8688	tonsillar pillar cancer
DOID:8557	DOID:8858	tonsil cancer
DOID:8557	DOID:8937	Waldeyer's ring cancer
DOID:8557	DOID:8969	tonsillar fossa cancer
DOID:8564	DOID:8630	upper lip cancer
DOID:8564	DOID:8883	lower lip cancer
DOID:8566	DOID:8607	herpetic whitlow
DOID:8566	DOID:8704	genital herpes
DOID:8566	DOID:9123	eczema herpeticum
DOID:8567	DOID:8543	Hodgkin's lymphoma, lymphocytic-histiocytic predominance
DOID:8567	DOID:8628	Hodgkin's lymphoma, lymphocytic depletion
DOID:8567	DOID:8642	Hodgkin's paragranuloma
DOID:8567	DOID:8651	Hodgkin's granuloma
DOID:8567	DOID:8654	Hodgkin's lymphoma, mixed cellularity
DOID:8567	DOID:8838	Hodgkin's lymphoma, nodular sclerosis
DOID:857	DOID:856	biotinidase deficiency
DOID:857	DOID:859	holocarboxylase synthetase deficiency
DOID:8574	DOID:8573	lichen nitidus
DOID:8574	DOID:9201	lichen planus
DOID:8578	DOID:8635	uvula cancer
DOID:8602	DOID:8601	upper gum cancer
DOID:8602	DOID:9125	lower gum cancer
DOID:8618	DOID:0050866	oral squamous cell carcinoma
DOID:8618	DOID:0080900	oral rhabdomyosarcoma
DOID:8618	DOID:8564	lip cancer
DOID:8618	DOID:8578	soft palate cancer
DOID:8618	DOID:8602	gum cancer
DOID:8618	DOID:8649	tongue cancer
DOID:8618	DOID:8702	cheek mucosa cancer
DOID:8618	DOID:8850	salivary gland cancer
DOID:8618	DOID:8930	retromolar area cancer
DOID:8618	DOID:9149	hard palate cancer
DOID:8618	DOID:9188	vestibule of mouth cancer
DOID:8619	DOID:0060165	Kleine-Levin syndrome
DOID:863	DOID:0050155	sensory system disease
DOID:863	DOID:0060115	nervous system benign neoplasm
DOID:863	DOID:0060695	hyperekplexia
DOID:863	DOID:0080954	arthrogryposis multiplex congenita
DOID:863	DOID:0090145	dopamine beta-hydroxylase deficiency
DOID:863	DOID:0111580	Behr syndrome
DOID:863	DOID:12697	locked-in syndrome
DOID:863	DOID:13565	neuroaspergillosis
DOID:863	DOID:14464	neuroleptic malignant syndrome
DOID:863	DOID:2490	congenital nervous system abnormality
DOID:863	DOID:3093	nervous system cancer
DOID:863	DOID:331	central nervous system disease
DOID:863	DOID:3602	toxic encephalopathy
DOID:863	DOID:438	autoimmune disease of the nervous system
DOID:863	DOID:4969	Gerstmann syndrome
DOID:863	DOID:574	peripheral nervous system disease
DOID:863	DOID:8536	herpes zoster
DOID:863	DOID:862	diplegia of upper limb
DOID:864	DOID:3875	thrombophlebitis
DOID:8646	DOID:1203	drug-induced mental disorder
DOID:8646	DOID:251	alcohol-induced mental disorder
DOID:8646	DOID:8645	subacute delirium
DOID:8649	DOID:0050865	tongue squamous cell carcinoma
DOID:8649	DOID:0080641	tongue carcinoma
DOID:865	DOID:0040099	livedoid vasculitis
DOID:865	DOID:0060567	erythema elevatum diutinum
DOID:865	DOID:11563	retinal vasculitis
DOID:865	DOID:13241	Behcet's disease
DOID:865	DOID:2508	Takayasu's arteritis
DOID:865	DOID:2555	granulomatous angiitis
DOID:865	DOID:3049	Churg-Strauss syndrome
DOID:865	DOID:3825	Shwartzman phenomenon
DOID:865	DOID:525	central nervous system vasculitis
DOID:865	DOID:9810	polyarteritis nodosa
DOID:866	DOID:0050792	multiple cutaneous and mucosal venous malformations
DOID:866	DOID:0081394	Caroli syndrome
DOID:866	DOID:10128	venous insufficiency
DOID:866	DOID:112	esophageal varix
DOID:866	DOID:11695	portal vein thrombosis
DOID:866	DOID:2450	central retinal vein occlusion
DOID:866	DOID:4522	superior vena cava angiosarcoma
DOID:866	DOID:7388	pulmonary vein leiomyosarcoma
DOID:866	DOID:7390	superior vena cava leiomyosarcoma
DOID:866	DOID:799	varicose veins
DOID:866	DOID:864	phlebitis
DOID:8670	DOID:0051057	avoidant/restrictive food intake disorder
DOID:8670	DOID:11507	rumination disorder
DOID:8670	DOID:12128	pica disease
DOID:8670	DOID:12129	bulimia nervosa
DOID:8670	DOID:8689	anorexia nervosa
DOID:8672	DOID:8743	erythema infectiosum
DOID:869	DOID:0060360	hereditary papulotranslucent acrokeratoderma
DOID:869	DOID:10964	cholesteatoma of middle ear
DOID:869	DOID:867	maxillary sinus cholesteatoma
DOID:869	DOID:9462	cholesteatoma of external ear
DOID:8692	DOID:8527	monocytic leukemia
DOID:8692	DOID:8552	chronic myeloid leukemia
DOID:8692	DOID:9119	acute myeloid leukemia
DOID:870	DOID:0050548	hereditary sensory and autonomic neuropathy
DOID:870	DOID:0060054	autonomic peripheral neuropathy
DOID:870	DOID:0060843	hereditary neuropathy with liability to pressure palsies
DOID:870	DOID:0070688	autosomal recessive congenital indifference to pain
DOID:870	DOID:0070701	small fiber neuropathy
DOID:870	DOID:0111728	familial episodic pain syndrome
DOID:870	DOID:0111741	X-linked deafness 5
DOID:870	DOID:1188	mononeuropathy
DOID:870	DOID:1195	ischemic neuropathy
DOID:870	DOID:1803	neuritis
DOID:870	DOID:2477	motor peripheral neuropathy
DOID:870	DOID:2491	sensory peripheral neuropathy
DOID:870	DOID:2537	inflammatory and toxic neuropathy
DOID:870	DOID:3690	brachial plexus neuropathy
DOID:870	DOID:440	neuromuscular disease
DOID:870	DOID:5656	cranial nerve disease
DOID:870	DOID:7319	axonal neuropathy
DOID:870	DOID:9240	erythromelalgia
DOID:870	DOID:9743	diabetic neuropathy
DOID:8712	DOID:0111253	neurofibromatosis 1
DOID:8719	DOID:0050610	oral cavity carcinoma in situ
DOID:8719	DOID:0050611	pharynx carcinoma in situ
DOID:8719	DOID:0050612	gallbladder carcinoma in situ
DOID:8719	DOID:0050613	bile duct carcinoma in situ
DOID:8719	DOID:0050614	bronchus carcinoma in situ
DOID:8719	DOID:4943	adenocarcinoma in situ
DOID:8719	DOID:5172	endometrium carcinoma in situ
DOID:8719	DOID:6148	nasal cavity carcinoma in situ
DOID:8719	DOID:8634	prostate carcinoma in situ
DOID:8719	DOID:8687	skin carcinoma in situ
DOID:8719	DOID:8791	breast carcinoma in situ
DOID:8719	DOID:8792	eye carcinoma in situ
DOID:8719	DOID:8800	lung carcinoma in situ
DOID:8719	DOID:8802	trachea carcinoma in situ
DOID:8719	DOID:8872	penis carcinoma in situ
DOID:8719	DOID:9011	larynx carcinoma in situ
DOID:8719	DOID:9024	intestine carcinoma in situ
DOID:8719	DOID:9053	bladder carcinoma in situ
DOID:8719	DOID:9087	anal carcinoma in situ
DOID:8719	DOID:9095	esophagus carcinoma in situ
DOID:8719	DOID:9108	uterus carcinoma in situ
DOID:8719	DOID:9132	liver carcinoma in situ
DOID:8719	DOID:9138	stomach carcinoma in situ
DOID:8719	DOID:9174	rectum carcinoma in situ
DOID:8719	DOID:9234	kidney carcinoma in situ
DOID:8736	DOID:0050508	variola major
DOID:8736	DOID:9153	variola minor
DOID:874	DOID:0040083	Chlamydia pneumonia
DOID:874	DOID:0040084	Streptococcus pneumonia
DOID:874	DOID:0050152	aspiration pneumonia
DOID:874	DOID:13272	Klebsiella pneumonia
DOID:874	DOID:13276	Mycoplasma pneumoniae pneumonia
DOID:8741	DOID:8941	seborrheic infantile dermatitis
DOID:8761	DOID:0080794	childhood acute megakaryoblastic leukemia
DOID:8761	DOID:0080798	myeloid leukemia associated with Down Syndrome
DOID:8778	DOID:0060188	jejunoileitis
DOID:8778	DOID:0060189	ileitis
DOID:8778	DOID:0060190	ileocolitis
DOID:8778	DOID:0060191	gastroduodenal Crohn's disease
DOID:8778	DOID:0060192	Crohn's colitis
DOID:8791	DOID:0060074	ductal carcinoma in situ
DOID:8791	DOID:3010	lobular neoplasia
DOID:8791	DOID:8428	breast apocrine carcinoma in situ
DOID:8800	DOID:0050870	pulmonary adenocarcinoma in situ
DOID:883	DOID:0050250	philophthalmiasis
DOID:883	DOID:0050251	coenurosis
DOID:883	DOID:0050253	mesocestoidiasis
DOID:883	DOID:0050254	acanthocephaliasis
DOID:883	DOID:0050256	angiostrongyliasis
DOID:883	DOID:0050259	baylisascariasis
DOID:883	DOID:0050260	dioctophymiasis
DOID:883	DOID:0050261	thelaziasis
DOID:883	DOID:0050596	taeniasis
DOID:883	DOID:10074	hymenolepiasis
DOID:883	DOID:10075	diphyllobothriasis
DOID:883	DOID:10080	sparganosis
DOID:883	DOID:10699	paragonimiasis
DOID:883	DOID:1080	filariasis
DOID:883	DOID:10955	strongyloidiasis
DOID:883	DOID:11379	gnathomiasis
DOID:883	DOID:1217	fascioloidiasis
DOID:883	DOID:1218	echinostomiasis
DOID:883	DOID:1219	dicrocoeliasis
DOID:883	DOID:12474	capillariasis
DOID:883	DOID:1252	trichuriasis
DOID:883	DOID:1255	trichostrongyloidiasis
DOID:883	DOID:12841	ancylostomiasis
DOID:883	DOID:13767	clonorchiasis
DOID:883	DOID:13768	opisthorchiasis
DOID:883	DOID:1395	schistosomiasis
DOID:883	DOID:14418	dracunculiasis
DOID:883	DOID:1496	echinococcosis
DOID:883	DOID:2790	necatoriasis
DOID:883	DOID:3107	toxascariasis
DOID:883	DOID:3108	ascaridiasis
DOID:883	DOID:3983	oesophagostomiasis
DOID:883	DOID:456	ascariasis
DOID:883	DOID:7033	anisakiasis
DOID:883	DOID:7457	enterobiasis
DOID:883	DOID:882	heterophyiasis
DOID:883	DOID:884	metagonimiasis
DOID:883	DOID:885	fascioliasis
DOID:883	DOID:888	fasciolopsiasis
DOID:883	DOID:931	monieziasis
DOID:883	DOID:9784	trichinosis
DOID:883	DOID:9790	toxocariasis
DOID:8849	DOID:0050930	sublingual gland adenoid cystic carcinoma
DOID:8850	DOID:0050904	salivary gland carcinoma
DOID:8850	DOID:297	pleomorphic adenoma carcinoma
DOID:8850	DOID:5309	epithelial-myoepithelial carcinoma
DOID:8850	DOID:8849	sublingual gland cancer
DOID:8850	DOID:9036	parotid gland cancer
DOID:8850	DOID:9173	submandibular gland cancer
DOID:8857	DOID:0040093	drug-induced lupus erythematosus
DOID:8857	DOID:0050169	cutaneous lupus erythematosus
DOID:8857	DOID:9074	systemic lupus erythematosus
DOID:8858	DOID:0050920	tonsil squamous cell carcinoma
DOID:8858	DOID:0080202	adenoid cystic carcinoma
DOID:8858	DOID:4294	adenoid basal cell carcinoma
DOID:8858	DOID:5524	adenoid squamous cell carcinoma
DOID:8864	DOID:0080149	adult acute monocytic leukemia
DOID:8886	DOID:12731	pars planitis
DOID:8886	DOID:1979	focal chorioretinitis
DOID:8886	DOID:8787	disseminated chorioretinitis
DOID:8893	DOID:0080474	pustular psoriasis 14
DOID:8893	DOID:0080475	psoriasis 2
DOID:8893	DOID:0111279	psoriasis 7
DOID:8893	DOID:0111280	psoriasis 4
DOID:8893	DOID:0111281	psoriasis 15
DOID:8893	DOID:0111282	psoriasis 5
DOID:8893	DOID:0111283	psoriasis 3
DOID:8893	DOID:0111284	psoriasis 9
DOID:8893	DOID:0111285	psoriasis 11
DOID:8893	DOID:0111286	psoriasis 1
DOID:8893	DOID:0111287	psoriasis 13
DOID:8893	DOID:0111288	psoriasis 8
DOID:8893	DOID:0111289	psoriasis 10
DOID:8893	DOID:0111290	psoriasis 6
DOID:8893	DOID:0111291	psoriasis 12
DOID:8893	DOID:9088	parapsoriasis
DOID:890	DOID:310	MERRF syndrome
DOID:890	DOID:3687	MELAS syndrome
DOID:891	DOID:0111444	progressive myoclonus epilepsy 4
DOID:891	DOID:0111445	progressive myoclonus epilepsy 10
DOID:891	DOID:0111446	progressive myoclonus epilepsy 3
DOID:891	DOID:0111447	progressive myoclonus epilepsy 7
DOID:891	DOID:0111449	progressive myoclonus epilepsy 6
DOID:891	DOID:0111450	progressive myoclonus epilepsy 9
DOID:891	DOID:0111451	progressive myoclonus epilepsy 8
DOID:891	DOID:3534	Lafora disease
DOID:891	DOID:3535	Unverricht-Lundborg syndrome
DOID:8913	DOID:0050096	tinea barbae
DOID:8913	DOID:11917	tinea cruris
DOID:8913	DOID:12179	tinea corporis
DOID:8913	DOID:12403	tinea pedis
DOID:8913	DOID:13074	tinea unguium
DOID:8913	DOID:13369	tinea manuum
DOID:8913	DOID:4337	tinea capitis
DOID:8923	DOID:0070326	spitzoid melanoma
DOID:8923	DOID:0070327	melanoma in congenital melanocytic nevus
DOID:8923	DOID:10040	malignant eyelid melanoma
DOID:8923	DOID:10044	balloon cell malignant melanoma
DOID:8923	DOID:10047	nodular malignant melanoma
DOID:8923	DOID:10054	skin amelanotic melanoma
DOID:8923	DOID:6367	acral lentiginous melanoma
DOID:8925	DOID:8924	autoimmune thrombocytopenic purpura
DOID:8925	DOID:8931	Evans' syndrome
DOID:8927	DOID:0060047	writing disorder
DOID:8927	DOID:12568	dyscalculia
DOID:8927	DOID:13365	reading disorder
DOID:8947	DOID:13207	proliferative diabetic retinopathy
DOID:8947	DOID:13208	background diabetic retinopathy
DOID:8947	DOID:8946	severe nonproliferative diabetic retinopathy
DOID:8947	DOID:9191	diabetic macular edema
DOID:8955	DOID:0050554	X-linked sideroblastic anemia with ataxia
DOID:8955	DOID:0060063	sideroblastic anemia 1
DOID:8955	DOID:0060065	autosomal recessive pyridoxine-refractory sideroblastic anemia 2
DOID:8955	DOID:0060066	pyridoxine-responsive sideroblastic anemia
DOID:8955	DOID:0060335	autosomal dominant sideroblastic anemia 4
DOID:8955	DOID:0061007	sideroblastic anemia 5
DOID:8955	DOID:0080209	sideroblastic anemia with B-cell immunodeficiency, periodic fevers, and developmental delay
DOID:8955	DOID:0080343	autosomal recessive pyridoxine-refractory sideroblastic anemia 3
DOID:896	DOID:0050605	acrodermatitis enteropathica
DOID:896	DOID:0050649	atransferrinemia
DOID:896	DOID:0060879	primary hypomagnesemia
DOID:896	DOID:0080535	hypermanganesemia with dystonia
DOID:896	DOID:0090109	autosomal dominant hypocalcemia
DOID:896	DOID:0111165	molybdenum cofactor deficiency
DOID:896	DOID:0111272	occipital horn syndrome
DOID:896	DOID:1029	familial periodic paralysis
DOID:896	DOID:1838	Menkes disease
DOID:896	DOID:2352	hemochromatosis
DOID:896	DOID:4184	pseudohypoparathyroidism
DOID:896	DOID:893	Wilson disease
DOID:898	DOID:0051081	polycystic kidney disease 8
DOID:898	DOID:0060951	polycystic kidney disease 6
DOID:898	DOID:0060952	polycystic kidney disease 7
DOID:898	DOID:0110858	polycystic kidney disease 1
DOID:898	DOID:0110859	polycystic kidney disease 2
DOID:898	DOID:0110860	polycystic kidney disease 3
DOID:9024	DOID:8826	colon carcinoma in situ
DOID:9036	DOID:0050931	parotid gland adenoid cystic carcinoma
DOID:905	DOID:0080476	peroxisome biogenesis disorder 1A
DOID:905	DOID:0080477	peroxisome biogenesis disorder 2A
DOID:905	DOID:0080478	peroxisome biogenesis disorder 3A
DOID:905	DOID:0080479	peroxisome biogenesis disorder 4A
DOID:905	DOID:0080480	peroxisome biogenesis disorder 5A
DOID:905	DOID:0080481	peroxisome biogenesis disorder 6A
DOID:905	DOID:0080482	peroxisome biogenesis disorder 7A
DOID:905	DOID:0080483	peroxisome biogenesis disorder 8A
DOID:905	DOID:0080484	peroxisome biogenesis disorder 10A
DOID:905	DOID:0080485	peroxisome biogenesis disorder 11A
DOID:905	DOID:0080486	peroxisome biogenesis disorder 12A
DOID:905	DOID:0080487	peroxisome biogenesis disorder 13A
DOID:906	DOID:0050444	infantile Refsum disease
DOID:906	DOID:0050452	mevalonic aciduria
DOID:906	DOID:0050797	peroxisomal acyl-CoA oxidase deficiency
DOID:906	DOID:0060602	alpha-methylacyl-CoA racemase deficiency
DOID:906	DOID:0070516	Mitchell syndrome
DOID:906	DOID:0080377	peroxisomal biogenesis disorder
DOID:906	DOID:0080946	retinal dystrophy with leukodystrophy
DOID:906	DOID:0090031	D-bifunctional protein deficiency
DOID:906	DOID:0112246	glutaric acidemia type 3
DOID:906	DOID:2582	acatalasia
DOID:9063	DOID:13819	lymphogranuloma venereum
DOID:9065	DOID:9111	cutaneous leishmaniasis
DOID:9065	DOID:9146	visceral leishmaniasis
DOID:9065	DOID:9155	mucocutaneous leishmaniasis
DOID:9098	DOID:0111556	steatocystoma multiplex
DOID:9098	DOID:4840	sebaceous carcinoma
DOID:9098	DOID:6543	acne
DOID:9098	DOID:9905	follicular mucinosis
DOID:9108	DOID:8991	cervix uteri carcinoma in situ
DOID:9113	DOID:13819	lymphogranuloma venereum
DOID:9119	DOID:0060318	acute promyelocytic leukemia
DOID:9119	DOID:0070323	childhood acute myeloid leukemia
DOID:9119	DOID:0070629	acute myeloid leukemia with CBFA2T3-GLIS2 fusion
DOID:9119	DOID:0070630	acute myeloid leukemia with KAT6A-CREBBP fusion
DOID:9119	DOID:0070631	acute myeloid leukemia with FUS-ERG fusion
DOID:9119	DOID:0070632	acute myeloid leukemia with MNX1-ETV6 fusion
DOID:9119	DOID:0070633	acute myeloid leukemia with NPM1-MLF1 fusion
DOID:9119	DOID:0080780	acute erythroid leukemia
DOID:9119	DOID:0080795	acute basophilic leukemia
DOID:9119	DOID:0080796	core binding factor acute myeloid leukemia
DOID:9119	DOID:0080976	acute myeloid leukemia with BCR-ABL1
DOID:9119	DOID:0081080	acute myeloid leukemia with t(6;9) (p23;q34.1)
DOID:9119	DOID:0081082	acute myelomonocytic leukemia
DOID:9119	DOID:0081083	acute myeloid leukemia with inv(3) (q21.3;q26.2) or t(3;3) (q21.3;q26.2)
DOID:9119	DOID:0081084	acute myeloid leukemia with inv(16)(p13.1q22) or t(16;16)(p13.1;q22)
DOID:9119	DOID:0081085	acute myeloid leukemia with minimal differentiation
DOID:9119	DOID:0081086	acute myeloid leukemia without maturation
DOID:9119	DOID:0081087	acute myeloid leukemia with maturation
DOID:9119	DOID:0081089	acute myeloid leukemia with mutated NPM1
DOID:9119	DOID:0081090	acute myeloid leukemia with biallelic mutation of CEBPA
DOID:9119	DOID:0081091	acute myeloid leukemia with mutated RUNX1
DOID:9119	DOID:0081092	acute myeloid leukemia with myelodysplasia-related changes
DOID:9119	DOID:0081093	acute myeloid leukemia with t(8;21); (q22; q22.1)
DOID:9119	DOID:0081094	acute myeloid leukemia with MLL rearrangement
DOID:9119	DOID:0081095	acute myeloid leukemia with mutated CEBPA
DOID:9119	DOID:0081096	acute myeloid leukemia with t(1;22)(p13;q13)
DOID:9119	DOID:8761	acute megakaryocytic leukemia
DOID:9120	DOID:0050636	hereditary systemic amyloidosis 2
DOID:9120	DOID:0050638	hereditary systemic amyloidosis 1
DOID:9120	DOID:0050639	primary cutaneous amyloidosis
DOID:9120	DOID:0080927	apolipoprotein A-IV associated amyloidosis
DOID:9120	DOID:0080928	dialysis-related amyloidosis
DOID:9120	DOID:0080929	variant ABeta2M amyloidosis
DOID:9120	DOID:0080933	immunoglobulin light chain amyloidosis
DOID:9120	DOID:0080934	immunoglobulin heavy chain amyloidosis
DOID:9120	DOID:0080935	immunoglobulin heavy-and-light chain
DOID:9120	DOID:0080936	serum amyloid A amyloidosis
DOID:9120	DOID:0080937	wild-type amyloidosis
DOID:9120	DOID:9246	cerebral amyloid angiopathy
DOID:913	DOID:0050692	Brody myopathy
DOID:916	DOID:0050868	hepatocellular adenoma
DOID:916	DOID:10190	liver lipoma
DOID:916	DOID:271	hemangioma of liver
DOID:916	DOID:3317	hepatic angiomyolipoma
DOID:916	DOID:907	liver fibroma
DOID:916	DOID:917	liver leiomyoma
DOID:9182	DOID:0040098	pemphigus gestationis
DOID:9182	DOID:0050429	Hailey-Hailey disease
DOID:9182	DOID:0060851	pemphigus vulgaris
DOID:9182	DOID:0080850	pemphigus foliaceus
DOID:9182	DOID:0080851	IgA pemphigus
DOID:9182	DOID:0080852	paraneoplastic pemphigus
DOID:92	DOID:0111275	speech-language disorder-1
DOID:92	DOID:4186	articulation disorder
DOID:92	DOID:4188	echolalia
DOID:92	DOID:4189	mutism
DOID:9246	DOID:0070027	CST3-related cerebral amyloid angiopathy
DOID:9246	DOID:0070028	APP-related cerebral amyloid angiopathy
DOID:9246	DOID:0070029	ITM2B-related cerebral amyloid angiopathy 1
DOID:9246	DOID:0070030	ITM2B-related cerebral amyloid angiopathy 2
DOID:9252	DOID:0050544	hypermethioninemia
DOID:9252	DOID:0050573	2-hydroxyglutaric aciduria
DOID:9252	DOID:0050710	3-methylcrotonyl-CoA carboxylase deficiency
DOID:9252	DOID:0050720	ornithine translocase deficiency
DOID:9252	DOID:0050721	serine deficiency
DOID:9252	DOID:0050762	adenylosuccinase lyase deficiency
DOID:9252	DOID:0050798	cerebral creatine deficiency syndrome
DOID:9252	DOID:0051100	hydroxyprolinemia
DOID:9252	DOID:0060159	organic acidemia
DOID:9252	DOID:0060176	gamma-amino butyric acid metabolism disorder
DOID:9252	DOID:0060439	lysinuric protein intolerance
DOID:9252	DOID:0060650	dicarboxylic aminoaciduria
DOID:9252	DOID:0060693	Brunner Syndrome
DOID:9252	DOID:0060949	3-hydroxyisobutryl-CoA hydrolase deficiency
DOID:9252	DOID:0060950	hypervalinemia and hyperleucine-isoleucinemia
DOID:9252	DOID:0070476	diphthamide deficiency syndrome
DOID:9252	DOID:0070540	mitochondrial short-chain enoyl-CoA hydratase 1 deficiency
DOID:9252	DOID:0070541	3-hydroxy-3-methylglutaryl-CoA lyase deficiency
DOID:9252	DOID:0070542	neurodevelopmental disorder with spastic paraplegia and microcephaly
DOID:9252	DOID:0070543	neurodevelopmental disorder with cardiomyopathy, spasticity, and brain abnormalities
DOID:9252	DOID:0070544	congenital glutamine deficiency
DOID:9252	DOID:0070545	developmental and epileptic encephalopathy 116
DOID:9252	DOID:0080541	hyperprolinemia
DOID:9252	DOID:0080699	glutathione synthetase deficiency
DOID:9252	DOID:0081132	tetrahydrobiopterin (BH4)-deficient hyperphenylalaninemia
DOID:9252	DOID:0081168	HMG-CoA synthase 2 deficiency
DOID:9252	DOID:0081326	oxoglutarate dehydrogenase deficiency
DOID:9252	DOID:0081446	dimethylglycine dehydrogenase deficiency
DOID:9252	DOID:0090126	branched-chain keto acid dehydrogenase kinase deficiency
DOID:9252	DOID:0090142	cystathioninuria
DOID:9252	DOID:0111257	gamma-glutamyl transpeptidase deficiency
DOID:9252	DOID:0111258	pentosuria
DOID:9252	DOID:0111261	fumarase deficiency
DOID:9252	DOID:0111362	hawkinsinuria
DOID:9252	DOID:0111453	2-aminoadipic 2-oxoadipic aciduria
DOID:9252	DOID:0111540	prolidase deficiency
DOID:9252	DOID:0111681	congenital nonspherocytic hemolytic anemia 7
DOID:9252	DOID:0111703	familial hypertryptophanemia
DOID:9252	DOID:0112255	homocystinuria-megaloblastic anemia cblE type
DOID:9252	DOID:0112256	homocystinuria-megaloblastic anemia cblG type
DOID:9252	DOID:0112257	hydroxykynureninuria
DOID:9252	DOID:0112262	leucine-sensitive hypoglycemia of infancy
DOID:9252	DOID:0112307	sarcosinemia
DOID:9252	DOID:1060	Hartnup disease
DOID:9252	DOID:14365	systemic primary carnitine deficiency disease
DOID:9252	DOID:14723	beta-ketothiolase deficiency
DOID:9252	DOID:14755	argininosuccinic aciduria
DOID:9252	DOID:857	multiple carboxylase deficiency
DOID:9252	DOID:9263	homocystinuria
DOID:9252	DOID:9265	histidine metabolism disease
DOID:9252	DOID:9266	cystinuria
DOID:9252	DOID:9267	urea cycle disorder
DOID:9252	DOID:9268	glycine encephalopathy
DOID:9252	DOID:9270	alkaptonuria
DOID:9252	DOID:9274	hyperlysinemia
DOID:9252	DOID:9275	tyrosinemia
DOID:9252	DOID:9279	hyperhomocysteinemia
DOID:9252	DOID:9281	phenylketonuria
DOID:9255	DOID:0051060	frontotemporal dementia 1
DOID:9255	DOID:0060672	frontotemporal dementia 2
DOID:9255	DOID:0081388	primary progressive aphasia
DOID:9255	DOID:0081392	corticobasal degeneration syndrome
DOID:9255	DOID:0111227	frontotemporal dementia and/or amyotrophic lateral sclerosis 7
DOID:9255	DOID:11870	Pick's disease
DOID:9256	DOID:0080199	colorectal carcinoma
DOID:9256	DOID:1993	rectum cancer
DOID:9256	DOID:219	colon cancer
DOID:9258	DOID:0110947	Waardenburg syndrome type 2B
DOID:9258	DOID:0110948	Waardenburg syndrome type 1
DOID:9258	DOID:0110949	Waardenburg syndrome type 3
DOID:9258	DOID:0110950	Waardenburg syndrome type 2A
DOID:9258	DOID:0110951	Waardenburg syndrome type 2C
DOID:9258	DOID:0110953	Waardenburg syndrome type 4A
DOID:9258	DOID:0110954	Waardenburg syndrome type 4B
DOID:9258	DOID:0110955	Waardenburg syndrome type 4C
DOID:9258	DOID:0110956	Waardenburg syndrome type 2E
DOID:9265	DOID:0060168	histidinemia
DOID:9265	DOID:0112180	urocanase deficiency
DOID:9267	DOID:0112258	N-acetylglutamate synthase deficiency
DOID:9267	DOID:9271	ornithine carbamoyltransferase deficiency
DOID:9267	DOID:9273	citrullinemia
DOID:9267	DOID:9278	hyperargininemia
DOID:9267	DOID:9280	carbamoyl phosphate synthetase I deficiency disease
DOID:9268	DOID:0061001	glycine encephalopathy 2
DOID:9268	DOID:0070616	glycine encephalopathy 1
DOID:9269	DOID:0061203	maple syrup urine disease type IA
DOID:9269	DOID:0061204	dihydrolipoamide dehydrogenase deficiency
DOID:9269	DOID:0061205	mild variant of maple syrup urine disease
DOID:9269	DOID:0061206	maple syrup urine disease type IB
DOID:9269	DOID:0061207	maple syrup urine disease type II
DOID:9273	DOID:0070340	classic citrullinemia
DOID:9273	DOID:0070341	neonatal-onset type II citrullinemia
DOID:9273	DOID:0070342	adult-onset type II citrullinemia
DOID:9275	DOID:0050725	tyrosinemia type II
DOID:9275	DOID:0050726	tyrosinemia type I
DOID:9275	DOID:0050727	tyrosinemia type III
DOID:9283	DOID:13327	anatomical narrow angle borderline glaucoma
DOID:9283	DOID:14548	steroid-induced glaucoma - borderline
DOID:9297	DOID:1762	cheilitis
DOID:9297	DOID:8564	lip cancer
DOID:9297	DOID:8661	lip carcinoma in situ
DOID:9297	DOID:9296	cleft lip
DOID:9297	DOID:9637	stomatitis
DOID:93	DOID:0060046	aphasia
DOID:93	DOID:0060244	specific language impairment
DOID:93	DOID:11385	expressive language disorder
DOID:930	DOID:11175	enophthalmos
DOID:930	DOID:11230	acute orbital inflammation
DOID:930	DOID:12359	endocrine exophthalmos
DOID:930	DOID:12360	lateral displacement of eye
DOID:930	DOID:12363	intermittent proptosis
DOID:930	DOID:12364	pulsating exophthalmos
DOID:930	DOID:1397	chronic orbital inflammation
DOID:930	DOID:14233	orbital cyst
DOID:930	DOID:14459	hemangioma of orbit
DOID:930	DOID:2725	capillary hemangioma
DOID:930	DOID:4143	orbital cancer
DOID:930	DOID:9945	constant exophthalmos
DOID:9306	DOID:10235	Brown's tendon sheath syndrome
DOID:9310	DOID:4633	nasal cavity inverting papilloma
DOID:934	DOID:0040086	Polyomavirus-associated nephropathy
DOID:934	DOID:0050012	chikungunya
DOID:934	DOID:0050118	La Crosse encephalitis
DOID:934	DOID:0050175	tick-borne encephalitis
DOID:934	DOID:0050179	Powassan encephalitis
DOID:934	DOID:0050192	Nipah virus encephalitis
DOID:934	DOID:0050308	Alkhumra hemorrhagic fever
DOID:934	DOID:0050495	exanthema subitum
DOID:934	DOID:0050516	O'nyong-nyong fever
DOID:934	DOID:0050517	Barmah Forest virus disease
DOID:934	DOID:0050518	Ross River fever
DOID:934	DOID:0050521	Oropouche fever
DOID:934	DOID:0050523	adult T-cell leukemia/lymphoma
DOID:934	DOID:0060478	Zika fever
DOID:934	DOID:0080180	Zika virus congenital syndrome
DOID:934	DOID:0080599	Coronavirus infectious disease
DOID:934	DOID:0080827	human cytomegalovirus infection
DOID:934	DOID:10250	louping ill
DOID:934	DOID:10264	mumps
DOID:934	DOID:10310	viral meningitis
DOID:934	DOID:10459	common cold
DOID:934	DOID:10533	viral pneumonia
DOID:934	DOID:10841	Eastern equine encephalitis
DOID:934	DOID:10842	Murray Valley encephalitis
DOID:934	DOID:10843	Western equine encephalitis
DOID:934	DOID:10844	Japanese encephalitis
DOID:934	DOID:10845	St. Louis encephalitis
DOID:934	DOID:10881	hand, foot and mouth disease
DOID:934	DOID:10882	epidemic pleurodynia
DOID:934	DOID:10883	herpangina
DOID:934	DOID:11166	Human papillomavirus infectious disease
DOID:934	DOID:11168	anogenital venereal wart
DOID:934	DOID:11227	acute hemorrhagic conjunctivitis
DOID:934	DOID:11260	rabies
DOID:934	DOID:11266	Hantavirus hemorrhagic fever with renal syndrome
DOID:934	DOID:11320	Kyasanur forest disease
DOID:934	DOID:11360	phlebotomus fever
DOID:934	DOID:12205	dengue disease
DOID:934	DOID:12287	Crimean-Congo hemorrhagic fever
DOID:934	DOID:12357	viral labyrinthitis
DOID:934	DOID:12683	vestibular neuronitis
DOID:934	DOID:1273	respiratory syncytial virus infectious disease
DOID:934	DOID:1328	Rift Valley fever
DOID:934	DOID:13801	pharyngoconjunctival fever
DOID:934	DOID:14472	hantavirus pulmonary syndrome
DOID:934	DOID:1884	viral hepatitis
DOID:934	DOID:2327	viral gastritis
DOID:934	DOID:2365	West Nile encephalitis
DOID:934	DOID:2366	West Nile fever
DOID:934	DOID:2929	Newcastle disease
DOID:934	DOID:2934	aleutian mink disease
DOID:934	DOID:2938	Epstein-Barr virus infectious disease
DOID:934	DOID:321	HTLV-1-associated myelopathy/tropical spastic paraparesis
DOID:934	DOID:3292	mpox
DOID:934	DOID:3298	vaccinia
DOID:934	DOID:3436	viral laryngitis
DOID:934	DOID:3944	Arenaviridae infectious disease
DOID:934	DOID:4325	Ebola virus disease
DOID:934	DOID:4327	Marburg hemorrhagic fever
DOID:934	DOID:4885	Colorado tick fever
DOID:934	DOID:4953	poliomyelitis
DOID:934	DOID:5154	borna disease
DOID:934	DOID:526	human immunodeficiency virus infectious disease
DOID:934	DOID:6297	viral esophagitis
DOID:934	DOID:643	progressive multifocal leukoencephalopathy
DOID:934	DOID:646	viral encephalitis
DOID:934	DOID:8469	influenza
DOID:934	DOID:8536	herpes zoster
DOID:934	DOID:8566	herpes simplex
DOID:934	DOID:8622	measles
DOID:934	DOID:8632	Kaposi's sarcoma
DOID:934	DOID:8659	chickenpox
DOID:934	DOID:8672	viral exanthem
DOID:934	DOID:8729	milker's nodule
DOID:934	DOID:8736	smallpox
DOID:934	DOID:8771	contagious pustular dermatitis
DOID:934	DOID:8781	rubella
DOID:934	DOID:8867	molluscum contagiosum
DOID:934	DOID:8956	cowpox
DOID:934	DOID:9584	Venezuelan equine encephalitis
DOID:934	DOID:9682	yellow fever
DOID:934	DOID:992	Omsk hemorrhagic fever
DOID:9351	DOID:0050524	maturity-onset diabetes of the young
DOID:9351	DOID:11714	gestational diabetes
DOID:9351	DOID:11717	neonatal diabetes mellitus
DOID:9351	DOID:9352	type 2 diabetes mellitus
DOID:9351	DOID:9744	type 1 diabetes mellitus
DOID:9352	DOID:11712	lipoatrophic diabetes mellitus
DOID:936	DOID:0050118	La Crosse encephalitis
DOID:936	DOID:0050246	granulomatous amebic encephalitis
DOID:936	DOID:0050259	baylisascariasis
DOID:936	DOID:0050682	Athabaskan brainstem dysgenesis syndrome
DOID:936	DOID:0050777	Joubert syndrome
DOID:936	DOID:0050850	diabetic encephalopathy
DOID:936	DOID:0060177	homocarnosinosis
DOID:936	DOID:0060246	MASA syndrome
DOID:936	DOID:0060263	porencephaly
DOID:936	DOID:0070657	congenital variant of Rett syndrome
DOID:936	DOID:0080539	PEHO syndrome
DOID:936	DOID:0080829	low grade glioma
DOID:936	DOID:0080918	polymicrogyria
DOID:936	DOID:0081292	traumatic brain injury
DOID:936	DOID:0090130	cortical dysplasia-focal epilepsy syndrome
DOID:936	DOID:0090131	complex cortical dysplasia with other brain malformations
DOID:936	DOID:0111262	infantile cerebral and cerebellar atrophy with postnatal progressive microcephaly
DOID:936	DOID:0111297	familial febrile seizures
DOID:936	DOID:0111932	severe congenital encephalopathy due to MECP2 mutation
DOID:936	DOID:0112313	brain small vessel disease
DOID:936	DOID:10080	sparganosis
DOID:936	DOID:10699	paragonimiasis
DOID:936	DOID:10841	Eastern equine encephalitis
DOID:936	DOID:10842	Murray Valley encephalitis
DOID:936	DOID:10843	Western equine encephalitis
DOID:936	DOID:10844	Japanese encephalitis
DOID:936	DOID:11457	brain compression
DOID:936	DOID:12148	alveolar echinococcosis
DOID:936	DOID:12155	lymphocytic choriomeningitis
DOID:936	DOID:12680	pseudobulbar palsy
DOID:936	DOID:1319	brain cancer
DOID:936	DOID:13413	hepatic encephalopathy
DOID:936	DOID:13722	neuroschistosomiasis
DOID:936	DOID:1443	cerebral degeneration
DOID:936	DOID:1495	cystic echinococcosis
DOID:936	DOID:1607	hypoglycemic coma
DOID:936	DOID:1826	epilepsy
DOID:936	DOID:1931	hypothalamic disease
DOID:936	DOID:1969	cerebral palsy
DOID:936	DOID:2034	encephalomalacia
DOID:936	DOID:2365	West Nile encephalitis
DOID:936	DOID:2382	kernicterus
DOID:936	DOID:2384	Wernicke encephalopathy
DOID:936	DOID:2479	central nervous system origin vertigo
DOID:936	DOID:2786	cerebellar disease
DOID:936	DOID:3431	cerebritis
DOID:936	DOID:4267	akinetic mutism
DOID:936	DOID:4662	thalamic disease
DOID:936	DOID:4723	intracranial hypotension
DOID:936	DOID:4724	brain edema
DOID:936	DOID:480	movement disease
DOID:936	DOID:6364	migraine
DOID:936	DOID:649	prion disease
DOID:936	DOID:6713	cerebrovascular disease
DOID:936	DOID:679	basal ganglia disease
DOID:936	DOID:882	heterophyiasis
DOID:936	DOID:9255	frontotemporal dementia
DOID:936	DOID:9428	intracranial hypertension
DOID:936	DOID:9588	encephalitis
DOID:936	DOID:9790	toxocariasis
DOID:936	DOID:9988	tertiary neurosyphilis
DOID:9360	DOID:0080819	environmentally induced asthma
DOID:9360	DOID:0080821	exercise-induced bronchoconstriction
DOID:9360	DOID:0080822	aspirin-induced respiratory disease
DOID:9365	DOID:10400	gonococcal seminal vesiculitis
DOID:9368	DOID:11581	phlyctenulosis
DOID:9368	DOID:12125	neurotrophic keratoconjunctivitis
DOID:9368	DOID:12197	punctate epithelial keratoconjunctivitis
DOID:9368	DOID:13014	shipyard eye
DOID:9368	DOID:9461	exposure keratitis
DOID:9383	DOID:10443	hypopyon
DOID:9383	DOID:9378	glaucomatocyclitic crisis
DOID:9383	DOID:9384	gonococcal iridocyclitis
DOID:9383	DOID:9388	lens-induced iridocyclitis
DOID:9383	DOID:9389	infectious anterior uveitis
DOID:9396	DOID:3436	viral laryngitis
DOID:9401	DOID:10802	acute gonococcal epididymo-orchitis
DOID:9402	DOID:9401	epididymo-orchitis
DOID:9406	DOID:0060870	isolated growth hormone deficiency
DOID:9406	DOID:0080150	adrenocorticotropic hormone deficiency
DOID:9406	DOID:9410	combined pituitary hormone deficiency
DOID:9406	DOID:9476	Sheehan syndrome
DOID:9408	DOID:10266	subendocardial infarction acute myocardial infarction
DOID:9408	DOID:10648	acute inferoposterior infarction
DOID:9408	DOID:10649	acute inferolateral myocardial infarction
DOID:9408	DOID:10651	acute anterolateral myocardial infarction
DOID:9408	DOID:9407	strictly posterior acute myocardial infarction
DOID:9409	DOID:0081055	central diabetes insipidus
DOID:9409	DOID:0081057	gestational diabetes insipidus
DOID:9409	DOID:0081058	dipsogenic diabetes insipidus
DOID:9409	DOID:12387	nephrogenic diabetes insipidus
DOID:9410	DOID:0061016	combined or isolated pituitary growth hormone deficiency 7
DOID:9410	DOID:0061017	combined pituitary hormone deficiency 4
DOID:9410	DOID:0061018	combined or isolated pituitary hormone deficiency 8
DOID:9410	DOID:0061019	combined or isolated pituitary hormone deficiency 1
DOID:9410	DOID:0061020	combined pituitary hormone deficiency 2
DOID:9410	DOID:0061021	combined pituitary hormone deficiency 3
DOID:9410	DOID:0061022	combined pituitary hormone deficiency 6
DOID:9410	DOID:0111779	X-linked panhypopituitarism
DOID:9415	DOID:0040038	meropenem allergy
DOID:9415	DOID:0040041	isocyanates allergic asthma
DOID:9415	DOID:0040045	nickel allergic asthma
DOID:9415	DOID:0040047	trimellitic anhydride allergic asthma
DOID:9415	DOID:0040048	phthalic anhydride allergic asthma
DOID:9415	DOID:0040049	maleic anhydride allergic asthma
DOID:9415	DOID:0040050	tetrachlorophthalic anhydride allergic asthma
DOID:9415	DOID:0040051	hexahydrophthalic anhydride allergic asthma
DOID:9415	DOID:0040054	cobalt allergic asthma
DOID:9415	DOID:0080825	thunderstorm triggered asthma
DOID:9423	DOID:13134	hordeolum externum
DOID:9423	DOID:13823	parasitic eyelid infestation
DOID:9423	DOID:13825	squamous blepharitis
DOID:9423	DOID:1894	noninfectious dermatoses of eyelid
DOID:9423	DOID:2456	blepharoconjunctivitis
DOID:9423	DOID:9483	ulcerative blepharitis
DOID:9423	DOID:9903	meibomian cyst
DOID:9428	DOID:11459	pseudotumor cerebri
DOID:9428	DOID:9427	hypertensive encephalopathy
DOID:9432	DOID:0070613	familial renal glucosuria
DOID:9446	DOID:14268	sclerosing cholangitis
DOID:9446	DOID:14269	suppurative cholangitis
DOID:9446	DOID:14270	ascending cholangitis
DOID:9446	DOID:14271	acute cholangitis
DOID:9446	DOID:14272	pericholangitis
DOID:9446	DOID:1949	cholecystitis
DOID:9446	DOID:9439	chronic cholangitis
DOID:9452	DOID:0070508	metabolic dysfunction and alcohol associated liver disease
DOID:9452	DOID:0080208	metabolic dysfunction-associated steatotic liver disease
DOID:9455	DOID:0050464	Farber lipogranulomatosis
DOID:9455	DOID:0050729	Chanarin-Dorfman syndrome
DOID:9455	DOID:0080217	lysosomal acid lipase deficiency
DOID:9455	DOID:0080488	mucolipidosis
DOID:9455	DOID:0081273	Siddiqi syndrome
DOID:9455	DOID:14503	neuronal ceroid lipofuscinosis
DOID:9455	DOID:1927	sphingolipidosis
DOID:9455	DOID:3345	xanthomatosis
DOID:9455	DOID:9452	steatotic liver disease
DOID:9460	DOID:0050939	uterine corpus endometrial carcinoma
DOID:9460	DOID:4114	uterine body mixed cancer
DOID:9460	DOID:5165	uterine corpus sarcoma
DOID:9460	DOID:5750	endometrial serous adenocarcinoma
DOID:9460	DOID:7437	uterus perivascular epithelioid cell tumor
DOID:9460	DOID:8188	uterine corpus choriocarcinoma
DOID:9460	DOID:8302	mixed endometrial stromal and smooth muscle tumor
DOID:9460	DOID:9459	isthmus cancer
DOID:9463	DOID:0050147	otomycosis
DOID:9463	DOID:10516	malignant otitis externa
DOID:9463	DOID:10518	beach ear
DOID:9463	DOID:10520	acute infection of pinna
DOID:9463	DOID:222	perichondritis of auricle
DOID:9470	DOID:0080176	meningococcal meningitis
DOID:9470	DOID:0080179	haemophilus meningitis
DOID:9470	DOID:10073	syphilitic meningitis
DOID:9470	DOID:11572	Listeria meningitis
DOID:9470	DOID:11574	streptococcal meningitis
DOID:9470	DOID:14559	anaerobic meningitis
DOID:9471	DOID:10310	viral meningitis
DOID:9471	DOID:10341	chronic meningitis
DOID:9471	DOID:11608	fungal meningitis
DOID:9471	DOID:12156	arachnoiditis
DOID:9471	DOID:12157	aseptic meningitis
DOID:9471	DOID:9470	bacterial meningitis
DOID:9473	DOID:12524	plantar nerve lesion
DOID:9473	DOID:12527	common peroneal nerve lesion
DOID:9473	DOID:12528	lesion of sciatic nerve
DOID:9473	DOID:12529	tibial nerve palsy
DOID:9477	DOID:8512	puerperal pulmonary embolism
DOID:9498	DOID:5870	eosinophilic pneumonia
DOID:950	DOID:12809	chronic lacrimal gland enlargement
DOID:950	DOID:949	chronic dacryoadenitis
DOID:950	DOID:952	acute dacryoadenitis
DOID:9500	DOID:0090120	hereditary neutrophilia
DOID:9500	DOID:12986	leukostasis
DOID:9500	DOID:350	mastocytosis
DOID:9500	DOID:4542	basophil adenoma
DOID:9500	DOID:5392	acidophil adenoma
DOID:9500	DOID:615	leukopenia
DOID:9500	DOID:6262	follicular dendritic cell sarcoma
DOID:9500	DOID:6612	leukocyte adhesion deficiency
DOID:9500	DOID:7146	Langerhans cell sarcoma
DOID:9500	DOID:9538	multiple myeloma
DOID:9500	DOID:999	hypereosinophilic syndrome
DOID:9507	DOID:9312	chronic ethmoiditis
DOID:9507	DOID:9506	acute ethmoiditis
DOID:9538	DOID:9541	osteosclerotic myeloma
DOID:9538	DOID:9544	refractory plasma cell neoplasm
DOID:9538	DOID:9547	non-secretory myeloma
DOID:9538	DOID:9550	indolent plasma cell myeloma
DOID:9538	DOID:9551	smoldering myeloma
DOID:9553	DOID:0050546	congenital adrenal insufficiency
DOID:9553	DOID:0080620	familial glucocorticoid deficiency
DOID:9553	DOID:0080626	corticosterone methyloxidase deficiency 1
DOID:9553	DOID:0090030	corticosteroid-binding globulin deficiency
DOID:9553	DOID:12257	medulloadrenal hyperfunction
DOID:9553	DOID:3947	adrenal gland hyperfunction
DOID:9553	DOID:3952	adrenal cortex disease
DOID:9553	DOID:3953	adrenal gland cancer
DOID:9553	DOID:656	adrenal adenoma
DOID:9553	DOID:9931	Waterhouse-Friderichsen syndrome
DOID:956	DOID:11888	schwannoma of ureter
DOID:956	DOID:6175	mediastinal neurilemmoma
DOID:956	DOID:6564	neurilemmoma of the pleura
DOID:956	DOID:6735	schwannoma of jugular foramen
DOID:9561	DOID:10460	nasopharyngitis
DOID:9561	DOID:9261	nasopharynx carcinoma
DOID:9562	DOID:0050144	Kartagener syndrome
DOID:9562	DOID:0061226	primary ciliary dyskinesia 55
DOID:9562	DOID:0070758	primary ciliary dyskinesia 46
DOID:9562	DOID:0070760	primary ciliary dyskinesia 47 and lissencephaly
DOID:9562	DOID:0070761	primary ciliary dyskinesia 48
DOID:9562	DOID:0070762	primary ciliary dyskinesia 49
DOID:9562	DOID:0070763	primary ciliary dyskinesia 50
DOID:9562	DOID:0070764	primary ciliary dyskinesia 51
DOID:9562	DOID:0070765	primary ciliary dyskinesia 52
DOID:9562	DOID:0070766	primary ciliary dyskinesia 53
DOID:9562	DOID:0070767	primary ciliary dyskinesia 54
DOID:9562	DOID:0080266	primary ciliary dyskinesia 37
DOID:9562	DOID:0110594	primary ciliary dyskinesia 1
DOID:9562	DOID:0110595	Stromme syndrome
DOID:9562	DOID:0110596	primary ciliary dyskinesia 21
DOID:9562	DOID:0110597	primary ciliary dyskinesia 22
DOID:9562	DOID:0110598	primary ciliary dyskinesia 14
DOID:9562	DOID:0110599	primary ciliary dyskinesia 3
DOID:9562	DOID:0110600	primary ciliary dyskinesia 29
DOID:9562	DOID:0110601	primary ciliary dyskinesia 12
DOID:9562	DOID:0110602	primary ciliary dyskinesia 11
DOID:9562	DOID:0110603	primary ciliary dyskinesia 32
DOID:9562	DOID:0110604	primary ciliary dyskinesia 18
DOID:9562	DOID:0110605	primary ciliary dyskinesia 7
DOID:9562	DOID:0110606	primary ciliary dyskinesia 6
DOID:9562	DOID:0110607	primary ciliary dyskinesia 28
DOID:9562	DOID:0110608	primary ciliary dyskinesia 19
DOID:9562	DOID:0110609	primary ciliary dyskinesia 23
DOID:9562	DOID:0110610	primary ciliary dyskinesia 34
DOID:9562	DOID:0110611	primary ciliary dyskinesia 27
DOID:9562	DOID:0110612	primary ciliary dyskinesia 10
DOID:9562	DOID:0110613	primary ciliary dyskinesia 16
DOID:9562	DOID:0110614	primary ciliary dyskinesia 4
DOID:9562	DOID:0110615	primary ciliary dyskinesia 25
DOID:9562	DOID:0110616	primary ciliary dyskinesia 8
DOID:9562	DOID:0110617	primary ciliary dyskinesia 5
DOID:9562	DOID:0110618	primary ciliary dyskinesia 13
DOID:9562	DOID:0110619	primary ciliary dyskinesia 33
DOID:9562	DOID:0110620	primary ciliary dyskinesia 35
DOID:9562	DOID:0110621	primary ciliary dyskinesia 17
DOID:9562	DOID:0110622	primary ciliary dyskinesia 9
DOID:9562	DOID:0110623	primary ciliary dyskinesia 15
DOID:9562	DOID:0110624	primary ciliary dyskinesia 30
DOID:9562	DOID:0110625	primary ciliary dyskinesia 20
DOID:9562	DOID:0110626	primary ciliary dyskinesia 2
DOID:9562	DOID:0110627	primary ciliary dyskinesia 26
DOID:9562	DOID:0110628	primary ciliary dyskinesia 24
DOID:9562	DOID:0111850	primary ciliary dyskinesia 36
DOID:9562	DOID:0111851	primary ciliary dyskinesia 44
DOID:9562	DOID:0111852	primary ciliary dyskinesia 38
DOID:9562	DOID:0111853	primary ciliary dyskinesia 40
DOID:9562	DOID:0111854	primary ciliary dyskinesia 39
DOID:9562	DOID:0111855	primary ciliary dyskinesia 42
DOID:9562	DOID:0111856	primary ciliary dyskinesia 43
DOID:9562	DOID:0111857	primary ciliary dyskinesia 45
DOID:9562	DOID:0111858	primary ciliary dyskinesia 41
DOID:9563	DOID:0080526	bronchiectasis 1
DOID:9563	DOID:0080527	bronchiectasis 2
DOID:9563	DOID:0080528	bronchiectasis 3
DOID:9588	DOID:0080741	limbic encephalitis
DOID:9588	DOID:10081	syphilitic encephalitis
DOID:9588	DOID:10993	postinfectious encephalitis
DOID:9588	DOID:13664	post-vaccinal encephalitis
DOID:9588	DOID:5222	acute necrotizing encephalitis
DOID:9588	DOID:5224	acute hemorrhagic encephalitis
DOID:9588	DOID:5225	von Economo's disease
DOID:9588	DOID:646	viral encephalitis
DOID:9590	DOID:11355	bladder calculus
DOID:9590	DOID:13689	prostate calculus
DOID:9590	DOID:9589	urethral calculus
DOID:9598	DOID:7327	pseudosarcomatous fibromatosis
DOID:9598	DOID:9599	proliferative fasciitis
DOID:9598	DOID:9600	plantar fasciitis
DOID:9598	DOID:9601	ischemic fasciitis
DOID:9598	DOID:9602	necrotizing fasciitis
DOID:962	DOID:12064	mediastinum neurofibroma
DOID:962	DOID:13742	neurofibroma of spinal cord
DOID:962	DOID:2669	Pacinian tumor
DOID:962	DOID:3512	neurofibrosarcoma
DOID:962	DOID:5149	epithelioid neurofibroma
DOID:962	DOID:5150	neurofibroma of gallbladder
DOID:962	DOID:5151	plexiform neurofibroma
DOID:962	DOID:5152	cellular neurofibroma
DOID:962	DOID:5153	atypical neurofibroma
DOID:962	DOID:9300	neurofibroma of the heart
DOID:962	DOID:961	neurofibroma of the esophagus
DOID:963	DOID:0050989	episodic ataxia type 1
DOID:963	DOID:0050990	episodic ataxia type 2
DOID:963	DOID:0050991	episodic ataxia type 3
DOID:963	DOID:0050992	episodic ataxia type 4
DOID:963	DOID:0050993	episodic ataxia type 5
DOID:963	DOID:0050994	episodic ataxia type 6
DOID:963	DOID:0050995	episodic ataxia type 7
DOID:963	DOID:0050996	episodic ataxia type 8
DOID:963	DOID:0060965	episodic ataxia type 9
DOID:9637	DOID:11875	denture stomatitis
DOID:9637	DOID:9663	aphthous stomatitis
DOID:9637	DOID:9673	ulcerative stomatitis
DOID:9649	DOID:0111790	congenital nystagmus 1
DOID:9649	DOID:0111791	congenital nystagmus 7
DOID:9649	DOID:0111792	congenital nystagmus 2
DOID:9649	DOID:0111793	congenital nystagmus 3
DOID:9649	DOID:0111795	congenital nystagmus 6
DOID:9649	DOID:0111796	congenital nystagmus 5
DOID:9649	DOID:0111797	autosomal recessive congenital nystagmus
DOID:9650	DOID:11771	spontaneous ocular nystagmus
DOID:9650	DOID:13174	dissociated nystagmus
DOID:9650	DOID:9649	congenital nystagmus
DOID:9669	DOID:10997	immature cataract
DOID:9669	DOID:13574	cortical senile cataract
DOID:9669	DOID:13717	mature cataract
DOID:9669	DOID:13963	nuclear senile cataract
DOID:9669	DOID:13964	Morgagni cataract
DOID:9673	DOID:9672	noma
DOID:9675	DOID:10030	pulmonary interstitial emphysema
DOID:9675	DOID:10031	compensatory emphysema
DOID:970	DOID:14192	bicipital tenosynovitis
DOID:970	DOID:312	tenosynovitis of foot and ankle
DOID:9700	DOID:9699	ophthalmia neonatorum
DOID:971	DOID:10471	patellar tendinitis
DOID:971	DOID:10810	tibialis tendinitis
DOID:971	DOID:14181	calcific tendinitis
DOID:971	DOID:970	tenosynovitis
DOID:9720	DOID:0060282	persistent hyperplastic primary vitreous
DOID:9720	DOID:11816	vitreous syneresis
DOID:9720	DOID:9719	neovascular inflammatory vitreoretinopathy
DOID:9720	DOID:9723	vitreous abscess
DOID:9720	DOID:9726	vitreous detachment
DOID:9724	DOID:10697	chronic endophthalmitis
DOID:9724	DOID:11752	acute endophthalmitis
DOID:9724	DOID:13732	panophthalmitis
DOID:9724	DOID:9723	vitreous abscess
DOID:9736	DOID:9735	acute allergic mucoid otitis media
DOID:9739	DOID:12358	patulous eustachian tube
DOID:9739	DOID:2000	otosalpingitis
DOID:974	DOID:0050145	adenoiditis
DOID:974	DOID:0050148	laryngotracheitis
DOID:974	DOID:0060310	uvulitis
DOID:974	DOID:0060311	adenoid hypertrophy
DOID:974	DOID:10456	tonsillitis
DOID:974	DOID:10459	common cold
DOID:974	DOID:11195	acute laryngopharyngitis
DOID:974	DOID:2275	pharyngitis
DOID:974	DOID:2825	nose disease
DOID:974	DOID:3225	tracheal disease
DOID:974	DOID:786	laryngeal disease
DOID:974	DOID:8596	scarlet fever
DOID:974	DOID:9155	mucocutaneous leishmaniasis
DOID:974	DOID:9398	epiglottitis
DOID:974	DOID:9561	nasopharyngeal disease
DOID:9741	DOID:0050625	biliary tract benign neoplasm
DOID:9741	DOID:12237	bile reflux
DOID:9741	DOID:13409	perforation of bile duct
DOID:9741	DOID:4138	bile duct disease
DOID:9741	DOID:9740	postcholecystectomy syndrome
DOID:9742	DOID:12337	varicocele
DOID:9742	DOID:9746	hemorrhoid
DOID:9743	DOID:12785	diabetic polyneuropathy
DOID:9744	DOID:0080846	latent autoimmune diabetes in adults
DOID:9744	DOID:0110741	type 1 diabetes mellitus 2
DOID:9744	DOID:0110742	type 1 diabetes mellitus 3
DOID:9744	DOID:0110743	type 1 diabetes mellitus 4
DOID:9744	DOID:0110744	type 1 diabetes mellitus 5
DOID:9744	DOID:0110745	type 1 diabetes mellitus 6
DOID:9744	DOID:0110746	type 1 diabetes mellitus 7
DOID:9744	DOID:0110747	type 1 diabetes mellitus 8
DOID:9744	DOID:0110749	type 1 diabetes mellitus 10
DOID:9744	DOID:0110750	type 1 diabetes mellitus 11
DOID:9744	DOID:0110751	type 1 diabetes mellitus 12
DOID:9744	DOID:0110752	type 1 diabetes mellitus 13
DOID:9744	DOID:0110753	type 1 diabetes mellitus 15
DOID:9744	DOID:0110754	type 1 diabetes mellitus 17
DOID:9744	DOID:0110755	type 1 diabetes mellitus 18
DOID:9744	DOID:0110756	type 1 diabetes mellitus 19
DOID:9744	DOID:0110757	type 1 diabetes mellitus 20
DOID:9744	DOID:0110758	type 1 diabetes mellitus 21
DOID:9744	DOID:0110759	type 1 diabetes mellitus 22
DOID:9744	DOID:0110760	type 1 diabetes mellitus 23
DOID:9744	DOID:0110761	type 1 diabetes mellitus 24
DOID:9746	DOID:9745	perianal hematoma
DOID:9746	DOID:9749	internal hemorrhoid
DOID:9768	DOID:3362	coronary aneurysm
DOID:9794	DOID:9811	partial circumpapillary choroid dystrophy
DOID:9794	DOID:9822	partial central choroid dystrophy
DOID:9794	DOID:9842	total circumpapillary dystrophy of choroid
DOID:9799	DOID:0111570	snowflake vitreoretinal degeneration
DOID:9799	DOID:10139	conjunctival degeneration
DOID:9799	DOID:11754	siderosis of eye
DOID:9799	DOID:11772	leukocoria
DOID:9799	DOID:1237	corneal degeneration
DOID:9799	DOID:8466	retinal degeneration
DOID:9799	DOID:980	choroidal sclerosis
DOID:980	DOID:9776	Senile atrophy of choroid
DOID:980	DOID:979	angioid streaks of choroid
DOID:980	DOID:9794	hereditary choroidal atrophy
DOID:980	DOID:981	diffuse secondary choroid atrophy
DOID:9808	DOID:4780	anti-basement membrane glomerulonephritis
DOID:9809	DOID:11123	IgA vasculitis
DOID:9809	DOID:11450	allergic cutaneous vasculitis
DOID:9822	DOID:9820	central gyrate choroidal dystrophy
DOID:9834	DOID:540	strabismus
DOID:9835	DOID:0050304	aniseikonia
DOID:9835	DOID:11782	astigmatism
DOID:9835	DOID:11830	myopia
DOID:9835	DOID:11850	transient refractive change
DOID:9835	DOID:12273	anisometropia
DOID:9835	DOID:9834	hyperopia
DOID:9840	DOID:10293	monocular esotropia
DOID:9840	DOID:9839	accommodative esotropia
DOID:9840	DOID:9888	alternating esotropia
DOID:9847	DOID:13941	benign paroxysmal positional vertigo
DOID:9847	DOID:9848	endolymphatic hydrops
DOID:9848	DOID:9849	Meniere's disease
DOID:9849	DOID:13490	active cochleovestibular Meniere's disease
DOID:9849	DOID:13491	active vestibular Meniere's disease
DOID:9849	DOID:13492	active cochlear Meniere's disease
DOID:9856	DOID:0050488	early congenital syphilis
DOID:9856	DOID:10039	late congenital syphilis
DOID:9857	DOID:13353	diffuse interstitial keratitis
DOID:9858	DOID:11543	corneal abscess
DOID:9858	DOID:14444	sclerosing keratitis
DOID:986	DOID:0060157	diffuse alopecia areata
DOID:987	DOID:0050634	alopecia universalis
DOID:987	DOID:0050801	androgenic alopecia
DOID:987	DOID:0060689	atrichia with papular lesions
DOID:987	DOID:0111702	loose anagen hair syndrome
DOID:987	DOID:1943	telogen effluvium
DOID:9870	DOID:0060969	galactosemia 4
DOID:9870	DOID:0111458	galactose epimerase deficiency
DOID:9870	DOID:0111459	classic galactosemia
DOID:9870	DOID:14695	galactokinase deficiency
DOID:9884	DOID:0050557	congenital muscular dystrophy
DOID:9884	DOID:0060253	scapuloperoneal myopathy
DOID:9884	DOID:11719	oculopharyngeal muscular dystrophy
DOID:9884	DOID:11720	distal myopathy
DOID:9884	DOID:11723	Duchenne muscular dystrophy
DOID:9884	DOID:11724	limb-girdle muscular dystrophy
DOID:9884	DOID:11726	Emery-Dreifuss muscular dystrophy
DOID:9884	DOID:11727	facioscapulohumeral muscular dystrophy
DOID:9884	DOID:450	myotonic disease
DOID:9884	DOID:9883	Becker muscular dystrophy
DOID:9909	DOID:9908	internal hordeolum
DOID:9912	DOID:9911	infected hydrocele
DOID:9935	DOID:9936	chronic canaliculitis
DOID:9935	DOID:9939	dacryocystocele
DOID:9938	DOID:12996	acute dacryocystitis
DOID:9938	DOID:12997	Phlegmonous dacryocystitis
DOID:9938	DOID:9937	chronic dacryocystitis
DOID:9942	DOID:0060314	persistent generalized lymphadenopathy
DOID:9942	DOID:0080617	lymph node benign neoplasm
DOID:9942	DOID:10619	lymph node cancer
DOID:9942	DOID:10773	bubonic plague
DOID:9942	DOID:11258	cat-scratch disease
DOID:9942	DOID:1602	lymphadenitis
DOID:9942	DOID:4889	lymph node tuberculosis
DOID:9946	DOID:9948	residual stage corticosteroid-induced glaucoma
DOID:9952	DOID:0080144	childhood acute lymphocytic leukemia
DOID:9952	DOID:0080638	B-cell acute lymphoblastic leukemia
DOID:9952	DOID:5603	T-cell acute lymphoblastic leukemia
DOID:9952	DOID:5604	adult acute lymphocytic leukemia
DOID:9952	DOID:9954	null-cell leukemia
DOID:9953	DOID:0081036	mixed phenotype acute leukemia with BCR-ABL1
DOID:9953	DOID:0081037	mixed phenotype acute leukemia with MLL rearranged
DOID:9953	DOID:0081038	mixed phenotype acute leukemia, B/myeloid
DOID:9953	DOID:0081039	mixed phenotype acute leukemia, T/myeloid
DOID:9957	DOID:13585	alveolar periostitis
DOID:9965	DOID:13336	congenital toxoplasmosis
DOID:9970	DOID:11981	morbid obesity
DOID:9973	DOID:0050741	alcohol dependence
DOID:9973	DOID:0050742	nicotine dependence
DOID:9973	DOID:9974	drug dependence
DOID:9974	DOID:2559	opiate dependence
DOID:9974	DOID:2575	barbiturate dependence
DOID:9974	DOID:9975	cocaine dependence
DOID:9974	DOID:9977	hallucinogen dependence
DOID:9977	DOID:1849	cannabis dependence
DOID:9987	DOID:3259	orbit rhabdomyosarcoma
DOID:9988	DOID:0050490	parenchymatous neurosyphilis
DOID:9988	DOID:0050491	meningovascular neurosyphilis
DOID:9988	DOID:10027	tabes dorsalis
DOID:9988	DOID:10035	asymptomatic neurosyphilis
DOID:999	DOID:9498	pulmonary eosinophilia
DOID:999	DOID:9499	disseminated eosinophilic collagen disease
DOID:999	DOID:998	eosinophilia-myalgia syndrome
DOID:9993	DOID:0112262	leucine-sensitive hypoglycemia of infancy
DOID:9993	DOID:0112263	hypoinsulinemic hypoglycemia with hemihypertrophy
DOID:9993	DOID:13317	hyperinsulinemic hypoglycemia
