parent_id	child_id
NCIT:C100054	NCIT:C204979
NCIT:C100054	NCIT:C204980
NCIT:C100093	NCIT:C5441
NCIT:C100093	NCIT:C7010
NCIT:C100093	NCIT:C7011
NCIT:C100093	NCIT:C7012
NCIT:C101029	NCIT:C101030
NCIT:C101029	NCIT:C101031
NCIT:C101029	NCIT:C186234
NCIT:C101074	NCIT:C101040
NCIT:C101193	NCIT:C101191
NCIT:C101193	NCIT:C101194
NCIT:C101201	NCIT:C101202
NCIT:C101201	NCIT:C101203
NCIT:C101201	NCIT:C101207
NCIT:C101201	NCIT:C101208
NCIT:C101209	NCIT:C101210
NCIT:C101209	NCIT:C101211
NCIT:C101209	NCIT:C101212
NCIT:C101209	NCIT:C101213
NCIT:C101214	NCIT:C101044
NCIT:C101214	NCIT:C101201
NCIT:C101216	NCIT:C116796
NCIT:C101216	NCIT:C118784
NCIT:C101216	NCIT:C120046
NCIT:C101216	NCIT:C122793
NCIT:C101216	NCIT:C126688
NCIT:C101216	NCIT:C129870
NCIT:C101216	NCIT:C129871
NCIT:C101216	NCIT:C164225
NCIT:C101216	NCIT:C176900
NCIT:C101216	NCIT:C191600
NCIT:C101216	NCIT:C206103
NCIT:C101216	NCIT:C83009
NCIT:C101216	NCIT:C84648
NCIT:C101216	NCIT:C84910
NCIT:C101216	NCIT:C84913
NCIT:C101216	NCIT:C85075
NCIT:C101216	NCIT:C88134
NCIT:C101216	NCIT:C98985
NCIT:C101218	NCIT:C131674
NCIT:C101218	NCIT:C35882
NCIT:C101218	NCIT:C97074
NCIT:C101218	NCIT:C98943
NCIT:C101253	NCIT:C103266
NCIT:C101304	NCIT:C106273
NCIT:C101304	NCIT:C116774
NCIT:C101304	NCIT:C87115
NCIT:C101334	NCIT:C85030
NCIT:C101334	NCIT:C98678
NCIT:C101334	NCIT:C98841
NCIT:C101334	NCIT:C98964
NCIT:C102532	NCIT:C97078
NCIT:C102820	NCIT:C27625
NCIT:C102820	NCIT:C27626
NCIT:C102870	NCIT:C39990
NCIT:C102870	NCIT:C39991
NCIT:C102870	NCIT:C8107
NCIT:C102870	NCIT:C8108
NCIT:C102871	NCIT:C130950
NCIT:C102871	NCIT:C166181
NCIT:C102871	NCIT:C170814
NCIT:C102871	NCIT:C178506
NCIT:C102871	NCIT:C188049
NCIT:C102871	NCIT:C203309
NCIT:C102871	NCIT:C213859
NCIT:C102871	NCIT:C3059
NCIT:C102871	NCIT:C3230
NCIT:C102871	NCIT:C4661
NCIT:C102871	NCIT:C4747
NCIT:C102871	NCIT:C5449
NCIT:C102871	NCIT:C5461
NCIT:C102871	NCIT:C5466
NCIT:C102871	NCIT:C62332
NCIT:C102871	NCIT:C6990
NCIT:C102871	NCIT:C7007
NCIT:C102871	NCIT:C7157
NCIT:C102871	NCIT:C71700
NCIT:C102871	NCIT:C71701
NCIT:C102871	NCIT:C92629
NCIT:C102871	NCIT:C9301
NCIT:C102872	NCIT:C167265
NCIT:C102872	NCIT:C173685
NCIT:C102872	NCIT:C173689
NCIT:C102872	NCIT:C213332
NCIT:C102872	NCIT:C214957
NCIT:C102872	NCIT:C35693
NCIT:C102872	NCIT:C4043
NCIT:C102872	NCIT:C8181
NCIT:C102897	NCIT:C167335
NCIT:C102897	NCIT:C3058
NCIT:C102897	NCIT:C9477
NCIT:C103185	NCIT:C103186
NCIT:C103185	NCIT:C215348
NCIT:C103185	NCIT:C27570
NCIT:C103185	NCIT:C40341
NCIT:C103186	NCIT:C127167
NCIT:C103186	NCIT:C127168
NCIT:C103186	NCIT:C127169
NCIT:C103186	NCIT:C127171
NCIT:C103186	NCIT:C131864
NCIT:C103921	NCIT:C124852
NCIT:C103921	NCIT:C84640
NCIT:C104003	NCIT:C103172
NCIT:C104003	NCIT:C129035
NCIT:C104003	NCIT:C134941
NCIT:C104003	NCIT:C136653
NCIT:C104003	NCIT:C176617
NCIT:C104003	NCIT:C203436
NCIT:C104003	NCIT:C3092
NCIT:C104003	NCIT:C34634
NCIT:C104003	NCIT:C35228
NCIT:C104003	NCIT:C61234
NCIT:C104003	NCIT:C61236
NCIT:C104003	NCIT:C61242
NCIT:C104003	NCIT:C61247
NCIT:C104003	NCIT:C89161
NCIT:C104003	NCIT:C98898
NCIT:C104003	NCIT:C98942
NCIT:C104003	NCIT:C98946
NCIT:C104030	NCIT:C104031
NCIT:C104030	NCIT:C104032
NCIT:C104030	NCIT:C104033
NCIT:C104030	NCIT:C104034
NCIT:C105555	NCIT:C165262
NCIT:C105555	NCIT:C178677
NCIT:C105555	NCIT:C186272
NCIT:C105555	NCIT:C186454
NCIT:C105555	NCIT:C199567
NCIT:C105555	NCIT:C214963
NCIT:C105556	NCIT:C156455
NCIT:C105556	NCIT:C178679
NCIT:C105556	NCIT:C215219
NCIT:C105556	NCIT:C215220
NCIT:C105595	NCIT:C101209
NCIT:C105595	NCIT:C124517
NCIT:C107377	NCIT:C166354
NCIT:C107377	NCIT:C166355
NCIT:C107377	NCIT:C214794
NCIT:C107377	NCIT:C214795
NCIT:C110938	NCIT:C191630
NCIT:C110938	NCIT:C191631
NCIT:C110942	NCIT:C98585
NCIT:C111020	NCIT:C111022
NCIT:C111020	NCIT:C111023
NCIT:C111030	NCIT:C111020
NCIT:C111030	NCIT:C111021
NCIT:C111119	NCIT:C62017
NCIT:C111119	NCIT:C62018
NCIT:C111648	NCIT:C123414
NCIT:C111648	NCIT:C148368
NCIT:C111648	NCIT:C189278
NCIT:C111656	NCIT:C219774
NCIT:C111691	NCIT:C111692
NCIT:C111691	NCIT:C111693
NCIT:C111691	NCIT:C111694
NCIT:C111691	NCIT:C111695
NCIT:C111802	NCIT:C126352
NCIT:C111802	NCIT:C152064
NCIT:C111802	NCIT:C176921
NCIT:C111802	NCIT:C176922
NCIT:C111802	NCIT:C176923
NCIT:C111802	NCIT:C176924
NCIT:C111802	NCIT:C176925
NCIT:C111802	NCIT:C176926
NCIT:C111802	NCIT:C176927
NCIT:C111802	NCIT:C176928
NCIT:C111802	NCIT:C176929
NCIT:C111886	NCIT:C111887
NCIT:C112006	NCIT:C112007
NCIT:C112006	NCIT:C112010
NCIT:C112006	NCIT:C115033
NCIT:C112006	NCIT:C115034
NCIT:C112019	NCIT:C122425
NCIT:C112019	NCIT:C78629
NCIT:C112117	NCIT:C216243
NCIT:C112117	NCIT:C219880
NCIT:C112117	NCIT:C2882
NCIT:C112117	NCIT:C45481
NCIT:C112117	NCIT:C4976
NCIT:C112181	NCIT:C220204
NCIT:C112208	NCIT:C112209
NCIT:C112208	NCIT:C34911
NCIT:C112210	NCIT:C112204
NCIT:C112210	NCIT:C113749
NCIT:C112210	NCIT:C122919
NCIT:C112210	NCIT:C35119
NCIT:C113143	NCIT:C131819
NCIT:C113144	NCIT:C120442
NCIT:C113144	NCIT:C121741
NCIT:C113144	NCIT:C121743
NCIT:C113144	NCIT:C131818
NCIT:C113145	NCIT:C131034
NCIT:C113159	NCIT:C156671
NCIT:C113159	NCIT:C197929
NCIT:C113159	NCIT:C197931
NCIT:C113159	NCIT:C197937
NCIT:C113159	NCIT:C197971
NCIT:C113159	NCIT:C27932
NCIT:C113159	NCIT:C34605
NCIT:C113159	NCIT:C34932
NCIT:C113159	NCIT:C35150
NCIT:C113159	NCIT:C35316
NCIT:C113159	NCIT:C35482
NCIT:C113159	NCIT:C62586
NCIT:C113159	NCIT:C62590
NCIT:C113172	NCIT:C26689
NCIT:C113210	NCIT:C153340
NCIT:C113347	NCIT:C120145
NCIT:C113347	NCIT:C120162
NCIT:C113347	NCIT:C120369
NCIT:C113347	NCIT:C131857
NCIT:C113347	NCIT:C75479
NCIT:C113348	NCIT:C120161
NCIT:C113348	NCIT:C120370
NCIT:C113351	NCIT:C113352
NCIT:C113351	NCIT:C131090
NCIT:C113351	NCIT:C131427
NCIT:C113351	NCIT:C80099
NCIT:C113609	NCIT:C184958
NCIT:C113609	NCIT:C188393
NCIT:C113609	NCIT:C188394
NCIT:C113609	NCIT:C188395
NCIT:C113824	NCIT:C111656
NCIT:C114281	NCIT:C128403
NCIT:C114354	NCIT:C112203
NCIT:C114357	NCIT:C119024
NCIT:C114357	NCIT:C119031
NCIT:C114357	NCIT:C119032
NCIT:C114357	NCIT:C119033
NCIT:C114357	NCIT:C119034
NCIT:C114357	NCIT:C119035
NCIT:C114357	NCIT:C119044
NCIT:C114397	NCIT:C111652
NCIT:C114397	NCIT:C114756
NCIT:C114397	NCIT:C114763
NCIT:C114397	NCIT:C123898
NCIT:C114397	NCIT:C123899
NCIT:C114397	NCIT:C123900
NCIT:C114397	NCIT:C191642
NCIT:C114397	NCIT:C98826
NCIT:C114397	NCIT:C99107
NCIT:C114451	NCIT:C118821
NCIT:C114451	NCIT:C118826
NCIT:C114451	NCIT:C131506
NCIT:C114451	NCIT:C190275
NCIT:C114476	NCIT:C172303
NCIT:C114476	NCIT:C172304
NCIT:C114476	NCIT:C172306
NCIT:C114477	NCIT:C158966
NCIT:C114483	NCIT:C123395
NCIT:C114483	NCIT:C123396
NCIT:C114574	NCIT:C114580
NCIT:C114574	NCIT:C9144
NCIT:C114576	NCIT:C114579
NCIT:C114576	NCIT:C9141
NCIT:C114583	NCIT:C114585
NCIT:C114583	NCIT:C123125
NCIT:C114583	NCIT:C123126
NCIT:C114583	NCIT:C123127
NCIT:C114583	NCIT:C123128
NCIT:C114583	NCIT:C123129
NCIT:C114583	NCIT:C123130
NCIT:C114583	NCIT:C123131
NCIT:C114583	NCIT:C123132
NCIT:C114583	NCIT:C123133
NCIT:C114583	NCIT:C123134
NCIT:C114583	NCIT:C123135
NCIT:C114583	NCIT:C123136
NCIT:C114583	NCIT:C123137
NCIT:C114583	NCIT:C123138
NCIT:C114656	NCIT:C175597
NCIT:C114656	NCIT:C175598
NCIT:C114688	NCIT:C114667
NCIT:C114688	NCIT:C114696
NCIT:C114723	NCIT:C114724
NCIT:C114723	NCIT:C114725
NCIT:C114723	NCIT:C114726
NCIT:C114723	NCIT:C114727
NCIT:C114724	NCIT:C114728
NCIT:C114750	NCIT:C115368
NCIT:C114750	NCIT:C115998
NCIT:C114769	NCIT:C129741
NCIT:C114769	NCIT:C129742
NCIT:C114769	NCIT:C129744
NCIT:C114769	NCIT:C129745
NCIT:C114769	NCIT:C129746
NCIT:C114774	NCIT:C115381
NCIT:C114777	NCIT:C27241
NCIT:C114777	NCIT:C6285
NCIT:C114777	NCIT:C9013
NCIT:C114779	NCIT:C147948
NCIT:C114779	NCIT:C155796
NCIT:C114779	NCIT:C157065
NCIT:C114779	NCIT:C212068
NCIT:C114779	NCIT:C212069
NCIT:C114779	NCIT:C212070
NCIT:C114779	NCIT:C5409
NCIT:C114782	NCIT:C115351
NCIT:C114782	NCIT:C115997
NCIT:C114785	NCIT:C115380
NCIT:C114801	NCIT:C6552
NCIT:C114801	NCIT:C8588
NCIT:C114812	NCIT:C115374
NCIT:C114828	NCIT:C133187
NCIT:C114828	NCIT:C165536
NCIT:C114828	NCIT:C166405
NCIT:C114828	NCIT:C169086
NCIT:C114828	NCIT:C170954
NCIT:C114828	NCIT:C178443
NCIT:C114828	NCIT:C180894
NCIT:C114828	NCIT:C48622
NCIT:C114828	NCIT:C7091
NCIT:C114830	NCIT:C128265
NCIT:C114830	NCIT:C131073
NCIT:C114830	NCIT:C131074
NCIT:C114830	NCIT:C131448
NCIT:C114831	NCIT:C132881
NCIT:C114831	NCIT:C214802
NCIT:C114831	NCIT:C215387
NCIT:C114833	NCIT:C114812
NCIT:C114833	NCIT:C114836
NCIT:C114833	NCIT:C115203
NCIT:C114833	NCIT:C198453
NCIT:C114833	NCIT:C209363
NCIT:C114833	NCIT:C3997
NCIT:C114833	NCIT:C5961
NCIT:C114833	NCIT:C68634
NCIT:C114836	NCIT:C115374
NCIT:C114836	NCIT:C115381
NCIT:C114836	NCIT:C6774
NCIT:C114838	NCIT:C114839
NCIT:C114838	NCIT:C114841
NCIT:C114842	NCIT:C114844
NCIT:C114875	NCIT:C114876
NCIT:C114875	NCIT:C114877
NCIT:C114875	NCIT:C114878
NCIT:C114899	NCIT:C131846
NCIT:C114902	NCIT:C131848
NCIT:C114940	NCIT:C3548
NCIT:C114940	NCIT:C4567
NCIT:C114940	NCIT:C4575
NCIT:C114940	NCIT:C7390
NCIT:C114949	NCIT:C5057
NCIT:C114950	NCIT:C212054
NCIT:C114956	NCIT:C115364
NCIT:C114956	NCIT:C212994
NCIT:C114963	NCIT:C115361
NCIT:C114963	NCIT:C211965
NCIT:C114964	NCIT:C115362
NCIT:C114966	NCIT:C115363
NCIT:C114967	NCIT:C114963
NCIT:C114967	NCIT:C114964
NCIT:C114967	NCIT:C114972
NCIT:C114967	NCIT:C115360
NCIT:C114967	NCIT:C188920
NCIT:C114967	NCIT:C188921
NCIT:C114967	NCIT:C8387
NCIT:C114968	NCIT:C114759
NCIT:C114968	NCIT:C115365
NCIT:C114969	NCIT:C115366
NCIT:C114970	NCIT:C115373
NCIT:C114970	NCIT:C211966
NCIT:C114971	NCIT:C115375
NCIT:C114972	NCIT:C115376
NCIT:C114973	NCIT:C115358
NCIT:C114973	NCIT:C211968
NCIT:C114974	NCIT:C115370
NCIT:C114974	NCIT:C222246
NCIT:C115033	NCIT:C112008
NCIT:C115033	NCIT:C112009
NCIT:C115034	NCIT:C112011
NCIT:C115034	NCIT:C112012
NCIT:C115057	NCIT:C6053
NCIT:C115058	NCIT:C6054
NCIT:C115059	NCIT:C6055
NCIT:C115060	NCIT:C115061
NCIT:C115060	NCIT:C115062
NCIT:C115060	NCIT:C115063
NCIT:C115060	NCIT:C6056
NCIT:C115061	NCIT:C6057
NCIT:C115062	NCIT:C6058
NCIT:C115063	NCIT:C6059
NCIT:C115073	NCIT:C115074
NCIT:C115073	NCIT:C115075
NCIT:C115073	NCIT:C115076
NCIT:C115089	NCIT:C115090
NCIT:C115089	NCIT:C115091
NCIT:C115089	NCIT:C115092
NCIT:C115094	NCIT:C115095
NCIT:C115094	NCIT:C115096
NCIT:C115094	NCIT:C115097
NCIT:C115117	NCIT:C87780
NCIT:C115117	NCIT:C87782
NCIT:C115118	NCIT:C87781
NCIT:C115118	NCIT:C87783
NCIT:C115119	NCIT:C87784
NCIT:C115119	NCIT:C87787
NCIT:C115120	NCIT:C87785
NCIT:C115120	NCIT:C87788
NCIT:C115121	NCIT:C87786
NCIT:C115121	NCIT:C87789
NCIT:C115132	NCIT:C115133
NCIT:C115132	NCIT:C115135
NCIT:C115132	NCIT:C115136
NCIT:C115132	NCIT:C115137
NCIT:C115132	NCIT:C115138
NCIT:C115133	NCIT:C115139
NCIT:C115135	NCIT:C115140
NCIT:C115136	NCIT:C115141
NCIT:C115137	NCIT:C115143
NCIT:C115138	NCIT:C115144
NCIT:C115149	NCIT:C156254
NCIT:C115149	NCIT:C157336
NCIT:C115150	NCIT:C115349
NCIT:C115164	NCIT:C115297
NCIT:C115192	NCIT:C124269
NCIT:C115192	NCIT:C124293
NCIT:C115192	NCIT:C8578
NCIT:C115195	NCIT:C114760
NCIT:C115195	NCIT:C114973
NCIT:C115195	NCIT:C114974
NCIT:C115196	NCIT:C114812
NCIT:C115196	NCIT:C124137
NCIT:C115203	NCIT:C6772
NCIT:C115203	NCIT:C6773
NCIT:C115204	NCIT:C115367
NCIT:C115245	NCIT:C179418
NCIT:C115245	NCIT:C187332
NCIT:C115245	NCIT:C190712
NCIT:C115245	NCIT:C200495
NCIT:C115248	NCIT:C122523
NCIT:C115250	NCIT:C9371
NCIT:C115253	NCIT:C5319
NCIT:C115292	NCIT:C8065
NCIT:C115356	NCIT:C212185
NCIT:C115360	NCIT:C115361
NCIT:C115360	NCIT:C115362
NCIT:C115360	NCIT:C115376
NCIT:C115364	NCIT:C115363
NCIT:C115364	NCIT:C115365
NCIT:C115369	NCIT:C115357
NCIT:C115369	NCIT:C210126
NCIT:C115369	NCIT:C9060
NCIT:C115385	NCIT:C115427
NCIT:C115385	NCIT:C115428
NCIT:C115385	NCIT:C219666
NCIT:C115427	NCIT:C222476
NCIT:C115429	NCIT:C170750
NCIT:C115429	NCIT:C170755
NCIT:C115429	NCIT:C170757
NCIT:C115429	NCIT:C170766
NCIT:C115429	NCIT:C191395
NCIT:C115429	NCIT:C211951
NCIT:C115439	NCIT:C176999
NCIT:C115439	NCIT:C8686
NCIT:C115440	NCIT:C165739
NCIT:C115440	NCIT:C165740
NCIT:C115441	NCIT:C170751
NCIT:C115441	NCIT:C170756
NCIT:C115441	NCIT:C170759
NCIT:C115441	NCIT:C170767
NCIT:C115441	NCIT:C191407
NCIT:C115441	NCIT:C211952
NCIT:C115442	NCIT:C6060
NCIT:C115443	NCIT:C148387
NCIT:C115443	NCIT:C208026
NCIT:C115445	NCIT:C162730
NCIT:C115460	NCIT:C188041
NCIT:C115965	NCIT:C3853
NCIT:C115965	NCIT:C78412
NCIT:C115965	NCIT:C78553
NCIT:C115965	NCIT:C78644
NCIT:C115993	NCIT:C50521
NCIT:C116006	NCIT:C97142
NCIT:C116316	NCIT:C160984
NCIT:C116316	NCIT:C160986
NCIT:C116316	NCIT:C160987
NCIT:C116316	NCIT:C160995
NCIT:C116316	NCIT:C161000
NCIT:C116318	NCIT:C203002
NCIT:C116318	NCIT:C203004
NCIT:C116342	NCIT:C176464
NCIT:C116342	NCIT:C177795
NCIT:C116342	NCIT:C178559
NCIT:C116342	NCIT:C3696
NCIT:C116342	NCIT:C4047
NCIT:C116342	NCIT:C4323
NCIT:C116342	NCIT:C7173
NCIT:C116345	NCIT:C116926
NCIT:C116345	NCIT:C116927
NCIT:C116345	NCIT:C116929
NCIT:C116381	NCIT:C26864
NCIT:C116718	NCIT:C118780
NCIT:C116718	NCIT:C123415
NCIT:C116757	NCIT:C116766
NCIT:C116757	NCIT:C116767
NCIT:C116757	NCIT:C116768
NCIT:C116757	NCIT:C126330
NCIT:C116757	NCIT:C180557
NCIT:C116757	NCIT:C26702
NCIT:C116757	NCIT:C34563
NCIT:C116757	NCIT:C35078
NCIT:C116757	NCIT:C84633
NCIT:C116758	NCIT:C116759
NCIT:C116758	NCIT:C116760
NCIT:C116758	NCIT:C116761
NCIT:C116758	NCIT:C116762
NCIT:C116778	NCIT:C114347
NCIT:C116778	NCIT:C177642
NCIT:C116778	NCIT:C84564
NCIT:C116780	NCIT:C116781
NCIT:C116784	NCIT:C121650
NCIT:C116784	NCIT:C121651
NCIT:C116796	NCIT:C206530
NCIT:C116796	NCIT:C206531
NCIT:C116796	NCIT:C213012
NCIT:C116796	NCIT:C223665
NCIT:C116796	NCIT:C26744
NCIT:C116796	NCIT:C26925
NCIT:C116796	NCIT:C84786
NCIT:C116801	NCIT:C113723
NCIT:C116801	NCIT:C84892
NCIT:C116802	NCIT:C116803
NCIT:C116802	NCIT:C116805
NCIT:C116936	NCIT:C148367
NCIT:C116942	NCIT:C116943
NCIT:C116943	NCIT:C116601
NCIT:C116943	NCIT:C116602
NCIT:C117007	NCIT:C117074
NCIT:C117007	NCIT:C191581
NCIT:C117007	NCIT:C89715
NCIT:C117009	NCIT:C189277
NCIT:C117009	NCIT:C205634
NCIT:C117074	NCIT:C117077
NCIT:C117115	NCIT:C114766
NCIT:C117115	NCIT:C84537
NCIT:C117115	NCIT:C84538
NCIT:C117115	NCIT:C84539
NCIT:C117115	NCIT:C98647
NCIT:C117115	NCIT:C98871
NCIT:C117254	NCIT:C197908
NCIT:C117254	NCIT:C61251
NCIT:C117254	NCIT:C61254
NCIT:C117254	NCIT:C61268
NCIT:C117254	NCIT:C61269
NCIT:C117254	NCIT:C84701
NCIT:C117254	NCIT:C84739
NCIT:C117307	NCIT:C183308
NCIT:C117984	NCIT:C128321
NCIT:C117984	NCIT:C172127
NCIT:C117984	NCIT:C96411
NCIT:C117984	NCIT:C99231
NCIT:C118240	NCIT:C119043
NCIT:C118297	NCIT:C157867
NCIT:C118297	NCIT:C84888
NCIT:C118298	NCIT:C157958
NCIT:C118317	NCIT:C101216
NCIT:C118317	NCIT:C118318
NCIT:C118317	NCIT:C186748
NCIT:C118317	NCIT:C189005
NCIT:C118317	NCIT:C27578
NCIT:C118317	NCIT:C35544
NCIT:C118317	NCIT:C84911
NCIT:C118318	NCIT:C191617
NCIT:C118375	NCIT:C115967
NCIT:C118375	NCIT:C35640
NCIT:C118420	NCIT:C26757
NCIT:C118420	NCIT:C26810
NCIT:C118420	NCIT:C26850
NCIT:C118420	NCIT:C27647
NCIT:C118420	NCIT:C3240
NCIT:C118434	NCIT:C129721
NCIT:C118434	NCIT:C129722
NCIT:C118675	NCIT:C131422
NCIT:C118675	NCIT:C174218
NCIT:C118675	NCIT:C186788
NCIT:C118675	NCIT:C187258
NCIT:C118675	NCIT:C206527
NCIT:C118675	NCIT:C98910
NCIT:C118711	NCIT:C84950
NCIT:C118764	NCIT:C220194
NCIT:C118808	NCIT:C118823
NCIT:C118808	NCIT:C209752
NCIT:C118824	NCIT:C190273
NCIT:C118824	NCIT:C190274
NCIT:C118826	NCIT:C123932
NCIT:C118826	NCIT:C123933
NCIT:C118827	NCIT:C123903
NCIT:C118827	NCIT:C123904
NCIT:C118827	NCIT:C123905
NCIT:C118827	NCIT:C190064
NCIT:C118844	NCIT:C176592
NCIT:C118844	NCIT:C176826
NCIT:C119032	NCIT:C119040
NCIT:C119032	NCIT:C119041
NCIT:C119050	NCIT:C119051
NCIT:C119050	NCIT:C119053
NCIT:C119050	NCIT:C119054
NCIT:C119050	NCIT:C119055
NCIT:C119050	NCIT:C119056
NCIT:C119050	NCIT:C119058
NCIT:C119050	NCIT:C174441
NCIT:C119050	NCIT:C176619
NCIT:C119050	NCIT:C176752
NCIT:C119050	NCIT:C202121
NCIT:C119050	NCIT:C84657
NCIT:C119734	NCIT:C176898
NCIT:C119734	NCIT:C3500
NCIT:C119734	NCIT:C3501
NCIT:C119734	NCIT:C75467
NCIT:C119758	NCIT:C119751
NCIT:C119758	NCIT:C120069
NCIT:C119758	NCIT:C132293
NCIT:C120046	NCIT:C202545
NCIT:C120046	NCIT:C206090
NCIT:C120083	NCIT:C120084
NCIT:C120083	NCIT:C8494
NCIT:C120186	NCIT:C123739
NCIT:C120186	NCIT:C133737
NCIT:C120186	NCIT:C142854
NCIT:C120186	NCIT:C142858
NCIT:C120186	NCIT:C147983
NCIT:C120186	NCIT:C148099
NCIT:C120186	NCIT:C148301
NCIT:C120186	NCIT:C148512
NCIT:C120186	NCIT:C150525
NCIT:C120186	NCIT:C150527
NCIT:C120186	NCIT:C150529
NCIT:C120186	NCIT:C150534
NCIT:C120186	NCIT:C150535
NCIT:C120186	NCIT:C150537
NCIT:C120186	NCIT:C150543
NCIT:C120186	NCIT:C150546
NCIT:C120186	NCIT:C152078
NCIT:C120186	NCIT:C153286
NCIT:C120186	NCIT:C153842
NCIT:C120186	NCIT:C162703
NCIT:C120186	NCIT:C162721
NCIT:C120186	NCIT:C173565
NCIT:C120186	NCIT:C188038
NCIT:C120186	NCIT:C193453
NCIT:C120186	NCIT:C207058
NCIT:C120186	NCIT:C213042
NCIT:C120186	NCIT:C27357
NCIT:C120186	NCIT:C8511
NCIT:C120187	NCIT:C131863
NCIT:C120188	NCIT:C120189
NCIT:C120188	NCIT:C120190
NCIT:C120224	NCIT:C165663
NCIT:C120224	NCIT:C165665
NCIT:C120224	NCIT:C186607
NCIT:C120224	NCIT:C189006
NCIT:C120224	NCIT:C213484
NCIT:C120224	NCIT:C223922
NCIT:C120298	NCIT:C185639
NCIT:C120864	NCIT:C172328
NCIT:C120887	NCIT:C123015
NCIT:C120887	NCIT:C128108
NCIT:C120887	NCIT:C128144
NCIT:C120887	NCIT:C187984
NCIT:C120887	NCIT:C96190
NCIT:C121156	NCIT:C126876
NCIT:C121181	NCIT:C128079
NCIT:C121181	NCIT:C128272
NCIT:C121181	NCIT:C161640
NCIT:C121181	NCIT:C162500
NCIT:C121184	NCIT:C207802
NCIT:C121184	NCIT:C215359
NCIT:C121500	NCIT:C6535
NCIT:C121567	NCIT:C60484
NCIT:C121571	NCIT:C27904
NCIT:C121618	NCIT:C123838
NCIT:C121618	NCIT:C7009
NCIT:C121618	NCIT:C8106
NCIT:C121618	NCIT:C9309
NCIT:C121619	NCIT:C100093
NCIT:C121619	NCIT:C102870
NCIT:C121619	NCIT:C123841
NCIT:C121619	NCIT:C177770
NCIT:C121619	NCIT:C177771
NCIT:C121619	NCIT:C191408
NCIT:C121619	NCIT:C3011
NCIT:C121619	NCIT:C3403
NCIT:C121619	NCIT:C3752
NCIT:C121619	NCIT:C3756
NCIT:C121619	NCIT:C8885
NCIT:C121619	NCIT:C9313
NCIT:C121654	NCIT:C121655
NCIT:C121654	NCIT:C178235
NCIT:C121654	NCIT:C6519
NCIT:C121668	NCIT:C188979
NCIT:C121671	NCIT:C162578
NCIT:C121671	NCIT:C171026
NCIT:C121671	NCIT:C176515
NCIT:C121671	NCIT:C202656
NCIT:C121671	NCIT:C4489
NCIT:C121671	NCIT:C5184
NCIT:C121671	NCIT:C5320
NCIT:C121671	NCIT:C5450
NCIT:C121686	NCIT:C207080
NCIT:C121686	NCIT:C207081
NCIT:C121686	NCIT:C207082
NCIT:C121686	NCIT:C207083
NCIT:C121738	NCIT:C121752
NCIT:C121738	NCIT:C177324
NCIT:C121738	NCIT:C4246
NCIT:C121738	NCIT:C6494
NCIT:C121738	NCIT:C6582
NCIT:C121749	NCIT:C131431
NCIT:C121749	NCIT:C131432
NCIT:C121785	NCIT:C201880
NCIT:C121791	NCIT:C127071
NCIT:C121791	NCIT:C142784
NCIT:C121791	NCIT:C159674
NCIT:C121792	NCIT:C127072
NCIT:C121792	NCIT:C142785
NCIT:C121792	NCIT:C159677
NCIT:C121792	NCIT:C164245
NCIT:C121792	NCIT:C223921
NCIT:C121793	NCIT:C121797
NCIT:C121793	NCIT:C121799
NCIT:C121793	NCIT:C121802
NCIT:C121793	NCIT:C121804
NCIT:C121793	NCIT:C213488
NCIT:C121793	NCIT:C4247
NCIT:C121799	NCIT:C213482
NCIT:C121804	NCIT:C213487
NCIT:C121831	NCIT:C2904
NCIT:C121831	NCIT:C53970
NCIT:C121831	NCIT:C53973
NCIT:C121844	NCIT:C189019
NCIT:C121846	NCIT:C66799
NCIT:C121870	NCIT:C178491
NCIT:C121870	NCIT:C178492
NCIT:C121871	NCIT:C178493
NCIT:C121871	NCIT:C178494
NCIT:C121881	NCIT:C178477
NCIT:C121882	NCIT:C178481
NCIT:C121882	NCIT:C178492
NCIT:C121882	NCIT:C178494
NCIT:C121925	NCIT:C66796
NCIT:C121926	NCIT:C121931
NCIT:C121926	NCIT:C178599
NCIT:C121926	NCIT:C66796
NCIT:C121926	NCIT:C66799
NCIT:C121929	NCIT:C189031
NCIT:C121930	NCIT:C173811
NCIT:C121931	NCIT:C121932
NCIT:C121932	NCIT:C189030
NCIT:C121933	NCIT:C4304
NCIT:C121941	NCIT:C220243
NCIT:C121973	NCIT:C121975
NCIT:C121973	NCIT:C121978
NCIT:C121974	NCIT:C134834
NCIT:C121974	NCIT:C134835
NCIT:C121974	NCIT:C199223
NCIT:C121974	NCIT:C199224
NCIT:C121974	NCIT:C199228
NCIT:C121978	NCIT:C121980
NCIT:C121978	NCIT:C121981
NCIT:C121978	NCIT:C121982
NCIT:C121978	NCIT:C121983
NCIT:C121978	NCIT:C121984
NCIT:C121978	NCIT:C121985
NCIT:C121978	NCIT:C121986
NCIT:C121978	NCIT:C121988
NCIT:C122412	NCIT:C181761
NCIT:C122412	NCIT:C181762
NCIT:C122414	NCIT:C94853
NCIT:C122576	NCIT:C115248
NCIT:C122576	NCIT:C182126
NCIT:C122586	NCIT:C159312
NCIT:C122603	NCIT:C122614
NCIT:C122603	NCIT:C122690
NCIT:C122603	NCIT:C126110
NCIT:C122603	NCIT:C126111
NCIT:C122603	NCIT:C3845
NCIT:C122614	NCIT:C122617
NCIT:C122614	NCIT:C122621
NCIT:C122614	NCIT:C126112
NCIT:C122624	NCIT:C210013
NCIT:C122624	NCIT:C210136
NCIT:C122625	NCIT:C7940
NCIT:C122625	NCIT:C7970
NCIT:C122625	NCIT:C7971
NCIT:C122625	NCIT:C7972
NCIT:C122625	NCIT:C8304
NCIT:C122625	NCIT:C9158
NCIT:C122625	NCIT:C9164
NCIT:C122625	NCIT:C9381
NCIT:C122686	NCIT:C200397
NCIT:C122687	NCIT:C186730
NCIT:C122688	NCIT:C9287
NCIT:C122688	NCIT:C9288
NCIT:C122691	NCIT:C131502
NCIT:C122691	NCIT:C131504
NCIT:C122691	NCIT:C132111
NCIT:C122787	NCIT:C122788
NCIT:C122787	NCIT:C122790
NCIT:C122787	NCIT:C122791
NCIT:C122787	NCIT:C122792
NCIT:C122787	NCIT:C84912
NCIT:C122788	NCIT:C122789
NCIT:C122790	NCIT:C122794
NCIT:C122811	NCIT:C192201
NCIT:C122812	NCIT:C177244
NCIT:C122814	NCIT:C116552
NCIT:C122814	NCIT:C142802
NCIT:C122814	NCIT:C142803
NCIT:C122814	NCIT:C147070
NCIT:C122814	NCIT:C147071
NCIT:C122814	NCIT:C155998
NCIT:C122814	NCIT:C162472
NCIT:C122814	NCIT:C168597
NCIT:C122814	NCIT:C172096
NCIT:C122814	NCIT:C172100
NCIT:C122814	NCIT:C175047
NCIT:C122814	NCIT:C177545
NCIT:C122814	NCIT:C179296
NCIT:C122814	NCIT:C179866
NCIT:C122814	NCIT:C185237
NCIT:C122814	NCIT:C188139
NCIT:C122814	NCIT:C188141
NCIT:C122814	NCIT:C188142
NCIT:C122814	NCIT:C189273
NCIT:C122814	NCIT:C190868
NCIT:C122814	NCIT:C190869
NCIT:C122814	NCIT:C192087
NCIT:C122814	NCIT:C198576
NCIT:C122814	NCIT:C201514
NCIT:C122814	NCIT:C201518
NCIT:C122814	NCIT:C201590
NCIT:C122814	NCIT:C202547
NCIT:C122814	NCIT:C202548
NCIT:C122814	NCIT:C206098
NCIT:C122814	NCIT:C206520
NCIT:C122814	NCIT:C215153
NCIT:C122814	NCIT:C217085
NCIT:C122815	NCIT:C202017
NCIT:C123043	NCIT:C158971
NCIT:C123159	NCIT:C123235
NCIT:C123159	NCIT:C123236
NCIT:C123159	NCIT:C123237
NCIT:C123159	NCIT:C123238
NCIT:C123159	NCIT:C123239
NCIT:C123161	NCIT:C123188
NCIT:C123161	NCIT:C123189
NCIT:C123161	NCIT:C123190
NCIT:C123161	NCIT:C123191
NCIT:C123161	NCIT:C123192
NCIT:C123161	NCIT:C123193
NCIT:C123162	NCIT:C200787
NCIT:C123217	NCIT:C198574
NCIT:C123223	NCIT:C123228
NCIT:C123223	NCIT:C176902
NCIT:C123329	NCIT:C3226
NCIT:C123329	NCIT:C3227
NCIT:C123330	NCIT:C84391
NCIT:C123330	NCIT:C85078
NCIT:C123384	NCIT:C203380
NCIT:C123392	NCIT:C115204
NCIT:C123392	NCIT:C123393
NCIT:C123393	NCIT:C115367
NCIT:C123735	NCIT:C123731
NCIT:C123736	NCIT:C123732
NCIT:C123739	NCIT:C123737
NCIT:C123739	NCIT:C170955
NCIT:C123739	NCIT:C191408
NCIT:C123739	NCIT:C217538
NCIT:C123739	NCIT:C9077
NCIT:C123834	NCIT:C123835
NCIT:C123834	NCIT:C27405
NCIT:C123834	NCIT:C6547
NCIT:C123836	NCIT:C123837
NCIT:C123836	NCIT:C27404
NCIT:C123836	NCIT:C6548
NCIT:C123838	NCIT:C123840
NCIT:C123838	NCIT:C27406
NCIT:C123838	NCIT:C6550
NCIT:C123841	NCIT:C123842
NCIT:C123841	NCIT:C123843
NCIT:C123841	NCIT:C123844
NCIT:C123841	NCIT:C123847
NCIT:C123841	NCIT:C27364
NCIT:C123841	NCIT:C68626
NCIT:C123842	NCIT:C6546
NCIT:C123842	NCIT:C6549
NCIT:C123842	NCIT:C6551
NCIT:C123842	NCIT:C6554
NCIT:C123843	NCIT:C6539
NCIT:C123843	NCIT:C6540
NCIT:C123843	NCIT:C6543
NCIT:C123843	NCIT:C6544
NCIT:C123843	NCIT:C6545
NCIT:C123844	NCIT:C6206
NCIT:C123844	NCIT:C6544
NCIT:C123844	NCIT:C6549
NCIT:C123847	NCIT:C6208
NCIT:C123847	NCIT:C6545
NCIT:C123847	NCIT:C6546
NCIT:C123848	NCIT:C123849
NCIT:C123848	NCIT:C219662
NCIT:C123848	NCIT:C27403
NCIT:C123848	NCIT:C6542
NCIT:C123907	NCIT:C189244
NCIT:C123907	NCIT:C189260
NCIT:C123907	NCIT:C189261
NCIT:C123907	NCIT:C198104
NCIT:C123907	NCIT:C27730
NCIT:C123907	NCIT:C4264
NCIT:C123907	NCIT:C6569
NCIT:C123907	NCIT:C8715
NCIT:C124270	NCIT:C114775
NCIT:C124270	NCIT:C198063
NCIT:C124270	NCIT:C209813
NCIT:C124270	NCIT:C209814
NCIT:C124270	NCIT:C209834
NCIT:C124271	NCIT:C124272
NCIT:C124271	NCIT:C124273
NCIT:C124271	NCIT:C124274
NCIT:C124272	NCIT:C198501
NCIT:C124275	NCIT:C114785
NCIT:C124275	NCIT:C114967
NCIT:C124275	NCIT:C114970
NCIT:C124275	NCIT:C114971
NCIT:C124275	NCIT:C198450
NCIT:C124275	NCIT:C212994
NCIT:C124275	NCIT:C216099
NCIT:C124275	NCIT:C4048
NCIT:C124275	NCIT:C4347
NCIT:C124275	NCIT:C6215
NCIT:C124275	NCIT:C6216
NCIT:C124275	NCIT:C6286
NCIT:C124275	NCIT:C7534
NCIT:C124293	NCIT:C212186
NCIT:C124497	NCIT:C98972
NCIT:C124541	NCIT:C186240
NCIT:C125484	NCIT:C34566
NCIT:C125701	NCIT:C219916
NCIT:C125715	NCIT:C156720
NCIT:C125890	NCIT:C163960
NCIT:C125890	NCIT:C163961
NCIT:C125904	NCIT:C151979
NCIT:C125904	NCIT:C151980
NCIT:C125904	NCIT:C199617
NCIT:C125904	NCIT:C199618
NCIT:C126109	NCIT:C148493
NCIT:C126109	NCIT:C150512
NCIT:C126109	NCIT:C150513
NCIT:C126109	NCIT:C157636
NCIT:C126109	NCIT:C191692
NCIT:C126109	NCIT:C191693
NCIT:C126109	NCIT:C191694
NCIT:C126109	NCIT:C191695
NCIT:C126109	NCIT:C191696
NCIT:C126109	NCIT:C191697
NCIT:C126109	NCIT:C191736
NCIT:C126109	NCIT:C223842
NCIT:C126109	NCIT:C8064
NCIT:C126306	NCIT:C115364
NCIT:C126306	NCIT:C182019
NCIT:C126306	NCIT:C191198
NCIT:C126307	NCIT:C170773
NCIT:C126307	NCIT:C192630
NCIT:C126307	NCIT:C203815
NCIT:C126308	NCIT:C40082
NCIT:C126324	NCIT:C126323
NCIT:C126324	NCIT:C126325
NCIT:C126324	NCIT:C180885
NCIT:C126326	NCIT:C4681
NCIT:C126328	NCIT:C153174
NCIT:C126337	NCIT:C176806
NCIT:C126353	NCIT:C165268
NCIT:C126353	NCIT:C178686
NCIT:C126353	NCIT:C186275
NCIT:C126353	NCIT:C186453
NCIT:C126353	NCIT:C204985
NCIT:C126353	NCIT:C224144
NCIT:C126354	NCIT:C156454
NCIT:C126354	NCIT:C178687
NCIT:C126456	NCIT:C165267
NCIT:C126456	NCIT:C171016
NCIT:C126456	NCIT:C171017
NCIT:C126456	NCIT:C178676
NCIT:C126456	NCIT:C204982
NCIT:C126456	NCIT:C224140
NCIT:C126457	NCIT:C156456
NCIT:C126457	NCIT:C178678
NCIT:C126465	NCIT:C129861
NCIT:C126465	NCIT:C133193
NCIT:C126465	NCIT:C148153
NCIT:C126465	NCIT:C153213
NCIT:C126465	NCIT:C156080
NCIT:C126465	NCIT:C156085
NCIT:C126465	NCIT:C156086
NCIT:C126465	NCIT:C158463
NCIT:C126465	NCIT:C200584
NCIT:C126465	NCIT:C9044
NCIT:C126478	NCIT:C126477
NCIT:C126493	NCIT:C155952
NCIT:C126493	NCIT:C179923
NCIT:C126493	NCIT:C179925
NCIT:C126493	NCIT:C179933
NCIT:C126498	NCIT:C179934
NCIT:C126594	NCIT:C66850
NCIT:C126594	NCIT:C7381
NCIT:C126769	NCIT:C165282
NCIT:C126769	NCIT:C165286
NCIT:C126769	NCIT:C222627
NCIT:C126771	NCIT:C126773
NCIT:C126771	NCIT:C171033
NCIT:C126806	NCIT:C200606
NCIT:C126806	NCIT:C206089
NCIT:C126877	NCIT:C176608
NCIT:C127153	NCIT:C148026
NCIT:C127153	NCIT:C170830
NCIT:C127153	NCIT:C213666
NCIT:C127153	NCIT:C214790
NCIT:C127153	NCIT:C216195
NCIT:C127155	NCIT:C129707
NCIT:C127155	NCIT:C133093
NCIT:C127155	NCIT:C157334
NCIT:C127155	NCIT:C161019
NCIT:C127155	NCIT:C209748
NCIT:C127155	NCIT:C213459
NCIT:C127156	NCIT:C148036
NCIT:C127167	NCIT:C127172
NCIT:C127167	NCIT:C127173
NCIT:C127167	NCIT:C127174
NCIT:C127168	NCIT:C26900
NCIT:C127169	NCIT:C127170
NCIT:C127169	NCIT:C127172
NCIT:C127170	NCIT:C179867
NCIT:C127171	NCIT:C128188
NCIT:C127171	NCIT:C132270
NCIT:C127171	NCIT:C202543
NCIT:C127194	NCIT:C45927
NCIT:C127194	NCIT:C45928
NCIT:C127816	NCIT:C129327
NCIT:C127816	NCIT:C148038
NCIT:C127816	NCIT:C153865
NCIT:C127816	NCIT:C208306
NCIT:C127816	NCIT:C219638
NCIT:C127816	NCIT:C4049
NCIT:C127816	NCIT:C4326
NCIT:C127816	NCIT:C6959
NCIT:C127816	NCIT:C7446
NCIT:C127816	NCIT:C9477
NCIT:C127907	NCIT:C153573
NCIT:C127907	NCIT:C180864
NCIT:C127907	NCIT:C40208
NCIT:C128041	NCIT:C128045
NCIT:C128041	NCIT:C188221
NCIT:C128045	NCIT:C40214
NCIT:C128045	NCIT:C7982
NCIT:C128053	NCIT:C128046
NCIT:C128053	NCIT:C40266
NCIT:C128054	NCIT:C128047
NCIT:C128054	NCIT:C128048
NCIT:C128054	NCIT:C128049
NCIT:C128054	NCIT:C128050
NCIT:C128054	NCIT:C40222
NCIT:C128054	NCIT:C40224
NCIT:C128054	NCIT:C40225
NCIT:C128054	NCIT:C40229
NCIT:C128054	NCIT:C7433
NCIT:C128073	NCIT:C128075
NCIT:C128073	NCIT:C40263
NCIT:C128080	NCIT:C40268
NCIT:C128081	NCIT:C128085
NCIT:C128081	NCIT:C128086
NCIT:C128081	NCIT:C206216
NCIT:C128081	NCIT:C206249
NCIT:C128081	NCIT:C7829
NCIT:C128085	NCIT:C5223
NCIT:C128085	NCIT:C5224
NCIT:C128086	NCIT:C128087
NCIT:C128086	NCIT:C128092
NCIT:C128086	NCIT:C128093
NCIT:C128087	NCIT:C128088
NCIT:C128087	NCIT:C128091
NCIT:C128088	NCIT:C128089
NCIT:C128088	NCIT:C128090
NCIT:C128106	NCIT:C7829
NCIT:C128106	NCIT:C7830
NCIT:C128106	NCIT:C7831
NCIT:C128106	NCIT:C7832
NCIT:C128112	NCIT:C128113
NCIT:C128112	NCIT:C6379
NCIT:C128121	NCIT:C186279
NCIT:C128142	NCIT:C4760
NCIT:C128142	NCIT:C4761
NCIT:C128164	NCIT:C4027
NCIT:C128164	NCIT:C40305
NCIT:C128164	NCIT:C40307
NCIT:C128164	NCIT:C40308
NCIT:C128243	NCIT:C128244
NCIT:C128243	NCIT:C128245
NCIT:C128243	NCIT:C128247
NCIT:C128244	NCIT:C40298
NCIT:C128270	NCIT:C128271
NCIT:C128289	NCIT:C40330
NCIT:C128289	NCIT:C40331
NCIT:C128289	NCIT:C40332
NCIT:C128289	NCIT:C40333
NCIT:C128289	NCIT:C40334
NCIT:C128294	NCIT:C128295
NCIT:C128334	NCIT:C128335
NCIT:C128346	NCIT:C128438
NCIT:C128346	NCIT:C26802
NCIT:C128346	NCIT:C84727
NCIT:C128351	NCIT:C128341
NCIT:C128351	NCIT:C219960
NCIT:C128351	NCIT:C35037
NCIT:C128359	NCIT:C197923
NCIT:C128359	NCIT:C197932
NCIT:C128359	NCIT:C197975
NCIT:C128359	NCIT:C34583
NCIT:C128359	NCIT:C35201
NCIT:C128371	NCIT:C220012
NCIT:C128400	NCIT:C217415
NCIT:C128408	NCIT:C174107
NCIT:C128563	NCIT:C171608
NCIT:C128563	NCIT:C173162
NCIT:C128629	NCIT:C189042
NCIT:C128629	NCIT:C189043
NCIT:C128637	NCIT:C157733
NCIT:C128637	NCIT:C211514
NCIT:C128637	NCIT:C211515
NCIT:C128697	NCIT:C157689
NCIT:C128697	NCIT:C157690
NCIT:C128797	NCIT:C222309
NCIT:C128797	NCIT:C8757
NCIT:C128798	NCIT:C147924
NCIT:C128798	NCIT:C153200
NCIT:C128798	NCIT:C155908
NCIT:C128798	NCIT:C177799
NCIT:C128803	NCIT:C192088
NCIT:C129271	NCIT:C129272
NCIT:C129274	NCIT:C185195
NCIT:C129274	NCIT:C185196
NCIT:C129290	NCIT:C191197
NCIT:C129291	NCIT:C188691
NCIT:C129292	NCIT:C212181
NCIT:C129297	NCIT:C210818
NCIT:C129297	NCIT:C210824
NCIT:C129309	NCIT:C179222
NCIT:C129309	NCIT:C203271
NCIT:C129309	NCIT:C211971
NCIT:C129309	NCIT:C222663
NCIT:C129318	NCIT:C188126
NCIT:C129318	NCIT:C203270
NCIT:C129325	NCIT:C167335
NCIT:C129325	NCIT:C182151
NCIT:C129325	NCIT:C185218
NCIT:C129325	NCIT:C185371
NCIT:C129325	NCIT:C185467
NCIT:C129325	NCIT:C203285
NCIT:C129325	NCIT:C203286
NCIT:C129325	NCIT:C3058
NCIT:C129325	NCIT:C3288
NCIT:C129325	NCIT:C3903
NCIT:C129325	NCIT:C4326
NCIT:C129325	NCIT:C7173
NCIT:C129325	NCIT:C9477
NCIT:C129327	NCIT:C160904
NCIT:C129327	NCIT:C160905
NCIT:C129427	NCIT:C180398
NCIT:C129427	NCIT:C188933
NCIT:C129427	NCIT:C188934
NCIT:C129431	NCIT:C67559
NCIT:C129439	NCIT:C129440
NCIT:C129439	NCIT:C129441
NCIT:C129439	NCIT:C129444
NCIT:C129440	NCIT:C180892
NCIT:C129440	NCIT:C180893
NCIT:C129441	NCIT:C129442
NCIT:C129441	NCIT:C129443
NCIT:C129441	NCIT:C147109
NCIT:C129441	NCIT:C147110
NCIT:C129441	NCIT:C147115
NCIT:C129441	NCIT:C189841
NCIT:C129441	NCIT:C189844
NCIT:C129441	NCIT:C189845
NCIT:C129441	NCIT:C189846
NCIT:C129443	NCIT:C186591
NCIT:C129444	NCIT:C129445
NCIT:C129444	NCIT:C129446
NCIT:C129526	NCIT:C129527
NCIT:C129526	NCIT:C129528
NCIT:C129526	NCIT:C129530
NCIT:C129526	NCIT:C175496
NCIT:C129526	NCIT:C4660
NCIT:C129527	NCIT:C186603
NCIT:C129527	NCIT:C9183
NCIT:C129527	NCIT:C92652
NCIT:C129537	NCIT:C186611
NCIT:C129538	NCIT:C5424
NCIT:C129569	NCIT:C173894
NCIT:C129600	NCIT:C5322
NCIT:C129654	NCIT:C150578
NCIT:C129654	NCIT:C154221
NCIT:C129654	NCIT:C162016
NCIT:C129654	NCIT:C165171
NCIT:C129654	NCIT:C171585
NCIT:C129654	NCIT:C173162
NCIT:C129654	NCIT:C175516
NCIT:C129654	NCIT:C202500
NCIT:C129654	NCIT:C203619
NCIT:C129654	NCIT:C222830
NCIT:C129707	NCIT:C157335
NCIT:C129707	NCIT:C187210
NCIT:C129707	NCIT:C192677
NCIT:C129707	NCIT:C211875
NCIT:C129707	NCIT:C216195
NCIT:C129726	NCIT:C129727
NCIT:C129726	NCIT:C129728
NCIT:C129733	NCIT:C150556
NCIT:C129733	NCIT:C167215
NCIT:C129739	NCIT:C129741
NCIT:C129739	NCIT:C129748
NCIT:C129739	NCIT:C131847
NCIT:C129748	NCIT:C123018
NCIT:C129748	NCIT:C129742
NCIT:C129748	NCIT:C129744
NCIT:C129748	NCIT:C129745
NCIT:C129748	NCIT:C129746
NCIT:C129784	NCIT:C163974
NCIT:C129784	NCIT:C170833
NCIT:C129784	NCIT:C224636
NCIT:C129787	NCIT:C121974
NCIT:C129827	NCIT:C150521
NCIT:C129828	NCIT:C126109
NCIT:C129828	NCIT:C172091
NCIT:C129828	NCIT:C175493
NCIT:C129828	NCIT:C222643
NCIT:C129857	NCIT:C129289
NCIT:C129857	NCIT:C213295
NCIT:C129857	NCIT:C8171
NCIT:C129857	NCIT:C8172
NCIT:C129857	NCIT:C8173
NCIT:C129861	NCIT:C139291
NCIT:C129861	NCIT:C170517
NCIT:C129861	NCIT:C170784
NCIT:C129861	NCIT:C177723
NCIT:C129867	NCIT:C131130
NCIT:C130035	NCIT:C219059
NCIT:C130035	NCIT:C219061
NCIT:C130038	NCIT:C151897
NCIT:C130038	NCIT:C151902
NCIT:C130038	NCIT:C151910
NCIT:C130039	NCIT:C130040
NCIT:C130043	NCIT:C199171
NCIT:C130043	NCIT:C199172
NCIT:C130234	NCIT:C210980
NCIT:C130234	NCIT:C210981
NCIT:C130234	NCIT:C222490
NCIT:C130234	NCIT:C222566
NCIT:C130234	NCIT:C222658
NCIT:C130950	NCIT:C186443
NCIT:C130950	NCIT:C186450
NCIT:C130950	NCIT:C186451
NCIT:C130950	NCIT:C6775
NCIT:C130991	NCIT:C130992
NCIT:C130991	NCIT:C130993
NCIT:C131001	NCIT:C75015
NCIT:C131002	NCIT:C118787
NCIT:C131077	NCIT:C131075
NCIT:C131077	NCIT:C131076
NCIT:C131087	NCIT:C131134
NCIT:C131087	NCIT:C132096
NCIT:C131209	NCIT:C115365
NCIT:C131296	NCIT:C129723
NCIT:C131296	NCIT:C84708
NCIT:C131421	NCIT:C131445
NCIT:C131436	NCIT:C197917
NCIT:C131436	NCIT:C197942
NCIT:C131437	NCIT:C131072
NCIT:C131437	NCIT:C131438
NCIT:C131437	NCIT:C34647
NCIT:C131438	NCIT:C197918
NCIT:C131438	NCIT:C197943
NCIT:C131447	NCIT:C131445
NCIT:C131447	NCIT:C131446
NCIT:C131447	NCIT:C131448
NCIT:C131449	NCIT:C131450
NCIT:C131449	NCIT:C85234
NCIT:C131500	NCIT:C115441
NCIT:C131500	NCIT:C115444
NCIT:C131500	NCIT:C133732
NCIT:C131500	NCIT:C138021
NCIT:C131500	NCIT:C138023
NCIT:C131500	NCIT:C142876
NCIT:C131500	NCIT:C150528
NCIT:C131500	NCIT:C153823
NCIT:C131500	NCIT:C157679
NCIT:C131500	NCIT:C157681
NCIT:C131500	NCIT:C181047
NCIT:C131500	NCIT:C199463
NCIT:C131500	NCIT:C206293
NCIT:C131500	NCIT:C27898
NCIT:C131500	NCIT:C5089
NCIT:C131500	NCIT:C5095
NCIT:C131500	NCIT:C7087
NCIT:C131500	NCIT:C7622
NCIT:C131500	NCIT:C7845
NCIT:C131500	NCIT:C8874
NCIT:C131506	NCIT:C190280
NCIT:C131506	NCIT:C5318
NCIT:C131617	NCIT:C157601
NCIT:C131617	NCIT:C160912
NCIT:C131621	NCIT:C131660
NCIT:C131622	NCIT:C131661
NCIT:C131623	NCIT:C131662
NCIT:C131624	NCIT:C131664
NCIT:C131625	NCIT:C131665
NCIT:C131626	NCIT:C131667
NCIT:C131627	NCIT:C131668
NCIT:C131628	NCIT:C131669
NCIT:C131629	NCIT:C131670
NCIT:C131630	NCIT:C131638
NCIT:C131630	NCIT:C131640
NCIT:C131630	NCIT:C131641
NCIT:C131630	NCIT:C131643
NCIT:C131630	NCIT:C131645
NCIT:C131630	NCIT:C131647
NCIT:C131630	NCIT:C131649
NCIT:C131630	NCIT:C131652
NCIT:C131631	NCIT:C131625
NCIT:C131631	NCIT:C98939
NCIT:C131632	NCIT:C131626
NCIT:C131632	NCIT:C98940
NCIT:C131633	NCIT:C131629
NCIT:C131633	NCIT:C98941
NCIT:C131634	NCIT:C171098
NCIT:C131634	NCIT:C203448
NCIT:C131635	NCIT:C131623
NCIT:C131635	NCIT:C131644
NCIT:C131659	NCIT:C113740
NCIT:C131659	NCIT:C26692
NCIT:C131737	NCIT:C131622
NCIT:C131737	NCIT:C26799
NCIT:C131738	NCIT:C131624
NCIT:C131738	NCIT:C98938
NCIT:C131739	NCIT:C131627
NCIT:C131739	NCIT:C84705
NCIT:C131740	NCIT:C131628
NCIT:C131740	NCIT:C26770
NCIT:C131815	NCIT:C131089
NCIT:C131840	NCIT:C131831
NCIT:C131840	NCIT:C131832
NCIT:C131840	NCIT:C131833
NCIT:C131840	NCIT:C131834
NCIT:C131840	NCIT:C131837
NCIT:C131840	NCIT:C131838
NCIT:C131840	NCIT:C131839
NCIT:C131842	NCIT:C131830
NCIT:C131842	NCIT:C131843
NCIT:C131847	NCIT:C129747
NCIT:C131847	NCIT:C129760
NCIT:C131847	NCIT:C131845
NCIT:C131847	NCIT:C131846
NCIT:C131847	NCIT:C131848
NCIT:C131873	NCIT:C8154
NCIT:C131873	NCIT:C8645
NCIT:C131913	NCIT:C162451
NCIT:C131913	NCIT:C162453
NCIT:C132012	NCIT:C162787
NCIT:C132012	NCIT:C162943
NCIT:C132012	NCIT:C205615
NCIT:C132012	NCIT:C205617
NCIT:C132012	NCIT:C205620
NCIT:C132012	NCIT:C207804
NCIT:C132012	NCIT:C218462
NCIT:C132012	NCIT:C218463
NCIT:C132051	NCIT:C132052
NCIT:C132053	NCIT:C27116
NCIT:C132055	NCIT:C223950
NCIT:C132067	NCIT:C116342
NCIT:C132067	NCIT:C132505
NCIT:C132067	NCIT:C155829
NCIT:C132067	NCIT:C177793
NCIT:C132067	NCIT:C177794
NCIT:C132067	NCIT:C177797
NCIT:C132067	NCIT:C178558
NCIT:C132067	NCIT:C185218
NCIT:C132067	NCIT:C201977
NCIT:C132067	NCIT:C202299
NCIT:C132146	NCIT:C127153
NCIT:C132146	NCIT:C127155
NCIT:C132146	NCIT:C133737
NCIT:C132146	NCIT:C148029
NCIT:C132146	NCIT:C148036
NCIT:C132146	NCIT:C165542
NCIT:C132146	NCIT:C190685
NCIT:C132146	NCIT:C192672
NCIT:C132146	NCIT:C205313
NCIT:C132147	NCIT:C168728
NCIT:C132148	NCIT:C150598
NCIT:C132148	NCIT:C168719
NCIT:C132148	NCIT:C182028
NCIT:C132505	NCIT:C148037
NCIT:C132505	NCIT:C158104
NCIT:C132505	NCIT:C219636
NCIT:C132505	NCIT:C3017
NCIT:C132505	NCIT:C3288
NCIT:C132505	NCIT:C4050
NCIT:C132505	NCIT:C4323
NCIT:C132505	NCIT:C7173
NCIT:C132506	NCIT:C131617
NCIT:C132506	NCIT:C142848
NCIT:C132506	NCIT:C155983
NCIT:C132506	NCIT:C177794
NCIT:C132506	NCIT:C180408
NCIT:C132506	NCIT:C203274
NCIT:C132506	NCIT:C203285
NCIT:C132506	NCIT:C221718
NCIT:C132676	NCIT:C132677
NCIT:C132676	NCIT:C132678
NCIT:C132676	NCIT:C132679
NCIT:C132676	NCIT:C132680
NCIT:C132727	NCIT:C191485
NCIT:C132728	NCIT:C132729
NCIT:C132728	NCIT:C132730
NCIT:C132728	NCIT:C132731
NCIT:C132728	NCIT:C132732
NCIT:C132732	NCIT:C132733
NCIT:C132732	NCIT:C132734
NCIT:C132732	NCIT:C132735
NCIT:C132736	NCIT:C7939
NCIT:C132736	NCIT:C8033
NCIT:C132736	NCIT:C8034
NCIT:C132736	NCIT:C8035
NCIT:C132736	NCIT:C8036
NCIT:C132778	NCIT:C5895
NCIT:C132778	NCIT:C5896
NCIT:C132778	NCIT:C5897
NCIT:C132778	NCIT:C5898
NCIT:C132779	NCIT:C132781
NCIT:C132779	NCIT:C132783
NCIT:C132779	NCIT:C132785
NCIT:C132779	NCIT:C132786
NCIT:C132779	NCIT:C132787
NCIT:C132787	NCIT:C132788
NCIT:C132787	NCIT:C132789
NCIT:C132787	NCIT:C132790
NCIT:C132814	NCIT:C132816
NCIT:C132814	NCIT:C132882
NCIT:C132814	NCIT:C132994
NCIT:C132814	NCIT:C133003
NCIT:C132816	NCIT:C132817
NCIT:C132816	NCIT:C132818
NCIT:C132816	NCIT:C132819
NCIT:C132816	NCIT:C132820
NCIT:C132816	NCIT:C9099
NCIT:C132820	NCIT:C132821
NCIT:C132820	NCIT:C132822
NCIT:C132853	NCIT:C115385
NCIT:C132853	NCIT:C177771
NCIT:C132853	NCIT:C8087
NCIT:C132853	NCIT:C9221
NCIT:C132853	NCIT:C9369
NCIT:C132854	NCIT:C170957
NCIT:C132854	NCIT:C170967
NCIT:C132854	NCIT:C177770
NCIT:C132854	NCIT:C198444
NCIT:C132854	NCIT:C217539
NCIT:C132854	NCIT:C25771
NCIT:C132882	NCIT:C132883
NCIT:C132882	NCIT:C132884
NCIT:C132883	NCIT:C132885
NCIT:C132883	NCIT:C132886
NCIT:C132883	NCIT:C132891
NCIT:C132883	NCIT:C132893
NCIT:C132884	NCIT:C132898
NCIT:C132884	NCIT:C132899
NCIT:C132884	NCIT:C132900
NCIT:C132884	NCIT:C132901
NCIT:C132994	NCIT:C132995
NCIT:C132994	NCIT:C132996
NCIT:C132994	NCIT:C132997
NCIT:C132994	NCIT:C132998
NCIT:C132994	NCIT:C132999
NCIT:C132999	NCIT:C133000
NCIT:C132999	NCIT:C133001
NCIT:C132999	NCIT:C133002
NCIT:C133003	NCIT:C133005
NCIT:C133003	NCIT:C133006
NCIT:C133003	NCIT:C133007
NCIT:C133003	NCIT:C133008
NCIT:C133003	NCIT:C9101
NCIT:C133008	NCIT:C133009
NCIT:C133008	NCIT:C133010
NCIT:C133008	NCIT:C133011
NCIT:C133074	NCIT:C133076
NCIT:C133074	NCIT:C133077
NCIT:C133074	NCIT:C133078
NCIT:C133074	NCIT:C133079
NCIT:C133074	NCIT:C87498
NCIT:C133079	NCIT:C133080
NCIT:C133079	NCIT:C133081
NCIT:C133079	NCIT:C133082
NCIT:C133093	NCIT:C211516
NCIT:C133095	NCIT:C27282
NCIT:C133095	NCIT:C27283
NCIT:C133095	NCIT:C27284
NCIT:C133095	NCIT:C27285
NCIT:C133095	NCIT:C27286
NCIT:C133095	NCIT:C9249
NCIT:C133156	NCIT:C133158
NCIT:C133156	NCIT:C133159
NCIT:C133156	NCIT:C133160
NCIT:C133156	NCIT:C133161
NCIT:C133156	NCIT:C9100
NCIT:C133161	NCIT:C133162
NCIT:C133161	NCIT:C133163
NCIT:C133161	NCIT:C133164
NCIT:C133186	NCIT:C87532
NCIT:C133186	NCIT:C87533
NCIT:C133186	NCIT:C87534
NCIT:C133186	NCIT:C87535
NCIT:C133187	NCIT:C133186
NCIT:C133187	NCIT:C166399
NCIT:C133187	NCIT:C178521
NCIT:C133187	NCIT:C213513
NCIT:C133187	NCIT:C5915
NCIT:C133193	NCIT:C162706
NCIT:C133193	NCIT:C170517
NCIT:C133193	NCIT:C170831
NCIT:C133193	NCIT:C170965
NCIT:C133193	NCIT:C173979
NCIT:C133193	NCIT:C174046
NCIT:C133252	NCIT:C133253
NCIT:C133252	NCIT:C162942
NCIT:C133252	NCIT:C162943
NCIT:C133252	NCIT:C171573
NCIT:C133252	NCIT:C171575
NCIT:C133252	NCIT:C200088
NCIT:C133252	NCIT:C208482
NCIT:C133252	NCIT:C213290
NCIT:C133252	NCIT:C213312
NCIT:C133252	NCIT:C215161
NCIT:C133252	NCIT:C6083
NCIT:C133253	NCIT:C133255
NCIT:C133253	NCIT:C133256
NCIT:C133253	NCIT:C133257
NCIT:C133253	NCIT:C133258
NCIT:C133253	NCIT:C133259
NCIT:C133254	NCIT:C157364
NCIT:C133254	NCIT:C171286
NCIT:C133254	NCIT:C171609
NCIT:C133254	NCIT:C171612
NCIT:C133254	NCIT:C207077
NCIT:C133254	NCIT:C45502
NCIT:C133254	NCIT:C45503
NCIT:C133255	NCIT:C213313
NCIT:C133399	NCIT:C133400
NCIT:C133399	NCIT:C133443
NCIT:C133400	NCIT:C133401
NCIT:C133400	NCIT:C133412
NCIT:C133400	NCIT:C133432
NCIT:C133401	NCIT:C133402
NCIT:C133401	NCIT:C133403
NCIT:C133401	NCIT:C133404
NCIT:C133401	NCIT:C133407
NCIT:C133401	NCIT:C133408
NCIT:C133404	NCIT:C133405
NCIT:C133404	NCIT:C133406
NCIT:C133408	NCIT:C133409
NCIT:C133408	NCIT:C133410
NCIT:C133411	NCIT:C8628
NCIT:C133411	NCIT:C8629
NCIT:C133411	NCIT:C8630
NCIT:C133411	NCIT:C8631
NCIT:C133411	NCIT:C8632
NCIT:C133412	NCIT:C133413
NCIT:C133412	NCIT:C133414
NCIT:C133412	NCIT:C133418
NCIT:C133412	NCIT:C133421
NCIT:C133412	NCIT:C133424
NCIT:C133414	NCIT:C133415
NCIT:C133414	NCIT:C133416
NCIT:C133414	NCIT:C133417
NCIT:C133418	NCIT:C133419
NCIT:C133418	NCIT:C133420
NCIT:C133421	NCIT:C133422
NCIT:C133421	NCIT:C133423
NCIT:C133424	NCIT:C133425
NCIT:C133424	NCIT:C133426
NCIT:C133432	NCIT:C133433
NCIT:C133432	NCIT:C133434
NCIT:C133432	NCIT:C133435
NCIT:C133432	NCIT:C133438
NCIT:C133435	NCIT:C133436
NCIT:C133435	NCIT:C133437
NCIT:C133438	NCIT:C133439
NCIT:C133438	NCIT:C133440
NCIT:C133442	NCIT:C5019
NCIT:C133442	NCIT:C5020
NCIT:C133442	NCIT:C5021
NCIT:C133442	NCIT:C5022
NCIT:C133442	NCIT:C5023
NCIT:C133443	NCIT:C133444
NCIT:C133443	NCIT:C133445
NCIT:C133443	NCIT:C133446
NCIT:C133444	NCIT:C133447
NCIT:C133444	NCIT:C133448
NCIT:C133444	NCIT:C133449
NCIT:C133444	NCIT:C133450
NCIT:C133444	NCIT:C133451
NCIT:C133445	NCIT:C133519
NCIT:C133445	NCIT:C133521
NCIT:C133445	NCIT:C133532
NCIT:C133445	NCIT:C133536
NCIT:C133445	NCIT:C133539
NCIT:C133446	NCIT:C133454
NCIT:C133446	NCIT:C133455
NCIT:C133446	NCIT:C133456
NCIT:C133446	NCIT:C133459
NCIT:C133451	NCIT:C133452
NCIT:C133451	NCIT:C133453
NCIT:C133456	NCIT:C133457
NCIT:C133456	NCIT:C133458
NCIT:C133459	NCIT:C133460
NCIT:C133459	NCIT:C133461
NCIT:C133494	NCIT:C188458
NCIT:C133494	NCIT:C202929
NCIT:C133494	NCIT:C213769
NCIT:C133494	NCIT:C213770
NCIT:C133501	NCIT:C36301
NCIT:C133503	NCIT:C36304
NCIT:C133504	NCIT:C179206
NCIT:C133521	NCIT:C133525
NCIT:C133521	NCIT:C133530
NCIT:C133532	NCIT:C133534
NCIT:C133532	NCIT:C133535
NCIT:C133536	NCIT:C133537
NCIT:C133536	NCIT:C133538
NCIT:C133539	NCIT:C133541
NCIT:C133539	NCIT:C133542
NCIT:C133548	NCIT:C133549
NCIT:C133548	NCIT:C133563
NCIT:C133548	NCIT:C133583
NCIT:C133549	NCIT:C133550
NCIT:C133549	NCIT:C133552
NCIT:C133549	NCIT:C133553
NCIT:C133549	NCIT:C133556
NCIT:C133549	NCIT:C133557
NCIT:C133553	NCIT:C133554
NCIT:C133553	NCIT:C133555
NCIT:C133557	NCIT:C133558
NCIT:C133557	NCIT:C133560
NCIT:C133563	NCIT:C133564
NCIT:C133563	NCIT:C133565
NCIT:C133563	NCIT:C133570
NCIT:C133563	NCIT:C133575
NCIT:C133563	NCIT:C133580
NCIT:C133565	NCIT:C133566
NCIT:C133565	NCIT:C133567
NCIT:C133565	NCIT:C133568
NCIT:C133570	NCIT:C133572
NCIT:C133570	NCIT:C133573
NCIT:C133575	NCIT:C133577
NCIT:C133575	NCIT:C133579
NCIT:C133580	NCIT:C133581
NCIT:C133580	NCIT:C133582
NCIT:C133583	NCIT:C133584
NCIT:C133583	NCIT:C133585
NCIT:C133583	NCIT:C133586
NCIT:C133583	NCIT:C133589
NCIT:C133586	NCIT:C133587
NCIT:C133586	NCIT:C133588
NCIT:C133589	NCIT:C133590
NCIT:C133589	NCIT:C133591
NCIT:C133592	NCIT:C136971
NCIT:C133592	NCIT:C8649
NCIT:C133592	NCIT:C8832
NCIT:C133592	NCIT:C8837
NCIT:C133638	NCIT:C133639
NCIT:C133638	NCIT:C133640
NCIT:C133638	NCIT:C133641
NCIT:C133639	NCIT:C133647
NCIT:C133639	NCIT:C133648
NCIT:C133639	NCIT:C133649
NCIT:C133639	NCIT:C133650
NCIT:C133639	NCIT:C133651
NCIT:C133640	NCIT:C133654
NCIT:C133640	NCIT:C133655
NCIT:C133640	NCIT:C133659
NCIT:C133640	NCIT:C133663
NCIT:C133640	NCIT:C133668
NCIT:C133641	NCIT:C133670
NCIT:C133641	NCIT:C133671
NCIT:C133641	NCIT:C133672
NCIT:C133641	NCIT:C133673
NCIT:C133649	NCIT:C133681
NCIT:C133649	NCIT:C133682
NCIT:C133651	NCIT:C133652
NCIT:C133651	NCIT:C133653
NCIT:C133655	NCIT:C133656
NCIT:C133655	NCIT:C133657
NCIT:C133659	NCIT:C133660
NCIT:C133659	NCIT:C133662
NCIT:C133663	NCIT:C133665
NCIT:C133663	NCIT:C133666
NCIT:C133663	NCIT:C133667
NCIT:C133709	NCIT:C115442
NCIT:C133709	NCIT:C162942
NCIT:C133709	NCIT:C172650
NCIT:C133709	NCIT:C176682
NCIT:C133709	NCIT:C208487
NCIT:C133709	NCIT:C214786
NCIT:C133709	NCIT:C214955
NCIT:C133713	NCIT:C157129
NCIT:C133716	NCIT:C134863
NCIT:C133716	NCIT:C4892
NCIT:C133716	NCIT:C5807
NCIT:C133716	NCIT:C5808
NCIT:C133716	NCIT:C5809
NCIT:C133716	NCIT:C5810
NCIT:C133731	NCIT:C174055
NCIT:C133732	NCIT:C174054
NCIT:C133733	NCIT:C4593
NCIT:C133733	NCIT:C87798
NCIT:C133733	NCIT:C87799
NCIT:C133733	NCIT:C87800
NCIT:C133733	NCIT:C87801
NCIT:C133733	NCIT:C87803
NCIT:C133733	NCIT:C87804
NCIT:C133733	NCIT:C87805
NCIT:C133733	NCIT:C87806
NCIT:C133733	NCIT:C87807
NCIT:C133733	NCIT:C87808
NCIT:C133736	NCIT:C142982
NCIT:C133736	NCIT:C8650
NCIT:C133736	NCIT:C8833
NCIT:C133736	NCIT:C8838
NCIT:C133737	NCIT:C148027
NCIT:C133737	NCIT:C178283
NCIT:C133737	NCIT:C192675
NCIT:C133787	NCIT:C6873
NCIT:C133787	NCIT:C7775
NCIT:C133787	NCIT:C7776
NCIT:C133787	NCIT:C7794
NCIT:C133787	NCIT:C9037
NCIT:C133794	NCIT:C133795
NCIT:C133794	NCIT:C133796
NCIT:C133794	NCIT:C133797
NCIT:C133794	NCIT:C133800
NCIT:C133794	NCIT:C133804
NCIT:C133795	NCIT:C157575
NCIT:C133797	NCIT:C133798
NCIT:C133797	NCIT:C133799
NCIT:C133800	NCIT:C133801
NCIT:C133800	NCIT:C133802
NCIT:C133800	NCIT:C133803
NCIT:C133839	NCIT:C151904
NCIT:C133839	NCIT:C151905
NCIT:C133839	NCIT:C153320
NCIT:C133839	NCIT:C153358
NCIT:C133839	NCIT:C155936
NCIT:C133839	NCIT:C156073
NCIT:C133839	NCIT:C156096
NCIT:C133839	NCIT:C156746
NCIT:C133839	NCIT:C162275
NCIT:C133839	NCIT:C163967
NCIT:C133839	NCIT:C170514
NCIT:C133839	NCIT:C206534
NCIT:C133839	NCIT:C214987
NCIT:C133839	NCIT:C217202
NCIT:C133839	NCIT:C8637
NCIT:C133893	NCIT:C133894
NCIT:C133893	NCIT:C133895
NCIT:C133893	NCIT:C133896
NCIT:C133893	NCIT:C133899
NCIT:C133893	NCIT:C133902
NCIT:C133896	NCIT:C133897
NCIT:C133896	NCIT:C133898
NCIT:C133899	NCIT:C133900
NCIT:C133899	NCIT:C133901
NCIT:C134117	NCIT:C134118
NCIT:C134117	NCIT:C134119
NCIT:C134117	NCIT:C134120
NCIT:C134117	NCIT:C134121
NCIT:C134117	NCIT:C134125
NCIT:C134117	NCIT:C134129
NCIT:C134121	NCIT:C134122
NCIT:C134121	NCIT:C134123
NCIT:C134121	NCIT:C134124
NCIT:C134125	NCIT:C134126
NCIT:C134125	NCIT:C134127
NCIT:C134125	NCIT:C134128
NCIT:C134129	NCIT:C134130
NCIT:C134129	NCIT:C134131
NCIT:C134129	NCIT:C134132
NCIT:C134153	NCIT:C209814
NCIT:C134154	NCIT:C138020
NCIT:C134154	NCIT:C138022
NCIT:C134154	NCIT:C138024
NCIT:C134154	NCIT:C142877
NCIT:C134154	NCIT:C153177
NCIT:C134154	NCIT:C157682
NCIT:C134154	NCIT:C160149
NCIT:C134154	NCIT:C187197
NCIT:C134154	NCIT:C223945
NCIT:C134154	NCIT:C7260
NCIT:C134154	NCIT:C8701
NCIT:C134154	NCIT:C8836
NCIT:C134157	NCIT:C138019
NCIT:C134157	NCIT:C138021
NCIT:C134157	NCIT:C138023
NCIT:C134157	NCIT:C142876
NCIT:C134157	NCIT:C147863
NCIT:C134157	NCIT:C153175
NCIT:C134157	NCIT:C157681
NCIT:C134157	NCIT:C187196
NCIT:C134157	NCIT:C223943
NCIT:C134157	NCIT:C4937
NCIT:C134157	NCIT:C7259
NCIT:C134157	NCIT:C9251
NCIT:C134168	NCIT:C134177
NCIT:C134168	NCIT:C136489
NCIT:C134168	NCIT:C212193
NCIT:C134168	NCIT:C212212
NCIT:C134172	NCIT:C134175
NCIT:C134172	NCIT:C212187
NCIT:C134172	NCIT:C212192
NCIT:C134172	NCIT:C212211
NCIT:C134180	NCIT:C134182
NCIT:C134180	NCIT:C134185
NCIT:C134180	NCIT:C134186
NCIT:C134180	NCIT:C134191
NCIT:C134180	NCIT:C134195
NCIT:C134180	NCIT:C134251
NCIT:C134180	NCIT:C134258
NCIT:C134182	NCIT:C134271
NCIT:C134182	NCIT:C134291
NCIT:C134185	NCIT:C134273
NCIT:C134185	NCIT:C134292
NCIT:C134186	NCIT:C134187
NCIT:C134186	NCIT:C134188
NCIT:C134186	NCIT:C134190
NCIT:C134186	NCIT:C134274
NCIT:C134186	NCIT:C134293
NCIT:C134187	NCIT:C134280
NCIT:C134187	NCIT:C134294
NCIT:C134188	NCIT:C134281
NCIT:C134188	NCIT:C134295
NCIT:C134190	NCIT:C134282
NCIT:C134190	NCIT:C134296
NCIT:C134191	NCIT:C134192
NCIT:C134191	NCIT:C134193
NCIT:C134191	NCIT:C134194
NCIT:C134191	NCIT:C134283
NCIT:C134191	NCIT:C134297
NCIT:C134192	NCIT:C134284
NCIT:C134192	NCIT:C134298
NCIT:C134193	NCIT:C134285
NCIT:C134193	NCIT:C134299
NCIT:C134194	NCIT:C134286
NCIT:C134194	NCIT:C134300
NCIT:C134195	NCIT:C134196
NCIT:C134195	NCIT:C134197
NCIT:C134195	NCIT:C134198
NCIT:C134195	NCIT:C134287
NCIT:C134195	NCIT:C134301
NCIT:C134196	NCIT:C134288
NCIT:C134196	NCIT:C134302
NCIT:C134197	NCIT:C134289
NCIT:C134197	NCIT:C134303
NCIT:C134198	NCIT:C134290
NCIT:C134198	NCIT:C134304
NCIT:C134251	NCIT:C134271
NCIT:C134251	NCIT:C134273
NCIT:C134251	NCIT:C134274
NCIT:C134251	NCIT:C134283
NCIT:C134251	NCIT:C134287
NCIT:C134258	NCIT:C134291
NCIT:C134258	NCIT:C134292
NCIT:C134258	NCIT:C134293
NCIT:C134258	NCIT:C134297
NCIT:C134258	NCIT:C134301
NCIT:C134274	NCIT:C134280
NCIT:C134274	NCIT:C134281
NCIT:C134274	NCIT:C134282
NCIT:C134283	NCIT:C134284
NCIT:C134283	NCIT:C134285
NCIT:C134283	NCIT:C134286
NCIT:C134287	NCIT:C134288
NCIT:C134287	NCIT:C134289
NCIT:C134287	NCIT:C134290
NCIT:C134293	NCIT:C134294
NCIT:C134293	NCIT:C134295
NCIT:C134293	NCIT:C134296
NCIT:C134297	NCIT:C134298
NCIT:C134297	NCIT:C134299
NCIT:C134297	NCIT:C134300
NCIT:C134301	NCIT:C134302
NCIT:C134301	NCIT:C134303
NCIT:C134301	NCIT:C134304
NCIT:C134319	NCIT:C174486
NCIT:C134319	NCIT:C180897
NCIT:C134319	NCIT:C187449
NCIT:C134319	NCIT:C213424
NCIT:C134514	NCIT:C88049
NCIT:C134514	NCIT:C88050
NCIT:C134514	NCIT:C88051
NCIT:C134514	NCIT:C88052
NCIT:C134514	NCIT:C88053
NCIT:C134514	NCIT:C88054
NCIT:C134515	NCIT:C134516
NCIT:C134515	NCIT:C134519
NCIT:C134515	NCIT:C134520
NCIT:C134515	NCIT:C134523
NCIT:C134516	NCIT:C134517
NCIT:C134516	NCIT:C134518
NCIT:C134520	NCIT:C134521
NCIT:C134520	NCIT:C134522
NCIT:C134523	NCIT:C134524
NCIT:C134523	NCIT:C134525
NCIT:C134526	NCIT:C120045
NCIT:C134526	NCIT:C120298
NCIT:C134526	NCIT:C122783
NCIT:C134526	NCIT:C124249
NCIT:C134526	NCIT:C128120
NCIT:C134526	NCIT:C128121
NCIT:C134526	NCIT:C128122
NCIT:C134526	NCIT:C128125
NCIT:C134526	NCIT:C128126
NCIT:C134526	NCIT:C128195
NCIT:C134526	NCIT:C129077
NCIT:C134526	NCIT:C129297
NCIT:C134526	NCIT:C129298
NCIT:C134526	NCIT:C129299
NCIT:C134526	NCIT:C129300
NCIT:C134526	NCIT:C132275
NCIT:C134526	NCIT:C132276
NCIT:C134526	NCIT:C132823
NCIT:C134526	NCIT:C134944
NCIT:C134526	NCIT:C134956
NCIT:C134526	NCIT:C147073
NCIT:C134526	NCIT:C158783
NCIT:C134526	NCIT:C158784
NCIT:C134526	NCIT:C158785
NCIT:C134526	NCIT:C158786
NCIT:C134526	NCIT:C161006
NCIT:C134526	NCIT:C162473
NCIT:C134526	NCIT:C176701
NCIT:C134526	NCIT:C205646
NCIT:C134527	NCIT:C131469
NCIT:C134527	NCIT:C131472
NCIT:C134527	NCIT:C134767
NCIT:C134527	NCIT:C134768
NCIT:C134533	NCIT:C124251
NCIT:C134533	NCIT:C134526
NCIT:C134533	NCIT:C134527
NCIT:C134533	NCIT:C134563
NCIT:C134533	NCIT:C134564
NCIT:C134533	NCIT:C134574
NCIT:C134533	NCIT:C134766
NCIT:C134533	NCIT:C134769
NCIT:C134533	NCIT:C134771
NCIT:C134533	NCIT:C134774
NCIT:C134533	NCIT:C134781
NCIT:C134533	NCIT:C134783
NCIT:C134533	NCIT:C134784
NCIT:C134533	NCIT:C134785
NCIT:C134533	NCIT:C134786
NCIT:C134533	NCIT:C134943
NCIT:C134533	NCIT:C134950
NCIT:C134533	NCIT:C134951
NCIT:C134533	NCIT:C134955
NCIT:C134533	NCIT:C134959
NCIT:C134533	NCIT:C134963
NCIT:C134533	NCIT:C134964
NCIT:C134533	NCIT:C134988
NCIT:C134533	NCIT:C134999
NCIT:C134533	NCIT:C135000
NCIT:C134533	NCIT:C135001
NCIT:C134533	NCIT:C135003
NCIT:C134533	NCIT:C136978
NCIT:C134533	NCIT:C141365
NCIT:C134533	NCIT:C147532
NCIT:C134533	NCIT:C182077
NCIT:C134533	NCIT:C198600
NCIT:C134533	NCIT:C222358
NCIT:C134533	NCIT:C222359
NCIT:C134574	NCIT:C215148
NCIT:C134576	NCIT:C103391
NCIT:C134576	NCIT:C103392
NCIT:C134576	NCIT:C103393
NCIT:C134576	NCIT:C103394
NCIT:C134576	NCIT:C111199
NCIT:C134576	NCIT:C112275
NCIT:C134576	NCIT:C112276
NCIT:C134576	NCIT:C114108
NCIT:C134576	NCIT:C114109
NCIT:C134576	NCIT:C114110
NCIT:C134576	NCIT:C114111
NCIT:C134576	NCIT:C114112
NCIT:C134576	NCIT:C114113
NCIT:C134576	NCIT:C114114
NCIT:C134576	NCIT:C114115
NCIT:C134576	NCIT:C114235
NCIT:C134576	NCIT:C116214
NCIT:C134576	NCIT:C116215
NCIT:C134576	NCIT:C117977
NCIT:C134576	NCIT:C119574
NCIT:C134576	NCIT:C119575
NCIT:C134576	NCIT:C119576
NCIT:C134576	NCIT:C119577
NCIT:C134576	NCIT:C124608
NCIT:C134576	NCIT:C124610
NCIT:C134576	NCIT:C124611
NCIT:C134576	NCIT:C124612
NCIT:C134576	NCIT:C124613
NCIT:C134576	NCIT:C124615
NCIT:C134576	NCIT:C126084
NCIT:C134576	NCIT:C126085
NCIT:C134576	NCIT:C126086
NCIT:C134576	NCIT:C126087
NCIT:C134576	NCIT:C126088
NCIT:C134576	NCIT:C127811
NCIT:C134576	NCIT:C130197
NCIT:C134576	NCIT:C134533
NCIT:C134576	NCIT:C142368
NCIT:C134576	NCIT:C154892
NCIT:C134576	NCIT:C156607
NCIT:C134576	NCIT:C156608
NCIT:C134576	NCIT:C156609
NCIT:C134576	NCIT:C156610
NCIT:C134576	NCIT:C156611
NCIT:C134576	NCIT:C156612
NCIT:C134576	NCIT:C156613
NCIT:C134576	NCIT:C176392
NCIT:C134576	NCIT:C176393
NCIT:C134576	NCIT:C176394
NCIT:C134576	NCIT:C176395
NCIT:C134576	NCIT:C221697
NCIT:C134576	NCIT:C221698
NCIT:C134576	NCIT:C79953
NCIT:C134576	NCIT:C80349
NCIT:C134576	NCIT:C80350
NCIT:C134576	NCIT:C80356
NCIT:C134576	NCIT:C82973
NCIT:C134576	NCIT:C84356
NCIT:C134576	NCIT:C84357
NCIT:C134576	NCIT:C98708
NCIT:C134576	NCIT:C98709
NCIT:C134576	NCIT:C98723
NCIT:C134576	NCIT:C98794
NCIT:C134576	NCIT:C98800
NCIT:C134576	NCIT:C98801
NCIT:C134604	NCIT:C134609
NCIT:C134604	NCIT:C134610
NCIT:C134604	NCIT:C134614
NCIT:C134604	NCIT:C134615
NCIT:C134604	NCIT:C134619
NCIT:C134604	NCIT:C134755
NCIT:C134609	NCIT:C134756
NCIT:C134610	NCIT:C134611
NCIT:C134610	NCIT:C134612
NCIT:C134610	NCIT:C134757
NCIT:C134611	NCIT:C134758
NCIT:C134612	NCIT:C134759
NCIT:C134614	NCIT:C134760
NCIT:C134615	NCIT:C134616
NCIT:C134615	NCIT:C134618
NCIT:C134615	NCIT:C134761
NCIT:C134616	NCIT:C134762
NCIT:C134618	NCIT:C134763
NCIT:C134619	NCIT:C134764
NCIT:C134660	NCIT:C134663
NCIT:C134660	NCIT:C134665
NCIT:C134660	NCIT:C134667
NCIT:C134660	NCIT:C134672
NCIT:C134660	NCIT:C134675
NCIT:C134667	NCIT:C134670
NCIT:C134667	NCIT:C134671
NCIT:C134672	NCIT:C134673
NCIT:C134672	NCIT:C134674
NCIT:C134675	NCIT:C134676
NCIT:C134675	NCIT:C134678
NCIT:C134742	NCIT:C88058
NCIT:C134742	NCIT:C88059
NCIT:C134742	NCIT:C88060
NCIT:C134742	NCIT:C88061
NCIT:C134742	NCIT:C88062
NCIT:C134742	NCIT:C88063
NCIT:C134742	NCIT:C88064
NCIT:C134743	NCIT:C134744
NCIT:C134743	NCIT:C134745
NCIT:C134743	NCIT:C134746
NCIT:C134743	NCIT:C134747
NCIT:C134743	NCIT:C134751
NCIT:C134747	NCIT:C134748
NCIT:C134747	NCIT:C134749
NCIT:C134747	NCIT:C134750
NCIT:C134751	NCIT:C134752
NCIT:C134751	NCIT:C134753
NCIT:C134755	NCIT:C134756
NCIT:C134755	NCIT:C134757
NCIT:C134755	NCIT:C134760
NCIT:C134755	NCIT:C134761
NCIT:C134755	NCIT:C134764
NCIT:C134757	NCIT:C134758
NCIT:C134757	NCIT:C134759
NCIT:C134761	NCIT:C134762
NCIT:C134761	NCIT:C134763
NCIT:C134810	NCIT:C88089
NCIT:C134810	NCIT:C88090
NCIT:C134810	NCIT:C88091
NCIT:C134810	NCIT:C88092
NCIT:C134810	NCIT:C88093
NCIT:C134810	NCIT:C88094
NCIT:C134810	NCIT:C88095
NCIT:C134811	NCIT:C134812
NCIT:C134811	NCIT:C134813
NCIT:C134811	NCIT:C134814
NCIT:C134811	NCIT:C134817
NCIT:C134811	NCIT:C134820
NCIT:C134814	NCIT:C134815
NCIT:C134814	NCIT:C134816
NCIT:C134817	NCIT:C134818
NCIT:C134817	NCIT:C134819
NCIT:C134863	NCIT:C4444
NCIT:C134863	NCIT:C6651
NCIT:C134863	NCIT:C6652
NCIT:C134863	NCIT:C6653
NCIT:C134863	NCIT:C6654
NCIT:C134864	NCIT:C134865
NCIT:C134864	NCIT:C134866
NCIT:C134864	NCIT:C134869
NCIT:C134864	NCIT:C134872
NCIT:C134864	NCIT:C134875
NCIT:C134866	NCIT:C134867
NCIT:C134866	NCIT:C134868
NCIT:C134869	NCIT:C134870
NCIT:C134869	NCIT:C134871
NCIT:C134872	NCIT:C134873
NCIT:C134872	NCIT:C134874
NCIT:C134902	NCIT:C5711
NCIT:C134902	NCIT:C5729
NCIT:C134902	NCIT:C7785
NCIT:C134902	NCIT:C7786
NCIT:C134902	NCIT:C7787
NCIT:C134909	NCIT:C134914
NCIT:C134909	NCIT:C134915
NCIT:C134909	NCIT:C134921
NCIT:C134909	NCIT:C134928
NCIT:C134909	NCIT:C134930
NCIT:C134915	NCIT:C134917
NCIT:C134915	NCIT:C134920
NCIT:C134921	NCIT:C134925
NCIT:C134921	NCIT:C134927
NCIT:C134942	NCIT:C60527
NCIT:C134942	NCIT:C60528
NCIT:C134952	NCIT:C150646
NCIT:C134952	NCIT:C150647
NCIT:C134988	NCIT:C133089
NCIT:C134988	NCIT:C133090
NCIT:C134988	NCIT:C134565
NCIT:C134988	NCIT:C134566
NCIT:C134988	NCIT:C134567
NCIT:C134988	NCIT:C134568
NCIT:C134988	NCIT:C134775
NCIT:C134988	NCIT:C134776
NCIT:C134988	NCIT:C134777
NCIT:C134988	NCIT:C134946
NCIT:C134988	NCIT:C134957
NCIT:C134988	NCIT:C134990
NCIT:C134988	NCIT:C134991
NCIT:C134988	NCIT:C134992
NCIT:C134988	NCIT:C134993
NCIT:C134988	NCIT:C134994
NCIT:C134988	NCIT:C135723
NCIT:C134989	NCIT:C133738
NCIT:C134989	NCIT:C133739
NCIT:C134989	NCIT:C133740
NCIT:C134989	NCIT:C133741
NCIT:C134989	NCIT:C133883
NCIT:C134989	NCIT:C134998
NCIT:C135005	NCIT:C134556
NCIT:C135005	NCIT:C134557
NCIT:C135005	NCIT:C134558
NCIT:C135005	NCIT:C134945
NCIT:C135005	NCIT:C135004
NCIT:C135005	NCIT:C17466
NCIT:C135006	NCIT:C134572
NCIT:C135006	NCIT:C134575
NCIT:C135017	NCIT:C128797
NCIT:C135017	NCIT:C128798
NCIT:C135017	NCIT:C162642
NCIT:C135017	NCIT:C176858
NCIT:C135017	NCIT:C207076
NCIT:C135017	NCIT:C3512
NCIT:C135045	NCIT:C135046
NCIT:C135045	NCIT:C135047
NCIT:C135045	NCIT:C135048
NCIT:C135045	NCIT:C135049
NCIT:C135075	NCIT:C135076
NCIT:C135075	NCIT:C135077
NCIT:C135075	NCIT:C135078
NCIT:C135075	NCIT:C135079
NCIT:C135080	NCIT:C135075
NCIT:C135080	NCIT:C160442
NCIT:C135080	NCIT:C172672
NCIT:C135080	NCIT:C207853
NCIT:C135080	NCIT:C210699
NCIT:C135080	NCIT:C27407
NCIT:C135080	NCIT:C5731
NCIT:C135080	NCIT:C6425
NCIT:C135081	NCIT:C135082
NCIT:C135081	NCIT:C135083
NCIT:C135081	NCIT:C135084
NCIT:C135081	NCIT:C135085
NCIT:C135090	NCIT:C135119
NCIT:C135090	NCIT:C160437
NCIT:C135090	NCIT:C172668
NCIT:C135090	NCIT:C208155
NCIT:C135090	NCIT:C5787
NCIT:C135090	NCIT:C6429
NCIT:C135092	NCIT:C135124
NCIT:C135092	NCIT:C160440
NCIT:C135092	NCIT:C172667
NCIT:C135092	NCIT:C208156
NCIT:C135092	NCIT:C4935
NCIT:C135119	NCIT:C135120
NCIT:C135119	NCIT:C135121
NCIT:C135119	NCIT:C135122
NCIT:C135119	NCIT:C135123
NCIT:C135124	NCIT:C135125
NCIT:C135124	NCIT:C135126
NCIT:C135124	NCIT:C135127
NCIT:C135124	NCIT:C135128
NCIT:C135129	NCIT:C135155
NCIT:C135129	NCIT:C88027
NCIT:C135129	NCIT:C88028
NCIT:C135129	NCIT:C88029
NCIT:C135129	NCIT:C88030
NCIT:C135129	NCIT:C88031
NCIT:C135129	NCIT:C88032
NCIT:C135129	NCIT:C88033
NCIT:C135155	NCIT:C87809
NCIT:C135155	NCIT:C87810
NCIT:C135155	NCIT:C87811
NCIT:C135155	NCIT:C87812
NCIT:C135156	NCIT:C135157
NCIT:C135156	NCIT:C135158
NCIT:C135156	NCIT:C135159
NCIT:C135156	NCIT:C135160
NCIT:C135176	NCIT:C135193
NCIT:C135176	NCIT:C135194
NCIT:C135176	NCIT:C135195
NCIT:C135176	NCIT:C135196
NCIT:C135177	NCIT:C135197
NCIT:C135177	NCIT:C135198
NCIT:C135177	NCIT:C135199
NCIT:C135177	NCIT:C135200
NCIT:C135180	NCIT:C135201
NCIT:C135180	NCIT:C135202
NCIT:C135180	NCIT:C135203
NCIT:C135180	NCIT:C135204
NCIT:C135205	NCIT:C135206
NCIT:C135205	NCIT:C135207
NCIT:C135205	NCIT:C135208
NCIT:C135205	NCIT:C135209
NCIT:C135205	NCIT:C135210
NCIT:C135205	NCIT:C135211
NCIT:C135205	NCIT:C135214
NCIT:C135205	NCIT:C135527
NCIT:C135206	NCIT:C135368
NCIT:C135206	NCIT:C135528
NCIT:C135207	NCIT:C135369
NCIT:C135207	NCIT:C135529
NCIT:C135208	NCIT:C135370
NCIT:C135208	NCIT:C135530
NCIT:C135209	NCIT:C135524
NCIT:C135209	NCIT:C135531
NCIT:C135210	NCIT:C135525
NCIT:C135210	NCIT:C135532
NCIT:C135211	NCIT:C135526
NCIT:C135211	NCIT:C135533
NCIT:C135212	NCIT:C135214
NCIT:C135212	NCIT:C160443
NCIT:C135212	NCIT:C172702
NCIT:C135212	NCIT:C203386
NCIT:C135212	NCIT:C203387
NCIT:C135212	NCIT:C203388
NCIT:C135212	NCIT:C203389
NCIT:C135212	NCIT:C203390
NCIT:C135212	NCIT:C208091
NCIT:C135212	NCIT:C27446
NCIT:C135212	NCIT:C27447
NCIT:C135212	NCIT:C5497
NCIT:C135213	NCIT:C135527
NCIT:C135213	NCIT:C160451
NCIT:C135213	NCIT:C172703
NCIT:C135213	NCIT:C208092
NCIT:C135213	NCIT:C5547
NCIT:C135214	NCIT:C135368
NCIT:C135214	NCIT:C135369
NCIT:C135214	NCIT:C135370
NCIT:C135214	NCIT:C135524
NCIT:C135214	NCIT:C135525
NCIT:C135214	NCIT:C135526
NCIT:C135527	NCIT:C135528
NCIT:C135527	NCIT:C135529
NCIT:C135527	NCIT:C135530
NCIT:C135527	NCIT:C135531
NCIT:C135527	NCIT:C135532
NCIT:C135527	NCIT:C135533
NCIT:C135560	NCIT:C135561
NCIT:C135560	NCIT:C135562
NCIT:C135560	NCIT:C135563
NCIT:C135560	NCIT:C135564
NCIT:C136320	NCIT:C136322
NCIT:C136320	NCIT:C136323
NCIT:C136320	NCIT:C136325
NCIT:C136320	NCIT:C136329
NCIT:C136320	NCIT:C136345
NCIT:C136322	NCIT:C136348
NCIT:C136323	NCIT:C136349
NCIT:C136325	NCIT:C136327
NCIT:C136325	NCIT:C136328
NCIT:C136325	NCIT:C136350
NCIT:C136327	NCIT:C136351
NCIT:C136328	NCIT:C136352
NCIT:C136329	NCIT:C136330
NCIT:C136329	NCIT:C136331
NCIT:C136329	NCIT:C136353
NCIT:C136330	NCIT:C136354
NCIT:C136331	NCIT:C136356
NCIT:C136345	NCIT:C136348
NCIT:C136345	NCIT:C136349
NCIT:C136345	NCIT:C136350
NCIT:C136345	NCIT:C136353
NCIT:C136350	NCIT:C136351
NCIT:C136350	NCIT:C136352
NCIT:C136353	NCIT:C136354
NCIT:C136353	NCIT:C136356
NCIT:C136374	NCIT:C6646
NCIT:C136374	NCIT:C6647
NCIT:C136374	NCIT:C6648
NCIT:C136374	NCIT:C6649
NCIT:C136399	NCIT:C136400
NCIT:C136399	NCIT:C136402
NCIT:C136399	NCIT:C136403
NCIT:C136399	NCIT:C136406
NCIT:C136400	NCIT:C136401
NCIT:C136400	NCIT:C136409
NCIT:C136403	NCIT:C136404
NCIT:C136403	NCIT:C136405
NCIT:C136427	NCIT:C162833
NCIT:C136427	NCIT:C172644
NCIT:C136427	NCIT:C172645
NCIT:C136427	NCIT:C172646
NCIT:C136427	NCIT:C172647
NCIT:C136427	NCIT:C172651
NCIT:C136427	NCIT:C176513
NCIT:C136427	NCIT:C200088
NCIT:C136427	NCIT:C214786
NCIT:C136427	NCIT:C224624
NCIT:C136467	NCIT:C136468
NCIT:C136467	NCIT:C136469
NCIT:C136467	NCIT:C136470
NCIT:C136467	NCIT:C136475
NCIT:C136467	NCIT:C136478
NCIT:C136467	NCIT:C136482
NCIT:C136470	NCIT:C136471
NCIT:C136470	NCIT:C136472
NCIT:C136470	NCIT:C136473
NCIT:C136470	NCIT:C136474
NCIT:C136475	NCIT:C136476
NCIT:C136475	NCIT:C136477
NCIT:C136478	NCIT:C136479
NCIT:C136478	NCIT:C136480
NCIT:C136478	NCIT:C136481
NCIT:C136482	NCIT:C136483
NCIT:C136482	NCIT:C136484
NCIT:C136486	NCIT:C136716
NCIT:C136486	NCIT:C136717
NCIT:C136488	NCIT:C122624
NCIT:C136488	NCIT:C126309
NCIT:C136488	NCIT:C142812
NCIT:C136488	NCIT:C150510
NCIT:C136490	NCIT:C8758
NCIT:C136490	NCIT:C8759
NCIT:C136490	NCIT:C8760
NCIT:C136490	NCIT:C8761
NCIT:C136490	NCIT:C8762
NCIT:C136491	NCIT:C136490
NCIT:C136491	NCIT:C136492
NCIT:C136491	NCIT:C136493
NCIT:C136491	NCIT:C4012
NCIT:C136491	NCIT:C6671
NCIT:C136491	NCIT:C7777
NCIT:C136491	NCIT:C7778
NCIT:C136491	NCIT:C9104
NCIT:C136492	NCIT:C8748
NCIT:C136492	NCIT:C8749
NCIT:C136492	NCIT:C8750
NCIT:C136492	NCIT:C8751
NCIT:C136492	NCIT:C8752
NCIT:C136493	NCIT:C35758
NCIT:C136493	NCIT:C6660
NCIT:C136493	NCIT:C8755
NCIT:C136493	NCIT:C8756
NCIT:C136493	NCIT:C9257
NCIT:C136494	NCIT:C8763
NCIT:C136494	NCIT:C8764
NCIT:C136494	NCIT:C8765
NCIT:C136494	NCIT:C8766
NCIT:C136494	NCIT:C8767
NCIT:C136496	NCIT:C6673
NCIT:C136496	NCIT:C6678
NCIT:C136496	NCIT:C6679
NCIT:C136496	NCIT:C6682
NCIT:C136517	NCIT:C115356
NCIT:C136517	NCIT:C188691
NCIT:C136517	NCIT:C191197
NCIT:C136610	NCIT:C136632
NCIT:C136610	NCIT:C87178
NCIT:C136610	NCIT:C87181
NCIT:C136610	NCIT:C87184
NCIT:C136610	NCIT:C87185
NCIT:C136612	NCIT:C136613
NCIT:C136612	NCIT:C136616
NCIT:C136612	NCIT:C136619
NCIT:C136612	NCIT:C136620
NCIT:C136613	NCIT:C136614
NCIT:C136613	NCIT:C136615
NCIT:C136616	NCIT:C136617
NCIT:C136616	NCIT:C136618
NCIT:C136620	NCIT:C136621
NCIT:C136620	NCIT:C136622
NCIT:C136632	NCIT:C136633
NCIT:C136632	NCIT:C6468
NCIT:C136632	NCIT:C6704
NCIT:C136632	NCIT:C6705
NCIT:C136632	NCIT:C6706
NCIT:C136633	NCIT:C6612
NCIT:C136633	NCIT:C6701
NCIT:C136633	NCIT:C6709
NCIT:C136633	NCIT:C6710
NCIT:C136649	NCIT:C217316
NCIT:C136651	NCIT:C153573
NCIT:C136693	NCIT:C136694
NCIT:C136693	NCIT:C136767
NCIT:C136693	NCIT:C136811
NCIT:C136694	NCIT:C136696
NCIT:C136694	NCIT:C136701
NCIT:C136694	NCIT:C136702
NCIT:C136694	NCIT:C136706
NCIT:C136696	NCIT:C136698
NCIT:C136696	NCIT:C136700
NCIT:C136702	NCIT:C136703
NCIT:C136702	NCIT:C136705
NCIT:C136707	NCIT:C6537
NCIT:C136707	NCIT:C6538
NCIT:C136707	NCIT:C8585
NCIT:C136707	NCIT:C8586
NCIT:C136708	NCIT:C8258
NCIT:C136708	NCIT:C8259
NCIT:C136708	NCIT:C8260
NCIT:C136708	NCIT:C9179
NCIT:C136719	NCIT:C8763
NCIT:C136767	NCIT:C136768
NCIT:C136767	NCIT:C136769
NCIT:C136768	NCIT:C136770
NCIT:C136768	NCIT:C136773
NCIT:C136768	NCIT:C136774
NCIT:C136768	NCIT:C136778
NCIT:C136769	NCIT:C136780
NCIT:C136769	NCIT:C136781
NCIT:C136769	NCIT:C136783
NCIT:C136769	NCIT:C136786
NCIT:C136770	NCIT:C136771
NCIT:C136770	NCIT:C136772
NCIT:C136774	NCIT:C136775
NCIT:C136774	NCIT:C136777
NCIT:C136783	NCIT:C136784
NCIT:C136783	NCIT:C136785
NCIT:C136811	NCIT:C136812
NCIT:C136811	NCIT:C136815
NCIT:C136811	NCIT:C136816
NCIT:C136811	NCIT:C136819
NCIT:C136812	NCIT:C136813
NCIT:C136812	NCIT:C136814
NCIT:C136816	NCIT:C136817
NCIT:C136816	NCIT:C136818
NCIT:C136869	NCIT:C85887
NCIT:C136869	NCIT:C85889
NCIT:C136869	NCIT:C85893
NCIT:C136869	NCIT:C85897
NCIT:C136869	NCIT:C85900
NCIT:C136870	NCIT:C136871
NCIT:C136870	NCIT:C136880
NCIT:C136871	NCIT:C136872
NCIT:C136871	NCIT:C136873
NCIT:C136871	NCIT:C136874
NCIT:C136871	NCIT:C136877
NCIT:C136871	NCIT:C136878
NCIT:C136874	NCIT:C136875
NCIT:C136874	NCIT:C136876
NCIT:C136880	NCIT:C136881
NCIT:C136880	NCIT:C136882
NCIT:C136880	NCIT:C136883
NCIT:C136880	NCIT:C136886
NCIT:C136880	NCIT:C136889
NCIT:C136883	NCIT:C136884
NCIT:C136883	NCIT:C136885
NCIT:C136886	NCIT:C136887
NCIT:C136886	NCIT:C136888
NCIT:C136978	NCIT:C176223
NCIT:C136978	NCIT:C176224
NCIT:C137645	NCIT:C137646
NCIT:C137645	NCIT:C137657
NCIT:C137646	NCIT:C137647
NCIT:C137646	NCIT:C137648
NCIT:C137646	NCIT:C137651
NCIT:C137646	NCIT:C137655
NCIT:C137646	NCIT:C137656
NCIT:C137648	NCIT:C137649
NCIT:C137648	NCIT:C137650
NCIT:C137651	NCIT:C137652
NCIT:C137651	NCIT:C137653
NCIT:C137651	NCIT:C137654
NCIT:C137657	NCIT:C137662
NCIT:C137657	NCIT:C137663
NCIT:C137657	NCIT:C137666
NCIT:C137657	NCIT:C137670
NCIT:C137657	NCIT:C137677
NCIT:C137663	NCIT:C137664
NCIT:C137663	NCIT:C137665
NCIT:C137666	NCIT:C137667
NCIT:C137666	NCIT:C137668
NCIT:C137666	NCIT:C137669
NCIT:C137670	NCIT:C137671
NCIT:C137670	NCIT:C137672
NCIT:C137670	NCIT:C137673
NCIT:C137670	NCIT:C137675
NCIT:C137802	NCIT:C120863
NCIT:C137802	NCIT:C120872
NCIT:C137802	NCIT:C129034
NCIT:C137802	NCIT:C131470
NCIT:C137802	NCIT:C139147
NCIT:C137802	NCIT:C146897
NCIT:C137802	NCIT:C161547
NCIT:C137802	NCIT:C161561
NCIT:C137802	NCIT:C184988
NCIT:C137802	NCIT:C187977
NCIT:C137802	NCIT:C219842
NCIT:C137802	NCIT:C3006
NCIT:C137802	NCIT:C84884
NCIT:C137857	NCIT:C208291
NCIT:C138019	NCIT:C146990
NCIT:C138019	NCIT:C213352
NCIT:C138019	NCIT:C222303
NCIT:C138020	NCIT:C146989
NCIT:C138020	NCIT:C213353
NCIT:C138020	NCIT:C222305
NCIT:C138023	NCIT:C176680
NCIT:C138024	NCIT:C176681
NCIT:C138167	NCIT:C138168
NCIT:C138167	NCIT:C138169
NCIT:C138167	NCIT:C138170
NCIT:C138183	NCIT:C115433
NCIT:C138184	NCIT:C137862
NCIT:C138195	NCIT:C125904
NCIT:C138195	NCIT:C131913
NCIT:C138211	NCIT:C138195
NCIT:C138211	NCIT:C160229
NCIT:C138211	NCIT:C160233
NCIT:C138211	NCIT:C37209
NCIT:C138211	NCIT:C80291
NCIT:C138320	NCIT:C202986
NCIT:C138320	NCIT:C202987
NCIT:C138320	NCIT:C27856
NCIT:C139001	NCIT:C142851
NCIT:C139001	NCIT:C148295
NCIT:C139001	NCIT:C148296
NCIT:C139001	NCIT:C156474
NCIT:C139001	NCIT:C158427
NCIT:C139001	NCIT:C162722
NCIT:C139001	NCIT:C171168
NCIT:C139001	NCIT:C180979
NCIT:C139001	NCIT:C185882
NCIT:C139001	NCIT:C187194
NCIT:C139001	NCIT:C188034
NCIT:C139002	NCIT:C153626
NCIT:C139002	NCIT:C158426
NCIT:C139002	NCIT:C169050
NCIT:C139002	NCIT:C170727
NCIT:C139002	NCIT:C173815
NCIT:C139002	NCIT:C180980
NCIT:C139002	NCIT:C213759
NCIT:C139002	NCIT:C217181
NCIT:C139002	NCIT:C5059
NCIT:C139002	NCIT:C7822
NCIT:C139002	NCIT:C7935
NCIT:C139002	NCIT:C8067
NCIT:C139002	NCIT:C8261
NCIT:C139002	NCIT:C8795
NCIT:C139002	NCIT:C8798
NCIT:C139002	NCIT:C8803
NCIT:C139002	NCIT:C8807
NCIT:C139002	NCIT:C8811
NCIT:C139002	NCIT:C8824
NCIT:C139002	NCIT:C8827
NCIT:C139005	NCIT:C139011
NCIT:C139005	NCIT:C168778
NCIT:C139005	NCIT:C168779
NCIT:C139005	NCIT:C7528
NCIT:C139005	NCIT:C80375
NCIT:C139008	NCIT:C7850
NCIT:C139008	NCIT:C7851
NCIT:C139008	NCIT:C7852
NCIT:C139009	NCIT:C70658
NCIT:C139009	NCIT:C70659
NCIT:C139009	NCIT:C70660
NCIT:C139011	NCIT:C212981
NCIT:C139011	NCIT:C212982
NCIT:C139012	NCIT:C176680
NCIT:C139012	NCIT:C176681
NCIT:C139288	NCIT:C225042
NCIT:C139288	NCIT:C225043
NCIT:C139291	NCIT:C150204
NCIT:C139291	NCIT:C150211
NCIT:C139291	NCIT:C171574
NCIT:C139291	NCIT:C173694
NCIT:C139291	NCIT:C208489
NCIT:C139291	NCIT:C219683
NCIT:C139532	NCIT:C139533
NCIT:C139532	NCIT:C139554
NCIT:C139533	NCIT:C139534
NCIT:C139533	NCIT:C139535
NCIT:C139533	NCIT:C139538
NCIT:C139533	NCIT:C139541
NCIT:C139533	NCIT:C139545
NCIT:C139534	NCIT:C2924
NCIT:C139535	NCIT:C139536
NCIT:C139535	NCIT:C139537
NCIT:C139538	NCIT:C139539
NCIT:C139538	NCIT:C139540
NCIT:C139541	NCIT:C139542
NCIT:C139541	NCIT:C139543
NCIT:C139541	NCIT:C139544
NCIT:C139543	NCIT:C9246
NCIT:C139545	NCIT:C7696
NCIT:C139547	NCIT:C128242
NCIT:C139547	NCIT:C139546
NCIT:C139554	NCIT:C139555
NCIT:C139554	NCIT:C139556
NCIT:C139554	NCIT:C139569
NCIT:C139554	NCIT:C139582
NCIT:C139554	NCIT:C139587
NCIT:C139556	NCIT:C139557
NCIT:C139556	NCIT:C139558
NCIT:C139569	NCIT:C139571
NCIT:C139569	NCIT:C139572
NCIT:C139582	NCIT:C139583
NCIT:C139582	NCIT:C139584
NCIT:C139582	NCIT:C139585
NCIT:C139618	NCIT:C139619
NCIT:C139618	NCIT:C139622
NCIT:C139618	NCIT:C139623
NCIT:C139618	NCIT:C139627
NCIT:C139619	NCIT:C139620
NCIT:C139619	NCIT:C139621
NCIT:C139623	NCIT:C139624
NCIT:C139623	NCIT:C139625
NCIT:C139623	NCIT:C139626
NCIT:C139627	NCIT:C139628
NCIT:C139627	NCIT:C139630
NCIT:C139657	NCIT:C139658
NCIT:C139657	NCIT:C139661
NCIT:C139657	NCIT:C139665
NCIT:C139657	NCIT:C139667
NCIT:C139658	NCIT:C139659
NCIT:C139658	NCIT:C139660
NCIT:C139661	NCIT:C139662
NCIT:C139661	NCIT:C139664
NCIT:C139667	NCIT:C139669
NCIT:C139667	NCIT:C139670
NCIT:C139681	NCIT:C160232
NCIT:C139681	NCIT:C160240
NCIT:C139733	NCIT:C139734
NCIT:C139733	NCIT:C139743
NCIT:C139733	NCIT:C139749
NCIT:C139733	NCIT:C139753
NCIT:C139734	NCIT:C139735
NCIT:C139734	NCIT:C139738
NCIT:C139735	NCIT:C139736
NCIT:C139735	NCIT:C139737
NCIT:C139738	NCIT:C139739
NCIT:C139738	NCIT:C139740
NCIT:C139743	NCIT:C139744
NCIT:C139743	NCIT:C139748
NCIT:C139744	NCIT:C139745
NCIT:C139744	NCIT:C139746
NCIT:C139749	NCIT:C139750
NCIT:C139749	NCIT:C139752
NCIT:C139753	NCIT:C139754
NCIT:C139753	NCIT:C139755
NCIT:C139801	NCIT:C139802
NCIT:C139801	NCIT:C139805
NCIT:C139801	NCIT:C139806
NCIT:C139801	NCIT:C139812
NCIT:C139802	NCIT:C139803
NCIT:C139802	NCIT:C139804
NCIT:C139806	NCIT:C139807
NCIT:C139806	NCIT:C139808
NCIT:C139806	NCIT:C139809
NCIT:C139809	NCIT:C139810
NCIT:C139809	NCIT:C139811
NCIT:C139812	NCIT:C139813
NCIT:C139812	NCIT:C139814
NCIT:C139869	NCIT:C139870
NCIT:C139869	NCIT:C139882
NCIT:C139869	NCIT:C139894
NCIT:C139870	NCIT:C139871
NCIT:C139870	NCIT:C139874
NCIT:C139870	NCIT:C139875
NCIT:C139870	NCIT:C139879
NCIT:C139871	NCIT:C139872
NCIT:C139871	NCIT:C139873
NCIT:C139875	NCIT:C139876
NCIT:C139875	NCIT:C139877
NCIT:C139875	NCIT:C139878
NCIT:C139879	NCIT:C139880
NCIT:C139879	NCIT:C139881
NCIT:C139882	NCIT:C139883
NCIT:C139882	NCIT:C139886
NCIT:C139882	NCIT:C139887
NCIT:C139882	NCIT:C139891
NCIT:C139883	NCIT:C139884
NCIT:C139883	NCIT:C139885
NCIT:C139887	NCIT:C139888
NCIT:C139887	NCIT:C139889
NCIT:C139887	NCIT:C139890
NCIT:C139891	NCIT:C139892
NCIT:C139891	NCIT:C139893
NCIT:C139894	NCIT:C139895
NCIT:C139894	NCIT:C139899
NCIT:C139894	NCIT:C139900
NCIT:C139894	NCIT:C139904
NCIT:C139895	NCIT:C139896
NCIT:C139895	NCIT:C139897
NCIT:C139895	NCIT:C139898
NCIT:C139900	NCIT:C139901
NCIT:C139900	NCIT:C139902
NCIT:C139900	NCIT:C139903
NCIT:C139904	NCIT:C139905
NCIT:C139904	NCIT:C139906
NCIT:C139963	NCIT:C139964
NCIT:C139963	NCIT:C139968
NCIT:C139963	NCIT:C139971
NCIT:C139963	NCIT:C139977
NCIT:C139964	NCIT:C139965
NCIT:C139964	NCIT:C139966
NCIT:C139964	NCIT:C139967
NCIT:C139968	NCIT:C139969
NCIT:C139968	NCIT:C139970
NCIT:C139971	NCIT:C139972
NCIT:C139971	NCIT:C139975
NCIT:C139971	NCIT:C139976
NCIT:C139972	NCIT:C139973
NCIT:C139972	NCIT:C139974
NCIT:C139977	NCIT:C139978
NCIT:C139977	NCIT:C139979
NCIT:C139983	NCIT:C139984
NCIT:C139983	NCIT:C139988
NCIT:C139983	NCIT:C139991
NCIT:C139983	NCIT:C139997
NCIT:C139984	NCIT:C139985
NCIT:C139984	NCIT:C139986
NCIT:C139984	NCIT:C139987
NCIT:C139988	NCIT:C139989
NCIT:C139988	NCIT:C139990
NCIT:C139991	NCIT:C139992
NCIT:C139991	NCIT:C139995
NCIT:C139991	NCIT:C139996
NCIT:C139992	NCIT:C139993
NCIT:C139992	NCIT:C139994
NCIT:C139997	NCIT:C139998
NCIT:C139997	NCIT:C139999
NCIT:C140003	NCIT:C115094
NCIT:C140003	NCIT:C115098
NCIT:C140004	NCIT:C140005
NCIT:C140004	NCIT:C140008
NCIT:C140004	NCIT:C140012
NCIT:C140005	NCIT:C140006
NCIT:C140005	NCIT:C140007
NCIT:C140008	NCIT:C140009
NCIT:C140008	NCIT:C140010
NCIT:C140008	NCIT:C140011
NCIT:C140012	NCIT:C140013
NCIT:C140012	NCIT:C140014
NCIT:C140032	NCIT:C87150
NCIT:C140032	NCIT:C87153
NCIT:C140032	NCIT:C87156
NCIT:C140032	NCIT:C87159
NCIT:C140033	NCIT:C140034
NCIT:C140033	NCIT:C140035
NCIT:C140033	NCIT:C140036
NCIT:C140033	NCIT:C140037
NCIT:C140075	NCIT:C140076
NCIT:C140075	NCIT:C140079
NCIT:C140075	NCIT:C140080
NCIT:C140075	NCIT:C140084
NCIT:C140075	NCIT:C140087
NCIT:C140076	NCIT:C140077
NCIT:C140076	NCIT:C140078
NCIT:C140080	NCIT:C140081
NCIT:C140080	NCIT:C140083
NCIT:C140084	NCIT:C140085
NCIT:C140084	NCIT:C140086
NCIT:C140091	NCIT:C158150
NCIT:C140091	NCIT:C165791
NCIT:C140163	NCIT:C140164
NCIT:C140163	NCIT:C140165
NCIT:C140163	NCIT:C140169
NCIT:C140163	NCIT:C140173
NCIT:C140165	NCIT:C140166
NCIT:C140165	NCIT:C140167
NCIT:C140165	NCIT:C140168
NCIT:C140169	NCIT:C140170
NCIT:C140169	NCIT:C140171
NCIT:C140169	NCIT:C140172
NCIT:C140173	NCIT:C140174
NCIT:C140173	NCIT:C140175
NCIT:C140225	NCIT:C140226
NCIT:C140225	NCIT:C140227
NCIT:C140225	NCIT:C140233
NCIT:C140225	NCIT:C140237
NCIT:C140226	NCIT:C40345
NCIT:C140227	NCIT:C140228
NCIT:C140227	NCIT:C140229
NCIT:C140227	NCIT:C140232
NCIT:C140233	NCIT:C140234
NCIT:C140233	NCIT:C140235
NCIT:C140233	NCIT:C140236
NCIT:C140237	NCIT:C140238
NCIT:C140237	NCIT:C140239
NCIT:C140237	NCIT:C140240
NCIT:C140241	NCIT:C4523
NCIT:C140241	NCIT:C7901
NCIT:C140241	NCIT:C9073
NCIT:C140241	NCIT:C9074
NCIT:C140264	NCIT:C118788
NCIT:C140264	NCIT:C168999
NCIT:C140267	NCIT:C129981
NCIT:C140267	NCIT:C142893
NCIT:C140267	NCIT:C148317
NCIT:C140267	NCIT:C157150
NCIT:C140267	NCIT:C164224
NCIT:C140267	NCIT:C170435
NCIT:C140267	NCIT:C177250
NCIT:C140267	NCIT:C179863
NCIT:C140267	NCIT:C181657
NCIT:C140267	NCIT:C188989
NCIT:C140267	NCIT:C189921
NCIT:C140267	NCIT:C190870
NCIT:C140267	NCIT:C192058
NCIT:C140267	NCIT:C212890
NCIT:C140268	NCIT:C84718
NCIT:C140322	NCIT:C140323
NCIT:C140322	NCIT:C140324
NCIT:C140322	NCIT:C140325
NCIT:C140322	NCIT:C140326
NCIT:C140329	NCIT:C140328
NCIT:C140355	NCIT:C140356
NCIT:C140355	NCIT:C140357
NCIT:C140355	NCIT:C140358
NCIT:C140355	NCIT:C140361
NCIT:C140355	NCIT:C140364
NCIT:C140355	NCIT:C140367
NCIT:C140355	NCIT:C140370
NCIT:C140355	NCIT:C140373
NCIT:C140356	NCIT:C140359
NCIT:C140356	NCIT:C140362
NCIT:C140356	NCIT:C140365
NCIT:C140356	NCIT:C140368
NCIT:C140356	NCIT:C140371
NCIT:C140356	NCIT:C140374
NCIT:C140357	NCIT:C140360
NCIT:C140357	NCIT:C140363
NCIT:C140357	NCIT:C140366
NCIT:C140357	NCIT:C140369
NCIT:C140357	NCIT:C140372
NCIT:C140357	NCIT:C140375
NCIT:C140358	NCIT:C140359
NCIT:C140358	NCIT:C140360
NCIT:C140361	NCIT:C140362
NCIT:C140361	NCIT:C140363
NCIT:C140364	NCIT:C140365
NCIT:C140364	NCIT:C140366
NCIT:C140367	NCIT:C140368
NCIT:C140367	NCIT:C140369
NCIT:C140370	NCIT:C140371
NCIT:C140370	NCIT:C140372
NCIT:C140373	NCIT:C140374
NCIT:C140373	NCIT:C140375
NCIT:C140376	NCIT:C140377
NCIT:C140376	NCIT:C140378
NCIT:C140376	NCIT:C39850
NCIT:C140376	NCIT:C7519
NCIT:C140376	NCIT:C7520
NCIT:C140376	NCIT:C7521
NCIT:C140376	NCIT:C7522
NCIT:C140377	NCIT:C6144
NCIT:C140377	NCIT:C6145
NCIT:C140377	NCIT:C6146
NCIT:C140377	NCIT:C6147
NCIT:C140377	NCIT:C6193
NCIT:C140378	NCIT:C6149
NCIT:C140378	NCIT:C6150
NCIT:C140378	NCIT:C6151
NCIT:C140378	NCIT:C6152
NCIT:C140378	NCIT:C6153
NCIT:C140416	NCIT:C140417
NCIT:C140416	NCIT:C140418
NCIT:C140416	NCIT:C140419
NCIT:C140416	NCIT:C140420
NCIT:C140416	NCIT:C140421
NCIT:C140416	NCIT:C140424
NCIT:C140421	NCIT:C140422
NCIT:C140421	NCIT:C140423
NCIT:C140424	NCIT:C140425
NCIT:C140424	NCIT:C140426
NCIT:C140457	NCIT:C140458
NCIT:C140457	NCIT:C140459
NCIT:C140457	NCIT:C140460
NCIT:C140457	NCIT:C140461
NCIT:C140457	NCIT:C140462
NCIT:C140457	NCIT:C140463
NCIT:C140464	NCIT:C6195
NCIT:C140464	NCIT:C6197
NCIT:C140464	NCIT:C6198
NCIT:C140464	NCIT:C6199
NCIT:C140464	NCIT:C6200
NCIT:C140511	NCIT:C88120
NCIT:C140511	NCIT:C88121
NCIT:C140511	NCIT:C88122
NCIT:C140511	NCIT:C88125
NCIT:C140511	NCIT:C88127
NCIT:C140511	NCIT:C88129
NCIT:C140511	NCIT:C88131
NCIT:C140511	NCIT:C88132
NCIT:C140511	NCIT:C88133
NCIT:C140513	NCIT:C140515
NCIT:C140513	NCIT:C140516
NCIT:C140513	NCIT:C140519
NCIT:C140513	NCIT:C140522
NCIT:C140513	NCIT:C140525
NCIT:C140515	NCIT:C213313
NCIT:C140516	NCIT:C140517
NCIT:C140516	NCIT:C140518
NCIT:C140519	NCIT:C140520
NCIT:C140519	NCIT:C140521
NCIT:C140522	NCIT:C140523
NCIT:C140522	NCIT:C140524
NCIT:C140659	NCIT:C140660
NCIT:C140659	NCIT:C140661
NCIT:C140659	NCIT:C140664
NCIT:C140659	NCIT:C140668
NCIT:C140661	NCIT:C140662
NCIT:C140661	NCIT:C140663
NCIT:C140664	NCIT:C140665
NCIT:C140664	NCIT:C140666
NCIT:C140664	NCIT:C140667
NCIT:C140672	NCIT:C5577
NCIT:C140672	NCIT:C5578
NCIT:C140672	NCIT:C5579
NCIT:C140672	NCIT:C5580
NCIT:C140750	NCIT:C140751
NCIT:C140750	NCIT:C140756
NCIT:C140751	NCIT:C140752
NCIT:C140751	NCIT:C140753
NCIT:C140751	NCIT:C140754
NCIT:C140751	NCIT:C140755
NCIT:C140756	NCIT:C140757
NCIT:C140756	NCIT:C140758
NCIT:C140756	NCIT:C140759
NCIT:C140756	NCIT:C140760
NCIT:C140958	NCIT:C9084
NCIT:C140958	NCIT:C9085
NCIT:C140958	NCIT:C9086
NCIT:C140958	NCIT:C9121
NCIT:C140959	NCIT:C140958
NCIT:C140959	NCIT:C140960
NCIT:C140959	NCIT:C87543
NCIT:C140959	NCIT:C87544
NCIT:C140959	NCIT:C87545
NCIT:C140959	NCIT:C87546
NCIT:C140959	NCIT:C87547
NCIT:C140959	NCIT:C87548
NCIT:C140960	NCIT:C9081
NCIT:C140960	NCIT:C9082
NCIT:C140960	NCIT:C9083
NCIT:C140960	NCIT:C9122
NCIT:C140965	NCIT:C140966
NCIT:C140965	NCIT:C140969
NCIT:C140965	NCIT:C140972
NCIT:C140965	NCIT:C140973
NCIT:C140965	NCIT:C140976
NCIT:C140965	NCIT:C140987
NCIT:C140966	NCIT:C140967
NCIT:C140966	NCIT:C140968
NCIT:C140966	NCIT:C140977
NCIT:C140966	NCIT:C140988
NCIT:C140967	NCIT:C140978
NCIT:C140967	NCIT:C140989
NCIT:C140968	NCIT:C140979
NCIT:C140968	NCIT:C140990
NCIT:C140969	NCIT:C140970
NCIT:C140969	NCIT:C140971
NCIT:C140969	NCIT:C140980
NCIT:C140969	NCIT:C140991
NCIT:C140970	NCIT:C140981
NCIT:C140970	NCIT:C140992
NCIT:C140971	NCIT:C140982
NCIT:C140971	NCIT:C140993
NCIT:C140972	NCIT:C140983
NCIT:C140972	NCIT:C140995
NCIT:C140973	NCIT:C140974
NCIT:C140973	NCIT:C140975
NCIT:C140973	NCIT:C140984
NCIT:C140973	NCIT:C140996
NCIT:C140974	NCIT:C140985
NCIT:C140974	NCIT:C140997
NCIT:C140975	NCIT:C140986
NCIT:C140975	NCIT:C140998
NCIT:C140976	NCIT:C140977
NCIT:C140976	NCIT:C140980
NCIT:C140976	NCIT:C140983
NCIT:C140976	NCIT:C140984
NCIT:C140977	NCIT:C140978
NCIT:C140977	NCIT:C140979
NCIT:C140980	NCIT:C140981
NCIT:C140980	NCIT:C140982
NCIT:C140984	NCIT:C140985
NCIT:C140984	NCIT:C140986
NCIT:C140987	NCIT:C140988
NCIT:C140987	NCIT:C140991
NCIT:C140987	NCIT:C140995
NCIT:C140987	NCIT:C140996
NCIT:C140988	NCIT:C140989
NCIT:C140988	NCIT:C140990
NCIT:C140991	NCIT:C140992
NCIT:C140991	NCIT:C140993
NCIT:C140996	NCIT:C140997
NCIT:C140996	NCIT:C140998
NCIT:C140999	NCIT:C87552
NCIT:C140999	NCIT:C87553
NCIT:C140999	NCIT:C87554
NCIT:C141000	NCIT:C141001
NCIT:C141000	NCIT:C141003
NCIT:C141000	NCIT:C141004
NCIT:C141041	NCIT:C6133
NCIT:C141041	NCIT:C6134
NCIT:C141041	NCIT:C6135
NCIT:C141041	NCIT:C6136
NCIT:C141042	NCIT:C141043
NCIT:C141042	NCIT:C141044
NCIT:C141042	NCIT:C141045
NCIT:C141042	NCIT:C141046
NCIT:C141046	NCIT:C141047
NCIT:C141046	NCIT:C141048
NCIT:C141046	NCIT:C141049
NCIT:C141076	NCIT:C150581
NCIT:C141076	NCIT:C153081
NCIT:C141076	NCIT:C173331
NCIT:C141098	NCIT:C9214
NCIT:C141098	NCIT:C9215
NCIT:C141098	NCIT:C9216
NCIT:C141098	NCIT:C9217
NCIT:C141100	NCIT:C141101
NCIT:C141100	NCIT:C141102
NCIT:C141100	NCIT:C141103
NCIT:C141100	NCIT:C141104
NCIT:C141128	NCIT:C141129
NCIT:C141128	NCIT:C141130
NCIT:C141128	NCIT:C141131
NCIT:C141128	NCIT:C141132
NCIT:C141139	NCIT:C141140
NCIT:C141139	NCIT:C141141
NCIT:C141139	NCIT:C8318
NCIT:C141139	NCIT:C8319
NCIT:C141139	NCIT:C8320
NCIT:C141139	NCIT:C8321
NCIT:C141140	NCIT:C141235
NCIT:C141140	NCIT:C141236
NCIT:C141140	NCIT:C141243
NCIT:C141140	NCIT:C141247
NCIT:C141140	NCIT:C8520
NCIT:C141140	NCIT:C8521
NCIT:C141140	NCIT:C8522
NCIT:C141140	NCIT:C8523
NCIT:C141141	NCIT:C141222
NCIT:C141141	NCIT:C141223
NCIT:C141141	NCIT:C141224
NCIT:C141141	NCIT:C141226
NCIT:C141141	NCIT:C141227
NCIT:C141141	NCIT:C3584
NCIT:C141141	NCIT:C8517
NCIT:C141141	NCIT:C8518
NCIT:C141141	NCIT:C8519
NCIT:C141142	NCIT:C141143
NCIT:C141142	NCIT:C88150
NCIT:C141142	NCIT:C88153
NCIT:C141142	NCIT:C88157
NCIT:C141142	NCIT:C88160
NCIT:C141143	NCIT:C7796
NCIT:C141143	NCIT:C7798
NCIT:C141143	NCIT:C7800
NCIT:C141143	NCIT:C7802
NCIT:C141148	NCIT:C141149
NCIT:C141148	NCIT:C141155
NCIT:C141148	NCIT:C141158
NCIT:C141148	NCIT:C141189
NCIT:C141149	NCIT:C141150
NCIT:C141149	NCIT:C141151
NCIT:C141149	NCIT:C141152
NCIT:C141149	NCIT:C141153
NCIT:C141149	NCIT:C141159
NCIT:C141149	NCIT:C141190
NCIT:C141150	NCIT:C141160
NCIT:C141150	NCIT:C141191
NCIT:C141151	NCIT:C141161
NCIT:C141151	NCIT:C141192
NCIT:C141152	NCIT:C141154
NCIT:C141152	NCIT:C141162
NCIT:C141152	NCIT:C141193
NCIT:C141153	NCIT:C141163
NCIT:C141153	NCIT:C141194
NCIT:C141154	NCIT:C141164
NCIT:C141154	NCIT:C141195
NCIT:C141155	NCIT:C141156
NCIT:C141155	NCIT:C141157
NCIT:C141155	NCIT:C141165
NCIT:C141155	NCIT:C141196
NCIT:C141156	NCIT:C141166
NCIT:C141156	NCIT:C141197
NCIT:C141157	NCIT:C141167
NCIT:C141157	NCIT:C141198
NCIT:C141158	NCIT:C141159
NCIT:C141158	NCIT:C141165
NCIT:C141159	NCIT:C141160
NCIT:C141159	NCIT:C141161
NCIT:C141159	NCIT:C141162
NCIT:C141159	NCIT:C141163
NCIT:C141162	NCIT:C141164
NCIT:C141165	NCIT:C141166
NCIT:C141165	NCIT:C141167
NCIT:C141168	NCIT:C141169
NCIT:C141168	NCIT:C141175
NCIT:C141168	NCIT:C141178
NCIT:C141168	NCIT:C141189
NCIT:C141169	NCIT:C141170
NCIT:C141169	NCIT:C141171
NCIT:C141169	NCIT:C141172
NCIT:C141169	NCIT:C141173
NCIT:C141169	NCIT:C141179
NCIT:C141169	NCIT:C141190
NCIT:C141170	NCIT:C141180
NCIT:C141170	NCIT:C141191
NCIT:C141171	NCIT:C141181
NCIT:C141171	NCIT:C141192
NCIT:C141172	NCIT:C141174
NCIT:C141172	NCIT:C141182
NCIT:C141172	NCIT:C141193
NCIT:C141173	NCIT:C141183
NCIT:C141173	NCIT:C141194
NCIT:C141174	NCIT:C141184
NCIT:C141174	NCIT:C141195
NCIT:C141175	NCIT:C141176
NCIT:C141175	NCIT:C141177
NCIT:C141175	NCIT:C141185
NCIT:C141175	NCIT:C141196
NCIT:C141176	NCIT:C141186
NCIT:C141176	NCIT:C141197
NCIT:C141177	NCIT:C141187
NCIT:C141177	NCIT:C141198
NCIT:C141178	NCIT:C141179
NCIT:C141178	NCIT:C141185
NCIT:C141179	NCIT:C141180
NCIT:C141179	NCIT:C141181
NCIT:C141179	NCIT:C141182
NCIT:C141179	NCIT:C141183
NCIT:C141182	NCIT:C141184
NCIT:C141185	NCIT:C141186
NCIT:C141185	NCIT:C141187
NCIT:C141189	NCIT:C141190
NCIT:C141189	NCIT:C141196
NCIT:C141190	NCIT:C141191
NCIT:C141190	NCIT:C141192
NCIT:C141190	NCIT:C141193
NCIT:C141190	NCIT:C141194
NCIT:C141193	NCIT:C141195
NCIT:C141196	NCIT:C141197
NCIT:C141196	NCIT:C141198
NCIT:C141202	NCIT:C141178
NCIT:C141202	NCIT:C141217
NCIT:C141205	NCIT:C141148
NCIT:C141205	NCIT:C141168
NCIT:C141205	NCIT:C141202
NCIT:C141205	NCIT:C141346
NCIT:C141206	NCIT:C7847
NCIT:C141206	NCIT:C7874
NCIT:C141206	NCIT:C7875
NCIT:C141206	NCIT:C7876
NCIT:C141206	NCIT:C8646
NCIT:C141208	NCIT:C141209
NCIT:C141208	NCIT:C141210
NCIT:C141208	NCIT:C141211
NCIT:C141217	NCIT:C141218
NCIT:C141217	NCIT:C141219
NCIT:C141217	NCIT:C141220
NCIT:C141217	NCIT:C141221
NCIT:C141222	NCIT:C3583
NCIT:C141222	NCIT:C5064
NCIT:C141222	NCIT:C5067
NCIT:C141222	NCIT:C8651
NCIT:C141223	NCIT:C3581
NCIT:C141223	NCIT:C5081
NCIT:C141223	NCIT:C8839
NCIT:C141223	NCIT:C8840
NCIT:C141224	NCIT:C3582
NCIT:C141224	NCIT:C5077
NCIT:C141224	NCIT:C8834
NCIT:C141224	NCIT:C8835
NCIT:C141225	NCIT:C5070
NCIT:C141225	NCIT:C5634
NCIT:C141225	NCIT:C7261
NCIT:C141225	NCIT:C7262
NCIT:C141226	NCIT:C9032
NCIT:C141226	NCIT:C9033
NCIT:C141226	NCIT:C9034
NCIT:C141226	NCIT:C9035
NCIT:C141227	NCIT:C8055
NCIT:C141227	NCIT:C8056
NCIT:C141227	NCIT:C8057
NCIT:C141227	NCIT:C8058
NCIT:C141235	NCIT:C141283
NCIT:C141235	NCIT:C8102
NCIT:C141235	NCIT:C8103
NCIT:C141235	NCIT:C8104
NCIT:C141235	NCIT:C8105
NCIT:C141236	NCIT:C141292
NCIT:C141236	NCIT:C94791
NCIT:C141236	NCIT:C94792
NCIT:C141236	NCIT:C94793
NCIT:C141236	NCIT:C94794
NCIT:C141243	NCIT:C141250
NCIT:C141243	NCIT:C141253
NCIT:C141243	NCIT:C141254
NCIT:C141243	NCIT:C141255
NCIT:C141243	NCIT:C141256
NCIT:C141243	NCIT:C141257
NCIT:C141243	NCIT:C141258
NCIT:C141243	NCIT:C141259
NCIT:C141243	NCIT:C27308
NCIT:C141243	NCIT:C8843
NCIT:C141243	NCIT:C8844
NCIT:C141243	NCIT:C8845
NCIT:C141247	NCIT:C141272
NCIT:C141247	NCIT:C8665
NCIT:C141247	NCIT:C8666
NCIT:C141247	NCIT:C8667
NCIT:C141247	NCIT:C8668
NCIT:C141250	NCIT:C8871
NCIT:C141250	NCIT:C8872
NCIT:C141250	NCIT:C8873
NCIT:C141250	NCIT:C8937
NCIT:C141253	NCIT:C5084
NCIT:C141253	NCIT:C8848
NCIT:C141253	NCIT:C8849
NCIT:C141253	NCIT:C8850
NCIT:C141254	NCIT:C141262
NCIT:C141254	NCIT:C141263
NCIT:C141254	NCIT:C8854
NCIT:C141254	NCIT:C8855
NCIT:C141254	NCIT:C8856
NCIT:C141254	NCIT:C8857
NCIT:C141255	NCIT:C5006
NCIT:C141255	NCIT:C8859
NCIT:C141255	NCIT:C8860
NCIT:C141255	NCIT:C8861
NCIT:C141256	NCIT:C8653
NCIT:C141256	NCIT:C8654
NCIT:C141256	NCIT:C8655
NCIT:C141256	NCIT:C8656
NCIT:C141257	NCIT:C8465
NCIT:C141257	NCIT:C8483
NCIT:C141257	NCIT:C8486
NCIT:C141257	NCIT:C9202
NCIT:C141258	NCIT:C141260
NCIT:C141258	NCIT:C141261
NCIT:C141258	NCIT:C217336
NCIT:C141258	NCIT:C68678
NCIT:C141258	NCIT:C68679
NCIT:C141258	NCIT:C68682
NCIT:C141258	NCIT:C68683
NCIT:C141259	NCIT:C8070
NCIT:C141259	NCIT:C8115
NCIT:C141259	NCIT:C8128
NCIT:C141259	NCIT:C8141
NCIT:C141260	NCIT:C5085
NCIT:C141260	NCIT:C5086
NCIT:C141260	NCIT:C5087
NCIT:C141260	NCIT:C5088
NCIT:C141261	NCIT:C8864
NCIT:C141261	NCIT:C8865
NCIT:C141261	NCIT:C8866
NCIT:C141261	NCIT:C8867
NCIT:C141262	NCIT:C8876
NCIT:C141262	NCIT:C8877
NCIT:C141262	NCIT:C8878
NCIT:C141262	NCIT:C8879
NCIT:C141263	NCIT:C8928
NCIT:C141263	NCIT:C8929
NCIT:C141263	NCIT:C8930
NCIT:C141263	NCIT:C8931
NCIT:C141272	NCIT:C141283
NCIT:C141272	NCIT:C141284
NCIT:C141272	NCIT:C141294
NCIT:C141272	NCIT:C141295
NCIT:C141272	NCIT:C141296
NCIT:C141272	NCIT:C8690
NCIT:C141272	NCIT:C8691
NCIT:C141272	NCIT:C8692
NCIT:C141272	NCIT:C8693
NCIT:C141283	NCIT:C8247
NCIT:C141283	NCIT:C8248
NCIT:C141283	NCIT:C8249
NCIT:C141283	NCIT:C8250
NCIT:C141284	NCIT:C141292
NCIT:C141284	NCIT:C8659
NCIT:C141284	NCIT:C8660
NCIT:C141284	NCIT:C8661
NCIT:C141284	NCIT:C8662
NCIT:C141292	NCIT:C115029
NCIT:C141292	NCIT:C115030
NCIT:C141292	NCIT:C115031
NCIT:C141292	NCIT:C115032
NCIT:C141294	NCIT:C8672
NCIT:C141294	NCIT:C8677
NCIT:C141294	NCIT:C8678
NCIT:C141294	NCIT:C8679
NCIT:C141295	NCIT:C8682
NCIT:C141295	NCIT:C8683
NCIT:C141295	NCIT:C8684
NCIT:C141295	NCIT:C8685
NCIT:C141296	NCIT:C8670
NCIT:C141296	NCIT:C8673
NCIT:C141296	NCIT:C8674
NCIT:C141296	NCIT:C8675
NCIT:C141346	NCIT:C141347
NCIT:C141346	NCIT:C141350
NCIT:C141346	NCIT:C141353
NCIT:C141346	NCIT:C141356
NCIT:C141347	NCIT:C141348
NCIT:C141347	NCIT:C141349
NCIT:C141350	NCIT:C141351
NCIT:C141350	NCIT:C141352
NCIT:C141353	NCIT:C141354
NCIT:C141353	NCIT:C141355
NCIT:C141356	NCIT:C141357
NCIT:C141356	NCIT:C141358
NCIT:C141356	NCIT:C141359
NCIT:C141393	NCIT:C141394
NCIT:C141393	NCIT:C141395
NCIT:C141393	NCIT:C141396
NCIT:C142781	NCIT:C146706
NCIT:C142781	NCIT:C223193
NCIT:C142783	NCIT:C142784
NCIT:C142783	NCIT:C142785
NCIT:C142783	NCIT:C38153
NCIT:C142784	NCIT:C38152
NCIT:C142808	NCIT:C137862
NCIT:C142808	NCIT:C162015
NCIT:C142810	NCIT:C142811
NCIT:C142810	NCIT:C150131
NCIT:C142810	NCIT:C7784
NCIT:C142810	NCIT:C7883
NCIT:C142811	NCIT:C134834
NCIT:C142811	NCIT:C177895
NCIT:C142811	NCIT:C189042
NCIT:C142811	NCIT:C210135
NCIT:C142812	NCIT:C134835
NCIT:C142812	NCIT:C179429
NCIT:C142812	NCIT:C189043
NCIT:C142812	NCIT:C210136
NCIT:C142828	NCIT:C142829
NCIT:C142828	NCIT:C142830
NCIT:C142848	NCIT:C148038
NCIT:C142848	NCIT:C200759
NCIT:C142848	NCIT:C210637
NCIT:C142849	NCIT:C133499
NCIT:C142849	NCIT:C162730
NCIT:C142849	NCIT:C188881
NCIT:C142851	NCIT:C142880
NCIT:C142851	NCIT:C187193
NCIT:C142853	NCIT:C222395
NCIT:C142854	NCIT:C221115
NCIT:C142855	NCIT:C153865
NCIT:C142855	NCIT:C203369
NCIT:C142855	NCIT:C222247
NCIT:C142856	NCIT:C147110
NCIT:C142856	NCIT:C180892
NCIT:C142856	NCIT:C209372
NCIT:C142857	NCIT:C187192
NCIT:C142858	NCIT:C162723
NCIT:C142858	NCIT:C162731
NCIT:C142858	NCIT:C188884
NCIT:C142861	NCIT:C115358
NCIT:C142862	NCIT:C115359
NCIT:C142867	NCIT:C142868
NCIT:C142867	NCIT:C156745
NCIT:C142867	NCIT:C178268
NCIT:C142869	NCIT:C142870
NCIT:C142869	NCIT:C151971
NCIT:C142869	NCIT:C157623
NCIT:C142869	NCIT:C185071
NCIT:C142870	NCIT:C162752
NCIT:C142870	NCIT:C185072
NCIT:C142876	NCIT:C203667
NCIT:C142876	NCIT:C7805
NCIT:C142877	NCIT:C203669
NCIT:C142877	NCIT:C8938
NCIT:C142983	NCIT:C165607
NCIT:C142983	NCIT:C170832
NCIT:C142983	NCIT:C180404
NCIT:C142983	NCIT:C216074
NCIT:C143012	NCIT:C162942
NCIT:C143012	NCIT:C165736
NCIT:C143012	NCIT:C165737
NCIT:C143012	NCIT:C222814
NCIT:C143012	NCIT:C222819
NCIT:C143012	NCIT:C222821
NCIT:C143012	NCIT:C222823
NCIT:C143012	NCIT:C222825
NCIT:C143013	NCIT:C153182
NCIT:C143013	NCIT:C165736
NCIT:C143013	NCIT:C168542
NCIT:C143013	NCIT:C171573
NCIT:C143085	NCIT:C4997
NCIT:C143085	NCIT:C5090
NCIT:C143085	NCIT:C5096
NCIT:C146639	NCIT:C84789
NCIT:C146639	NCIT:C85239
NCIT:C146639	NCIT:C99251
NCIT:C146734	NCIT:C163960
NCIT:C146734	NCIT:C163962
NCIT:C146734	NCIT:C176998
NCIT:C146734	NCIT:C211960
NCIT:C146848	NCIT:C146849
NCIT:C146848	NCIT:C146850
NCIT:C146848	NCIT:C146851
NCIT:C146848	NCIT:C146852
NCIT:C146856	NCIT:C215094
NCIT:C146858	NCIT:C146857
NCIT:C146858	NCIT:C168721
NCIT:C146861	NCIT:C219662
NCIT:C146861	NCIT:C219666
NCIT:C146861	NCIT:C219667
NCIT:C146861	NCIT:C6444
NCIT:C146893	NCIT:C164143
NCIT:C146893	NCIT:C167069
NCIT:C146893	NCIT:C213702
NCIT:C146893	NCIT:C213705
NCIT:C146893	NCIT:C27784
NCIT:C146893	NCIT:C8946
NCIT:C146989	NCIT:C212059
NCIT:C146989	NCIT:C212069
NCIT:C146990	NCIT:C212058
NCIT:C146990	NCIT:C212068
NCIT:C147005	NCIT:C147007
NCIT:C147005	NCIT:C5357
NCIT:C147005	NCIT:C5371
NCIT:C147065	NCIT:C140329
NCIT:C147065	NCIT:C154621
NCIT:C147065	NCIT:C167333
NCIT:C147065	NCIT:C177243
NCIT:C147065	NCIT:C204037
NCIT:C147065	NCIT:C4536
NCIT:C147065	NCIT:C5171
NCIT:C147098	NCIT:C147101
NCIT:C147098	NCIT:C147102
NCIT:C147103	NCIT:C6744
NCIT:C147104	NCIT:C147105
NCIT:C147106	NCIT:C6744
NCIT:C147107	NCIT:C142855
NCIT:C147107	NCIT:C155984
NCIT:C147107	NCIT:C177793
NCIT:C147107	NCIT:C216100
NCIT:C147107	NCIT:C221719
NCIT:C147108	NCIT:C222248
NCIT:C147111	NCIT:C147115
NCIT:C147111	NCIT:C209371
NCIT:C147112	NCIT:C223197
NCIT:C147113	NCIT:C147111
NCIT:C147113	NCIT:C223908
NCIT:C147114	NCIT:C168582
NCIT:C147114	NCIT:C201578
NCIT:C147561	NCIT:C170748
NCIT:C147561	NCIT:C179459
NCIT:C147561	NCIT:C179460
NCIT:C147561	NCIT:C199567
NCIT:C147561	NCIT:C211879
NCIT:C147561	NCIT:C213136
NCIT:C147561	NCIT:C213138
NCIT:C147561	NCIT:C213145
NCIT:C147561	NCIT:C213149
NCIT:C147861	NCIT:C157685
NCIT:C147861	NCIT:C160151
NCIT:C147861	NCIT:C172133
NCIT:C147861	NCIT:C188180
NCIT:C147861	NCIT:C190398
NCIT:C147861	NCIT:C215241
NCIT:C147861	NCIT:C7934
NCIT:C147863	NCIT:C153331
NCIT:C147863	NCIT:C225042
NCIT:C147863	NCIT:C69144
NCIT:C147901	NCIT:C114759
NCIT:C147924	NCIT:C176727
NCIT:C147924	NCIT:C187163
NCIT:C147948	NCIT:C71720
NCIT:C147948	NCIT:C95991
NCIT:C147965	NCIT:C165703
NCIT:C147982	NCIT:C153351
NCIT:C147982	NCIT:C162154
NCIT:C147982	NCIT:C162156
NCIT:C147982	NCIT:C173332
NCIT:C147982	NCIT:C218468
NCIT:C147983	NCIT:C150544
NCIT:C147983	NCIT:C173328
NCIT:C147983	NCIT:C182024
NCIT:C147996	NCIT:C167074
NCIT:C148024	NCIT:C148025
NCIT:C148029	NCIT:C148026
NCIT:C148029	NCIT:C148027
NCIT:C148029	NCIT:C209748
NCIT:C148036	NCIT:C211516
NCIT:C148036	NCIT:C211875
NCIT:C148036	NCIT:C214790
NCIT:C148037	NCIT:C115375
NCIT:C148037	NCIT:C157601
NCIT:C148037	NCIT:C160737
NCIT:C148037	NCIT:C167081
NCIT:C148037	NCIT:C167082
NCIT:C148038	NCIT:C136517
NCIT:C148038	NCIT:C142861
NCIT:C148038	NCIT:C142862
NCIT:C148038	NCIT:C160904
NCIT:C148038	NCIT:C160912
NCIT:C148038	NCIT:C222241
NCIT:C148065	NCIT:C217099
NCIT:C148077	NCIT:C162612
NCIT:C148124	NCIT:C129827
NCIT:C148124	NCIT:C148125
NCIT:C148124	NCIT:C153315
NCIT:C148124	NCIT:C155902
NCIT:C148124	NCIT:C155903
NCIT:C148124	NCIT:C157324
NCIT:C148124	NCIT:C157330
NCIT:C148124	NCIT:C158752
NCIT:C148124	NCIT:C160301
NCIT:C148124	NCIT:C164013
NCIT:C148124	NCIT:C165174
NCIT:C148124	NCIT:C170973
NCIT:C148124	NCIT:C172806
NCIT:C148124	NCIT:C190783
NCIT:C148124	NCIT:C214784
NCIT:C148124	NCIT:C224628
NCIT:C148124	NCIT:C224629
NCIT:C148128	NCIT:C148126
NCIT:C148128	NCIT:C159903
NCIT:C148129	NCIT:C177000
NCIT:C148129	NCIT:C8687
NCIT:C148130	NCIT:C148126
NCIT:C148130	NCIT:C153206
NCIT:C148130	NCIT:C153213
NCIT:C148130	NCIT:C153358
NCIT:C148130	NCIT:C154321
NCIT:C148130	NCIT:C155698
NCIT:C148130	NCIT:C156770
NCIT:C148130	NCIT:C158909
NCIT:C148130	NCIT:C160920
NCIT:C148130	NCIT:C167069
NCIT:C148130	NCIT:C167204
NCIT:C148130	NCIT:C168978
NCIT:C148130	NCIT:C175493
NCIT:C148130	NCIT:C175669
NCIT:C148152	NCIT:C171575
NCIT:C148152	NCIT:C214956
NCIT:C148153	NCIT:C139291
NCIT:C148153	NCIT:C150206
NCIT:C148153	NCIT:C150213
NCIT:C148153	NCIT:C156091
NCIT:C148153	NCIT:C162758
NCIT:C148153	NCIT:C162882
NCIT:C148153	NCIT:C171573
NCIT:C148153	NCIT:C172649
NCIT:C148153	NCIT:C173685
NCIT:C148153	NCIT:C208488
NCIT:C148245	NCIT:C213771
NCIT:C148245	NCIT:C213775
NCIT:C148245	NCIT:C214936
NCIT:C148298	NCIT:C162763
NCIT:C148298	NCIT:C210146
NCIT:C148300	NCIT:C168722
NCIT:C148300	NCIT:C210148
NCIT:C148301	NCIT:C139001
NCIT:C148301	NCIT:C142853
NCIT:C148301	NCIT:C142857
NCIT:C148301	NCIT:C148294
NCIT:C148301	NCIT:C150594
NCIT:C148301	NCIT:C155987
NCIT:C148301	NCIT:C158429
NCIT:C148301	NCIT:C158431
NCIT:C148301	NCIT:C193455
NCIT:C148301	NCIT:C222482
NCIT:C148302	NCIT:C139002
NCIT:C148302	NCIT:C155648
NCIT:C148302	NCIT:C158428
NCIT:C148302	NCIT:C158430
NCIT:C148302	NCIT:C213763
NCIT:C148302	NCIT:C222481
NCIT:C148302	NCIT:C223922
NCIT:C148302	NCIT:C5384
NCIT:C148302	NCIT:C7808
NCIT:C148302	NCIT:C7881
NCIT:C148302	NCIT:C8780
NCIT:C148302	NCIT:C8815
NCIT:C148302	NCIT:C8818
NCIT:C148302	NCIT:C8823
NCIT:C148331	NCIT:C132147
NCIT:C148331	NCIT:C132148
NCIT:C148331	NCIT:C132849
NCIT:C148331	NCIT:C132850
NCIT:C148331	NCIT:C152074
NCIT:C148331	NCIT:C153068
NCIT:C148331	NCIT:C153072
NCIT:C148331	NCIT:C164312
NCIT:C148331	NCIT:C168717
NCIT:C148331	NCIT:C168718
NCIT:C148362	NCIT:C206442
NCIT:C148362	NCIT:C208311
NCIT:C148363	NCIT:C206441
NCIT:C148363	NCIT:C208309
NCIT:C148387	NCIT:C223559
NCIT:C148392	NCIT:C148394
NCIT:C148392	NCIT:C148395
NCIT:C148392	NCIT:C148396
NCIT:C148392	NCIT:C148398
NCIT:C148392	NCIT:C187445
NCIT:C148392	NCIT:C187447
NCIT:C148401	NCIT:C148386
NCIT:C148423	NCIT:C141445
NCIT:C148423	NCIT:C179204
NCIT:C148423	NCIT:C212194
NCIT:C148425	NCIT:C148429
NCIT:C148425	NCIT:C150043
NCIT:C148425	NCIT:C193424
NCIT:C148425	NCIT:C193431
NCIT:C148425	NCIT:C193433
NCIT:C148425	NCIT:C213757
NCIT:C148426	NCIT:C148431
NCIT:C148426	NCIT:C150044
NCIT:C148426	NCIT:C205632
NCIT:C148426	NCIT:C213758
NCIT:C148427	NCIT:C125715
NCIT:C148427	NCIT:C156716
NCIT:C148427	NCIT:C156718
NCIT:C148427	NCIT:C213423
NCIT:C148427	NCIT:C7882
NCIT:C148427	NCIT:C9068
NCIT:C148429	NCIT:C142810
NCIT:C148429	NCIT:C148427
NCIT:C148429	NCIT:C151976
NCIT:C148429	NCIT:C172626
NCIT:C148429	NCIT:C212203
NCIT:C148430	NCIT:C173683
NCIT:C148430	NCIT:C179205
NCIT:C148430	NCIT:C212195
NCIT:C148431	NCIT:C134319
NCIT:C148431	NCIT:C136488
NCIT:C148431	NCIT:C151977
NCIT:C148431	NCIT:C172630
NCIT:C148431	NCIT:C212202
NCIT:C148434	NCIT:C206717
NCIT:C148493	NCIT:C163954
NCIT:C148493	NCIT:C163963
NCIT:C148493	NCIT:C172276
NCIT:C148494	NCIT:C171285
NCIT:C148494	NCIT:C171297
NCIT:C148494	NCIT:C214937
NCIT:C148510	NCIT:C153573
NCIT:C148514	NCIT:C148515
NCIT:C148514	NCIT:C169085
NCIT:C148514	NCIT:C213952
NCIT:C148515	NCIT:C150130
NCIT:C148517	NCIT:C148245
NCIT:C148517	NCIT:C214937
NCIT:C148517	NCIT:C214948
NCIT:C150037	NCIT:C224812
NCIT:C150043	NCIT:C142882
NCIT:C150043	NCIT:C150048
NCIT:C150043	NCIT:C150133
NCIT:C150043	NCIT:C157692
NCIT:C150043	NCIT:C158081
NCIT:C150043	NCIT:C171065
NCIT:C150043	NCIT:C176999
NCIT:C150043	NCIT:C180985
NCIT:C150043	NCIT:C193414
NCIT:C150043	NCIT:C8645
NCIT:C150043	NCIT:C9070
NCIT:C150044	NCIT:C150049
NCIT:C150044	NCIT:C157691
NCIT:C150044	NCIT:C157693
NCIT:C150044	NCIT:C157697
NCIT:C150044	NCIT:C171064
NCIT:C150044	NCIT:C177000
NCIT:C150044	NCIT:C180986
NCIT:C150044	NCIT:C213017
NCIT:C150044	NCIT:C7885
NCIT:C150044	NCIT:C7886
NCIT:C150044	NCIT:C8030
NCIT:C150048	NCIT:C219059
NCIT:C150048	NCIT:C223036
NCIT:C150049	NCIT:C219061
NCIT:C150049	NCIT:C223037
NCIT:C150091	NCIT:C170968
NCIT:C150091	NCIT:C178671
NCIT:C150091	NCIT:C178682
NCIT:C150091	NCIT:C178683
NCIT:C150091	NCIT:C178700
NCIT:C150091	NCIT:C179207
NCIT:C150091	NCIT:C183126
NCIT:C150092	NCIT:C150093
NCIT:C150092	NCIT:C158381
NCIT:C150093	NCIT:C165286
NCIT:C150093	NCIT:C165287
NCIT:C150093	NCIT:C165288
NCIT:C150093	NCIT:C165289
NCIT:C150093	NCIT:C165298
NCIT:C150093	NCIT:C188230
NCIT:C150094	NCIT:C155817
NCIT:C150094	NCIT:C158437
NCIT:C150094	NCIT:C165282
NCIT:C150094	NCIT:C165283
NCIT:C150094	NCIT:C165284
NCIT:C150094	NCIT:C175598
NCIT:C150094	NCIT:C190200
NCIT:C150094	NCIT:C205188
NCIT:C150094	NCIT:C214998
NCIT:C150094	NCIT:C223264
NCIT:C150095	NCIT:C199167
NCIT:C150095	NCIT:C199168
NCIT:C150096	NCIT:C213135
NCIT:C150097	NCIT:C199153
NCIT:C150097	NCIT:C199156
NCIT:C150131	NCIT:C131875
NCIT:C150179	NCIT:C118711
NCIT:C150179	NCIT:C180992
NCIT:C150179	NCIT:C98999
NCIT:C150202	NCIT:C150201
NCIT:C150202	NCIT:C162881
NCIT:C150202	NCIT:C200583
NCIT:C150206	NCIT:C150204
NCIT:C150206	NCIT:C165472
NCIT:C150209	NCIT:C150207
NCIT:C150209	NCIT:C156077
NCIT:C150209	NCIT:C167352
NCIT:C150209	NCIT:C177153
NCIT:C150212	NCIT:C150210
NCIT:C150212	NCIT:C165701
NCIT:C150213	NCIT:C150211
NCIT:C150213	NCIT:C165473
NCIT:C150251	NCIT:C148260
NCIT:C150316	NCIT:C148286
NCIT:C150316	NCIT:C165702
NCIT:C150316	NCIT:C191861
NCIT:C150316	NCIT:C202899
NCIT:C150364	NCIT:C150365
NCIT:C150364	NCIT:C165702
NCIT:C150364	NCIT:C176996
NCIT:C150364	NCIT:C219624
NCIT:C150396	NCIT:C183141
NCIT:C150399	NCIT:C138320
NCIT:C150399	NCIT:C150404
NCIT:C150399	NCIT:C150405
NCIT:C150399	NCIT:C6915
NCIT:C150407	NCIT:C183135
NCIT:C150407	NCIT:C183136
NCIT:C150407	NCIT:C183137
NCIT:C150495	NCIT:C150505
NCIT:C150495	NCIT:C4737
NCIT:C150495	NCIT:C96058
NCIT:C150510	NCIT:C210013
NCIT:C150512	NCIT:C162619
NCIT:C150512	NCIT:C163963
NCIT:C150513	NCIT:C157751
NCIT:C150513	NCIT:C157754
NCIT:C150513	NCIT:C157766
NCIT:C150513	NCIT:C157767
NCIT:C150513	NCIT:C157768
NCIT:C150513	NCIT:C157769
NCIT:C150513	NCIT:C157770
NCIT:C150513	NCIT:C162618
NCIT:C150513	NCIT:C163954
NCIT:C150513	NCIT:C169043
NCIT:C150513	NCIT:C39899
NCIT:C150514	NCIT:C162617
NCIT:C150514	NCIT:C172278
NCIT:C150515	NCIT:C162616
NCIT:C150515	NCIT:C163955
NCIT:C150521	NCIT:C158585
NCIT:C150521	NCIT:C158586
NCIT:C150521	NCIT:C164160
NCIT:C150521	NCIT:C213699
NCIT:C150524	NCIT:C157681
NCIT:C150524	NCIT:C192733
NCIT:C150524	NCIT:C222481
NCIT:C150524	NCIT:C27354
NCIT:C150525	NCIT:C157682
NCIT:C150525	NCIT:C222482
NCIT:C150526	NCIT:C160619
NCIT:C150526	NCIT:C171170
NCIT:C150526	NCIT:C223960
NCIT:C150526	NCIT:C7620
NCIT:C150526	NCIT:C8087
NCIT:C150526	NCIT:C9072
NCIT:C150526	NCIT:C9269
NCIT:C150527	NCIT:C150092
NCIT:C150527	NCIT:C152048
NCIT:C150527	NCIT:C171171
NCIT:C150527	NCIT:C178697
NCIT:C150527	NCIT:C223961
NCIT:C150530	NCIT:C148384
NCIT:C150531	NCIT:C5103
NCIT:C150531	NCIT:C9268
NCIT:C150531	NCIT:C9353
NCIT:C150532	NCIT:C214958
NCIT:C150533	NCIT:C138021
NCIT:C150533	NCIT:C179466
NCIT:C150533	NCIT:C7621
NCIT:C150533	NCIT:C9369
NCIT:C150534	NCIT:C138022
NCIT:C150534	NCIT:C177149
NCIT:C150534	NCIT:C9077
NCIT:C150535	NCIT:C159675
NCIT:C150536	NCIT:C139002
NCIT:C150536	NCIT:C188881
NCIT:C150536	NCIT:C223921
NCIT:C150537	NCIT:C139001
NCIT:C150537	NCIT:C175664
NCIT:C150537	NCIT:C188884
NCIT:C150538	NCIT:C7908
NCIT:C150539	NCIT:C142983
NCIT:C150540	NCIT:C165253
NCIT:C150540	NCIT:C165611
NCIT:C150540	NCIT:C174047
NCIT:C150540	NCIT:C6417
NCIT:C150540	NCIT:C7828
NCIT:C150541	NCIT:C165607
NCIT:C150541	NCIT:C165742
NCIT:C150541	NCIT:C188036
NCIT:C150541	NCIT:C216074
NCIT:C150542	NCIT:C162730
NCIT:C150542	NCIT:C7623
NCIT:C150542	NCIT:C7845
NCIT:C150542	NCIT:C9266
NCIT:C150543	NCIT:C162719
NCIT:C150543	NCIT:C162731
NCIT:C150545	NCIT:C142876
NCIT:C150545	NCIT:C153626
NCIT:C150545	NCIT:C179464
NCIT:C150545	NCIT:C7903
NCIT:C150545	NCIT:C9097
NCIT:C150546	NCIT:C142877
NCIT:C150546	NCIT:C150544
NCIT:C150546	NCIT:C165735
NCIT:C150546	NCIT:C199637
NCIT:C150566	NCIT:C199382
NCIT:C150566	NCIT:C199384
NCIT:C150570	NCIT:C150572
NCIT:C150570	NCIT:C165716
NCIT:C150570	NCIT:C27474
NCIT:C150570	NCIT:C27885
NCIT:C150572	NCIT:C180604
NCIT:C150577	NCIT:C159548
NCIT:C150577	NCIT:C162759
NCIT:C150578	NCIT:C162114
NCIT:C150581	NCIT:C141078
NCIT:C150581	NCIT:C158493
NCIT:C150588	NCIT:C157343
NCIT:C150588	NCIT:C222278
NCIT:C150592	NCIT:C219556
NCIT:C150594	NCIT:C148297
NCIT:C150594	NCIT:C150593
NCIT:C150594	NCIT:C193459
NCIT:C150595	NCIT:C153170
NCIT:C150595	NCIT:C157757
NCIT:C150595	NCIT:C162760
NCIT:C150595	NCIT:C162768
NCIT:C150595	NCIT:C168995
NCIT:C150595	NCIT:C171580
NCIT:C150595	NCIT:C171583
NCIT:C150595	NCIT:C211601
NCIT:C150595	NCIT:C211607
NCIT:C150595	NCIT:C223891
NCIT:C150596	NCIT:C197833
NCIT:C150597	NCIT:C205132
NCIT:C150602	NCIT:C150604
NCIT:C150602	NCIT:C150605
NCIT:C150602	NCIT:C150620
NCIT:C150602	NCIT:C154442
NCIT:C150602	NCIT:C170956
NCIT:C150602	NCIT:C170963
NCIT:C150602	NCIT:C187448
NCIT:C150602	NCIT:C190239
NCIT:C150602	NCIT:C205313
NCIT:C150602	NCIT:C206428
NCIT:C150602	NCIT:C210823
NCIT:C150602	NCIT:C7692
NCIT:C150604	NCIT:C156909
NCIT:C150604	NCIT:C170465
NCIT:C150604	NCIT:C170961
NCIT:C150604	NCIT:C188035
NCIT:C150604	NCIT:C190952
NCIT:C150604	NCIT:C193450
NCIT:C150604	NCIT:C210619
NCIT:C150604	NCIT:C210815
NCIT:C150604	NCIT:C210820
NCIT:C150604	NCIT:C210822
NCIT:C150605	NCIT:C150606
NCIT:C150605	NCIT:C153086
NCIT:C150605	NCIT:C162661
NCIT:C150605	NCIT:C175505
NCIT:C150606	NCIT:C150607
NCIT:C150620	NCIT:C7835
NCIT:C150622	NCIT:C8277
NCIT:C150672	NCIT:C150673
NCIT:C150672	NCIT:C150684
NCIT:C150672	NCIT:C157709
NCIT:C150672	NCIT:C186658
NCIT:C150672	NCIT:C27915
NCIT:C150672	NCIT:C4727
NCIT:C150673	NCIT:C160150
NCIT:C150673	NCIT:C39578
NCIT:C150678	NCIT:C7252
NCIT:C150678	NCIT:C7253
NCIT:C150678	NCIT:C7254
NCIT:C150678	NCIT:C7255
NCIT:C150678	NCIT:C7256
NCIT:C150684	NCIT:C7184
NCIT:C150692	NCIT:C3107
NCIT:C150692	NCIT:C6921
NCIT:C150701	NCIT:C142833
NCIT:C150701	NCIT:C3016
NCIT:C150702	NCIT:C6920
NCIT:C150703	NCIT:C3160
NCIT:C150738	NCIT:C150739
NCIT:C150738	NCIT:C173502
NCIT:C151897	NCIT:C151898
NCIT:C151897	NCIT:C151901
NCIT:C151902	NCIT:C151903
NCIT:C151902	NCIT:C151908
NCIT:C151902	NCIT:C151911
NCIT:C151904	NCIT:C168583
NCIT:C151904	NCIT:C213230
NCIT:C151905	NCIT:C181856
NCIT:C151905	NCIT:C214839
NCIT:C151906	NCIT:C137857
NCIT:C151906	NCIT:C147982
NCIT:C151906	NCIT:C147996
NCIT:C151906	NCIT:C151904
NCIT:C151906	NCIT:C153352
NCIT:C151906	NCIT:C153356
NCIT:C151906	NCIT:C155937
NCIT:C151906	NCIT:C171604
NCIT:C151906	NCIT:C179177
NCIT:C151906	NCIT:C185305
NCIT:C151906	NCIT:C210424
NCIT:C151907	NCIT:C142983
NCIT:C151907	NCIT:C148152
NCIT:C151907	NCIT:C177722
NCIT:C151907	NCIT:C179151
NCIT:C151907	NCIT:C214958
NCIT:C151910	NCIT:C151912
NCIT:C151910	NCIT:C151922
NCIT:C151910	NCIT:C185293
NCIT:C151910	NCIT:C185294
NCIT:C151910	NCIT:C198680
NCIT:C151910	NCIT:C198682
NCIT:C151910	NCIT:C82338
NCIT:C151922	NCIT:C151921
NCIT:C151940	NCIT:C157334
NCIT:C151940	NCIT:C170830
NCIT:C151940	NCIT:C178283
NCIT:C151957	NCIT:C140091
NCIT:C151957	NCIT:C172361
NCIT:C151957	NCIT:C216069
NCIT:C151957	NCIT:C216071
NCIT:C151957	NCIT:C8702
NCIT:C151971	NCIT:C168994
NCIT:C151971	NCIT:C187244
NCIT:C151978	NCIT:C213658
NCIT:C151978	NCIT:C7227
NCIT:C151978	NCIT:C8870
NCIT:C151979	NCIT:C212116
NCIT:C151979	NCIT:C212118
NCIT:C151980	NCIT:C212115
NCIT:C151980	NCIT:C212120
NCIT:C151990	NCIT:C151991
NCIT:C151990	NCIT:C151992
NCIT:C151990	NCIT:C200502
NCIT:C151993	NCIT:C205226
NCIT:C151995	NCIT:C157350
NCIT:C152036	NCIT:C172248
NCIT:C152036	NCIT:C172249
NCIT:C152036	NCIT:C7027
NCIT:C152046	NCIT:C170975
NCIT:C152046	NCIT:C178688
NCIT:C152046	NCIT:C178689
NCIT:C152046	NCIT:C178702
NCIT:C152047	NCIT:C170971
NCIT:C152047	NCIT:C178674
NCIT:C152047	NCIT:C178675
NCIT:C152047	NCIT:C178698
NCIT:C152048	NCIT:C150091
NCIT:C152048	NCIT:C150093
NCIT:C152048	NCIT:C152047
NCIT:C152048	NCIT:C170513
NCIT:C152048	NCIT:C174508
NCIT:C152048	NCIT:C174509
NCIT:C152074	NCIT:C153477
NCIT:C152076	NCIT:C152074
NCIT:C152076	NCIT:C153069
NCIT:C152076	NCIT:C153071
NCIT:C152076	NCIT:C153073
NCIT:C152076	NCIT:C153185
NCIT:C152076	NCIT:C166414
NCIT:C152076	NCIT:C168667
NCIT:C152076	NCIT:C179657
NCIT:C152076	NCIT:C213485
NCIT:C152076	NCIT:C7781
NCIT:C152076	NCIT:C7807
NCIT:C152076	NCIT:C8708
NCIT:C152076	NCIT:C8779
NCIT:C152076	NCIT:C8812
NCIT:C152076	NCIT:C8813
NCIT:C152076	NCIT:C8816
NCIT:C152076	NCIT:C8822
NCIT:C152077	NCIT:C150531
NCIT:C152077	NCIT:C150538
NCIT:C152077	NCIT:C214944
NCIT:C152077	NCIT:C214953
NCIT:C152077	NCIT:C35675
NCIT:C152077	NCIT:C7624
NCIT:C152077	NCIT:C9117
NCIT:C152077	NCIT:C9262
NCIT:C152078	NCIT:C150530
NCIT:C152078	NCIT:C150532
NCIT:C152078	NCIT:C150539
NCIT:C152078	NCIT:C151907
NCIT:C152078	NCIT:C177721
NCIT:C153066	NCIT:C150739
NCIT:C153066	NCIT:C153476
NCIT:C153066	NCIT:C160919
NCIT:C153066	NCIT:C164076
NCIT:C153066	NCIT:C167378
NCIT:C153066	NCIT:C168671
NCIT:C153066	NCIT:C171399
NCIT:C153066	NCIT:C180875
NCIT:C153066	NCIT:C188205
NCIT:C153066	NCIT:C201951
NCIT:C153068	NCIT:C150610
NCIT:C153068	NCIT:C150741
NCIT:C153068	NCIT:C151983
NCIT:C153068	NCIT:C153074
NCIT:C153068	NCIT:C153476
NCIT:C153068	NCIT:C164078
NCIT:C153068	NCIT:C167379
NCIT:C153068	NCIT:C168728
NCIT:C153068	NCIT:C170826
NCIT:C153068	NCIT:C178372
NCIT:C153068	NCIT:C190016
NCIT:C153068	NCIT:C223048
NCIT:C153069	NCIT:C150738
NCIT:C153069	NCIT:C153066
NCIT:C153069	NCIT:C156071
NCIT:C153069	NCIT:C156475
NCIT:C153069	NCIT:C161585
NCIT:C153069	NCIT:C162194
NCIT:C153069	NCIT:C164245
NCIT:C153069	NCIT:C168670
NCIT:C153069	NCIT:C168725
NCIT:C153069	NCIT:C170827
NCIT:C153069	NCIT:C190009
NCIT:C153069	NCIT:C213488
NCIT:C153069	NCIT:C217748
NCIT:C153069	NCIT:C8066
NCIT:C153069	NCIT:C8796
NCIT:C153069	NCIT:C8799
NCIT:C153069	NCIT:C8801
NCIT:C153069	NCIT:C8804
NCIT:C153069	NCIT:C8808
NCIT:C153069	NCIT:C8825
NCIT:C153070	NCIT:C153475
NCIT:C153071	NCIT:C146856
NCIT:C153071	NCIT:C153066
NCIT:C153071	NCIT:C153070
NCIT:C153071	NCIT:C153477
NCIT:C153071	NCIT:C160916
NCIT:C153071	NCIT:C160917
NCIT:C153071	NCIT:C164074
NCIT:C153071	NCIT:C164080
NCIT:C153071	NCIT:C166415
NCIT:C153071	NCIT:C168668
NCIT:C153071	NCIT:C170953
NCIT:C153071	NCIT:C171317
NCIT:C153071	NCIT:C175665
NCIT:C153072	NCIT:C153475
NCIT:C153072	NCIT:C171070
NCIT:C153073	NCIT:C153070
NCIT:C153073	NCIT:C162762
NCIT:C153073	NCIT:C171072
NCIT:C153073	NCIT:C198173
NCIT:C153073	NCIT:C38157
NCIT:C153073	NCIT:C6621
NCIT:C153075	NCIT:C155933
NCIT:C153080	NCIT:C179419
NCIT:C153081	NCIT:C171609
NCIT:C153081	NCIT:C176858
NCIT:C153086	NCIT:C150611
NCIT:C153086	NCIT:C201952
NCIT:C153086	NCIT:C219555
NCIT:C153169	NCIT:C171572
NCIT:C153169	NCIT:C180895
NCIT:C153170	NCIT:C159562
NCIT:C153170	NCIT:C162761
NCIT:C153170	NCIT:C171579
NCIT:C153170	NCIT:C171581
NCIT:C153170	NCIT:C171582
NCIT:C153170	NCIT:C211604
NCIT:C153170	NCIT:C211608
NCIT:C153170	NCIT:C223892
NCIT:C153171	NCIT:C129861
NCIT:C153171	NCIT:C153203
NCIT:C153171	NCIT:C155870
NCIT:C153171	NCIT:C156746
NCIT:C153171	NCIT:C159556
NCIT:C153171	NCIT:C159903
NCIT:C153171	NCIT:C160298
NCIT:C153171	NCIT:C162648
NCIT:C153171	NCIT:C162653
NCIT:C153171	NCIT:C164012
NCIT:C153171	NCIT:C164143
NCIT:C153171	NCIT:C167396
NCIT:C153171	NCIT:C172091
NCIT:C153171	NCIT:C172362
NCIT:C153171	NCIT:C200063
NCIT:C153172	NCIT:C172371
NCIT:C153172	NCIT:C172373
NCIT:C153175	NCIT:C8874
NCIT:C153177	NCIT:C8875
NCIT:C153182	NCIT:C180891
NCIT:C153185	NCIT:C155649
NCIT:C153185	NCIT:C162194
NCIT:C153185	NCIT:C162762
NCIT:C153185	NCIT:C165780
NCIT:C153185	NCIT:C168701
NCIT:C153185	NCIT:C168714
NCIT:C153185	NCIT:C168716
NCIT:C153185	NCIT:C168720
NCIT:C153185	NCIT:C213346
NCIT:C153185	NCIT:C213349
NCIT:C153185	NCIT:C223951
NCIT:C153200	NCIT:C175219
NCIT:C153200	NCIT:C177801
NCIT:C153200	NCIT:C211874
NCIT:C153202	NCIT:C133503
NCIT:C153202	NCIT:C153203
NCIT:C153202	NCIT:C153206
NCIT:C153202	NCIT:C156092
NCIT:C153202	NCIT:C156094
NCIT:C153202	NCIT:C187195
NCIT:C153202	NCIT:C192797
NCIT:C153202	NCIT:C209751
NCIT:C153202	NCIT:C214848
NCIT:C153202	NCIT:C224699
NCIT:C153202	NCIT:C36305
NCIT:C153202	NCIT:C36306
NCIT:C153203	NCIT:C162158
NCIT:C153203	NCIT:C173330
NCIT:C153203	NCIT:C180922
NCIT:C153203	NCIT:C192798
NCIT:C153206	NCIT:C160783
NCIT:C153206	NCIT:C192799
NCIT:C153206	NCIT:C197986
NCIT:C153213	NCIT:C158464
NCIT:C153213	NCIT:C162758
NCIT:C153213	NCIT:C163958
NCIT:C153213	NCIT:C165560
NCIT:C153213	NCIT:C165561
NCIT:C153213	NCIT:C165562
NCIT:C153213	NCIT:C170965
NCIT:C153213	NCIT:C203515
NCIT:C153213	NCIT:C224626
NCIT:C153217	NCIT:C165484
NCIT:C153224	NCIT:C89815
NCIT:C153238	NCIT:C133501
NCIT:C153238	NCIT:C153227
NCIT:C153238	NCIT:C160920
NCIT:C153238	NCIT:C161830
NCIT:C153238	NCIT:C162648
NCIT:C153238	NCIT:C165698
NCIT:C153238	NCIT:C179515
NCIT:C153238	NCIT:C214846
NCIT:C153238	NCIT:C224700
NCIT:C153238	NCIT:C28311
NCIT:C153238	NCIT:C36300
NCIT:C153238	NCIT:C36302
NCIT:C153238	NCIT:C36303
NCIT:C153238	NCIT:C5178
NCIT:C153278	NCIT:C153477
NCIT:C153278	NCIT:C155698
NCIT:C153278	NCIT:C158090
NCIT:C153278	NCIT:C211516
NCIT:C153278	NCIT:C214937
NCIT:C153279	NCIT:C152074
NCIT:C153279	NCIT:C153278
NCIT:C153279	NCIT:C153315
NCIT:C153279	NCIT:C163959
NCIT:C153279	NCIT:C211875
NCIT:C153286	NCIT:C142850
NCIT:C153286	NCIT:C142853
NCIT:C153293	NCIT:C153294
NCIT:C153297	NCIT:C207802
NCIT:C153315	NCIT:C153316
NCIT:C153315	NCIT:C155698
NCIT:C153315	NCIT:C156788
NCIT:C153315	NCIT:C179461
NCIT:C153315	NCIT:C211028
NCIT:C153315	NCIT:C214843
NCIT:C153316	NCIT:C155874
NCIT:C153319	NCIT:C153316
NCIT:C153319	NCIT:C162767
NCIT:C153319	NCIT:C165630
NCIT:C153319	NCIT:C166121
NCIT:C153319	NCIT:C166255
NCIT:C153320	NCIT:C153319
NCIT:C153320	NCIT:C156682
NCIT:C153320	NCIT:C162772
NCIT:C153320	NCIT:C165299
NCIT:C153320	NCIT:C181856
NCIT:C153320	NCIT:C224811
NCIT:C153323	NCIT:C153324
NCIT:C153323	NCIT:C173333
NCIT:C153336	NCIT:C210982
NCIT:C153336	NCIT:C210990
NCIT:C153336	NCIT:C222492
NCIT:C153348	NCIT:C175236
NCIT:C153348	NCIT:C175237
NCIT:C153348	NCIT:C185954
NCIT:C153348	NCIT:C223370
NCIT:C153351	NCIT:C162155
NCIT:C153352	NCIT:C162450
NCIT:C153352	NCIT:C174247
NCIT:C153352	NCIT:C213917
NCIT:C153355	NCIT:C158101
NCIT:C153355	NCIT:C175437
NCIT:C153356	NCIT:C175436
NCIT:C153357	NCIT:C171327
NCIT:C153357	NCIT:C175515
NCIT:C153358	NCIT:C153357
NCIT:C153358	NCIT:C155934
NCIT:C153358	NCIT:C162766
NCIT:C153358	NCIT:C162772
NCIT:C153358	NCIT:C168976
NCIT:C153358	NCIT:C168977
NCIT:C153358	NCIT:C203618
NCIT:C153358	NCIT:C210257
NCIT:C153358	NCIT:C213714
NCIT:C153358	NCIT:C214990
NCIT:C153360	NCIT:C27325
NCIT:C153360	NCIT:C7893
NCIT:C153387	NCIT:C153388
NCIT:C153387	NCIT:C153390
NCIT:C153387	NCIT:C156294
NCIT:C153387	NCIT:C156295
NCIT:C153387	NCIT:C206195
NCIT:C153388	NCIT:C174030
NCIT:C153388	NCIT:C174505
NCIT:C153389	NCIT:C156297
NCIT:C153389	NCIT:C156304
NCIT:C153390	NCIT:C174032
NCIT:C153390	NCIT:C206426
NCIT:C153475	NCIT:C176728
NCIT:C153476	NCIT:C164247
NCIT:C153477	NCIT:C153475
NCIT:C153477	NCIT:C153476
NCIT:C153477	NCIT:C215094
NCIT:C153575	NCIT:C153576
NCIT:C153575	NCIT:C153577
NCIT:C153575	NCIT:C223143
NCIT:C153587	NCIT:C203341
NCIT:C153590	NCIT:C190197
NCIT:C153614	NCIT:C150095
NCIT:C153614	NCIT:C153615
NCIT:C153614	NCIT:C153616
NCIT:C153614	NCIT:C153617
NCIT:C153614	NCIT:C153618
NCIT:C153615	NCIT:C156455
NCIT:C153615	NCIT:C165262
NCIT:C153615	NCIT:C187241
NCIT:C153617	NCIT:C187241
NCIT:C153619	NCIT:C212216
NCIT:C153622	NCIT:C174573
NCIT:C153623	NCIT:C173638
NCIT:C153800	NCIT:C153571
NCIT:C153800	NCIT:C153804
NCIT:C153800	NCIT:C153805
NCIT:C153800	NCIT:C153806
NCIT:C153800	NCIT:C153810
NCIT:C153800	NCIT:C153813
NCIT:C153801	NCIT:C153572
NCIT:C153801	NCIT:C153807
NCIT:C153801	NCIT:C153808
NCIT:C153801	NCIT:C153809
NCIT:C153801	NCIT:C153811
NCIT:C153801	NCIT:C153812
NCIT:C153802	NCIT:C179174
NCIT:C153823	NCIT:C114836
NCIT:C153823	NCIT:C133499
NCIT:C153823	NCIT:C142848
NCIT:C153823	NCIT:C153837
NCIT:C153823	NCIT:C160914
NCIT:C153823	NCIT:C213352
NCIT:C153823	NCIT:C219626
NCIT:C153823	NCIT:C7849
NCIT:C153837	NCIT:C136518
NCIT:C153837	NCIT:C179221
NCIT:C153837	NCIT:C179226
NCIT:C153837	NCIT:C191198
NCIT:C153837	NCIT:C198951
NCIT:C153837	NCIT:C5588
NCIT:C153842	NCIT:C142855
NCIT:C153842	NCIT:C153845
NCIT:C153842	NCIT:C160915
NCIT:C153842	NCIT:C162723
NCIT:C153842	NCIT:C183152
NCIT:C153842	NCIT:C209363
NCIT:C153842	NCIT:C213353
NCIT:C153845	NCIT:C136519
NCIT:C153845	NCIT:C142856
NCIT:C153865	NCIT:C160905
NCIT:C153865	NCIT:C160913
NCIT:C153865	NCIT:C169074
NCIT:C153865	NCIT:C169075
NCIT:C153865	NCIT:C211958
NCIT:C153865	NCIT:C222245
NCIT:C154078	NCIT:C185067
NCIT:C154082	NCIT:C208269
NCIT:C154088	NCIT:C154091
NCIT:C154088	NCIT:C171298
NCIT:C154088	NCIT:C172252
NCIT:C154088	NCIT:C211962
NCIT:C154088	NCIT:C213914
NCIT:C154091	NCIT:C154078
NCIT:C154091	NCIT:C167336
NCIT:C154091	NCIT:C168979
NCIT:C154221	NCIT:C153316
NCIT:C154321	NCIT:C153182
NCIT:C154321	NCIT:C162758
NCIT:C154321	NCIT:C165474
NCIT:C154321	NCIT:C170781
NCIT:C154321	NCIT:C172358
NCIT:C154321	NCIT:C174505
NCIT:C154321	NCIT:C197986
NCIT:C154321	NCIT:C203410
NCIT:C154321	NCIT:C203413
NCIT:C154321	NCIT:C222320
NCIT:C154321	NCIT:C224625
NCIT:C154322	NCIT:C185350
NCIT:C154322	NCIT:C185351
NCIT:C154324	NCIT:C173088
NCIT:C154333	NCIT:C225040
NCIT:C154335	NCIT:C190775
NCIT:C154339	NCIT:C154431
NCIT:C154340	NCIT:C154432
NCIT:C154429	NCIT:C154431
NCIT:C154429	NCIT:C154432
NCIT:C154442	NCIT:C154441
NCIT:C154443	NCIT:C154444
NCIT:C154443	NCIT:C173608
NCIT:C154443	NCIT:C173612
NCIT:C154444	NCIT:C173616
NCIT:C154444	NCIT:C173617
NCIT:C154444	NCIT:C173618
NCIT:C154494	NCIT:C189242
NCIT:C154494	NCIT:C223891
NCIT:C154494	NCIT:C223893
NCIT:C154494	NCIT:C27891
NCIT:C154494	NCIT:C37210
NCIT:C154496	NCIT:C189260
NCIT:C154520	NCIT:C154519
NCIT:C154545	NCIT:C155699
NCIT:C154545	NCIT:C165449
NCIT:C154545	NCIT:C183251
NCIT:C154545	NCIT:C190505
NCIT:C154545	NCIT:C190508
NCIT:C154545	NCIT:C201953
NCIT:C154545	NCIT:C211597
NCIT:C154545	NCIT:C211606
NCIT:C154545	NCIT:C214788
NCIT:C154545	NCIT:C223893
NCIT:C154547	NCIT:C205309
NCIT:C154608	NCIT:C151905
NCIT:C154608	NCIT:C165736
NCIT:C154608	NCIT:C165739
NCIT:C154608	NCIT:C173916
NCIT:C154608	NCIT:C179179
NCIT:C154608	NCIT:C182020
NCIT:C154608	NCIT:C205238
NCIT:C154608	NCIT:C213043
NCIT:C154608	NCIT:C216098
NCIT:C154608	NCIT:C216195
NCIT:C154608	NCIT:C222303
NCIT:C154617	NCIT:C126323
NCIT:C154617	NCIT:C172722
NCIT:C154617	NCIT:C95582
NCIT:C154617	NCIT:C95620
NCIT:C154617	NCIT:C95885
NCIT:C154617	NCIT:C96065
NCIT:C154617	NCIT:C96157
NCIT:C154617	NCIT:C96426
NCIT:C154617	NCIT:C96550
NCIT:C154617	NCIT:C96921
NCIT:C154617	NCIT:C96958
NCIT:C154621	NCIT:C140328
NCIT:C154621	NCIT:C177245
NCIT:C154621	NCIT:C204036
NCIT:C154641	NCIT:C126325
NCIT:C154641	NCIT:C172725
NCIT:C154641	NCIT:C27449
NCIT:C154641	NCIT:C43555
NCIT:C154641	NCIT:C43587
NCIT:C154641	NCIT:C5845
NCIT:C154641	NCIT:C6762
NCIT:C154641	NCIT:C6763
NCIT:C154641	NCIT:C6764
NCIT:C154641	NCIT:C95583
NCIT:C154641	NCIT:C96551
NCIT:C154700	NCIT:C27636
NCIT:C155305	NCIT:C155306
NCIT:C155305	NCIT:C204883
NCIT:C155305	NCIT:C212038
NCIT:C155306	NCIT:C214951
NCIT:C155311	NCIT:C212033
NCIT:C155313	NCIT:C155316
NCIT:C155647	NCIT:C155648
NCIT:C155647	NCIT:C155649
NCIT:C155647	NCIT:C213429
NCIT:C155698	NCIT:C156288
NCIT:C155698	NCIT:C156789
NCIT:C155698	NCIT:C162182
NCIT:C155698	NCIT:C187389
NCIT:C155698	NCIT:C210986
NCIT:C155698	NCIT:C213700
NCIT:C155698	NCIT:C213704
NCIT:C155698	NCIT:C213714
NCIT:C155698	NCIT:C224625
NCIT:C155698	NCIT:C224626
NCIT:C155699	NCIT:C215679
NCIT:C155742	NCIT:C153569
NCIT:C155742	NCIT:C153619
NCIT:C155742	NCIT:C153620
NCIT:C155743	NCIT:C205226
NCIT:C155747	NCIT:C146639
NCIT:C155747	NCIT:C155748
NCIT:C155747	NCIT:C155749
NCIT:C155747	NCIT:C155750
NCIT:C155747	NCIT:C155751
NCIT:C155747	NCIT:C155752
NCIT:C155747	NCIT:C155753
NCIT:C155747	NCIT:C155754
NCIT:C155747	NCIT:C155755
NCIT:C155747	NCIT:C155756
NCIT:C155747	NCIT:C155757
NCIT:C155747	NCIT:C155758
NCIT:C155747	NCIT:C155759
NCIT:C155747	NCIT:C155760
NCIT:C155747	NCIT:C155761
NCIT:C155747	NCIT:C155762
NCIT:C155747	NCIT:C155763
NCIT:C155747	NCIT:C85047
NCIT:C155776	NCIT:C155778
NCIT:C155776	NCIT:C6776
NCIT:C155781	NCIT:C155782
NCIT:C155781	NCIT:C155783
NCIT:C155786	NCIT:C6805
NCIT:C155790	NCIT:C155791
NCIT:C155790	NCIT:C202262
NCIT:C155790	NCIT:C214892
NCIT:C155791	NCIT:C192732
NCIT:C155791	NCIT:C5453
NCIT:C155792	NCIT:C129569
NCIT:C155792	NCIT:C155793
NCIT:C155792	NCIT:C173820
NCIT:C155792	NCIT:C173892
NCIT:C155796	NCIT:C155797
NCIT:C155801	NCIT:C155807
NCIT:C155801	NCIT:C177769
NCIT:C155801	NCIT:C214899
NCIT:C155802	NCIT:C155803
NCIT:C155807	NCIT:C155808
NCIT:C155807	NCIT:C155809
NCIT:C155807	NCIT:C155810
NCIT:C155829	NCIT:C203283
NCIT:C155829	NCIT:C203284
NCIT:C155852	NCIT:C156069
NCIT:C155852	NCIT:C165447
NCIT:C155869	NCIT:C155870
NCIT:C155869	NCIT:C158908
NCIT:C155869	NCIT:C158909
NCIT:C155869	NCIT:C158911
NCIT:C155869	NCIT:C163975
NCIT:C155869	NCIT:C191981
NCIT:C155869	NCIT:C192797
NCIT:C155870	NCIT:C177802
NCIT:C155870	NCIT:C191982
NCIT:C155870	NCIT:C192798
NCIT:C155870	NCIT:C215394
NCIT:C155871	NCIT:C115988
NCIT:C155871	NCIT:C14364
NCIT:C155871	NCIT:C34695
NCIT:C155871	NCIT:C34697
NCIT:C155872	NCIT:C214772
NCIT:C155901	NCIT:C162642
NCIT:C155901	NCIT:C171612
NCIT:C155901	NCIT:C210986
NCIT:C155901	NCIT:C214785
NCIT:C155902	NCIT:C155901
NCIT:C155902	NCIT:C192018
NCIT:C155903	NCIT:C128563
NCIT:C155903	NCIT:C129654
NCIT:C155903	NCIT:C155935
NCIT:C155903	NCIT:C159775
NCIT:C155903	NCIT:C162600
NCIT:C155903	NCIT:C172808
NCIT:C155903	NCIT:C176042
NCIT:C155903	NCIT:C206533
NCIT:C155903	NCIT:C211963
NCIT:C155903	NCIT:C213714
NCIT:C155903	NCIT:C223265
NCIT:C155903	NCIT:C5018
NCIT:C155903	NCIT:C8638
NCIT:C155908	NCIT:C175219
NCIT:C155908	NCIT:C176727
NCIT:C155919	NCIT:C35748
NCIT:C155919	NCIT:C3577
NCIT:C155919	NCIT:C3578
NCIT:C155919	NCIT:C3579
NCIT:C155919	NCIT:C45762
NCIT:C155919	NCIT:C4889
NCIT:C155919	NCIT:C4903
NCIT:C155919	NCIT:C8530
NCIT:C155934	NCIT:C155933
NCIT:C155935	NCIT:C153079
NCIT:C155935	NCIT:C180885
NCIT:C155936	NCIT:C153075
NCIT:C155936	NCIT:C155934
NCIT:C155936	NCIT:C156682
NCIT:C155936	NCIT:C156686
NCIT:C155936	NCIT:C203253
NCIT:C155937	NCIT:C137862
NCIT:C155938	NCIT:C115433
NCIT:C155950	NCIT:C39789
NCIT:C155950	NCIT:C8496
NCIT:C155952	NCIT:C179921
NCIT:C155952	NCIT:C40142
NCIT:C155973	NCIT:C162728
NCIT:C155973	NCIT:C185073
NCIT:C155983	NCIT:C7529
NCIT:C155987	NCIT:C162725
NCIT:C156032	NCIT:C111802
NCIT:C156032	NCIT:C3335
NCIT:C156032	NCIT:C3452
NCIT:C156032	NCIT:C67383
NCIT:C156032	NCIT:C84663
NCIT:C156032	NCIT:C84683
NCIT:C156032	NCIT:C84776
NCIT:C156062	NCIT:C150513
NCIT:C156062	NCIT:C157750
NCIT:C156062	NCIT:C157762
NCIT:C156062	NCIT:C157763
NCIT:C156062	NCIT:C167071
NCIT:C156062	NCIT:C167338
NCIT:C156062	NCIT:C190772
NCIT:C156062	NCIT:C203406
NCIT:C156063	NCIT:C167202
NCIT:C156063	NCIT:C167395
NCIT:C156063	NCIT:C171016
NCIT:C156063	NCIT:C203313
NCIT:C156063	NCIT:C211517
NCIT:C156063	NCIT:C211519
NCIT:C156064	NCIT:C160782
NCIT:C156064	NCIT:C165458
NCIT:C156064	NCIT:C167072
NCIT:C156064	NCIT:C170938
NCIT:C156064	NCIT:C170944
NCIT:C156064	NCIT:C172234
NCIT:C156064	NCIT:C179460
NCIT:C156064	NCIT:C180333
NCIT:C156064	NCIT:C183244
NCIT:C156064	NCIT:C204865
NCIT:C156064	NCIT:C27391
NCIT:C156065	NCIT:C170787
NCIT:C156065	NCIT:C170788
NCIT:C156065	NCIT:C181028
NCIT:C156065	NCIT:C181031
NCIT:C156065	NCIT:C8944
NCIT:C156066	NCIT:C170785
NCIT:C156066	NCIT:C170786
NCIT:C156066	NCIT:C174201
NCIT:C156068	NCIT:C159676
NCIT:C156068	NCIT:C170461
NCIT:C156068	NCIT:C175597
NCIT:C156068	NCIT:C180336
NCIT:C156068	NCIT:C198705
NCIT:C156068	NCIT:C222627
NCIT:C156068	NCIT:C222640
NCIT:C156068	NCIT:C222643
NCIT:C156068	NCIT:C8942
NCIT:C156069	NCIT:C153075
NCIT:C156069	NCIT:C165452
NCIT:C156069	NCIT:C168985
NCIT:C156069	NCIT:C210165
NCIT:C156070	NCIT:C174443
NCIT:C156070	NCIT:C191863
NCIT:C156072	NCIT:C171285
NCIT:C156072	NCIT:C171572
NCIT:C156072	NCIT:C209348
NCIT:C156072	NCIT:C212038
NCIT:C156072	NCIT:C213776
NCIT:C156073	NCIT:C156074
NCIT:C156073	NCIT:C156075
NCIT:C156073	NCIT:C160599
NCIT:C156073	NCIT:C168976
NCIT:C156074	NCIT:C166120
NCIT:C156074	NCIT:C166256
NCIT:C156074	NCIT:C172227
NCIT:C156074	NCIT:C172249
NCIT:C156075	NCIT:C171607
NCIT:C156075	NCIT:C172358
NCIT:C156075	NCIT:C224812
NCIT:C156079	NCIT:C150209
NCIT:C156079	NCIT:C175491
NCIT:C156080	NCIT:C156079
NCIT:C156080	NCIT:C156081
NCIT:C156080	NCIT:C156082
NCIT:C156080	NCIT:C165561
NCIT:C156080	NCIT:C170784
NCIT:C156080	NCIT:C173685
NCIT:C156081	NCIT:C150212
NCIT:C156081	NCIT:C171280
NCIT:C156082	NCIT:C150202
NCIT:C156082	NCIT:C170782
NCIT:C156082	NCIT:C170783
NCIT:C156085	NCIT:C150213
NCIT:C156085	NCIT:C165560
NCIT:C156086	NCIT:C156087
NCIT:C156086	NCIT:C156088
NCIT:C156086	NCIT:C165562
NCIT:C156087	NCIT:C150206
NCIT:C156087	NCIT:C156089
NCIT:C156087	NCIT:C156090
NCIT:C156087	NCIT:C171281
NCIT:C156088	NCIT:C156091
NCIT:C156092	NCIT:C157364
NCIT:C156092	NCIT:C173330
NCIT:C156092	NCIT:C197986
NCIT:C156093	NCIT:C175218
NCIT:C156093	NCIT:C181967
NCIT:C156094	NCIT:C128798
NCIT:C156094	NCIT:C156093
NCIT:C156094	NCIT:C157364
NCIT:C156094	NCIT:C160783
NCIT:C156094	NCIT:C162158
NCIT:C156094	NCIT:C208359
NCIT:C156095	NCIT:C160296
NCIT:C156095	NCIT:C176857
NCIT:C156095	NCIT:C213287
NCIT:C156096	NCIT:C142867
NCIT:C156096	NCIT:C153224
NCIT:C156096	NCIT:C156097
NCIT:C156096	NCIT:C156098
NCIT:C156096	NCIT:C157366
NCIT:C156096	NCIT:C161048
NCIT:C156096	NCIT:C162475
NCIT:C156096	NCIT:C162766
NCIT:C156096	NCIT:C185165
NCIT:C156096	NCIT:C209752
NCIT:C156096	NCIT:C211028
NCIT:C156096	NCIT:C218466
NCIT:C156097	NCIT:C160819
NCIT:C156097	NCIT:C167238
NCIT:C156097	NCIT:C170910
NCIT:C156097	NCIT:C178268
NCIT:C156097	NCIT:C36309
NCIT:C156097	NCIT:C89815
NCIT:C156098	NCIT:C136240
NCIT:C156098	NCIT:C160820
NCIT:C156098	NCIT:C170777
NCIT:C156098	NCIT:C170778
NCIT:C156098	NCIT:C170779
NCIT:C156099	NCIT:C174574
NCIT:C156099	NCIT:C216078
NCIT:C156100	NCIT:C216079
NCIT:C156101	NCIT:C198067
NCIT:C156101	NCIT:C198074
NCIT:C156101	NCIT:C203511
NCIT:C156101	NCIT:C203526
NCIT:C156101	NCIT:C5155
NCIT:C156167	NCIT:C198918
NCIT:C156232	NCIT:C178553
NCIT:C156232	NCIT:C178554
NCIT:C156232	NCIT:C8490
NCIT:C156233	NCIT:C178555
NCIT:C156233	NCIT:C178556
NCIT:C156269	NCIT:C151993
NCIT:C156269	NCIT:C155743
NCIT:C156274	NCIT:C156273
NCIT:C156274	NCIT:C173404
NCIT:C156274	NCIT:C202621
NCIT:C156280	NCIT:C156281
NCIT:C156280	NCIT:C213631
NCIT:C156280	NCIT:C5952
NCIT:C156283	NCIT:C156282
NCIT:C156284	NCIT:C156286
NCIT:C156284	NCIT:C202894
NCIT:C156284	NCIT:C222232
NCIT:C156285	NCIT:C156287
NCIT:C156285	NCIT:C156288
NCIT:C156285	NCIT:C158914
NCIT:C156285	NCIT:C213497
NCIT:C156286	NCIT:C186456
NCIT:C156287	NCIT:C156289
NCIT:C156288	NCIT:C156289
NCIT:C156294	NCIT:C174030
NCIT:C156294	NCIT:C174032
NCIT:C156294	NCIT:C206199
NCIT:C156295	NCIT:C156300
NCIT:C156295	NCIT:C174505
NCIT:C156295	NCIT:C206200
NCIT:C156295	NCIT:C206426
NCIT:C156297	NCIT:C156299
NCIT:C156300	NCIT:C156299
NCIT:C156342	NCIT:C156343
NCIT:C156342	NCIT:C156345
NCIT:C156343	NCIT:C156344
NCIT:C156406	NCIT:C156407
NCIT:C156406	NCIT:C156408
NCIT:C156406	NCIT:C156409
NCIT:C156411	NCIT:C39993
NCIT:C156453	NCIT:C156454
NCIT:C156453	NCIT:C165268
NCIT:C156457	NCIT:C116317
NCIT:C156457	NCIT:C154641
NCIT:C156457	NCIT:C160981
NCIT:C156457	NCIT:C183128
NCIT:C156457	NCIT:C191852
NCIT:C156457	NCIT:C191854
NCIT:C156457	NCIT:C191855
NCIT:C156457	NCIT:C215421
NCIT:C156457	NCIT:C6176
NCIT:C156457	NCIT:C6460
NCIT:C156457	NCIT:C6760
NCIT:C156457	NCIT:C6766
NCIT:C156457	NCIT:C9461
NCIT:C156462	NCIT:C186343
NCIT:C156462	NCIT:C186350
NCIT:C156462	NCIT:C186351
NCIT:C156462	NCIT:C186443
NCIT:C156462	NCIT:C186450
NCIT:C156462	NCIT:C186451
NCIT:C156462	NCIT:C5098
NCIT:C156462	NCIT:C9041
NCIT:C156462	NCIT:C9372
NCIT:C156464	NCIT:C211606
NCIT:C156464	NCIT:C211607
NCIT:C156475	NCIT:C156476
NCIT:C156482	NCIT:C156483
NCIT:C156482	NCIT:C156484
NCIT:C156482	NCIT:C189258
NCIT:C156482	NCIT:C3431
NCIT:C156482	NCIT:C3674
NCIT:C156483	NCIT:C190602
NCIT:C156483	NCIT:C4893
NCIT:C156483	NCIT:C7617
NCIT:C156484	NCIT:C157774
NCIT:C156484	NCIT:C164141
NCIT:C156484	NCIT:C177724
NCIT:C156484	NCIT:C178443
NCIT:C156484	NCIT:C189269
NCIT:C156484	NCIT:C192662
NCIT:C156484	NCIT:C36076
NCIT:C156484	NCIT:C9297
NCIT:C156485	NCIT:C147065
NCIT:C156485	NCIT:C155869
NCIT:C156485	NCIT:C156486
NCIT:C156485	NCIT:C156492
NCIT:C156485	NCIT:C156493
NCIT:C156485	NCIT:C157602
NCIT:C156485	NCIT:C162461
NCIT:C156485	NCIT:C167332
NCIT:C156485	NCIT:C8559
NCIT:C156486	NCIT:C154621
NCIT:C156486	NCIT:C155870
NCIT:C156486	NCIT:C158089
NCIT:C156486	NCIT:C160852
NCIT:C156486	NCIT:C165446
NCIT:C156486	NCIT:C180871
NCIT:C156488	NCIT:C156489
NCIT:C156488	NCIT:C167324
NCIT:C156488	NCIT:C190712
NCIT:C156488	NCIT:C190714
NCIT:C156488	NCIT:C192791
NCIT:C156489	NCIT:C190713
NCIT:C156489	NCIT:C190715
NCIT:C156492	NCIT:C155936
NCIT:C156492	NCIT:C158089
NCIT:C156492	NCIT:C165447
NCIT:C156492	NCIT:C178271
NCIT:C156492	NCIT:C204037
NCIT:C156493	NCIT:C5171
NCIT:C156660	NCIT:C156482
NCIT:C156660	NCIT:C156664
NCIT:C156660	NCIT:C3430
NCIT:C156660	NCIT:C4875
NCIT:C156664	NCIT:C178470
NCIT:C156664	NCIT:C27599
NCIT:C156664	NCIT:C27613
NCIT:C156664	NCIT:C35719
NCIT:C156682	NCIT:C156683
NCIT:C156683	NCIT:C156684
NCIT:C156683	NCIT:C156685
NCIT:C156686	NCIT:C156687
NCIT:C156687	NCIT:C156688
NCIT:C156687	NCIT:C156689
NCIT:C156699	NCIT:C175216
NCIT:C156699	NCIT:C175217
NCIT:C156711	NCIT:C3537
NCIT:C156711	NCIT:C3538
NCIT:C156713	NCIT:C4447
NCIT:C156713	NCIT:C8612
NCIT:C156714	NCIT:C179465
NCIT:C156714	NCIT:C183304
NCIT:C156714	NCIT:C210658
NCIT:C156714	NCIT:C8615
NCIT:C156715	NCIT:C161583
NCIT:C156715	NCIT:C183184
NCIT:C156716	NCIT:C156717
NCIT:C156716	NCIT:C156722
NCIT:C156716	NCIT:C156723
NCIT:C156716	NCIT:C156731
NCIT:C156716	NCIT:C193410
NCIT:C156718	NCIT:C193407
NCIT:C156718	NCIT:C208355
NCIT:C156722	NCIT:C193429
NCIT:C156745	NCIT:C178269
NCIT:C156746	NCIT:C159548
NCIT:C156746	NCIT:C160599
NCIT:C156746	NCIT:C162475
NCIT:C156746	NCIT:C165299
NCIT:C156746	NCIT:C170515
NCIT:C156746	NCIT:C203253
NCIT:C156746	NCIT:C207863
NCIT:C156746	NCIT:C214989
NCIT:C156746	NCIT:C221015
NCIT:C156757	NCIT:C190066
NCIT:C156757	NCIT:C27393
NCIT:C156757	NCIT:C4154
NCIT:C156757	NCIT:C48283
NCIT:C156757	NCIT:C7993
NCIT:C156757	NCIT:C7994
NCIT:C156767	NCIT:C156769
NCIT:C156767	NCIT:C157330
NCIT:C156767	NCIT:C190776
NCIT:C156767	NCIT:C199640
NCIT:C156767	NCIT:C2921
NCIT:C156767	NCIT:C3678
NCIT:C156767	NCIT:C39902
NCIT:C156769	NCIT:C156770
NCIT:C156769	NCIT:C156788
NCIT:C156769	NCIT:C172362
NCIT:C156770	NCIT:C156789
NCIT:C156781	NCIT:C156782
NCIT:C156781	NCIT:C162750
NCIT:C156781	NCIT:C162751
NCIT:C156781	NCIT:C176042
NCIT:C156781	NCIT:C212896
NCIT:C156781	NCIT:C222829
NCIT:C156781	NCIT:C27814
NCIT:C156781	NCIT:C3844
NCIT:C156781	NCIT:C67493
NCIT:C156782	NCIT:C153360
NCIT:C156782	NCIT:C212217
NCIT:C156782	NCIT:C4008
NCIT:C156788	NCIT:C156789
NCIT:C156793	NCIT:C187051
NCIT:C156793	NCIT:C213052
NCIT:C156885	NCIT:C35875
NCIT:C156885	NCIT:C5264
NCIT:C156906	NCIT:C151995
NCIT:C156906	NCIT:C156907
NCIT:C156908	NCIT:C208024
NCIT:C156909	NCIT:C162257
NCIT:C156909	NCIT:C165293
NCIT:C156909	NCIT:C200577
NCIT:C156909	NCIT:C205311
NCIT:C156909	NCIT:C210620
NCIT:C156909	NCIT:C210813
NCIT:C156909	NCIT:C212896
NCIT:C156909	NCIT:C5099
NCIT:C156909	NCIT:C8639
NCIT:C156910	NCIT:C156911
NCIT:C156910	NCIT:C27326
NCIT:C156911	NCIT:C212895
NCIT:C156956	NCIT:C188254
NCIT:C156956	NCIT:C213587
NCIT:C156956	NCIT:C48320
NCIT:C157056	NCIT:C157057
NCIT:C157056	NCIT:C185157
NCIT:C157056	NCIT:C185880
NCIT:C157056	NCIT:C187160
NCIT:C157056	NCIT:C188366
NCIT:C157056	NCIT:C190851
NCIT:C157056	NCIT:C200570
NCIT:C157056	NCIT:C222569
NCIT:C157056	NCIT:C222570
NCIT:C157056	NCIT:C223362
NCIT:C157057	NCIT:C223147
NCIT:C157057	NCIT:C223148
NCIT:C157065	NCIT:C157067
NCIT:C157065	NCIT:C157068
NCIT:C157065	NCIT:C157069
NCIT:C157065	NCIT:C4365
NCIT:C157067	NCIT:C157070
NCIT:C157067	NCIT:C157071
NCIT:C157068	NCIT:C157070
NCIT:C157069	NCIT:C157071
NCIT:C157073	NCIT:C157070
NCIT:C157074	NCIT:C157071
NCIT:C157125	NCIT:C8047
NCIT:C157126	NCIT:C157128
NCIT:C157130	NCIT:C138183
NCIT:C157130	NCIT:C157125
NCIT:C157130	NCIT:C165253
NCIT:C157130	NCIT:C176711
NCIT:C157130	NCIT:C188228
NCIT:C157131	NCIT:C138184
NCIT:C157131	NCIT:C158088
NCIT:C157131	NCIT:C158401
NCIT:C157131	NCIT:C165742
NCIT:C157131	NCIT:C213953
NCIT:C157246	NCIT:C190073
NCIT:C157246	NCIT:C48306
NCIT:C157320	NCIT:C200088
NCIT:C157324	NCIT:C157320
NCIT:C157324	NCIT:C157331
NCIT:C157330	NCIT:C156788
NCIT:C157330	NCIT:C157331
NCIT:C157334	NCIT:C157335
NCIT:C157364	NCIT:C153201
NCIT:C157364	NCIT:C157365
NCIT:C157365	NCIT:C187411
NCIT:C157366	NCIT:C136240
NCIT:C157366	NCIT:C157355
NCIT:C157366	NCIT:C36309
NCIT:C157450	NCIT:C191394
NCIT:C157573	NCIT:C27238
NCIT:C157600	NCIT:C115363
NCIT:C157601	NCIT:C223196
NCIT:C157601	NCIT:C8579
NCIT:C157602	NCIT:C165446
NCIT:C157602	NCIT:C176715
NCIT:C157602	NCIT:C177243
NCIT:C157602	NCIT:C192797
NCIT:C157621	NCIT:C170750
NCIT:C157621	NCIT:C203313
NCIT:C157621	NCIT:C203315
NCIT:C157621	NCIT:C204982
NCIT:C157621	NCIT:C211915
NCIT:C157622	NCIT:C170751
NCIT:C157622	NCIT:C203314
NCIT:C157622	NCIT:C203316
NCIT:C157622	NCIT:C204985
NCIT:C157622	NCIT:C211914
NCIT:C157623	NCIT:C162752
NCIT:C157623	NCIT:C168994
NCIT:C157623	NCIT:C172252
NCIT:C157623	NCIT:C213337
NCIT:C157624	NCIT:C158151
NCIT:C157624	NCIT:C158152
NCIT:C157631	NCIT:C126307
NCIT:C157631	NCIT:C131218
NCIT:C157631	NCIT:C212218
NCIT:C157631	NCIT:C8254
NCIT:C157636	NCIT:C162618
NCIT:C157636	NCIT:C162619
NCIT:C157636	NCIT:C164159
NCIT:C157636	NCIT:C213699
NCIT:C157638	NCIT:C156089
NCIT:C157638	NCIT:C164012
NCIT:C157638	NCIT:C175669
NCIT:C157639	NCIT:C153804
NCIT:C157639	NCIT:C153809
NCIT:C157639	NCIT:C8216
NCIT:C157652	NCIT:C210654
NCIT:C157652	NCIT:C210655
NCIT:C157686	NCIT:C157687
NCIT:C157686	NCIT:C160152
NCIT:C157686	NCIT:C172280
NCIT:C157686	NCIT:C188179
NCIT:C157686	NCIT:C190397
NCIT:C157686	NCIT:C202989
NCIT:C157709	NCIT:C157685
NCIT:C157709	NCIT:C157687
NCIT:C157709	NCIT:C3471
NCIT:C157737	NCIT:C213593
NCIT:C157743	NCIT:C159223
NCIT:C157743	NCIT:C159224
NCIT:C157743	NCIT:C159226
NCIT:C157748	NCIT:C157749
NCIT:C157748	NCIT:C27253
NCIT:C157748	NCIT:C39812
NCIT:C157750	NCIT:C203410
NCIT:C157755	NCIT:C172620
NCIT:C157755	NCIT:C203412
NCIT:C157757	NCIT:C171581
NCIT:C157757	NCIT:C172219
NCIT:C157758	NCIT:C157759
NCIT:C157758	NCIT:C159582
NCIT:C157758	NCIT:C6414
NCIT:C157759	NCIT:C157760
NCIT:C157759	NCIT:C9461
NCIT:C157760	NCIT:C157762
NCIT:C157763	NCIT:C203415
NCIT:C157764	NCIT:C202894
NCIT:C157774	NCIT:C146893
NCIT:C157774	NCIT:C162254
NCIT:C157774	NCIT:C176859
NCIT:C157774	NCIT:C212205
NCIT:C157774	NCIT:C213717
NCIT:C157774	NCIT:C219668
NCIT:C157816	NCIT:C157607
NCIT:C157938	NCIT:C157895
NCIT:C157938	NCIT:C34939
NCIT:C157938	NCIT:C35772
NCIT:C157995	NCIT:C48961
NCIT:C157995	NCIT:C6918
NCIT:C158046	NCIT:C37263
NCIT:C158046	NCIT:C7504
NCIT:C158088	NCIT:C155937
NCIT:C158088	NCIT:C222276
NCIT:C158089	NCIT:C165448
NCIT:C158089	NCIT:C203253
NCIT:C158089	NCIT:C204036
NCIT:C158101	NCIT:C174247
NCIT:C158101	NCIT:C213913
NCIT:C158104	NCIT:C147108
NCIT:C158104	NCIT:C211953
NCIT:C158104	NCIT:C211956
NCIT:C158104	NCIT:C222246
NCIT:C158149	NCIT:C160232
NCIT:C158149	NCIT:C186483
NCIT:C158150	NCIT:C160240
NCIT:C158150	NCIT:C186484
NCIT:C158374	NCIT:C213363
NCIT:C158374	NCIT:C27880
NCIT:C158374	NCIT:C39831
NCIT:C158382	NCIT:C140417
NCIT:C158382	NCIT:C27875
NCIT:C158382	NCIT:C27876
NCIT:C158382	NCIT:C9267
NCIT:C158401	NCIT:C158402
NCIT:C158421	NCIT:C150095
NCIT:C158421	NCIT:C150097
NCIT:C158421	NCIT:C165265
NCIT:C158421	NCIT:C165269
NCIT:C158421	NCIT:C199150
NCIT:C158421	NCIT:C199152
NCIT:C158428	NCIT:C217181
NCIT:C158428	NCIT:C223910
NCIT:C158428	NCIT:C223918
NCIT:C158437	NCIT:C132294
NCIT:C158437	NCIT:C150097
NCIT:C158437	NCIT:C155816
NCIT:C158437	NCIT:C155819
NCIT:C158437	NCIT:C165291
NCIT:C158437	NCIT:C222636
NCIT:C158463	NCIT:C158464
NCIT:C158463	NCIT:C172649
NCIT:C158463	NCIT:C177723
NCIT:C158463	NCIT:C199665
NCIT:C158463	NCIT:C5899
NCIT:C158610	NCIT:C40061
NCIT:C158610	NCIT:C6290
NCIT:C158616	NCIT:C7281
NCIT:C158620	NCIT:C158610
NCIT:C158622	NCIT:C40029
NCIT:C158636	NCIT:C159673
NCIT:C158636	NCIT:C159679
NCIT:C158636	NCIT:C4669
NCIT:C158636	NCIT:C6177
NCIT:C158636	NCIT:C6178
NCIT:C158730	NCIT:C158731
NCIT:C158752	NCIT:C162182
NCIT:C158752	NCIT:C203331
NCIT:C158752	NCIT:C213049
NCIT:C158788	NCIT:C131639
NCIT:C158788	NCIT:C131642
NCIT:C158788	NCIT:C131646
NCIT:C158788	NCIT:C131650
NCIT:C158908	NCIT:C158910
NCIT:C158908	NCIT:C177799
NCIT:C158908	NCIT:C177802
NCIT:C158908	NCIT:C191988
NCIT:C158909	NCIT:C158910
NCIT:C158909	NCIT:C158915
NCIT:C158909	NCIT:C191983
NCIT:C158909	NCIT:C192799
NCIT:C158910	NCIT:C177801
NCIT:C158910	NCIT:C191991
NCIT:C158911	NCIT:C156095
NCIT:C158911	NCIT:C158915
NCIT:C158911	NCIT:C191852
NCIT:C158911	NCIT:C215394
NCIT:C158912	NCIT:C158650
NCIT:C158912	NCIT:C158913
NCIT:C158912	NCIT:C191963
NCIT:C158912	NCIT:C215318
NCIT:C158912	NCIT:C222655
NCIT:C158912	NCIT:C222658
NCIT:C158912	NCIT:C6766
NCIT:C158913	NCIT:C157764
NCIT:C158913	NCIT:C158914
NCIT:C158915	NCIT:C176857
NCIT:C158915	NCIT:C191992
NCIT:C158960	NCIT:C151993
NCIT:C158960	NCIT:C164214
NCIT:C158960	NCIT:C187450
NCIT:C158960	NCIT:C219509
NCIT:C158963	NCIT:C174054
NCIT:C158963	NCIT:C174055
NCIT:C158963	NCIT:C206388
NCIT:C159208	NCIT:C189261
NCIT:C159224	NCIT:C116317
NCIT:C159224	NCIT:C159225
NCIT:C159244	NCIT:C159245
NCIT:C159244	NCIT:C159246
NCIT:C159244	NCIT:C6979
NCIT:C159244	NCIT:C6983
NCIT:C159244	NCIT:C6984
NCIT:C159507	NCIT:C199463
NCIT:C159507	NCIT:C207058
NCIT:C159507	NCIT:C211522
NCIT:C159556	NCIT:C153170
NCIT:C159556	NCIT:C156286
NCIT:C159556	NCIT:C156304
NCIT:C159556	NCIT:C159548
NCIT:C159556	NCIT:C162153
NCIT:C159556	NCIT:C165700
NCIT:C159556	NCIT:C166255
NCIT:C159556	NCIT:C166256
NCIT:C159556	NCIT:C166257
NCIT:C159556	NCIT:C167336
NCIT:C159556	NCIT:C170805
NCIT:C159556	NCIT:C170807
NCIT:C159556	NCIT:C170937
NCIT:C159556	NCIT:C170945
NCIT:C159556	NCIT:C173980
NCIT:C159556	NCIT:C176727
NCIT:C159556	NCIT:C180920
NCIT:C159556	NCIT:C182105
NCIT:C159556	NCIT:C191863
NCIT:C159556	NCIT:C200064
NCIT:C159556	NCIT:C200068
NCIT:C159556	NCIT:C203311
NCIT:C159556	NCIT:C211525
NCIT:C159556	NCIT:C211526
NCIT:C159556	NCIT:C222454
NCIT:C159556	NCIT:C225026
NCIT:C159563	NCIT:C158101
NCIT:C159563	NCIT:C162015
NCIT:C159563	NCIT:C162154
NCIT:C159563	NCIT:C162450
NCIT:C159563	NCIT:C162538
NCIT:C159563	NCIT:C165289
NCIT:C159563	NCIT:C165607
NCIT:C159563	NCIT:C165703
NCIT:C159563	NCIT:C165745
NCIT:C159563	NCIT:C167074
NCIT:C159563	NCIT:C167256
NCIT:C159563	NCIT:C170968
NCIT:C159563	NCIT:C170971
NCIT:C159563	NCIT:C170975
NCIT:C159563	NCIT:C176892
NCIT:C159563	NCIT:C179178
NCIT:C159563	NCIT:C179180
NCIT:C159563	NCIT:C179209
NCIT:C159563	NCIT:C181036
NCIT:C159563	NCIT:C188036
NCIT:C159563	NCIT:C199636
NCIT:C159563	NCIT:C199643
NCIT:C159563	NCIT:C213917
NCIT:C159563	NCIT:C216074
NCIT:C159565	NCIT:C136651
NCIT:C159565	NCIT:C153359
NCIT:C159565	NCIT:C153574
NCIT:C159565	NCIT:C153575
NCIT:C159565	NCIT:C153614
NCIT:C159565	NCIT:C154622
NCIT:C159565	NCIT:C155742
NCIT:C159565	NCIT:C158421
NCIT:C159565	NCIT:C158437
NCIT:C159565	NCIT:C162441
NCIT:C159565	NCIT:C165611
NCIT:C159565	NCIT:C170766
NCIT:C159565	NCIT:C170767
NCIT:C159565	NCIT:C171012
NCIT:C159565	NCIT:C174047
NCIT:C159565	NCIT:C175588
NCIT:C159565	NCIT:C179174
NCIT:C159565	NCIT:C179179
NCIT:C159565	NCIT:C198678
NCIT:C159565	NCIT:C199666
NCIT:C159565	NCIT:C200066
NCIT:C159565	NCIT:C200069
NCIT:C159565	NCIT:C213916
NCIT:C159565	NCIT:C222817
NCIT:C159565	NCIT:C27325
NCIT:C159565	NCIT:C4995
NCIT:C159565	NCIT:C6417
NCIT:C159565	NCIT:C7825
NCIT:C159565	NCIT:C7828
NCIT:C159565	NCIT:C8627
NCIT:C159565	NCIT:C8757
NCIT:C159565	NCIT:C9264
NCIT:C159667	NCIT:C159668
NCIT:C159667	NCIT:C159669
NCIT:C159673	NCIT:C159674
NCIT:C159673	NCIT:C159677
NCIT:C159676	NCIT:C170805
NCIT:C159676	NCIT:C180337
NCIT:C159676	NCIT:C198706
NCIT:C159676	NCIT:C222628
NCIT:C159676	NCIT:C222641
NCIT:C159676	NCIT:C222644
NCIT:C159717	NCIT:C131906
NCIT:C159717	NCIT:C150405
NCIT:C159717	NCIT:C160150
NCIT:C159717	NCIT:C190402
NCIT:C159717	NCIT:C199580
NCIT:C159717	NCIT:C27691
NCIT:C159717	NCIT:C27696
NCIT:C159717	NCIT:C40970
NCIT:C159775	NCIT:C154221
NCIT:C159902	NCIT:C188391
NCIT:C159902	NCIT:C214962
NCIT:C160149	NCIT:C153332
NCIT:C160149	NCIT:C225043
NCIT:C160150	NCIT:C160151
NCIT:C160150	NCIT:C160152
NCIT:C160229	NCIT:C151980
NCIT:C160229	NCIT:C162451
NCIT:C160229	NCIT:C188788
NCIT:C160233	NCIT:C151979
NCIT:C160233	NCIT:C162453
NCIT:C160233	NCIT:C188789
NCIT:C160297	NCIT:C160298
NCIT:C160443	NCIT:C203391
NCIT:C160443	NCIT:C203392
NCIT:C160443	NCIT:C203393
NCIT:C160443	NCIT:C203394
NCIT:C160443	NCIT:C203395
NCIT:C160599	NCIT:C166256
NCIT:C160599	NCIT:C171607
NCIT:C160737	NCIT:C115371
NCIT:C160737	NCIT:C188126
NCIT:C160781	NCIT:C186272
NCIT:C160781	NCIT:C215220
NCIT:C160782	NCIT:C170937
NCIT:C160782	NCIT:C186454
NCIT:C160782	NCIT:C187234
NCIT:C160782	NCIT:C187243
NCIT:C160782	NCIT:C215219
NCIT:C160783	NCIT:C153200
NCIT:C160783	NCIT:C157365
NCIT:C160783	NCIT:C175218
NCIT:C160783	NCIT:C208361
NCIT:C160783	NCIT:C210986
NCIT:C160819	NCIT:C162152
NCIT:C160819	NCIT:C190415
NCIT:C160820	NCIT:C174122
NCIT:C160820	NCIT:C175363
NCIT:C160852	NCIT:C160853
NCIT:C160872	NCIT:C191407
NCIT:C160872	NCIT:C224144
NCIT:C160873	NCIT:C191395
NCIT:C160873	NCIT:C224140
NCIT:C160912	NCIT:C212186
NCIT:C160916	NCIT:C164071
NCIT:C160916	NCIT:C210146
NCIT:C160916	NCIT:C210147
NCIT:C160917	NCIT:C188205
NCIT:C160920	NCIT:C162182
NCIT:C160920	NCIT:C165699
NCIT:C160976	NCIT:C161007
NCIT:C160976	NCIT:C161008
NCIT:C160976	NCIT:C201636
NCIT:C160976	NCIT:C6015
NCIT:C160976	NCIT:C6017
NCIT:C160978	NCIT:C134831
NCIT:C160978	NCIT:C173648
NCIT:C160980	NCIT:C160981
NCIT:C160980	NCIT:C160982
NCIT:C160980	NCIT:C173089
NCIT:C160980	NCIT:C173390
NCIT:C160980	NCIT:C173587
NCIT:C160980	NCIT:C173653
NCIT:C160980	NCIT:C203013
NCIT:C160980	NCIT:C203016
NCIT:C160980	NCIT:C210742
NCIT:C160980	NCIT:C3879
NCIT:C160981	NCIT:C116318
NCIT:C160981	NCIT:C203014
NCIT:C160981	NCIT:C203017
NCIT:C160981	NCIT:C210743
NCIT:C160981	NCIT:C213291
NCIT:C160981	NCIT:C35703
NCIT:C160981	NCIT:C6025
NCIT:C160982	NCIT:C173091
NCIT:C160982	NCIT:C173395
NCIT:C160982	NCIT:C173650
NCIT:C160982	NCIT:C203015
NCIT:C160982	NCIT:C203018
NCIT:C160982	NCIT:C210744
NCIT:C161008	NCIT:C116316
NCIT:C161008	NCIT:C160977
NCIT:C161045	NCIT:C161042
NCIT:C161045	NCIT:C161579
NCIT:C161045	NCIT:C161582
NCIT:C161045	NCIT:C3972
NCIT:C161045	NCIT:C39904
NCIT:C161045	NCIT:C5544
NCIT:C161045	NCIT:C7731
NCIT:C161048	NCIT:C157355
NCIT:C161048	NCIT:C160819
NCIT:C161048	NCIT:C160820
NCIT:C161048	NCIT:C162273
NCIT:C161048	NCIT:C166257
NCIT:C161048	NCIT:C190413
NCIT:C161048	NCIT:C212108
NCIT:C161048	NCIT:C213230
NCIT:C161579	NCIT:C161580
NCIT:C161583	NCIT:C161584
NCIT:C161585	NCIT:C161586
NCIT:C161637	NCIT:C161638
NCIT:C161637	NCIT:C161639
NCIT:C161637	NCIT:C161640
NCIT:C161637	NCIT:C161641
NCIT:C161637	NCIT:C161642
NCIT:C161643	NCIT:C161638
NCIT:C161643	NCIT:C161639
NCIT:C161643	NCIT:C161640
NCIT:C161643	NCIT:C39907
NCIT:C161644	NCIT:C161641
NCIT:C161644	NCIT:C161642
NCIT:C161644	NCIT:C161649
NCIT:C161644	NCIT:C192130
NCIT:C161838	NCIT:C221113
NCIT:C161838	NCIT:C221115
NCIT:C162015	NCIT:C165450
NCIT:C162015	NCIT:C168583
NCIT:C162016	NCIT:C155743
NCIT:C162016	NCIT:C172245
NCIT:C162116	NCIT:C162271
NCIT:C162117	NCIT:C162272
NCIT:C162141	NCIT:C192131
NCIT:C162153	NCIT:C164214
NCIT:C162154	NCIT:C162155
NCIT:C162154	NCIT:C162157
NCIT:C162154	NCIT:C213230
NCIT:C162156	NCIT:C162157
NCIT:C162156	NCIT:C177151
NCIT:C162158	NCIT:C147924
NCIT:C162158	NCIT:C153201
NCIT:C162158	NCIT:C181967
NCIT:C162158	NCIT:C208360
NCIT:C162182	NCIT:C186283
NCIT:C162182	NCIT:C187398
NCIT:C162182	NCIT:C187400
NCIT:C162182	NCIT:C187402
NCIT:C162182	NCIT:C210995
NCIT:C162182	NCIT:C210996
NCIT:C162188	NCIT:C155821
NCIT:C162188	NCIT:C158547
NCIT:C162194	NCIT:C153184
NCIT:C162194	NCIT:C156476
NCIT:C162194	NCIT:C161586
NCIT:C162194	NCIT:C164246
NCIT:C162194	NCIT:C165781
NCIT:C162194	NCIT:C167380
NCIT:C162194	NCIT:C168727
NCIT:C162194	NCIT:C171304
NCIT:C162194	NCIT:C173502
NCIT:C162194	NCIT:C188198
NCIT:C162194	NCIT:C217749
NCIT:C162225	NCIT:C162226
NCIT:C162225	NCIT:C162234
NCIT:C162225	NCIT:C162239
NCIT:C162225	NCIT:C162245
NCIT:C162226	NCIT:C162227
NCIT:C162226	NCIT:C162230
NCIT:C162227	NCIT:C162228
NCIT:C162227	NCIT:C162229
NCIT:C162230	NCIT:C162231
NCIT:C162230	NCIT:C162232
NCIT:C162230	NCIT:C162233
NCIT:C162234	NCIT:C162235
NCIT:C162234	NCIT:C162238
NCIT:C162235	NCIT:C162236
NCIT:C162235	NCIT:C162237
NCIT:C162239	NCIT:C162240
NCIT:C162239	NCIT:C162241
NCIT:C162239	NCIT:C162242
NCIT:C162242	NCIT:C162243
NCIT:C162242	NCIT:C162244
NCIT:C162245	NCIT:C162246
NCIT:C162245	NCIT:C162247
NCIT:C162254	NCIT:C167260
NCIT:C162254	NCIT:C170460
NCIT:C162254	NCIT:C198444
NCIT:C162254	NCIT:C213048
NCIT:C162254	NCIT:C213702
NCIT:C162254	NCIT:C223958
NCIT:C162255	NCIT:C133839
NCIT:C162255	NCIT:C156492
NCIT:C162255	NCIT:C162780
NCIT:C162255	NCIT:C175547
NCIT:C162255	NCIT:C176678
NCIT:C162255	NCIT:C179181
NCIT:C162255	NCIT:C217201
NCIT:C162257	NCIT:C167237
NCIT:C162257	NCIT:C212100
NCIT:C162270	NCIT:C162271
NCIT:C162270	NCIT:C162272
NCIT:C162275	NCIT:C182104
NCIT:C162275	NCIT:C221015
NCIT:C162305	NCIT:C162306
NCIT:C162424	NCIT:C179203
NCIT:C162424	NCIT:C206089
NCIT:C162425	NCIT:C171340
NCIT:C162425	NCIT:C200606
NCIT:C162441	NCIT:C162442
NCIT:C162441	NCIT:C162443
NCIT:C162443	NCIT:C223142
NCIT:C162450	NCIT:C188887
NCIT:C162450	NCIT:C208290
NCIT:C162460	NCIT:C162461
NCIT:C162460	NCIT:C171031
NCIT:C162460	NCIT:C180872
NCIT:C162460	NCIT:C6430
NCIT:C162461	NCIT:C180871
NCIT:C162475	NCIT:C142868
NCIT:C162475	NCIT:C166257
NCIT:C162475	NCIT:C167238
NCIT:C162475	NCIT:C170777
NCIT:C162476	NCIT:C6382
NCIT:C162477	NCIT:C173605
NCIT:C162477	NCIT:C173606
NCIT:C162477	NCIT:C173607
NCIT:C162477	NCIT:C173608
NCIT:C162483	NCIT:C155953
NCIT:C162485	NCIT:C162492
NCIT:C162485	NCIT:C192122
NCIT:C162485	NCIT:C192139
NCIT:C162485	NCIT:C192140
NCIT:C162485	NCIT:C192144
NCIT:C162485	NCIT:C39955
NCIT:C162485	NCIT:C39958
NCIT:C162486	NCIT:C192119
NCIT:C162492	NCIT:C162493
NCIT:C162492	NCIT:C162494
NCIT:C162492	NCIT:C162495
NCIT:C162492	NCIT:C162496
NCIT:C162492	NCIT:C162497
NCIT:C162492	NCIT:C162498
NCIT:C162492	NCIT:C162500
NCIT:C162492	NCIT:C162501
NCIT:C162492	NCIT:C162502
NCIT:C162492	NCIT:C162503
NCIT:C162492	NCIT:C6384
NCIT:C162541	NCIT:C162542
NCIT:C162541	NCIT:C162543
NCIT:C162541	NCIT:C162546
NCIT:C162541	NCIT:C39963
NCIT:C162547	NCIT:C178517
NCIT:C162547	NCIT:C178518
NCIT:C162562	NCIT:C170756
NCIT:C162562	NCIT:C178689
NCIT:C162564	NCIT:C170759
NCIT:C162564	NCIT:C178688
NCIT:C162566	NCIT:C170761
NCIT:C162566	NCIT:C178684
NCIT:C162566	NCIT:C211520
NCIT:C162569	NCIT:C205621
NCIT:C162569	NCIT:C7826
NCIT:C162572	NCIT:C165300
NCIT:C162572	NCIT:C165738
NCIT:C162572	NCIT:C165739
NCIT:C162574	NCIT:C162579
NCIT:C162574	NCIT:C162581
NCIT:C162574	NCIT:C162582
NCIT:C162574	NCIT:C162583
NCIT:C162574	NCIT:C162590
NCIT:C162574	NCIT:C162592
NCIT:C162574	NCIT:C7730
NCIT:C162579	NCIT:C162580
NCIT:C162594	NCIT:C162595
NCIT:C162594	NCIT:C220565
NCIT:C162594	NCIT:C8528
NCIT:C162594	NCIT:C8542
NCIT:C162594	NCIT:C8556
NCIT:C162595	NCIT:C7713
NCIT:C162600	NCIT:C171585
NCIT:C162600	NCIT:C180406
NCIT:C162600	NCIT:C192839
NCIT:C162600	NCIT:C211028
NCIT:C162600	NCIT:C211964
NCIT:C162600	NCIT:C214783
NCIT:C162642	NCIT:C174510
NCIT:C162642	NCIT:C187162
NCIT:C162642	NCIT:C211874
NCIT:C162648	NCIT:C165700
NCIT:C162652	NCIT:C133709
NCIT:C162652	NCIT:C136649
NCIT:C162652	NCIT:C143012
NCIT:C162652	NCIT:C165283
NCIT:C162652	NCIT:C169102
NCIT:C162652	NCIT:C174200
NCIT:C162652	NCIT:C185302
NCIT:C162652	NCIT:C192733
NCIT:C162652	NCIT:C5014
NCIT:C162652	NCIT:C8633
NCIT:C162652	NCIT:C8902
NCIT:C162652	NCIT:C9117
NCIT:C162653	NCIT:C139291
NCIT:C162653	NCIT:C168542
NCIT:C162653	NCIT:C170780
NCIT:C162653	NCIT:C171607
NCIT:C162653	NCIT:C173330
NCIT:C162653	NCIT:C174030
NCIT:C162653	NCIT:C181032
NCIT:C162653	NCIT:C208366
NCIT:C162653	NCIT:C217095
NCIT:C162653	NCIT:C217098
NCIT:C162653	NCIT:C222641
NCIT:C162686	NCIT:C203528
NCIT:C162688	NCIT:C181047
NCIT:C162689	NCIT:C181048
NCIT:C162702	NCIT:C114836
NCIT:C162702	NCIT:C115366
NCIT:C162702	NCIT:C115368
NCIT:C162702	NCIT:C148026
NCIT:C162702	NCIT:C162730
NCIT:C162702	NCIT:C187189
NCIT:C162702	NCIT:C187196
NCIT:C162702	NCIT:C188881
NCIT:C162702	NCIT:C193422
NCIT:C162702	NCIT:C208309
NCIT:C162702	NCIT:C209813
NCIT:C162702	NCIT:C210637
NCIT:C162702	NCIT:C213757
NCIT:C162702	NCIT:C222394
NCIT:C162702	NCIT:C7839
NCIT:C162702	NCIT:C8067
NCIT:C162702	NCIT:C9221
NCIT:C162703	NCIT:C123737
NCIT:C162703	NCIT:C148027
NCIT:C162703	NCIT:C162731
NCIT:C162703	NCIT:C187192
NCIT:C162703	NCIT:C187194
NCIT:C162703	NCIT:C187197
NCIT:C162703	NCIT:C188884
NCIT:C162703	NCIT:C203523
NCIT:C162703	NCIT:C208289
NCIT:C162703	NCIT:C208311
NCIT:C162703	NCIT:C209363
NCIT:C162703	NCIT:C209814
NCIT:C162703	NCIT:C213758
NCIT:C162703	NCIT:C222247
NCIT:C162703	NCIT:C222395
NCIT:C162706	NCIT:C163964
NCIT:C162706	NCIT:C168543
NCIT:C162719	NCIT:C150316
NCIT:C162719	NCIT:C150364
NCIT:C162719	NCIT:C172623
NCIT:C162721	NCIT:C162729
NCIT:C162750	NCIT:C153355
NCIT:C162750	NCIT:C162753
NCIT:C162751	NCIT:C142869
NCIT:C162751	NCIT:C162754
NCIT:C162751	NCIT:C168981
NCIT:C162751	NCIT:C171331
NCIT:C162751	NCIT:C222831
NCIT:C162752	NCIT:C176891
NCIT:C162752	NCIT:C213338
NCIT:C162754	NCIT:C162755
NCIT:C162754	NCIT:C170462
NCIT:C162758	NCIT:C154322
NCIT:C162758	NCIT:C162881
NCIT:C162758	NCIT:C165472
NCIT:C162758	NCIT:C165473
NCIT:C162758	NCIT:C165701
NCIT:C162758	NCIT:C167352
NCIT:C162758	NCIT:C180891
NCIT:C162758	NCIT:C208492
NCIT:C162758	NCIT:C224624
NCIT:C162759	NCIT:C162114
NCIT:C162760	NCIT:C162761
NCIT:C162760	NCIT:C172218
NCIT:C162766	NCIT:C156745
NCIT:C162766	NCIT:C170778
NCIT:C162766	NCIT:C170910
NCIT:C162766	NCIT:C190413
NCIT:C162766	NCIT:C215683
NCIT:C162767	NCIT:C155874
NCIT:C162768	NCIT:C159562
NCIT:C162768	NCIT:C169099
NCIT:C162772	NCIT:C162767
NCIT:C162780	NCIT:C156096
NCIT:C162782	NCIT:C217175
NCIT:C162782	NCIT:C222037
NCIT:C162782	NCIT:C222038
NCIT:C162787	NCIT:C190769
NCIT:C162820	NCIT:C162822
NCIT:C162820	NCIT:C162823
NCIT:C162820	NCIT:C5303
NCIT:C162825	NCIT:C162826
NCIT:C162825	NCIT:C162828
NCIT:C162833	NCIT:C190632
NCIT:C162833	NCIT:C215048
NCIT:C162845	NCIT:C155903
NCIT:C162845	NCIT:C165455
NCIT:C162845	NCIT:C175304
NCIT:C162845	NCIT:C215227
NCIT:C162845	NCIT:C35648
NCIT:C162876	NCIT:C185351
NCIT:C162881	NCIT:C190631
NCIT:C162882	NCIT:C154322
NCIT:C162882	NCIT:C162876
NCIT:C162882	NCIT:C167236
NCIT:C162882	NCIT:C219683
NCIT:C162909	NCIT:C188936
NCIT:C162909	NCIT:C188937
NCIT:C162909	NCIT:C188939
NCIT:C162909	NCIT:C188940
NCIT:C162909	NCIT:C201844
NCIT:C162940	NCIT:C173613
NCIT:C162942	NCIT:C208494
NCIT:C162942	NCIT:C222827
NCIT:C162943	NCIT:C222828
NCIT:C162973	NCIT:C5138
NCIT:C162973	NCIT:C62192
NCIT:C162993	NCIT:C156120
NCIT:C162993	NCIT:C185371
NCIT:C162993	NCIT:C185467
NCIT:C162993	NCIT:C185471
NCIT:C162993	NCIT:C4642
NCIT:C162993	NCIT:C5123
NCIT:C162993	NCIT:C5124
NCIT:C162993	NCIT:C5416
NCIT:C162993	NCIT:C6252
NCIT:C162993	NCIT:C7446
NCIT:C162993	NCIT:C94764
NCIT:C163965	NCIT:C150514
NCIT:C163965	NCIT:C163966
NCIT:C163965	NCIT:C172277
NCIT:C163966	NCIT:C172278
NCIT:C163974	NCIT:C173637
NCIT:C164070	NCIT:C164071
NCIT:C164070	NCIT:C168715
NCIT:C164141	NCIT:C146893
NCIT:C164141	NCIT:C181162
NCIT:C164141	NCIT:C181196
NCIT:C164141	NCIT:C181197
NCIT:C164141	NCIT:C190783
NCIT:C164143	NCIT:C156284
NCIT:C164143	NCIT:C170790
NCIT:C164143	NCIT:C213708
NCIT:C164143	NCIT:C213709
NCIT:C164144	NCIT:C128847
NCIT:C164144	NCIT:C172813
NCIT:C164144	NCIT:C180864
NCIT:C164144	NCIT:C191686
NCIT:C164144	NCIT:C36084
NCIT:C164144	NCIT:C5139
NCIT:C164144	NCIT:C6882
NCIT:C164144	NCIT:C96491
NCIT:C164156	NCIT:C211597
NCIT:C164156	NCIT:C211601
NCIT:C164159	NCIT:C162616
NCIT:C164159	NCIT:C162617
NCIT:C164160	NCIT:C158587
NCIT:C164160	NCIT:C158588
NCIT:C164186	NCIT:C8947
NCIT:C164186	NCIT:C8948
NCIT:C164186	NCIT:C8949
NCIT:C164186	NCIT:C8950
NCIT:C164198	NCIT:C173118
NCIT:C164198	NCIT:C202611
NCIT:C164198	NCIT:C202656
NCIT:C164198	NCIT:C202853
NCIT:C164198	NCIT:C202859
NCIT:C164198	NCIT:C202878
NCIT:C164198	NCIT:C202881
NCIT:C164198	NCIT:C202884
NCIT:C164198	NCIT:C202901
NCIT:C164198	NCIT:C202904
NCIT:C164198	NCIT:C216961
NCIT:C164198	NCIT:C5916
NCIT:C164198	NCIT:C5983
NCIT:C164198	NCIT:C6020
NCIT:C164198	NCIT:C6041
NCIT:C164198	NCIT:C6095
NCIT:C164245	NCIT:C164246
NCIT:C164245	NCIT:C164247
NCIT:C164248	NCIT:C40191
NCIT:C164248	NCIT:C40248
NCIT:C164248	NCIT:C40287
NCIT:C164248	NCIT:C6981
NCIT:C164249	NCIT:C162539
NCIT:C164249	NCIT:C37272
NCIT:C164250	NCIT:C180841
NCIT:C164250	NCIT:C180919
NCIT:C164250	NCIT:C181903
NCIT:C164250	NCIT:C207803
NCIT:C164251	NCIT:C54347
NCIT:C164252	NCIT:C191736
NCIT:C164252	NCIT:C39824
NCIT:C164252	NCIT:C6186
NCIT:C164253	NCIT:C172735
NCIT:C164253	NCIT:C6657
NCIT:C164253	NCIT:C95773
NCIT:C164255	NCIT:C188217
NCIT:C164255	NCIT:C215398
NCIT:C164255	NCIT:C95406
NCIT:C164256	NCIT:C54347
NCIT:C164256	NCIT:C8194
NCIT:C164315	NCIT:C26861
NCIT:C164315	NCIT:C35714
NCIT:C164315	NCIT:C85037
NCIT:C16504	NCIT:C19021
NCIT:C16504	NCIT:C19261
NCIT:C16504	NCIT:C19812
NCIT:C16504	NCIT:C41162
NCIT:C165171	NCIT:C148432
NCIT:C165171	NCIT:C27345
NCIT:C165171	NCIT:C7878
NCIT:C165172	NCIT:C189065
NCIT:C165174	NCIT:C129784
NCIT:C165174	NCIT:C136427
NCIT:C165174	NCIT:C165176
NCIT:C165174	NCIT:C174034
NCIT:C165174	NCIT:C224626
NCIT:C165176	NCIT:C172647
NCIT:C165190	NCIT:C136694
NCIT:C165190	NCIT:C169050
NCIT:C165190	NCIT:C201952
NCIT:C165240	NCIT:C160230
NCIT:C165240	NCIT:C160231
NCIT:C165240	NCIT:C182035
NCIT:C165240	NCIT:C8926
NCIT:C165241	NCIT:C160238
NCIT:C165241	NCIT:C160239
NCIT:C165241	NCIT:C182034
NCIT:C165241	NCIT:C8927
NCIT:C165252	NCIT:C168545
NCIT:C165252	NCIT:C175935
NCIT:C165252	NCIT:C179462
NCIT:C165252	NCIT:C7865
NCIT:C165253	NCIT:C183127
NCIT:C165253	NCIT:C191978
NCIT:C165253	NCIT:C192023
NCIT:C165260	NCIT:C165269
NCIT:C165260	NCIT:C178685
NCIT:C165260	NCIT:C186276
NCIT:C165260	NCIT:C211518
NCIT:C165260	NCIT:C211914
NCIT:C165262	NCIT:C200719
NCIT:C165262	NCIT:C217199
NCIT:C165262	NCIT:C224138
NCIT:C165267	NCIT:C204984
NCIT:C165267	NCIT:C224143
NCIT:C165268	NCIT:C204986
NCIT:C165268	NCIT:C224147
NCIT:C165289	NCIT:C150098
NCIT:C165289	NCIT:C158378
NCIT:C165289	NCIT:C158379
NCIT:C165289	NCIT:C158380
NCIT:C165289	NCIT:C165290
NCIT:C165289	NCIT:C222637
NCIT:C165293	NCIT:C156908
NCIT:C165293	NCIT:C7691
NCIT:C165293	NCIT:C7877
NCIT:C165299	NCIT:C156683
NCIT:C165299	NCIT:C166255
NCIT:C165446	NCIT:C177245
NCIT:C165446	NCIT:C192798
NCIT:C165447	NCIT:C153075
NCIT:C165447	NCIT:C156488
NCIT:C165447	NCIT:C165448
NCIT:C165448	NCIT:C156489
NCIT:C165449	NCIT:C215679
NCIT:C165452	NCIT:C162153
NCIT:C165452	NCIT:C204035
NCIT:C165453	NCIT:C153080
NCIT:C165453	NCIT:C163959
NCIT:C165453	NCIT:C167331
NCIT:C165453	NCIT:C177246
NCIT:C165453	NCIT:C187345
NCIT:C165453	NCIT:C190782
NCIT:C165453	NCIT:C192794
NCIT:C165454	NCIT:C177246
NCIT:C165454	NCIT:C192018
NCIT:C165455	NCIT:C155935
NCIT:C165455	NCIT:C158090
NCIT:C165455	NCIT:C165456
NCIT:C165455	NCIT:C167331
NCIT:C165455	NCIT:C179419
NCIT:C165455	NCIT:C187345
NCIT:C165455	NCIT:C192794
NCIT:C165456	NCIT:C153079
NCIT:C165456	NCIT:C190782
NCIT:C165458	NCIT:C170937
NCIT:C165458	NCIT:C170942
NCIT:C165458	NCIT:C170945
NCIT:C165458	NCIT:C180334
NCIT:C165458	NCIT:C189977
NCIT:C165458	NCIT:C204866
NCIT:C165465	NCIT:C6811
NCIT:C165467	NCIT:C222825
NCIT:C165467	NCIT:C222826
NCIT:C165468	NCIT:C222819
NCIT:C165468	NCIT:C222820
NCIT:C165469	NCIT:C96470
NCIT:C165470	NCIT:C120083
NCIT:C165470	NCIT:C3339
NCIT:C165484	NCIT:C165489
NCIT:C165491	NCIT:C187402
NCIT:C165491	NCIT:C214787
NCIT:C165498	NCIT:C204574
NCIT:C165525	NCIT:C165523
NCIT:C165529	NCIT:C213112
NCIT:C165529	NCIT:C213113
NCIT:C165536	NCIT:C214938
NCIT:C165536	NCIT:C215227
NCIT:C165536	NCIT:C215231
NCIT:C165537	NCIT:C156094
NCIT:C165542	NCIT:C165545
NCIT:C165542	NCIT:C165546
NCIT:C165560	NCIT:C165473
NCIT:C165561	NCIT:C167352
NCIT:C165561	NCIT:C170782
NCIT:C165561	NCIT:C171280
NCIT:C165562	NCIT:C171281
NCIT:C165563	NCIT:C185351
NCIT:C165607	NCIT:C165608
NCIT:C165607	NCIT:C165609
NCIT:C165609	NCIT:C165610
NCIT:C165611	NCIT:C153621
NCIT:C165611	NCIT:C153622
NCIT:C165614	NCIT:C94810
NCIT:C165628	NCIT:C165630
NCIT:C165631	NCIT:C169041
NCIT:C165659	NCIT:C37257
NCIT:C165659	NCIT:C9151
NCIT:C165671	NCIT:C120224
NCIT:C165674	NCIT:C191771
NCIT:C165698	NCIT:C153348
NCIT:C165698	NCIT:C165699
NCIT:C165698	NCIT:C165700
NCIT:C165698	NCIT:C168777
NCIT:C165698	NCIT:C179554
NCIT:C165698	NCIT:C180924
NCIT:C165698	NCIT:C181787
NCIT:C165698	NCIT:C185880
NCIT:C165698	NCIT:C190677
NCIT:C165698	NCIT:C222694
NCIT:C165698	NCIT:C5176
NCIT:C165698	NCIT:C76326
NCIT:C165698	NCIT:C76328
NCIT:C165699	NCIT:C175237
NCIT:C165699	NCIT:C178348
NCIT:C165699	NCIT:C181793
NCIT:C165699	NCIT:C187399
NCIT:C165699	NCIT:C204437
NCIT:C165699	NCIT:C210995
NCIT:C165699	NCIT:C210996
NCIT:C165699	NCIT:C222695
NCIT:C165700	NCIT:C168782
NCIT:C165700	NCIT:C175236
NCIT:C165700	NCIT:C179555
NCIT:C165700	NCIT:C180925
NCIT:C165700	NCIT:C185881
NCIT:C165700	NCIT:C190678
NCIT:C165700	NCIT:C218401
NCIT:C165700	NCIT:C223946
NCIT:C165702	NCIT:C180530
NCIT:C165703	NCIT:C157057
NCIT:C165703	NCIT:C167076
NCIT:C165703	NCIT:C168784
NCIT:C165703	NCIT:C182110
NCIT:C165703	NCIT:C192838
NCIT:C165703	NCIT:C223366
NCIT:C165703	NCIT:C224104
NCIT:C165704	NCIT:C172203
NCIT:C165723	NCIT:C165716
NCIT:C165723	NCIT:C181079
NCIT:C165723	NCIT:C3727
NCIT:C165723	NCIT:C40090
NCIT:C165723	NCIT:C40347
NCIT:C165723	NCIT:C7591
NCIT:C165723	NCIT:C95406
NCIT:C165735	NCIT:C171575
NCIT:C165742	NCIT:C191853
NCIT:C165742	NCIT:C191979
NCIT:C165742	NCIT:C191997
NCIT:C165743	NCIT:C190676
NCIT:C165743	NCIT:C190677
NCIT:C165743	NCIT:C192837
NCIT:C165743	NCIT:C192838
NCIT:C165745	NCIT:C164236
NCIT:C165745	NCIT:C213954
NCIT:C165767	NCIT:C207076
NCIT:C165767	NCIT:C207077
NCIT:C165780	NCIT:C168727
NCIT:C165783	NCIT:C165784
NCIT:C165783	NCIT:C165785
NCIT:C165789	NCIT:C165784
NCIT:C165791	NCIT:C165785
NCIT:C165799	NCIT:C138013
NCIT:C165799	NCIT:C160232
NCIT:C165799	NCIT:C186483
NCIT:C165799	NCIT:C213769
NCIT:C165799	NCIT:C5007
NCIT:C165799	NCIT:C5008
NCIT:C165799	NCIT:C68684
NCIT:C165799	NCIT:C8154
NCIT:C165799	NCIT:C8489
NCIT:C165799	NCIT:C8604
NCIT:C165799	NCIT:C8852
NCIT:C166142	NCIT:C179203
NCIT:C166142	NCIT:C216936
NCIT:C166142	NCIT:C216938
NCIT:C166142	NCIT:C216940
NCIT:C166142	NCIT:C9070
NCIT:C166143	NCIT:C150048
NCIT:C166143	NCIT:C193414
NCIT:C166143	NCIT:C213015
NCIT:C166143	NCIT:C223033
NCIT:C166152	NCIT:C166155
NCIT:C166152	NCIT:C176624
NCIT:C166152	NCIT:C176818
NCIT:C166155	NCIT:C176610
NCIT:C166155	NCIT:C176827
NCIT:C166181	NCIT:C166182
NCIT:C166181	NCIT:C170966
NCIT:C166181	NCIT:C173155
NCIT:C166181	NCIT:C180877
NCIT:C166181	NCIT:C198178
NCIT:C166181	NCIT:C198459
NCIT:C166181	NCIT:C198487
NCIT:C166181	NCIT:C214935
NCIT:C166181	NCIT:C5274
NCIT:C166181	NCIT:C5400
NCIT:C166182	NCIT:C180874
NCIT:C166182	NCIT:C180876
NCIT:C166182	NCIT:C223190
NCIT:C166257	NCIT:C162152
NCIT:C166257	NCIT:C175363
NCIT:C166354	NCIT:C166356
NCIT:C166354	NCIT:C166357
NCIT:C166354	NCIT:C4063
NCIT:C166354	NCIT:C9343
NCIT:C166355	NCIT:C118317
NCIT:C166355	NCIT:C220010
NCIT:C166355	NCIT:C27572
NCIT:C166355	NCIT:C84654
NCIT:C166356	NCIT:C215429
NCIT:C166356	NCIT:C4880
NCIT:C166357	NCIT:C4016
NCIT:C166357	NCIT:C4883
NCIT:C166399	NCIT:C215231
NCIT:C166399	NCIT:C215234
NCIT:C166414	NCIT:C166415
NCIT:C166414	NCIT:C183250
NCIT:C166414	NCIT:C198154
NCIT:C166414	NCIT:C213349
NCIT:C166418	NCIT:C156781
NCIT:C166418	NCIT:C170458
NCIT:C166418	NCIT:C185305
NCIT:C166418	NCIT:C207229
NCIT:C167069	NCIT:C156285
NCIT:C167069	NCIT:C170789
NCIT:C167069	NCIT:C213703
NCIT:C167069	NCIT:C213707
NCIT:C167071	NCIT:C162618
NCIT:C167071	NCIT:C190773
NCIT:C167071	NCIT:C203407
NCIT:C167071	NCIT:C203410
NCIT:C167071	NCIT:C203415
NCIT:C167072	NCIT:C187243
NCIT:C167072	NCIT:C189978
NCIT:C167072	NCIT:C204868
NCIT:C167072	NCIT:C215680
NCIT:C167072	NCIT:C215682
NCIT:C167073	NCIT:C172235
NCIT:C167073	NCIT:C179459
NCIT:C167073	NCIT:C204867
NCIT:C167073	NCIT:C215680
NCIT:C167073	NCIT:C224630
NCIT:C167075	NCIT:C158586
NCIT:C167075	NCIT:C191857
NCIT:C167075	NCIT:C203409
NCIT:C167075	NCIT:C203411
NCIT:C167081	NCIT:C115360
NCIT:C167082	NCIT:C115370
NCIT:C167189	NCIT:C161830
NCIT:C167202	NCIT:C187394
NCIT:C167203	NCIT:C167204
NCIT:C167203	NCIT:C167396
NCIT:C167203	NCIT:C170972
NCIT:C167203	NCIT:C203314
NCIT:C167204	NCIT:C187389
NCIT:C167236	NCIT:C185350
NCIT:C167236	NCIT:C219686
NCIT:C167237	NCIT:C208027
NCIT:C167238	NCIT:C162152
NCIT:C167255	NCIT:C130234
NCIT:C167255	NCIT:C167256
NCIT:C167255	NCIT:C191862
NCIT:C167256	NCIT:C222490
NCIT:C167260	NCIT:C172450
NCIT:C167260	NCIT:C213709
NCIT:C167260	NCIT:C223959
NCIT:C167265	NCIT:C150209
NCIT:C167265	NCIT:C167266
NCIT:C167265	NCIT:C172647
NCIT:C167265	NCIT:C206717
NCIT:C167265	NCIT:C211843
NCIT:C167265	NCIT:C213307
NCIT:C167265	NCIT:C213330
NCIT:C167265	NCIT:C217139
NCIT:C167265	NCIT:C54360
NCIT:C167265	NCIT:C7373
NCIT:C167265	NCIT:C7992
NCIT:C167266	NCIT:C206716
NCIT:C167266	NCIT:C217314
NCIT:C167266	NCIT:C8230
NCIT:C167324	NCIT:C192787
NCIT:C167327	NCIT:C167328
NCIT:C167327	NCIT:C167329
NCIT:C167327	NCIT:C167331
NCIT:C167327	NCIT:C172669
NCIT:C167327	NCIT:C6422
NCIT:C167328	NCIT:C200496
NCIT:C167329	NCIT:C167330
NCIT:C167329	NCIT:C200495
NCIT:C167329	NCIT:C200496
NCIT:C167329	NCIT:C200497
NCIT:C167332	NCIT:C133713
NCIT:C167332	NCIT:C158909
NCIT:C167332	NCIT:C167333
NCIT:C167332	NCIT:C176715
NCIT:C167332	NCIT:C178271
NCIT:C167333	NCIT:C163956
NCIT:C167333	NCIT:C204038
NCIT:C167335	NCIT:C182018
NCIT:C167335	NCIT:C223622
NCIT:C167336	NCIT:C185067
NCIT:C167336	NCIT:C214839
NCIT:C167336	NCIT:C28302
NCIT:C167338	NCIT:C163954
NCIT:C167364	NCIT:C215029
NCIT:C167369	NCIT:C215025
NCIT:C167370	NCIT:C205551
NCIT:C167395	NCIT:C203311
NCIT:C167395	NCIT:C208362
NCIT:C167395	NCIT:C211523
NCIT:C167395	NCIT:C211525
NCIT:C167396	NCIT:C208364
NCIT:C167396	NCIT:C211524
NCIT:C167396	NCIT:C211526
NCIT:C167396	NCIT:C222454
NCIT:C168177	NCIT:C191509
NCIT:C16835	NCIT:C16317
NCIT:C16835	NCIT:C16444
NCIT:C16835	NCIT:C16662
NCIT:C168519	NCIT:C168777
NCIT:C168519	NCIT:C168783
NCIT:C168519	NCIT:C168784
NCIT:C168519	NCIT:C187161
NCIT:C168519	NCIT:C190215
NCIT:C168519	NCIT:C222038
NCIT:C168519	NCIT:C223367
NCIT:C168539	NCIT:C168540
NCIT:C168539	NCIT:C168541
NCIT:C168539	NCIT:C204932
NCIT:C168542	NCIT:C171574
NCIT:C168545	NCIT:C175936
NCIT:C168545	NCIT:C8706
NCIT:C168572	NCIT:C174570
NCIT:C168572	NCIT:C174571
NCIT:C168573	NCIT:C188469
NCIT:C168573	NCIT:C188470
NCIT:C168573	NCIT:C206428
NCIT:C168582	NCIT:C168540
NCIT:C168602	NCIT:C181905
NCIT:C168667	NCIT:C168668
NCIT:C168667	NCIT:C223951
NCIT:C168669	NCIT:C168666
NCIT:C168669	NCIT:C4581
NCIT:C168669	NCIT:C4758
NCIT:C168669	NCIT:C7460
NCIT:C168669	NCIT:C7479
NCIT:C168669	NCIT:C7482
NCIT:C168669	NCIT:C7524
NCIT:C168669	NCIT:C8543
NCIT:C168669	NCIT:C95903
NCIT:C168669	NCIT:C96953
NCIT:C168670	NCIT:C168671
NCIT:C168670	NCIT:C171304
NCIT:C168672	NCIT:C217296
NCIT:C168674	NCIT:C217295
NCIT:C168693	NCIT:C168672
NCIT:C168693	NCIT:C168673
NCIT:C168693	NCIT:C168674
NCIT:C168693	NCIT:C168694
NCIT:C168693	NCIT:C168698
NCIT:C168693	NCIT:C215184
NCIT:C168693	NCIT:C217288
NCIT:C168693	NCIT:C3382
NCIT:C168693	NCIT:C4744
NCIT:C168694	NCIT:C6500
NCIT:C168701	NCIT:C162763
NCIT:C168701	NCIT:C168715
NCIT:C168701	NCIT:C182026
NCIT:C168716	NCIT:C171304
NCIT:C168717	NCIT:C178372
NCIT:C168718	NCIT:C215094
NCIT:C168725	NCIT:C168727
NCIT:C168725	NCIT:C188205
NCIT:C168725	NCIT:C188207
NCIT:C168728	NCIT:C188209
NCIT:C168742	NCIT:C168746
NCIT:C168742	NCIT:C168747
NCIT:C168777	NCIT:C168782
NCIT:C168777	NCIT:C178348
NCIT:C168777	NCIT:C206436
NCIT:C168777	NCIT:C223368
NCIT:C168778	NCIT:C168780
NCIT:C168778	NCIT:C212981
NCIT:C168778	NCIT:C8676
NCIT:C168779	NCIT:C168781
NCIT:C168779	NCIT:C212982
NCIT:C168779	NCIT:C8671
NCIT:C168783	NCIT:C220573
NCIT:C168804	NCIT:C173614
NCIT:C168805	NCIT:C173615
NCIT:C168973	NCIT:C165453
NCIT:C168973	NCIT:C165454
NCIT:C168973	NCIT:C165455
NCIT:C168973	NCIT:C172806
NCIT:C168973	NCIT:C175939
NCIT:C168973	NCIT:C180872
NCIT:C168976	NCIT:C172227
NCIT:C168976	NCIT:C172358
NCIT:C168977	NCIT:C222320
NCIT:C168978	NCIT:C156269
NCIT:C168978	NCIT:C156287
NCIT:C168978	NCIT:C156297
NCIT:C168978	NCIT:C162759
NCIT:C168978	NCIT:C162767
NCIT:C168978	NCIT:C163958
NCIT:C168978	NCIT:C165699
NCIT:C168978	NCIT:C168979
NCIT:C168978	NCIT:C168995
NCIT:C168978	NCIT:C172227
NCIT:C168978	NCIT:C174043
NCIT:C168978	NCIT:C174045
NCIT:C168978	NCIT:C174443
NCIT:C168978	NCIT:C175219
NCIT:C168978	NCIT:C175515
NCIT:C168978	NCIT:C187243
NCIT:C168978	NCIT:C190413
NCIT:C168978	NCIT:C200083
NCIT:C168978	NCIT:C202500
NCIT:C168978	NCIT:C203407
NCIT:C168978	NCIT:C203618
NCIT:C168978	NCIT:C213915
NCIT:C168978	NCIT:C215682
NCIT:C168978	NCIT:C216075
NCIT:C168978	NCIT:C222832
NCIT:C168979	NCIT:C210687
NCIT:C168980	NCIT:C168983
NCIT:C168980	NCIT:C168984
NCIT:C168980	NCIT:C168986
NCIT:C168980	NCIT:C168991
NCIT:C168980	NCIT:C202966
NCIT:C168980	NCIT:C206207
NCIT:C168980	NCIT:C206209
NCIT:C168980	NCIT:C206210
NCIT:C168980	NCIT:C27514
NCIT:C168981	NCIT:C151971
NCIT:C168981	NCIT:C170462
NCIT:C168981	NCIT:C222832
NCIT:C168985	NCIT:C155933
NCIT:C168985	NCIT:C156269
NCIT:C168994	NCIT:C173814
NCIT:C168994	NCIT:C187412
NCIT:C168994	NCIT:C213912
NCIT:C168995	NCIT:C155699
NCIT:C168995	NCIT:C169099
NCIT:C168995	NCIT:C172218
NCIT:C168995	NCIT:C172219
NCIT:C168995	NCIT:C172222
NCIT:C168995	NCIT:C179677
NCIT:C169021	NCIT:C147561
NCIT:C169021	NCIT:C157621
NCIT:C169021	NCIT:C214996
NCIT:C169021	NCIT:C214997
NCIT:C169041	NCIT:C189009
NCIT:C169075	NCIT:C211961
NCIT:C169086	NCIT:C180896
NCIT:C169086	NCIT:C209346
NCIT:C169099	NCIT:C215679
NCIT:C169100	NCIT:C156283
NCIT:C169100	NCIT:C172637
NCIT:C169100	NCIT:C177324
NCIT:C169100	NCIT:C206435
NCIT:C169100	NCIT:C207262
NCIT:C169100	NCIT:C207263
NCIT:C169100	NCIT:C4246
NCIT:C169100	NCIT:C4480
NCIT:C169100	NCIT:C4491
NCIT:C169100	NCIT:C4634
NCIT:C169100	NCIT:C49079
NCIT:C169100	NCIT:C5277
NCIT:C169100	NCIT:C5354
NCIT:C169100	NCIT:C5566
NCIT:C169100	NCIT:C5585
NCIT:C169100	NCIT:C6578
NCIT:C169100	NCIT:C7749
NCIT:C169102	NCIT:C175360
NCIT:C169103	NCIT:C175383
NCIT:C169103	NCIT:C208366
NCIT:C169103	NCIT:C222320
NCIT:C170458	NCIT:C156069
NCIT:C170458	NCIT:C162751
NCIT:C170458	NCIT:C170459
NCIT:C170458	NCIT:C171330
NCIT:C170459	NCIT:C168981
NCIT:C170459	NCIT:C168985
NCIT:C170460	NCIT:C188208
NCIT:C170460	NCIT:C213703
NCIT:C170461	NCIT:C174043
NCIT:C170461	NCIT:C187406
NCIT:C170462	NCIT:C187413
NCIT:C170464	NCIT:C162943
NCIT:C170464	NCIT:C222818
NCIT:C170464	NCIT:C222820
NCIT:C170464	NCIT:C222822
NCIT:C170464	NCIT:C222824
NCIT:C170464	NCIT:C222826
NCIT:C170465	NCIT:C170464
NCIT:C170467	NCIT:C126465
NCIT:C170467	NCIT:C170469
NCIT:C170467	NCIT:C170470
NCIT:C170467	NCIT:C3574
NCIT:C170467	NCIT:C4623
NCIT:C170469	NCIT:C129861
NCIT:C170470	NCIT:C153213
NCIT:C170474	NCIT:C170475
NCIT:C170474	NCIT:C170476
NCIT:C170513	NCIT:C181034
NCIT:C170513	NCIT:C206198
NCIT:C170513	NCIT:C206202
NCIT:C170514	NCIT:C168977
NCIT:C170514	NCIT:C169103
NCIT:C170514	NCIT:C170515
NCIT:C170514	NCIT:C5612
NCIT:C170515	NCIT:C208366
NCIT:C170517	NCIT:C163964
NCIT:C170517	NCIT:C173336
NCIT:C170517	NCIT:C173980
NCIT:C170726	NCIT:C138023
NCIT:C170726	NCIT:C170727
NCIT:C170726	NCIT:C7771
NCIT:C170727	NCIT:C133092
NCIT:C170728	NCIT:C153238
NCIT:C170728	NCIT:C156493
NCIT:C170732	NCIT:C123437
NCIT:C170732	NCIT:C170731
NCIT:C170733	NCIT:C162566
NCIT:C170733	NCIT:C165260
NCIT:C170733	NCIT:C170767
NCIT:C170733	NCIT:C170972
NCIT:C170733	NCIT:C170974
NCIT:C170733	NCIT:C170975
NCIT:C170733	NCIT:C215795
NCIT:C170733	NCIT:C40023
NCIT:C170734	NCIT:C172665
NCIT:C170734	NCIT:C42598
NCIT:C170748	NCIT:C200719
NCIT:C170750	NCIT:C204984
NCIT:C170751	NCIT:C204986
NCIT:C170766	NCIT:C165265
NCIT:C170766	NCIT:C165267
NCIT:C170766	NCIT:C170760
NCIT:C170766	NCIT:C178668
NCIT:C170767	NCIT:C156453
NCIT:C170767	NCIT:C165269
NCIT:C170767	NCIT:C170761
NCIT:C170772	NCIT:C170773
NCIT:C170772	NCIT:C180530
NCIT:C170772	NCIT:C192631
NCIT:C170774	NCIT:C170775
NCIT:C170774	NCIT:C170776
NCIT:C170777	NCIT:C170780
NCIT:C170777	NCIT:C175363
NCIT:C170778	NCIT:C170781
NCIT:C170778	NCIT:C174122
NCIT:C170779	NCIT:C170780
NCIT:C170779	NCIT:C170781
NCIT:C170782	NCIT:C162881
NCIT:C170783	NCIT:C150201
NCIT:C170784	NCIT:C170783
NCIT:C170784	NCIT:C173694
NCIT:C170784	NCIT:C175491
NCIT:C170786	NCIT:C217098
NCIT:C170788	NCIT:C180920
NCIT:C170788	NCIT:C181029
NCIT:C170788	NCIT:C181032
NCIT:C170789	NCIT:C203413
NCIT:C170790	NCIT:C217095
NCIT:C170804	NCIT:C170809
NCIT:C170805	NCIT:C170809
NCIT:C170805	NCIT:C170810
NCIT:C170805	NCIT:C222629
NCIT:C170805	NCIT:C222631
NCIT:C170805	NCIT:C222634
NCIT:C170805	NCIT:C222639
NCIT:C170806	NCIT:C170810
NCIT:C170806	NCIT:C174044
NCIT:C170807	NCIT:C170810
NCIT:C170807	NCIT:C170942
NCIT:C170807	NCIT:C211523
NCIT:C170807	NCIT:C211524
NCIT:C170811	NCIT:C143013
NCIT:C170811	NCIT:C156072
NCIT:C170811	NCIT:C170812
NCIT:C170811	NCIT:C171284
NCIT:C170811	NCIT:C200062
NCIT:C170811	NCIT:C217748
NCIT:C170812	NCIT:C168542
NCIT:C170812	NCIT:C171572
NCIT:C170812	NCIT:C172442
NCIT:C170812	NCIT:C200063
NCIT:C170812	NCIT:C217749
NCIT:C170814	NCIT:C129427
NCIT:C170814	NCIT:C162993
NCIT:C170814	NCIT:C175550
NCIT:C170814	NCIT:C180378
NCIT:C170814	NCIT:C186547
NCIT:C170814	NCIT:C186614
NCIT:C170814	NCIT:C198501
NCIT:C170814	NCIT:C201977
NCIT:C170814	NCIT:C213860
NCIT:C170814	NCIT:C3222
NCIT:C170814	NCIT:C4318
NCIT:C170814	NCIT:C4781
NCIT:C170814	NCIT:C4807
NCIT:C170814	NCIT:C4952
NCIT:C170814	NCIT:C4975
NCIT:C170814	NCIT:C5154
NCIT:C170814	NCIT:C5270
NCIT:C170814	NCIT:C5273
NCIT:C170814	NCIT:C5403
NCIT:C170814	NCIT:C5414
NCIT:C170814	NCIT:C5442
NCIT:C170814	NCIT:C5592
NCIT:C170814	NCIT:C5795
NCIT:C170814	NCIT:C5817
NCIT:C170814	NCIT:C60780
NCIT:C170814	NCIT:C67559
NCIT:C170814	NCIT:C6772
NCIT:C170814	NCIT:C6773
NCIT:C170814	NCIT:C7008
NCIT:C170814	NCIT:C71698
NCIT:C170814	NCIT:C71702
NCIT:C170814	NCIT:C9183
NCIT:C170814	NCIT:C92555
NCIT:C170814	NCIT:C9344
NCIT:C170814	NCIT:C9505
NCIT:C170817	NCIT:C193426
NCIT:C170827	NCIT:C180875
NCIT:C170828	NCIT:C174568
NCIT:C170829	NCIT:C188886
NCIT:C170829	NCIT:C188888
NCIT:C170831	NCIT:C173336
NCIT:C170831	NCIT:C188128
NCIT:C170910	NCIT:C178269
NCIT:C170910	NCIT:C190415
NCIT:C170911	NCIT:C171340
NCIT:C170911	NCIT:C212977
NCIT:C170911	NCIT:C216937
NCIT:C170911	NCIT:C216939
NCIT:C170911	NCIT:C7885
NCIT:C170919	NCIT:C181157
NCIT:C170919	NCIT:C188067
NCIT:C170924	NCIT:C170928
NCIT:C170924	NCIT:C211522
NCIT:C170924	NCIT:C223958
NCIT:C170928	NCIT:C211528
NCIT:C170928	NCIT:C223959
NCIT:C170929	NCIT:C170930
NCIT:C170929	NCIT:C170933
NCIT:C170929	NCIT:C211521
NCIT:C170929	NCIT:C223999
NCIT:C170930	NCIT:C158383
NCIT:C170930	NCIT:C170934
NCIT:C170930	NCIT:C211527
NCIT:C170931	NCIT:C158383
NCIT:C170933	NCIT:C170934
NCIT:C170937	NCIT:C187235
NCIT:C170937	NCIT:C190633
NCIT:C170938	NCIT:C170942
NCIT:C170938	NCIT:C213326
NCIT:C170938	NCIT:C215217
NCIT:C170940	NCIT:C8398
NCIT:C170941	NCIT:C213648
NCIT:C170941	NCIT:C215127
NCIT:C170941	NCIT:C215134
NCIT:C170942	NCIT:C213327
NCIT:C170943	NCIT:C192670
NCIT:C170943	NCIT:C7549
NCIT:C170944	NCIT:C170945
NCIT:C170944	NCIT:C215682
NCIT:C170953	NCIT:C176728
NCIT:C170955	NCIT:C170956
NCIT:C170955	NCIT:C170957
NCIT:C170957	NCIT:C170958
NCIT:C170961	NCIT:C170962
NCIT:C170963	NCIT:C210820
NCIT:C170965	NCIT:C168543
NCIT:C170965	NCIT:C188128
NCIT:C170965	NCIT:C200083
NCIT:C170965	NCIT:C216075
NCIT:C170966	NCIT:C175549
NCIT:C170966	NCIT:C213341
NCIT:C170967	NCIT:C170958
NCIT:C170967	NCIT:C187316
NCIT:C170968	NCIT:C150096
NCIT:C170968	NCIT:C171015
NCIT:C170968	NCIT:C178680
NCIT:C170968	NCIT:C178681
NCIT:C170969	NCIT:C170970
NCIT:C170969	NCIT:C187394
NCIT:C170969	NCIT:C203315
NCIT:C170970	NCIT:C171017
NCIT:C170970	NCIT:C186274
NCIT:C170971	NCIT:C178670
NCIT:C170971	NCIT:C178672
NCIT:C170971	NCIT:C178673
NCIT:C170971	NCIT:C178676
NCIT:C170972	NCIT:C171019
NCIT:C170972	NCIT:C211518
NCIT:C170972	NCIT:C211520
NCIT:C170973	NCIT:C170974
NCIT:C170973	NCIT:C187389
NCIT:C170973	NCIT:C203316
NCIT:C170974	NCIT:C171020
NCIT:C170974	NCIT:C186276
NCIT:C170975	NCIT:C171021
NCIT:C170975	NCIT:C178684
NCIT:C170975	NCIT:C178685
NCIT:C170979	NCIT:C170978
NCIT:C170979	NCIT:C170980
NCIT:C171012	NCIT:C153570
NCIT:C171012	NCIT:C221747
NCIT:C171014	NCIT:C212214
NCIT:C171014	NCIT:C214787
NCIT:C171015	NCIT:C178677
NCIT:C171015	NCIT:C178679
NCIT:C171016	NCIT:C203311
NCIT:C171019	NCIT:C186453
NCIT:C171019	NCIT:C222454
NCIT:C171020	NCIT:C186275
NCIT:C171021	NCIT:C178686
NCIT:C171021	NCIT:C178687
NCIT:C171023	NCIT:C173078
NCIT:C171023	NCIT:C213323
NCIT:C171023	NCIT:C213332
NCIT:C171026	NCIT:C147097
NCIT:C171026	NCIT:C147101
NCIT:C171026	NCIT:C159205
NCIT:C171026	NCIT:C159671
NCIT:C171026	NCIT:C161642
NCIT:C171026	NCIT:C223238
NCIT:C171026	NCIT:C4438
NCIT:C171026	NCIT:C4564
NCIT:C171026	NCIT:C48320
NCIT:C171026	NCIT:C5232
NCIT:C171026	NCIT:C5376
NCIT:C171026	NCIT:C5378
NCIT:C171026	NCIT:C5385
NCIT:C171026	NCIT:C5528
NCIT:C171026	NCIT:C5840
NCIT:C171026	NCIT:C6043
NCIT:C171026	NCIT:C6613
NCIT:C171026	NCIT:C6746
NCIT:C171026	NCIT:C96060
NCIT:C171026	NCIT:C96511
NCIT:C171028	NCIT:C5991
NCIT:C171028	NCIT:C6251
NCIT:C171031	NCIT:C6460
NCIT:C171031	NCIT:C6461
NCIT:C171032	NCIT:C40440
NCIT:C171032	NCIT:C5238
NCIT:C171033	NCIT:C126772
NCIT:C171033	NCIT:C223264
NCIT:C171033	NCIT:C40155
NCIT:C171037	NCIT:C213737
NCIT:C171037	NCIT:C37870
NCIT:C171037	NCIT:C45380
NCIT:C171037	NCIT:C45740
NCIT:C171037	NCIT:C9280
NCIT:C171070	NCIT:C176728
NCIT:C171072	NCIT:C176728
NCIT:C171089	NCIT:C26788
NCIT:C171089	NCIT:C27874
NCIT:C171089	NCIT:C2941
NCIT:C171089	NCIT:C3820
NCIT:C171089	NCIT:C85002
NCIT:C171098	NCIT:C61249
NCIT:C171098	NCIT:C84741
NCIT:C171101	NCIT:C168651
NCIT:C171101	NCIT:C206377
NCIT:C171101	NCIT:C45266
NCIT:C171101	NCIT:C45268
NCIT:C171101	NCIT:C45271
NCIT:C171101	NCIT:C45272
NCIT:C171101	NCIT:C7162
NCIT:C171101	NCIT:C7218
NCIT:C171128	NCIT:C131030
NCIT:C171128	NCIT:C131277
NCIT:C171128	NCIT:C131425
NCIT:C171128	NCIT:C131835
NCIT:C171128	NCIT:C131836
NCIT:C171128	NCIT:C131840
NCIT:C171128	NCIT:C131841
NCIT:C171128	NCIT:C131842
NCIT:C171128	NCIT:C2985
NCIT:C171128	NCIT:C4375
NCIT:C171133	NCIT:C171547
NCIT:C171133	NCIT:C171549
NCIT:C171133	NCIT:C179263
NCIT:C171133	NCIT:C189225
NCIT:C171133	NCIT:C189226
NCIT:C171133	NCIT:C189227
NCIT:C171133	NCIT:C191430
NCIT:C171133	NCIT:C191512
NCIT:C171133	NCIT:C191513
NCIT:C171133	NCIT:C191515
NCIT:C171159	NCIT:C171158
NCIT:C171169	NCIT:C171170
NCIT:C171169	NCIT:C171171
NCIT:C171265	NCIT:C220613
NCIT:C171280	NCIT:C165701
NCIT:C171281	NCIT:C165472
NCIT:C171284	NCIT:C153182
NCIT:C171284	NCIT:C171285
NCIT:C171284	NCIT:C180374
NCIT:C171285	NCIT:C214936
NCIT:C171285	NCIT:C214940
NCIT:C171286	NCIT:C217312
NCIT:C171294	NCIT:C214944
NCIT:C171294	NCIT:C7914
NCIT:C171295	NCIT:C148514
NCIT:C171295	NCIT:C171296
NCIT:C171295	NCIT:C182127
NCIT:C171295	NCIT:C190137
NCIT:C171296	NCIT:C213952
NCIT:C171296	NCIT:C214941
NCIT:C171296	NCIT:C214949
NCIT:C171297	NCIT:C171296
NCIT:C171297	NCIT:C209346
NCIT:C171297	NCIT:C214950
NCIT:C171298	NCIT:C168979
NCIT:C171298	NCIT:C173814
NCIT:C171298	NCIT:C213915
NCIT:C171299	NCIT:C175451
NCIT:C171299	NCIT:C3212
NCIT:C171299	NCIT:C3465
NCIT:C171299	NCIT:C37203
NCIT:C171299	NCIT:C4341
NCIT:C171299	NCIT:C7217
NCIT:C171299	NCIT:C8968
NCIT:C171300	NCIT:C3246
NCIT:C171300	NCIT:C6860
NCIT:C171300	NCIT:C6918
NCIT:C171317	NCIT:C168671
NCIT:C171322	NCIT:C27324
NCIT:C171322	NCIT:C7892
NCIT:C171326	NCIT:C171327
NCIT:C171326	NCIT:C171329
NCIT:C171330	NCIT:C165452
NCIT:C171330	NCIT:C171331
NCIT:C171331	NCIT:C142870
NCIT:C171331	NCIT:C162755
NCIT:C171331	NCIT:C225026
NCIT:C171339	NCIT:C150049
NCIT:C171339	NCIT:C213016
NCIT:C171339	NCIT:C213017
NCIT:C171452	NCIT:C171519
NCIT:C171538	NCIT:C113210
NCIT:C171538	NCIT:C171539
NCIT:C171550	NCIT:C171551
NCIT:C171552	NCIT:C171555
NCIT:C171552	NCIT:C171556
NCIT:C171552	NCIT:C171560
NCIT:C171552	NCIT:C191549
NCIT:C171553	NCIT:C171554
NCIT:C171557	NCIT:C171556
NCIT:C171557	NCIT:C180995
NCIT:C171560	NCIT:C191520
NCIT:C171562	NCIT:C171563
NCIT:C171562	NCIT:C191485
NCIT:C171562	NCIT:C191542
NCIT:C171572	NCIT:C155311
NCIT:C171573	NCIT:C171574
NCIT:C171573	NCIT:C180891
NCIT:C171573	NCIT:C208490
NCIT:C171574	NCIT:C208491
NCIT:C171580	NCIT:C171579
NCIT:C171580	NCIT:C179677
NCIT:C171583	NCIT:C171582
NCIT:C171583	NCIT:C172222
NCIT:C171585	NCIT:C162116
NCIT:C171585	NCIT:C162117
NCIT:C171585	NCIT:C162270
NCIT:C171604	NCIT:C171606
NCIT:C171604	NCIT:C176892
NCIT:C171605	NCIT:C148152
NCIT:C171605	NCIT:C165287
NCIT:C171605	NCIT:C165735
NCIT:C171605	NCIT:C171606
NCIT:C171605	NCIT:C173331
NCIT:C171605	NCIT:C177151
NCIT:C171605	NCIT:C179207
NCIT:C171605	NCIT:C181034
NCIT:C171605	NCIT:C185303
NCIT:C171605	NCIT:C185304
NCIT:C171605	NCIT:C208291
NCIT:C171608	NCIT:C216237
NCIT:C171610	NCIT:C187406
NCIT:C171610	NCIT:C221811
NCIT:C171611	NCIT:C156288
NCIT:C171611	NCIT:C179461
NCIT:C171611	NCIT:C222655
NCIT:C171611	NCIT:C223267
NCIT:C171612	NCIT:C187411
NCIT:C172091	NCIT:C148493
NCIT:C172091	NCIT:C222644
NCIT:C172130	NCIT:C213422
NCIT:C172132	NCIT:C148363
NCIT:C172132	NCIT:C166142
NCIT:C172132	NCIT:C166143
NCIT:C172132	NCIT:C170817
NCIT:C172132	NCIT:C193422
NCIT:C172132	NCIT:C193431
NCIT:C172132	NCIT:C193432
NCIT:C172133	NCIT:C134157
NCIT:C172133	NCIT:C157474
NCIT:C172133	NCIT:C172289
NCIT:C172133	NCIT:C173409
NCIT:C172133	NCIT:C193424
NCIT:C172133	NCIT:C204124
NCIT:C172133	NCIT:C8695
NCIT:C172183	NCIT:C200570
NCIT:C172227	NCIT:C162113
NCIT:C172227	NCIT:C207068
NCIT:C172242	NCIT:C176888
NCIT:C172242	NCIT:C209280
NCIT:C172245	NCIT:C205226
NCIT:C172247	NCIT:C190138
NCIT:C172249	NCIT:C207068
NCIT:C172252	NCIT:C173814
NCIT:C172252	NCIT:C176891
NCIT:C172252	NCIT:C200569
NCIT:C172276	NCIT:C163955
NCIT:C172276	NCIT:C172278
NCIT:C172277	NCIT:C162617
NCIT:C172280	NCIT:C134154
NCIT:C172280	NCIT:C136488
NCIT:C172280	NCIT:C157475
NCIT:C172280	NCIT:C173411
NCIT:C172280	NCIT:C204126
NCIT:C172280	NCIT:C7813
NCIT:C172280	NCIT:C8696
NCIT:C172281	NCIT:C134319
NCIT:C172281	NCIT:C148362
NCIT:C172281	NCIT:C170816
NCIT:C172281	NCIT:C170911
NCIT:C172281	NCIT:C171339
NCIT:C172281	NCIT:C203523
NCIT:C172282	NCIT:C7886
NCIT:C172282	NCIT:C8846
NCIT:C172289	NCIT:C133732
NCIT:C172289	NCIT:C193418
NCIT:C172289	NCIT:C193433
NCIT:C172289	NCIT:C193436
NCIT:C172289	NCIT:C7025
NCIT:C172303	NCIT:C172307
NCIT:C172303	NCIT:C172308
NCIT:C172303	NCIT:C172310
NCIT:C172303	NCIT:C172311
NCIT:C172303	NCIT:C172321
NCIT:C172304	NCIT:C172313
NCIT:C172304	NCIT:C172316
NCIT:C172304	NCIT:C172317
NCIT:C172304	NCIT:C172320
NCIT:C172304	NCIT:C175520
NCIT:C172304	NCIT:C175521
NCIT:C172304	NCIT:C175522
NCIT:C172314	NCIT:C172315
NCIT:C172314	NCIT:C172318
NCIT:C172328	NCIT:C171426
NCIT:C172328	NCIT:C220628
NCIT:C172328	NCIT:C220629
NCIT:C172342	NCIT:C128420
NCIT:C172342	NCIT:C128829
NCIT:C172342	NCIT:C155871
NCIT:C172342	NCIT:C38759
NCIT:C172342	NCIT:C39291
NCIT:C172342	NCIT:C53649
NCIT:C172342	NCIT:C96407
NCIT:C172358	NCIT:C216237
NCIT:C172371	NCIT:C172361
NCIT:C172371	NCIT:C217099
NCIT:C172371	NCIT:C217102
NCIT:C172371	NCIT:C53283
NCIT:C172371	NCIT:C53284
NCIT:C172373	NCIT:C68662
NCIT:C172373	NCIT:C68665
NCIT:C172450	NCIT:C158383
NCIT:C172450	NCIT:C159676
NCIT:C172617	NCIT:C153170
NCIT:C172617	NCIT:C163966
NCIT:C172617	NCIT:C172620
NCIT:C172618	NCIT:C168995
NCIT:C172618	NCIT:C172277
NCIT:C172618	NCIT:C203412
NCIT:C172622	NCIT:C150519
NCIT:C172622	NCIT:C162726
NCIT:C172622	NCIT:C7825
NCIT:C172623	NCIT:C162727
NCIT:C172623	NCIT:C165745
NCIT:C172623	NCIT:C176997
NCIT:C172624	NCIT:C172625
NCIT:C172626	NCIT:C141446
NCIT:C172626	NCIT:C148423
NCIT:C172626	NCIT:C212816
NCIT:C172630	NCIT:C148430
NCIT:C172630	NCIT:C173503
NCIT:C172630	NCIT:C212817
NCIT:C172644	NCIT:C215049
NCIT:C172645	NCIT:C215051
NCIT:C172646	NCIT:C215050
NCIT:C172650	NCIT:C153810
NCIT:C172650	NCIT:C153811
NCIT:C172659	NCIT:C190028
NCIT:C172660	NCIT:C172661
NCIT:C172660	NCIT:C172662
NCIT:C172660	NCIT:C172666
NCIT:C172660	NCIT:C172669
NCIT:C172660	NCIT:C172670
NCIT:C172660	NCIT:C172721
NCIT:C172660	NCIT:C172742
NCIT:C172660	NCIT:C172743
NCIT:C172660	NCIT:C172814
NCIT:C172660	NCIT:C192769
NCIT:C172660	NCIT:C192794
NCIT:C172660	NCIT:C203260
NCIT:C172660	NCIT:C203266
NCIT:C172664	NCIT:C172667
NCIT:C172664	NCIT:C172668
NCIT:C172664	NCIT:C172672
NCIT:C172664	NCIT:C172673
NCIT:C172669	NCIT:C200497
NCIT:C172670	NCIT:C172664
NCIT:C172670	NCIT:C172701
NCIT:C172680	NCIT:C172682
NCIT:C172680	NCIT:C172683
NCIT:C172680	NCIT:C27456
NCIT:C172680	NCIT:C5675
NCIT:C172680	NCIT:C5676
NCIT:C172682	NCIT:C3495
NCIT:C172682	NCIT:C5496
NCIT:C172682	NCIT:C7041
NCIT:C172683	NCIT:C4919
NCIT:C172683	NCIT:C5620
NCIT:C172683	NCIT:C96477
NCIT:C172694	NCIT:C43586
NCIT:C172700	NCIT:C96496
NCIT:C172700	NCIT:C96497
NCIT:C172701	NCIT:C172702
NCIT:C172701	NCIT:C172703
NCIT:C172706	NCIT:C157574
NCIT:C172706	NCIT:C157575
NCIT:C172706	NCIT:C27275
NCIT:C172709	NCIT:C27924
NCIT:C172714	NCIT:C172716
NCIT:C172714	NCIT:C96772
NCIT:C172803	NCIT:C4846
NCIT:C172803	NCIT:C6820
NCIT:C172804	NCIT:C67491
NCIT:C172804	NCIT:C67492
NCIT:C172806	NCIT:C172810
NCIT:C172806	NCIT:C191980
NCIT:C172806	NCIT:C192014
NCIT:C172806	NCIT:C192018
NCIT:C172810	NCIT:C187162
NCIT:C172810	NCIT:C191987
NCIT:C172811	NCIT:C5720
NCIT:C172814	NCIT:C192791
NCIT:C172814	NCIT:C192795
NCIT:C172844	NCIT:C223525
NCIT:C172844	NCIT:C5266
NCIT:C172844	NCIT:C5635
NCIT:C172844	NCIT:C5768
NCIT:C172844	NCIT:C95626
NCIT:C172844	NCIT:C96506
NCIT:C172847	NCIT:C150704
NCIT:C172849	NCIT:C172951
NCIT:C172849	NCIT:C172952
NCIT:C172849	NCIT:C172955
NCIT:C172849	NCIT:C172980
NCIT:C172849	NCIT:C27439
NCIT:C172849	NCIT:C4437
NCIT:C172849	NCIT:C5029
NCIT:C172849	NCIT:C5335
NCIT:C172849	NCIT:C5341
NCIT:C172849	NCIT:C5611
NCIT:C172849	NCIT:C5715
NCIT:C172849	NCIT:C5736
NCIT:C172849	NCIT:C96508
NCIT:C172850	NCIT:C223523
NCIT:C172850	NCIT:C5253
NCIT:C172850	NCIT:C95625
NCIT:C172850	NCIT:C96055
NCIT:C172850	NCIT:C96503
NCIT:C172850	NCIT:C96843
NCIT:C172851	NCIT:C5858
NCIT:C172851	NCIT:C7022
NCIT:C172852	NCIT:C172849
NCIT:C172852	NCIT:C172851
NCIT:C172852	NCIT:C172853
NCIT:C172852	NCIT:C172854
NCIT:C172852	NCIT:C172857
NCIT:C172852	NCIT:C172940
NCIT:C172852	NCIT:C172941
NCIT:C172852	NCIT:C172942
NCIT:C172852	NCIT:C172945
NCIT:C172852	NCIT:C223530
NCIT:C172852	NCIT:C27940
NCIT:C172852	NCIT:C35778
NCIT:C172852	NCIT:C5487
NCIT:C172852	NCIT:C5751
NCIT:C172852	NCIT:C5856
NCIT:C172853	NCIT:C27430
NCIT:C172853	NCIT:C3866
NCIT:C172853	NCIT:C5341
NCIT:C172853	NCIT:C5701
NCIT:C172853	NCIT:C5702
NCIT:C172854	NCIT:C172855
NCIT:C172854	NCIT:C172856
NCIT:C172855	NCIT:C5736
NCIT:C172855	NCIT:C5747
NCIT:C172855	NCIT:C5835
NCIT:C172856	NCIT:C27485
NCIT:C172856	NCIT:C4437
NCIT:C172856	NCIT:C5750
NCIT:C172856	NCIT:C5753
NCIT:C172856	NCIT:C5858
NCIT:C172857	NCIT:C5339
NCIT:C172857	NCIT:C5608
NCIT:C172857	NCIT:C5677
NCIT:C172857	NCIT:C5678
NCIT:C172857	NCIT:C7725
NCIT:C172940	NCIT:C5752
NCIT:C172942	NCIT:C3866
NCIT:C172942	NCIT:C3876
NCIT:C172942	NCIT:C5514
NCIT:C172942	NCIT:C5608
NCIT:C172942	NCIT:C5677
NCIT:C172942	NCIT:C5747
NCIT:C172942	NCIT:C5753
NCIT:C172942	NCIT:C5855
NCIT:C172942	NCIT:C7725
NCIT:C172945	NCIT:C223352
NCIT:C172945	NCIT:C43576
NCIT:C172945	NCIT:C5258
NCIT:C172945	NCIT:C5339
NCIT:C172945	NCIT:C5678
NCIT:C172945	NCIT:C5701
NCIT:C172945	NCIT:C5750
NCIT:C172945	NCIT:C5835
NCIT:C172945	NCIT:C5854
NCIT:C172951	NCIT:C188065
NCIT:C172951	NCIT:C27200
NCIT:C172951	NCIT:C5334
NCIT:C172951	NCIT:C5599
NCIT:C172951	NCIT:C5756
NCIT:C172951	NCIT:C5841
NCIT:C172951	NCIT:C5848
NCIT:C172951	NCIT:C7085
NCIT:C172951	NCIT:C96435
NCIT:C172951	NCIT:C96509
NCIT:C172952	NCIT:C213582
NCIT:C172952	NCIT:C5610
NCIT:C172952	NCIT:C5627
NCIT:C172952	NCIT:C5834
NCIT:C172952	NCIT:C5839
NCIT:C172952	NCIT:C5860
NCIT:C172952	NCIT:C95623
NCIT:C172955	NCIT:C5529
NCIT:C172955	NCIT:C5602
NCIT:C172955	NCIT:C5706
NCIT:C172955	NCIT:C5842
NCIT:C172955	NCIT:C96059
NCIT:C172955	NCIT:C96434
NCIT:C172955	NCIT:C96510
NCIT:C172955	NCIT:C96844
NCIT:C172955	NCIT:C96951
NCIT:C173046	NCIT:C148175
NCIT:C173046	NCIT:C183514
NCIT:C173046	NCIT:C183515
NCIT:C173077	NCIT:C54284
NCIT:C173077	NCIT:C54285
NCIT:C173087	NCIT:C173088
NCIT:C173087	NCIT:C190278
NCIT:C173089	NCIT:C116318
NCIT:C173089	NCIT:C173091
NCIT:C173089	NCIT:C202996
NCIT:C173089	NCIT:C202997
NCIT:C173091	NCIT:C203005
NCIT:C173091	NCIT:C203006
NCIT:C173095	NCIT:C173114
NCIT:C173095	NCIT:C173139
NCIT:C173095	NCIT:C173143
NCIT:C173095	NCIT:C173144
NCIT:C173095	NCIT:C4117
NCIT:C173095	NCIT:C4603
NCIT:C173095	NCIT:C8532
NCIT:C173097	NCIT:C166399
NCIT:C173097	NCIT:C173094
NCIT:C173097	NCIT:C173169
NCIT:C173097	NCIT:C173170
NCIT:C173097	NCIT:C173174
NCIT:C173097	NCIT:C173176
NCIT:C173097	NCIT:C202984
NCIT:C173097	NCIT:C4918
NCIT:C173097	NCIT:C54293
NCIT:C173097	NCIT:C7487
NCIT:C173117	NCIT:C173132
NCIT:C173117	NCIT:C173139
NCIT:C173117	NCIT:C173163
NCIT:C173117	NCIT:C173176
NCIT:C173117	NCIT:C202852
NCIT:C173118	NCIT:C164205
NCIT:C173118	NCIT:C173120
NCIT:C173118	NCIT:C173121
NCIT:C173118	NCIT:C173123
NCIT:C173118	NCIT:C173124
NCIT:C173118	NCIT:C173125
NCIT:C173118	NCIT:C173127
NCIT:C173118	NCIT:C173128
NCIT:C173118	NCIT:C173175
NCIT:C173118	NCIT:C6849
NCIT:C173132	NCIT:C173133
NCIT:C173132	NCIT:C173136
NCIT:C173132	NCIT:C173137
NCIT:C173139	NCIT:C173140
NCIT:C173139	NCIT:C173142
NCIT:C173139	NCIT:C190160
NCIT:C173139	NCIT:C27479
NCIT:C173154	NCIT:C71698
NCIT:C173155	NCIT:C175550
NCIT:C173156	NCIT:C175384
NCIT:C173162	NCIT:C162113
NCIT:C173162	NCIT:C172248
NCIT:C173163	NCIT:C5309
NCIT:C173167	NCIT:C122985
NCIT:C173170	NCIT:C173171
NCIT:C173170	NCIT:C6068
NCIT:C173170	NCIT:C6074
NCIT:C173171	NCIT:C173172
NCIT:C173171	NCIT:C213811
NCIT:C173171	NCIT:C6069
NCIT:C173171	NCIT:C6075
NCIT:C173172	NCIT:C173173
NCIT:C173174	NCIT:C6016
NCIT:C173174	NCIT:C7604
NCIT:C173176	NCIT:C173118
NCIT:C173176	NCIT:C173138
NCIT:C173324	NCIT:C142867
NCIT:C173324	NCIT:C173332
NCIT:C173324	NCIT:C177776
NCIT:C173324	NCIT:C177777
NCIT:C173324	NCIT:C190679
NCIT:C173324	NCIT:C192839
NCIT:C173328	NCIT:C173329
NCIT:C173328	NCIT:C180894
NCIT:C173329	NCIT:C173335
NCIT:C173330	NCIT:C153201
NCIT:C173331	NCIT:C171609
NCIT:C173342	NCIT:C173343
NCIT:C173344	NCIT:C173341
NCIT:C173344	NCIT:C173343
NCIT:C173344	NCIT:C34837
NCIT:C173345	NCIT:C173352
NCIT:C173354	NCIT:C173355
NCIT:C173354	NCIT:C173356
NCIT:C173354	NCIT:C173357
NCIT:C173354	NCIT:C173577
NCIT:C173355	NCIT:C173359
NCIT:C173355	NCIT:C173579
NCIT:C173356	NCIT:C173361
NCIT:C173356	NCIT:C173578
NCIT:C173357	NCIT:C173359
NCIT:C173357	NCIT:C173361
NCIT:C173359	NCIT:C213674
NCIT:C173359	NCIT:C213723
NCIT:C173359	NCIT:C213786
NCIT:C173359	NCIT:C213799
NCIT:C173385	NCIT:C136869
NCIT:C173385	NCIT:C136870
NCIT:C173385	NCIT:C214970
NCIT:C173387	NCIT:C173388
NCIT:C173387	NCIT:C173391
NCIT:C173387	NCIT:C188224
NCIT:C173387	NCIT:C202991
NCIT:C173387	NCIT:C210122
NCIT:C173387	NCIT:C210142
NCIT:C173387	NCIT:C6834
NCIT:C173388	NCIT:C173392
NCIT:C173388	NCIT:C203010
NCIT:C173388	NCIT:C210144
NCIT:C173390	NCIT:C173395
NCIT:C173390	NCIT:C6025
NCIT:C173391	NCIT:C173392
NCIT:C173391	NCIT:C188223
NCIT:C173391	NCIT:C210123
NCIT:C173397	NCIT:C173399
NCIT:C173397	NCIT:C173400
NCIT:C173397	NCIT:C173402
NCIT:C173397	NCIT:C173405
NCIT:C173399	NCIT:C6026
NCIT:C173399	NCIT:C6027
NCIT:C173400	NCIT:C173408
NCIT:C173408	NCIT:C6021
NCIT:C173408	NCIT:C6022
NCIT:C173409	NCIT:C150133
NCIT:C173409	NCIT:C157692
NCIT:C173409	NCIT:C180985
NCIT:C173409	NCIT:C8688
NCIT:C173411	NCIT:C157691
NCIT:C173411	NCIT:C157693
NCIT:C173411	NCIT:C180986
NCIT:C173411	NCIT:C8689
NCIT:C173414	NCIT:C132994
NCIT:C173414	NCIT:C201905
NCIT:C173476	NCIT:C5819
NCIT:C173477	NCIT:C6749
NCIT:C173478	NCIT:C202621
NCIT:C173478	NCIT:C202622
NCIT:C173479	NCIT:C173480
NCIT:C173479	NCIT:C173481
NCIT:C173480	NCIT:C121785
NCIT:C173480	NCIT:C27478
NCIT:C173480	NCIT:C3950
NCIT:C173480	NCIT:C4831
NCIT:C173480	NCIT:C5909
NCIT:C173480	NCIT:C5910
NCIT:C173481	NCIT:C156274
NCIT:C173481	NCIT:C173477
NCIT:C173481	NCIT:C173478
NCIT:C173481	NCIT:C213519
NCIT:C173481	NCIT:C213548
NCIT:C173485	NCIT:C156406
NCIT:C173485	NCIT:C173486
NCIT:C173485	NCIT:C202967
NCIT:C173485	NCIT:C202971
NCIT:C173485	NCIT:C202972
NCIT:C173485	NCIT:C213903
NCIT:C173486	NCIT:C156407
NCIT:C173486	NCIT:C173487
NCIT:C173487	NCIT:C213827
NCIT:C173488	NCIT:C133187
NCIT:C173488	NCIT:C213097
NCIT:C173488	NCIT:C54661
NCIT:C173489	NCIT:C213518
NCIT:C173565	NCIT:C134153
NCIT:C173565	NCIT:C142850
NCIT:C173565	NCIT:C173530
NCIT:C173577	NCIT:C173578
NCIT:C173577	NCIT:C173579
NCIT:C173580	NCIT:C156408
NCIT:C173586	NCIT:C128247
NCIT:C173587	NCIT:C214970
NCIT:C173605	NCIT:C173609
NCIT:C173606	NCIT:C173610
NCIT:C173607	NCIT:C173611
NCIT:C173608	NCIT:C173609
NCIT:C173608	NCIT:C173610
NCIT:C173608	NCIT:C173611
NCIT:C173612	NCIT:C173613
NCIT:C173612	NCIT:C173614
NCIT:C173612	NCIT:C173615
NCIT:C173642	NCIT:C173643
NCIT:C173642	NCIT:C213643
NCIT:C173649	NCIT:C173653
NCIT:C173649	NCIT:C35735
NCIT:C173650	NCIT:C210718
NCIT:C173653	NCIT:C173650
NCIT:C173653	NCIT:C210716
NCIT:C173653	NCIT:C35703
NCIT:C173659	NCIT:C35555
NCIT:C173680	NCIT:C5397
NCIT:C173681	NCIT:C5982
NCIT:C173682	NCIT:C173684
NCIT:C173685	NCIT:C150202
NCIT:C173685	NCIT:C150209
NCIT:C173685	NCIT:C150212
NCIT:C173685	NCIT:C173694
NCIT:C173687	NCIT:C173688
NCIT:C173689	NCIT:C167266
NCIT:C173689	NCIT:C8221
NCIT:C173689	NCIT:C8236
NCIT:C173690	NCIT:C173691
NCIT:C173690	NCIT:C173692
NCIT:C173690	NCIT:C213654
NCIT:C173691	NCIT:C173693
NCIT:C173691	NCIT:C173715
NCIT:C173691	NCIT:C173717
NCIT:C173691	NCIT:C213667
NCIT:C173691	NCIT:C5981
NCIT:C173692	NCIT:C213655
NCIT:C173693	NCIT:C35687
NCIT:C173694	NCIT:C150201
NCIT:C173694	NCIT:C150207
NCIT:C173694	NCIT:C150210
NCIT:C173715	NCIT:C173716
NCIT:C173717	NCIT:C173719
NCIT:C173720	NCIT:C173733
NCIT:C173720	NCIT:C4311
NCIT:C173720	NCIT:C54295
NCIT:C173720	NCIT:C54300
NCIT:C173720	NCIT:C7492
NCIT:C173738	NCIT:C173739
NCIT:C173738	NCIT:C173740
NCIT:C173738	NCIT:C4317
NCIT:C173793	NCIT:C173794
NCIT:C173793	NCIT:C3416
NCIT:C173794	NCIT:C219968
NCIT:C173794	NCIT:C35075
NCIT:C173794	NCIT:C84588
NCIT:C173795	NCIT:C173796
NCIT:C173795	NCIT:C3057
NCIT:C173796	NCIT:C34636
NCIT:C173796	NCIT:C3948
NCIT:C173796	NCIT:C4675
NCIT:C173797	NCIT:C173798
NCIT:C173797	NCIT:C3417
NCIT:C173798	NCIT:C116006
NCIT:C173798	NCIT:C201900
NCIT:C173799	NCIT:C173800
NCIT:C173799	NCIT:C4434
NCIT:C173800	NCIT:C35145
NCIT:C173800	NCIT:C96436
NCIT:C173813	NCIT:C190771
NCIT:C173820	NCIT:C190158
NCIT:C173820	NCIT:C202205
NCIT:C173820	NCIT:C202209
NCIT:C173820	NCIT:C8422
NCIT:C173841	NCIT:C173842
NCIT:C173841	NCIT:C173844
NCIT:C173841	NCIT:C202264
NCIT:C173841	NCIT:C214894
NCIT:C173842	NCIT:C173843
NCIT:C173842	NCIT:C213621
NCIT:C173843	NCIT:C220235
NCIT:C173844	NCIT:C202261
NCIT:C173844	NCIT:C219768
NCIT:C173845	NCIT:C173892
NCIT:C173845	NCIT:C202262
NCIT:C173845	NCIT:C214887
NCIT:C173845	NCIT:C219759
NCIT:C173892	NCIT:C173893
NCIT:C173892	NCIT:C173894
NCIT:C173892	NCIT:C173895
NCIT:C173892	NCIT:C173897
NCIT:C173892	NCIT:C173898
NCIT:C173892	NCIT:C173899
NCIT:C173892	NCIT:C173900
NCIT:C173892	NCIT:C202260
NCIT:C173892	NCIT:C214890
NCIT:C173892	NCIT:C219760
NCIT:C173894	NCIT:C202254
NCIT:C173894	NCIT:C219762
NCIT:C173897	NCIT:C202257
NCIT:C173899	NCIT:C202256
NCIT:C173899	NCIT:C219766
NCIT:C173900	NCIT:C202258
NCIT:C173927	NCIT:C173928
NCIT:C173927	NCIT:C173929
NCIT:C173927	NCIT:C8381
NCIT:C173932	NCIT:C173095
NCIT:C173932	NCIT:C190613
NCIT:C173932	NCIT:C202624
NCIT:C173932	NCIT:C202967
NCIT:C173932	NCIT:C202975
NCIT:C173932	NCIT:C216959
NCIT:C173932	NCIT:C3620
NCIT:C173932	NCIT:C4600
NCIT:C173932	NCIT:C4782
NCIT:C173932	NCIT:C4884
NCIT:C173932	NCIT:C54661
NCIT:C173932	NCIT:C7608
NCIT:C173932	NCIT:C8417
NCIT:C173979	NCIT:C156099
NCIT:C173979	NCIT:C156100
NCIT:C173979	NCIT:C173980
NCIT:C173979	NCIT:C200083
NCIT:C174023	NCIT:C3276
NCIT:C174023	NCIT:C5452
NCIT:C174024	NCIT:C156300
NCIT:C174024	NCIT:C174025
NCIT:C174024	NCIT:C174027
NCIT:C174024	NCIT:C206203
NCIT:C174026	NCIT:C67560
NCIT:C174029	NCIT:C156299
NCIT:C174031	NCIT:C34885
NCIT:C174031	NCIT:C3654
NCIT:C174034	NCIT:C172651
NCIT:C174043	NCIT:C174044
NCIT:C174045	NCIT:C174044
NCIT:C174046	NCIT:C216075
NCIT:C174122	NCIT:C162272
NCIT:C174129	NCIT:C193407
NCIT:C174129	NCIT:C6924
NCIT:C174129	NCIT:C82403
NCIT:C174198	NCIT:C174199
NCIT:C174201	NCIT:C217098
NCIT:C174403	NCIT:C174402
NCIT:C174403	NCIT:C174404
NCIT:C174403	NCIT:C4549
NCIT:C174407	NCIT:C174408
NCIT:C174407	NCIT:C174409
NCIT:C174414	NCIT:C181945
NCIT:C174418	NCIT:C174448
NCIT:C174486	NCIT:C174511
NCIT:C174486	NCIT:C174512
NCIT:C174502	NCIT:C174500
NCIT:C174502	NCIT:C174501
NCIT:C174502	NCIT:C174503
NCIT:C174502	NCIT:C4556
NCIT:C174507	NCIT:C6103
NCIT:C174507	NCIT:C8553
NCIT:C174507	NCIT:C8554
NCIT:C174508	NCIT:C185304
NCIT:C174509	NCIT:C185303
NCIT:C174510	NCIT:C213698
NCIT:C174511	NCIT:C217545
NCIT:C174539	NCIT:C215115
NCIT:C174539	NCIT:C215117
NCIT:C174546	NCIT:C174547
NCIT:C174546	NCIT:C174548
NCIT:C174565	NCIT:C154545
NCIT:C174565	NCIT:C158588
NCIT:C174565	NCIT:C174567
NCIT:C174571	NCIT:C174572
NCIT:C174574	NCIT:C175507
NCIT:C175219	NCIT:C213698
NCIT:C175221	NCIT:C170941
NCIT:C175221	NCIT:C175220
NCIT:C175221	NCIT:C215145
NCIT:C175223	NCIT:C174503
NCIT:C175223	NCIT:C175224
NCIT:C175224	NCIT:C215164
NCIT:C175224	NCIT:C4230
NCIT:C175225	NCIT:C215132
NCIT:C175225	NCIT:C215143
NCIT:C175237	NCIT:C187402
NCIT:C175257	NCIT:C175478
NCIT:C175257	NCIT:C216954
NCIT:C175257	NCIT:C26971
NCIT:C175257	NCIT:C34521
NCIT:C175259	NCIT:C3567
NCIT:C175259	NCIT:C3626
NCIT:C175304	NCIT:C159775
NCIT:C175307	NCIT:C175318
NCIT:C175307	NCIT:C3621
NCIT:C175308	NCIT:C175319
NCIT:C175308	NCIT:C175327
NCIT:C175308	NCIT:C175348
NCIT:C175308	NCIT:C175479
NCIT:C175308	NCIT:C3563
NCIT:C175316	NCIT:C175259
NCIT:C175316	NCIT:C175318
NCIT:C175316	NCIT:C175319
NCIT:C175318	NCIT:C215881
NCIT:C175318	NCIT:C3626
NCIT:C175319	NCIT:C175330
NCIT:C175319	NCIT:C175337
NCIT:C175319	NCIT:C175345
NCIT:C175319	NCIT:C175481
NCIT:C175319	NCIT:C3567
NCIT:C175327	NCIT:C175329
NCIT:C175327	NCIT:C175330
NCIT:C175337	NCIT:C175336
NCIT:C175337	NCIT:C175339
NCIT:C175337	NCIT:C175340
NCIT:C175337	NCIT:C175344
NCIT:C175337	NCIT:C6092
NCIT:C175348	NCIT:C175337
NCIT:C175348	NCIT:C6129
NCIT:C175360	NCIT:C175364
NCIT:C175383	NCIT:C173338
NCIT:C175432	NCIT:C175430
NCIT:C175432	NCIT:C175431
NCIT:C175432	NCIT:C175433
NCIT:C175437	NCIT:C213913
NCIT:C175451	NCIT:C175464
NCIT:C175451	NCIT:C175466
NCIT:C175451	NCIT:C175467
NCIT:C175479	NCIT:C175480
NCIT:C175479	NCIT:C175481
NCIT:C175479	NCIT:C175482
NCIT:C175479	NCIT:C175485
NCIT:C175480	NCIT:C175483
NCIT:C175480	NCIT:C175486
NCIT:C175480	NCIT:C175488
NCIT:C175481	NCIT:C175484
NCIT:C175481	NCIT:C175487
NCIT:C175482	NCIT:C175483
NCIT:C175482	NCIT:C175484
NCIT:C175485	NCIT:C175486
NCIT:C175485	NCIT:C175487
NCIT:C175491	NCIT:C150207
NCIT:C175493	NCIT:C157636
NCIT:C175497	NCIT:C219749
NCIT:C175502	NCIT:C175499
NCIT:C175502	NCIT:C175500
NCIT:C175502	NCIT:C175501
NCIT:C175502	NCIT:C4578
NCIT:C175503	NCIT:C172242
NCIT:C175503	NCIT:C175506
NCIT:C175503	NCIT:C209286
NCIT:C175506	NCIT:C209280
NCIT:C175516	NCIT:C165173
NCIT:C175516	NCIT:C189065
NCIT:C175547	NCIT:C156746
NCIT:C175547	NCIT:C158089
NCIT:C175547	NCIT:C176679
NCIT:C175547	NCIT:C213347
NCIT:C175549	NCIT:C187213
NCIT:C175549	NCIT:C213343
NCIT:C175550	NCIT:C175549
NCIT:C175550	NCIT:C177725
NCIT:C175550	NCIT:C180874
NCIT:C175550	NCIT:C187212
NCIT:C175550	NCIT:C213342
NCIT:C175581	NCIT:C40356
NCIT:C175581	NCIT:C6760
NCIT:C175588	NCIT:C153568
NCIT:C175588	NCIT:C153584
NCIT:C175588	NCIT:C153587
NCIT:C175588	NCIT:C153588
NCIT:C175588	NCIT:C168783
NCIT:C175588	NCIT:C171014
NCIT:C175588	NCIT:C182108
NCIT:C175588	NCIT:C185157
NCIT:C175588	NCIT:C192837
NCIT:C175588	NCIT:C203339
NCIT:C175588	NCIT:C203342
NCIT:C175588	NCIT:C203344
NCIT:C175588	NCIT:C203362
NCIT:C175588	NCIT:C213339
NCIT:C175588	NCIT:C8607
NCIT:C175596	NCIT:C222629
NCIT:C175599	NCIT:C222631
NCIT:C175610	NCIT:C175611
NCIT:C175610	NCIT:C5170
NCIT:C175662	NCIT:C175663
NCIT:C175935	NCIT:C175936
NCIT:C175949	NCIT:C83170
NCIT:C175949	NCIT:C83171
NCIT:C176009	NCIT:C176010
NCIT:C176042	NCIT:C171322
NCIT:C176042	NCIT:C222830
NCIT:C176042	NCIT:C7890
NCIT:C176043	NCIT:C4549
NCIT:C176043	NCIT:C6120
NCIT:C176464	NCIT:C115375
NCIT:C176464	NCIT:C115380
NCIT:C176464	NCIT:C167081
NCIT:C176464	NCIT:C179220
NCIT:C176513	NCIT:C172648
NCIT:C176513	NCIT:C176514
NCIT:C176517	NCIT:C201849
NCIT:C176558	NCIT:C189240
NCIT:C176558	NCIT:C222485
NCIT:C176558	NCIT:C5060
NCIT:C176558	NCIT:C7780
NCIT:C176558	NCIT:C7806
NCIT:C176558	NCIT:C8814
NCIT:C176558	NCIT:C8817
NCIT:C176558	NCIT:C9275
NCIT:C176624	NCIT:C166153
NCIT:C176624	NCIT:C176602
NCIT:C176624	NCIT:C176611
NCIT:C176624	NCIT:C176612
NCIT:C176624	NCIT:C176614
NCIT:C176678	NCIT:C176679
NCIT:C176678	NCIT:C8637
NCIT:C176679	NCIT:C207863
NCIT:C176682	NCIT:C198147
NCIT:C176682	NCIT:C198148
NCIT:C176682	NCIT:C198151
NCIT:C176682	NCIT:C198153
NCIT:C176682	NCIT:C217314
NCIT:C176682	NCIT:C223558
NCIT:C176682	NCIT:C223559
NCIT:C176696	NCIT:C122653
NCIT:C176696	NCIT:C122655
NCIT:C176696	NCIT:C126562
NCIT:C176696	NCIT:C126566
NCIT:C176696	NCIT:C129982
NCIT:C176696	NCIT:C142838
NCIT:C176696	NCIT:C148315
NCIT:C176696	NCIT:C148316
NCIT:C176696	NCIT:C154316
NCIT:C176696	NCIT:C168756
NCIT:C176696	NCIT:C176901
NCIT:C176696	NCIT:C179861
NCIT:C176696	NCIT:C82342
NCIT:C176696	NCIT:C84679
NCIT:C176696	NCIT:C84680
NCIT:C176696	NCIT:C84717
NCIT:C176696	NCIT:C84718
NCIT:C176696	NCIT:C84830
NCIT:C176696	NCIT:C84942
NCIT:C176711	NCIT:C222309
NCIT:C176711	NCIT:C9050
NCIT:C176715	NCIT:C192799
NCIT:C176804	NCIT:C176605
NCIT:C176804	NCIT:C203825
NCIT:C176823	NCIT:C171268
NCIT:C176858	NCIT:C179209
NCIT:C176859	NCIT:C164143
NCIT:C176859	NCIT:C167260
NCIT:C176859	NCIT:C212206
NCIT:C176862	NCIT:C148128
NCIT:C176862	NCIT:C153202
NCIT:C176862	NCIT:C176863
NCIT:C176862	NCIT:C6413
NCIT:C176863	NCIT:C153203
NCIT:C176863	NCIT:C159903
NCIT:C176863	NCIT:C165446
NCIT:C176863	NCIT:C8703
NCIT:C176863	NCIT:C8706
NCIT:C176889	NCIT:C155829
NCIT:C176889	NCIT:C203282
NCIT:C176889	NCIT:C203286
NCIT:C176889	NCIT:C206431
NCIT:C176980	NCIT:C170472
NCIT:C176994	NCIT:C180374
NCIT:C177149	NCIT:C167255
NCIT:C177149	NCIT:C177150
NCIT:C177153	NCIT:C156078
NCIT:C177243	NCIT:C177245
NCIT:C177244	NCIT:C141441
NCIT:C177278	NCIT:C188965
NCIT:C177324	NCIT:C207621
NCIT:C177531	NCIT:C37266
NCIT:C177548	NCIT:C206711
NCIT:C177680	NCIT:C213374
NCIT:C177721	NCIT:C177722
NCIT:C177724	NCIT:C150526
NCIT:C177724	NCIT:C150533
NCIT:C177724	NCIT:C150542
NCIT:C177725	NCIT:C198477
NCIT:C177725	NCIT:C5399
NCIT:C177769	NCIT:C155803
NCIT:C177770	NCIT:C222489
NCIT:C177771	NCIT:C115427
NCIT:C177774	NCIT:C39997
NCIT:C177774	NCIT:C40001
NCIT:C177774	NCIT:C40009
NCIT:C177777	NCIT:C178268
NCIT:C177793	NCIT:C158104
NCIT:C177793	NCIT:C177795
NCIT:C177793	NCIT:C177798
NCIT:C177794	NCIT:C148037
NCIT:C177794	NCIT:C176464
NCIT:C177794	NCIT:C177796
NCIT:C177794	NCIT:C217082
NCIT:C177795	NCIT:C211953
NCIT:C177796	NCIT:C115380
NCIT:C177796	NCIT:C179220
NCIT:C177797	NCIT:C177796
NCIT:C177797	NCIT:C177798
NCIT:C177797	NCIT:C3696
NCIT:C177797	NCIT:C3697
NCIT:C177797	NCIT:C3795
NCIT:C177797	NCIT:C4047
NCIT:C177797	NCIT:C92552
NCIT:C177799	NCIT:C177801
NCIT:C177799	NCIT:C187163
NCIT:C177799	NCIT:C213286
NCIT:C177802	NCIT:C187163
NCIT:C177802	NCIT:C191990
NCIT:C178129	NCIT:C176939
NCIT:C178129	NCIT:C176940
NCIT:C178217	NCIT:C188982
NCIT:C178217	NCIT:C202849
NCIT:C178220	NCIT:C178222
NCIT:C178268	NCIT:C178269
NCIT:C178271	NCIT:C155934
NCIT:C178271	NCIT:C158090
NCIT:C178271	NCIT:C204038
NCIT:C178285	NCIT:C177122
NCIT:C178285	NCIT:C177779
NCIT:C178348	NCIT:C187398
NCIT:C178426	NCIT:C188964
NCIT:C178426	NCIT:C207263
NCIT:C178437	NCIT:C27394
NCIT:C178437	NCIT:C40239
NCIT:C178437	NCIT:C40329
NCIT:C178443	NCIT:C178437
NCIT:C178443	NCIT:C178453
NCIT:C178443	NCIT:C178517
NCIT:C178453	NCIT:C159663
NCIT:C178453	NCIT:C159665
NCIT:C178459	NCIT:C178460
NCIT:C178459	NCIT:C178461
NCIT:C178459	NCIT:C178462
NCIT:C178459	NCIT:C189003
NCIT:C178459	NCIT:C213483
NCIT:C178465	NCIT:C178466
NCIT:C178465	NCIT:C178468
NCIT:C178465	NCIT:C189007
NCIT:C178465	NCIT:C213486
NCIT:C178473	NCIT:C178476
NCIT:C178473	NCIT:C178477
NCIT:C178473	NCIT:C178478
NCIT:C178473	NCIT:C178479
NCIT:C178480	NCIT:C178481
NCIT:C178480	NCIT:C178482
NCIT:C178483	NCIT:C178478
NCIT:C178483	NCIT:C178482
NCIT:C178484	NCIT:C178479
NCIT:C178484	NCIT:C178481
NCIT:C178506	NCIT:C178507
NCIT:C178521	NCIT:C178522
NCIT:C178541	NCIT:C131911
NCIT:C178541	NCIT:C178553
NCIT:C178541	NCIT:C178555
NCIT:C178541	NCIT:C2912
NCIT:C178541	NCIT:C3460
NCIT:C178541	NCIT:C36081
NCIT:C178541	NCIT:C45194
NCIT:C178541	NCIT:C45231
NCIT:C178541	NCIT:C7212
NCIT:C178541	NCIT:C7246
NCIT:C178541	NCIT:C7933
NCIT:C178541	NCIT:C8868
NCIT:C178547	NCIT:C150495
NCIT:C178547	NCIT:C178554
NCIT:C178547	NCIT:C178556
NCIT:C178547	NCIT:C3184
NCIT:C178547	NCIT:C45339
NCIT:C178547	NCIT:C45340
NCIT:C178547	NCIT:C4684
NCIT:C178547	NCIT:C6919
NCIT:C178547	NCIT:C7528
NCIT:C178547	NCIT:C8459
NCIT:C178553	NCIT:C138027
NCIT:C178553	NCIT:C160231
NCIT:C178553	NCIT:C5008
NCIT:C178553	NCIT:C69144
NCIT:C178553	NCIT:C8158
NCIT:C178553	NCIT:C8489
NCIT:C178553	NCIT:C8869
NCIT:C178554	NCIT:C150132
NCIT:C178554	NCIT:C153160
NCIT:C178554	NCIT:C154333
NCIT:C178554	NCIT:C176680
NCIT:C178554	NCIT:C186511
NCIT:C178554	NCIT:C191818
NCIT:C178554	NCIT:C191823
NCIT:C178554	NCIT:C5026
NCIT:C178554	NCIT:C8251
NCIT:C178554	NCIT:C8676
NCIT:C178554	NCIT:C8680
NCIT:C178555	NCIT:C138028
NCIT:C178555	NCIT:C160239
NCIT:C178555	NCIT:C172314
NCIT:C178555	NCIT:C8847
NCIT:C178555	NCIT:C8862
NCIT:C178555	NCIT:C8870
NCIT:C178556	NCIT:C153161
NCIT:C178556	NCIT:C157694
NCIT:C178556	NCIT:C176681
NCIT:C178556	NCIT:C191820
NCIT:C178556	NCIT:C191824
NCIT:C178556	NCIT:C7227
NCIT:C178556	NCIT:C8657
NCIT:C178556	NCIT:C8669
NCIT:C178556	NCIT:C8671
NCIT:C178556	NCIT:C8681
NCIT:C178556	NCIT:C9339
NCIT:C178558	NCIT:C178559
NCIT:C178558	NCIT:C213340
NCIT:C178558	NCIT:C213344
NCIT:C178563	NCIT:C6902
NCIT:C178671	NCIT:C213148
NCIT:C178673	NCIT:C222791
NCIT:C178676	NCIT:C204988
NCIT:C178677	NCIT:C204987
NCIT:C178680	NCIT:C213137
NCIT:C178681	NCIT:C213139
NCIT:C178683	NCIT:C213150
NCIT:C178685	NCIT:C222793
NCIT:C178686	NCIT:C204991
NCIT:C178697	NCIT:C178698
NCIT:C178697	NCIT:C178700
NCIT:C178698	NCIT:C204988
NCIT:C178698	NCIT:C222791
NCIT:C178700	NCIT:C204865
NCIT:C178700	NCIT:C204867
NCIT:C178700	NCIT:C204987
NCIT:C178700	NCIT:C213135
NCIT:C178700	NCIT:C213137
NCIT:C178700	NCIT:C213139
NCIT:C178700	NCIT:C213148
NCIT:C178700	NCIT:C213150
NCIT:C178702	NCIT:C204991
NCIT:C178702	NCIT:C222793
NCIT:C179052	NCIT:C200590
NCIT:C179052	NCIT:C27907
NCIT:C179052	NCIT:C35712
NCIT:C179052	NCIT:C7234
NCIT:C179053	NCIT:C130041
NCIT:C179053	NCIT:C190397
NCIT:C179053	NCIT:C190398
NCIT:C179053	NCIT:C190402
NCIT:C179053	NCIT:C206326
NCIT:C179053	NCIT:C27908
NCIT:C179053	NCIT:C7238
NCIT:C179174	NCIT:C153579
NCIT:C179177	NCIT:C179178
NCIT:C179181	NCIT:C153358
NCIT:C179181	NCIT:C178271
NCIT:C179220	NCIT:C115372
NCIT:C179221	NCIT:C115366
NCIT:C179222	NCIT:C222666
NCIT:C179227	NCIT:C115374
NCIT:C179229	NCIT:C179230
NCIT:C179229	NCIT:C180397
NCIT:C179251	NCIT:C159486
NCIT:C179251	NCIT:C7983
NCIT:C179259	NCIT:C159313
NCIT:C179259	NCIT:C7281
NCIT:C179263	NCIT:C191431
NCIT:C179263	NCIT:C191540
NCIT:C179263	NCIT:C191581
NCIT:C179263	NCIT:C191611
NCIT:C179297	NCIT:C129973
NCIT:C179320	NCIT:C179321
NCIT:C179320	NCIT:C179322
NCIT:C179359	NCIT:C179360
NCIT:C179359	NCIT:C179362
NCIT:C179359	NCIT:C5234
NCIT:C179415	NCIT:C187341
NCIT:C179415	NCIT:C190711
NCIT:C179415	NCIT:C190714
NCIT:C179415	NCIT:C200496
NCIT:C179418	NCIT:C190713
NCIT:C179419	NCIT:C222478
NCIT:C179420	NCIT:C148125
NCIT:C179420	NCIT:C154444
NCIT:C179420	NCIT:C155902
NCIT:C179420	NCIT:C165454
NCIT:C179420	NCIT:C180872
NCIT:C179459	NCIT:C213681
NCIT:C179460	NCIT:C189977
NCIT:C179460	NCIT:C189978
NCIT:C179460	NCIT:C208363
NCIT:C179462	NCIT:C8704
NCIT:C179463	NCIT:C213759
NCIT:C179463	NCIT:C6417
NCIT:C179465	NCIT:C179179
NCIT:C179553	NCIT:C179554
NCIT:C179553	NCIT:C203700
NCIT:C179553	NCIT:C213339
NCIT:C179553	NCIT:C224104
NCIT:C179554	NCIT:C179555
NCIT:C179554	NCIT:C204437
NCIT:C179570	NCIT:C176611
NCIT:C179654	NCIT:C27382
NCIT:C179657	NCIT:C179656
NCIT:C179667	NCIT:C176941
NCIT:C179667	NCIT:C176942
NCIT:C179667	NCIT:C178129
NCIT:C179667	NCIT:C179668
NCIT:C179667	NCIT:C3273
NCIT:C179667	NCIT:C34854
NCIT:C179667	NCIT:C84617
NCIT:C179667	NCIT:C84652
NCIT:C179667	NCIT:C84820
NCIT:C179717	NCIT:C156699
NCIT:C179717	NCIT:C157625
NCIT:C179717	NCIT:C185134
NCIT:C179717	NCIT:C186483
NCIT:C179717	NCIT:C186484
NCIT:C179882	NCIT:C205745
NCIT:C179915	NCIT:C179930
NCIT:C179915	NCIT:C3076
NCIT:C179915	NCIT:C3939
NCIT:C179923	NCIT:C179924
NCIT:C179927	NCIT:C179547
NCIT:C179928	NCIT:C179929
NCIT:C179931	NCIT:C126469
NCIT:C179931	NCIT:C179547
NCIT:C179931	NCIT:C179929
NCIT:C179931	NCIT:C179933
NCIT:C179931	NCIT:C179934
NCIT:C179933	NCIT:C126476
NCIT:C179933	NCIT:C179921
NCIT:C179933	NCIT:C179924
NCIT:C179934	NCIT:C102570
NCIT:C179934	NCIT:C179926
NCIT:C179934	NCIT:C40135
NCIT:C180332	NCIT:C180333
NCIT:C180333	NCIT:C180334
NCIT:C180335	NCIT:C180336
NCIT:C180335	NCIT:C188230
NCIT:C180336	NCIT:C180337
NCIT:C180378	NCIT:C180400
NCIT:C180406	NCIT:C162116
NCIT:C180407	NCIT:C180408
NCIT:C180510	NCIT:C199153
NCIT:C180510	NCIT:C40146
NCIT:C180510	NCIT:C40147
NCIT:C180523	NCIT:C35286
NCIT:C180553	NCIT:C62605
NCIT:C180553	NCIT:C84479
NCIT:C180604	NCIT:C180605
NCIT:C180604	NCIT:C192630
NCIT:C180606	NCIT:C180607
NCIT:C180606	NCIT:C180608
NCIT:C180606	NCIT:C180609
NCIT:C180606	NCIT:C191675
NCIT:C180609	NCIT:C27876
NCIT:C180633	NCIT:C140033
NCIT:C180633	NCIT:C3110
NCIT:C180633	NCIT:C40184
NCIT:C180633	NCIT:C4699
NCIT:C180839	NCIT:C181035
NCIT:C180848	NCIT:C180846
NCIT:C180848	NCIT:C40201
NCIT:C180848	NCIT:C40206
NCIT:C180848	NCIT:C40254
NCIT:C180848	NCIT:C6343
NCIT:C180848	NCIT:C6344
NCIT:C180876	NCIT:C170980
NCIT:C180877	NCIT:C170979
NCIT:C180877	NCIT:C178558
NCIT:C180877	NCIT:C180876
NCIT:C180877	NCIT:C198452
NCIT:C180877	NCIT:C213341
NCIT:C180877	NCIT:C213342
NCIT:C180879	NCIT:C128055
NCIT:C180880	NCIT:C180881
NCIT:C180891	NCIT:C208493
NCIT:C180895	NCIT:C180896
NCIT:C180895	NCIT:C190137
NCIT:C180915	NCIT:C128060
NCIT:C180915	NCIT:C180917
NCIT:C180915	NCIT:C180919
NCIT:C180915	NCIT:C181031
NCIT:C180915	NCIT:C185302
NCIT:C180915	NCIT:C185303
NCIT:C180915	NCIT:C40243
NCIT:C180915	NCIT:C40244
NCIT:C180915	NCIT:C40245
NCIT:C180915	NCIT:C6325
NCIT:C180915	NCIT:C7736
NCIT:C180917	NCIT:C40248
NCIT:C180924	NCIT:C180925
NCIT:C180924	NCIT:C181793
NCIT:C181028	NCIT:C181029
NCIT:C181031	NCIT:C181032
NCIT:C181032	NCIT:C180921
NCIT:C181034	NCIT:C181035
NCIT:C181078	NCIT:C181079
NCIT:C181157	NCIT:C181158
NCIT:C181160	NCIT:C5990
NCIT:C181160	NCIT:C6250
NCIT:C181161	NCIT:C5942
NCIT:C181161	NCIT:C5943
NCIT:C181162	NCIT:C213701
NCIT:C181162	NCIT:C213702
NCIT:C181162	NCIT:C215409
NCIT:C181162	NCIT:C215419
NCIT:C181162	NCIT:C215420
NCIT:C181162	NCIT:C215423
NCIT:C181162	NCIT:C215424
NCIT:C181162	NCIT:C215425
NCIT:C181162	NCIT:C3867
NCIT:C181162	NCIT:C3917
NCIT:C181162	NCIT:C4646
NCIT:C181162	NCIT:C4866
NCIT:C181162	NCIT:C4908
NCIT:C181162	NCIT:C7558
NCIT:C181162	NCIT:C9039
NCIT:C181196	NCIT:C177149
NCIT:C181196	NCIT:C192129
NCIT:C181196	NCIT:C192130
NCIT:C181196	NCIT:C224635
NCIT:C181196	NCIT:C4863
NCIT:C181196	NCIT:C7621
NCIT:C181196	NCIT:C9061
NCIT:C181197	NCIT:C162719
NCIT:C181197	NCIT:C192669
NCIT:C181197	NCIT:C210822
NCIT:C181197	NCIT:C213705
NCIT:C181197	NCIT:C224632
NCIT:C181197	NCIT:C224634
NCIT:C181197	NCIT:C7623
NCIT:C181197	NCIT:C9384
NCIT:C181562	NCIT:C181564
NCIT:C181562	NCIT:C181583
NCIT:C181562	NCIT:C181592
NCIT:C181562	NCIT:C181599
NCIT:C181564	NCIT:C181565
NCIT:C181564	NCIT:C181570
NCIT:C181565	NCIT:C181567
NCIT:C181565	NCIT:C181568
NCIT:C181570	NCIT:C181571
NCIT:C181570	NCIT:C181576
NCIT:C181570	NCIT:C181579
NCIT:C181583	NCIT:C181584
NCIT:C181583	NCIT:C181591
NCIT:C181584	NCIT:C181586
NCIT:C181584	NCIT:C181588
NCIT:C181592	NCIT:C181594
NCIT:C181592	NCIT:C181595
NCIT:C181592	NCIT:C181596
NCIT:C181596	NCIT:C181597
NCIT:C181596	NCIT:C181598
NCIT:C181599	NCIT:C181601
NCIT:C181599	NCIT:C181603
NCIT:C181714	NCIT:C4592
NCIT:C181757	NCIT:C128424
NCIT:C181757	NCIT:C171133
NCIT:C181757	NCIT:C178905
NCIT:C181757	NCIT:C85064
NCIT:C181767	NCIT:C191443
NCIT:C181767	NCIT:C219788
NCIT:C181767	NCIT:C35200
NCIT:C181769	NCIT:C3370
NCIT:C181769	NCIT:C3440
NCIT:C181769	NCIT:C3935
NCIT:C181787	NCIT:C185954
NCIT:C181787	NCIT:C7696
NCIT:C181787	NCIT:C9246
NCIT:C181793	NCIT:C186283
NCIT:C181796	NCIT:C183512
NCIT:C181796	NCIT:C183513
NCIT:C181796	NCIT:C8488
NCIT:C181905	NCIT:C128165
NCIT:C181905	NCIT:C181906
NCIT:C181905	NCIT:C181907
NCIT:C181941	NCIT:C179362
NCIT:C181941	NCIT:C181939
NCIT:C181941	NCIT:C181940
NCIT:C181941	NCIT:C40177
NCIT:C181944	NCIT:C128273
NCIT:C181944	NCIT:C36098
NCIT:C181971	NCIT:C181973
NCIT:C181971	NCIT:C40319
NCIT:C182019	NCIT:C131209
NCIT:C182019	NCIT:C157600
NCIT:C182019	NCIT:C163961
NCIT:C182019	NCIT:C190775
NCIT:C182025	NCIT:C182026
NCIT:C182025	NCIT:C210147
NCIT:C182030	NCIT:C138019
NCIT:C182030	NCIT:C157125
NCIT:C182030	NCIT:C173531
NCIT:C182030	NCIT:C173916
NCIT:C182030	NCIT:C182029
NCIT:C182030	NCIT:C71700
NCIT:C182030	NCIT:C7837
NCIT:C182030	NCIT:C8823
NCIT:C182035	NCIT:C8163
NCIT:C182104	NCIT:C162274
NCIT:C182104	NCIT:C182105
NCIT:C182104	NCIT:C203618
NCIT:C182111	NCIT:C203413
NCIT:C182111	NCIT:C217095
NCIT:C182127	NCIT:C214941
NCIT:C182151	NCIT:C182436
NCIT:C182151	NCIT:C185368
NCIT:C182151	NCIT:C203263
NCIT:C182151	NCIT:C203267
NCIT:C182151	NCIT:C210639
NCIT:C182151	NCIT:C210640
NCIT:C182151	NCIT:C94764
NCIT:C183109	NCIT:C123160
NCIT:C183109	NCIT:C5649
NCIT:C183109	NCIT:C5650
NCIT:C183109	NCIT:C5651
NCIT:C183127	NCIT:C183128
NCIT:C183127	NCIT:C9050
NCIT:C183128	NCIT:C191859
NCIT:C183128	NCIT:C191860
NCIT:C183146	NCIT:C183141
NCIT:C183184	NCIT:C157652
NCIT:C183304	NCIT:C183305
NCIT:C183512	NCIT:C68684
NCIT:C183512	NCIT:C8155
NCIT:C183512	NCIT:C8156
NCIT:C183512	NCIT:C8604
NCIT:C183513	NCIT:C157695
NCIT:C183513	NCIT:C181044
NCIT:C183513	NCIT:C8686
NCIT:C183514	NCIT:C143085
NCIT:C183514	NCIT:C172309
NCIT:C183514	NCIT:C172312
NCIT:C183514	NCIT:C8652
NCIT:C183515	NCIT:C157696
NCIT:C183515	NCIT:C181045
NCIT:C183515	NCIT:C8687
NCIT:C184295	NCIT:C201764
NCIT:C184295	NCIT:C3686
NCIT:C184295	NCIT:C40409
NCIT:C184295	NCIT:C97135
NCIT:C185037	NCIT:C185039
NCIT:C185069	NCIT:C185070
NCIT:C185069	NCIT:C225027
NCIT:C185071	NCIT:C175503
NCIT:C185071	NCIT:C185072
NCIT:C185071	NCIT:C187244
NCIT:C185071	NCIT:C213337
NCIT:C185072	NCIT:C209286
NCIT:C185072	NCIT:C213338
NCIT:C185134	NCIT:C185135
NCIT:C185149	NCIT:C185037
NCIT:C185149	NCIT:C185151
NCIT:C185149	NCIT:C185152
NCIT:C185149	NCIT:C185153
NCIT:C185149	NCIT:C185155
NCIT:C185149	NCIT:C185321
NCIT:C185149	NCIT:C188074
NCIT:C185157	NCIT:C199427
NCIT:C185157	NCIT:C200574
NCIT:C185167	NCIT:C129271
NCIT:C185167	NCIT:C129290
NCIT:C185167	NCIT:C167335
NCIT:C185167	NCIT:C188127
NCIT:C185167	NCIT:C203269
NCIT:C185184	NCIT:C129274
NCIT:C185184	NCIT:C129291
NCIT:C185184	NCIT:C185179
NCIT:C185185	NCIT:C129277
NCIT:C185185	NCIT:C129292
NCIT:C185195	NCIT:C188921
NCIT:C185196	NCIT:C188920
NCIT:C185218	NCIT:C185219
NCIT:C185218	NCIT:C185220
NCIT:C185218	NCIT:C185221
NCIT:C185235	NCIT:C129977
NCIT:C185235	NCIT:C172095
NCIT:C185235	NCIT:C183531
NCIT:C185235	NCIT:C185236
NCIT:C185293	NCIT:C168746
NCIT:C185294	NCIT:C168747
NCIT:C185305	NCIT:C142808
NCIT:C185305	NCIT:C162750
NCIT:C185368	NCIT:C129309
NCIT:C185368	NCIT:C185369
NCIT:C185368	NCIT:C185370
NCIT:C185368	NCIT:C188922
NCIT:C185368	NCIT:C188923
NCIT:C185368	NCIT:C214798
NCIT:C185371	NCIT:C188926
NCIT:C185371	NCIT:C188927
NCIT:C185371	NCIT:C203272
NCIT:C185371	NCIT:C203273
NCIT:C185462	NCIT:C78298
NCIT:C185462	NCIT:C9489
NCIT:C185467	NCIT:C185468
NCIT:C185467	NCIT:C185469
NCIT:C185467	NCIT:C185470
NCIT:C185467	NCIT:C215204
NCIT:C185467	NCIT:C215208
NCIT:C185468	NCIT:C215207
NCIT:C185468	NCIT:C215211
NCIT:C185469	NCIT:C215206
NCIT:C185469	NCIT:C215210
NCIT:C185470	NCIT:C215205
NCIT:C185470	NCIT:C215209
NCIT:C185471	NCIT:C185472
NCIT:C185471	NCIT:C185473
NCIT:C185471	NCIT:C185474
NCIT:C185471	NCIT:C185475
NCIT:C185752	NCIT:C185753
NCIT:C185753	NCIT:C3898
NCIT:C185753	NCIT:C4684
NCIT:C185880	NCIT:C185881
NCIT:C185880	NCIT:C187399
NCIT:C185880	NCIT:C190852
NCIT:C185880	NCIT:C190856
NCIT:C185880	NCIT:C200572
NCIT:C185880	NCIT:C223363
NCIT:C185881	NCIT:C192211
NCIT:C185881	NCIT:C200573
NCIT:C185902	NCIT:C98912
NCIT:C186272	NCIT:C187393
NCIT:C186272	NCIT:C213681
NCIT:C186273	NCIT:C213677
NCIT:C186273	NCIT:C215218
NCIT:C186284	NCIT:C186283
NCIT:C186343	NCIT:C186348
NCIT:C186343	NCIT:C186349
NCIT:C186349	NCIT:C9043
NCIT:C186350	NCIT:C129351
NCIT:C186350	NCIT:C188935
NCIT:C186350	NCIT:C188938
NCIT:C186351	NCIT:C186355
NCIT:C186443	NCIT:C186448
NCIT:C186443	NCIT:C186449
NCIT:C186443	NCIT:C188943
NCIT:C186443	NCIT:C188945
NCIT:C186450	NCIT:C223196
NCIT:C186450	NCIT:C223197
NCIT:C186453	NCIT:C203312
NCIT:C186454	NCIT:C190633
NCIT:C186454	NCIT:C208363
NCIT:C186454	NCIT:C214960
NCIT:C186455	NCIT:C186456
NCIT:C186483	NCIT:C175216
NCIT:C186484	NCIT:C175217
NCIT:C186521	NCIT:C198479
NCIT:C186522	NCIT:C198480
NCIT:C186523	NCIT:C198481
NCIT:C186524	NCIT:C198482
NCIT:C186525	NCIT:C198483
NCIT:C186534	NCIT:C129499
NCIT:C186534	NCIT:C186535
NCIT:C186534	NCIT:C186537
NCIT:C186534	NCIT:C186538
NCIT:C186534	NCIT:C186539
NCIT:C186534	NCIT:C186540
NCIT:C186534	NCIT:C186541
NCIT:C186534	NCIT:C202010
NCIT:C186534	NCIT:C214935
NCIT:C186534	NCIT:C4915
NCIT:C186547	NCIT:C114775
NCIT:C186619	NCIT:C186620
NCIT:C186619	NCIT:C186627
NCIT:C186619	NCIT:C186632
NCIT:C186619	NCIT:C186635
NCIT:C186620	NCIT:C186621
NCIT:C186620	NCIT:C186624
NCIT:C186621	NCIT:C186622
NCIT:C186621	NCIT:C186623
NCIT:C186624	NCIT:C186625
NCIT:C186624	NCIT:C186626
NCIT:C186627	NCIT:C186628
NCIT:C186627	NCIT:C186631
NCIT:C186628	NCIT:C186629
NCIT:C186628	NCIT:C186630
NCIT:C186632	NCIT:C186633
NCIT:C186632	NCIT:C186634
NCIT:C186635	NCIT:C186636
NCIT:C186635	NCIT:C186637
NCIT:C186649	NCIT:C186650
NCIT:C186649	NCIT:C4662
NCIT:C186649	NCIT:C5317
NCIT:C186658	NCIT:C8284
NCIT:C186735	NCIT:C186732
NCIT:C187056	NCIT:C209281
NCIT:C187056	NCIT:C212202
NCIT:C187056	NCIT:C212203
NCIT:C187056	NCIT:C3168
NCIT:C187056	NCIT:C7952
NCIT:C187056	NCIT:C9160
NCIT:C187086	NCIT:C127194
NCIT:C187086	NCIT:C187098
NCIT:C187086	NCIT:C187099
NCIT:C187086	NCIT:C3342
NCIT:C187086	NCIT:C45929
NCIT:C187086	NCIT:C7461
NCIT:C187086	NCIT:C7915
NCIT:C187087	NCIT:C7462
NCIT:C187088	NCIT:C45915
NCIT:C187096	NCIT:C45916
NCIT:C187096	NCIT:C45924
NCIT:C187160	NCIT:C187400
NCIT:C187160	NCIT:C192212
NCIT:C187161	NCIT:C187398
NCIT:C187194	NCIT:C187193
NCIT:C187196	NCIT:C115369
NCIT:C187196	NCIT:C8059
NCIT:C187197	NCIT:C115458
NCIT:C187197	NCIT:C210133
NCIT:C187207	NCIT:C114774
NCIT:C187207	NCIT:C114775
NCIT:C187207	NCIT:C114812
NCIT:C187207	NCIT:C114969
NCIT:C187207	NCIT:C124292
NCIT:C187207	NCIT:C147901
NCIT:C187207	NCIT:C185471
NCIT:C187207	NCIT:C187211
NCIT:C187207	NCIT:C187212
NCIT:C187207	NCIT:C188924
NCIT:C187207	NCIT:C188926
NCIT:C187207	NCIT:C188935
NCIT:C187207	NCIT:C198501
NCIT:C187207	NCIT:C215204
NCIT:C187207	NCIT:C3997
NCIT:C187207	NCIT:C6207
NCIT:C187207	NCIT:C6252
NCIT:C187207	NCIT:C6772
NCIT:C187207	NCIT:C6773
NCIT:C187212	NCIT:C187213
NCIT:C187212	NCIT:C198477
NCIT:C187214	NCIT:C187215
NCIT:C187214	NCIT:C209363
NCIT:C187214	NCIT:C221719
NCIT:C187214	NCIT:C71714
NCIT:C187215	NCIT:C209372
NCIT:C187234	NCIT:C187235
NCIT:C187234	NCIT:C187242
NCIT:C187243	NCIT:C187242
NCIT:C187243	NCIT:C214960
NCIT:C187244	NCIT:C175506
NCIT:C187244	NCIT:C213912
NCIT:C187273	NCIT:C126598
NCIT:C187273	NCIT:C187284
NCIT:C187273	NCIT:C6846
NCIT:C187284	NCIT:C155978
NCIT:C187284	NCIT:C27729
NCIT:C187345	NCIT:C222479
NCIT:C187398	NCIT:C206437
NCIT:C187399	NCIT:C187400
NCIT:C187399	NCIT:C192213
NCIT:C187399	NCIT:C210985
NCIT:C187400	NCIT:C210968
NCIT:C187413	NCIT:C213713
NCIT:C187645	NCIT:C187648
NCIT:C187645	NCIT:C6040
NCIT:C188013	NCIT:C188015
NCIT:C188013	NCIT:C4291
NCIT:C188013	NCIT:C7468
NCIT:C188015	NCIT:C4292
NCIT:C188021	NCIT:C148065
NCIT:C188021	NCIT:C204124
NCIT:C188021	NCIT:C204126
NCIT:C188021	NCIT:C223944
NCIT:C188021	NCIT:C27911
NCIT:C188021	NCIT:C3242
NCIT:C188021	NCIT:C3457
NCIT:C188021	NCIT:C4753
NCIT:C188021	NCIT:C7237
NCIT:C188021	NCIT:C7258
NCIT:C188021	NCIT:C7400
NCIT:C188021	NCIT:C7402
NCIT:C188021	NCIT:C80308
NCIT:C188021	NCIT:C8936
NCIT:C188021	NCIT:C9349
NCIT:C18803	NCIT:C19078
NCIT:C188035	NCIT:C222571
NCIT:C188049	NCIT:C3627
NCIT:C188049	NCIT:C5111
NCIT:C188049	NCIT:C5591
NCIT:C188049	NCIT:C6757
NCIT:C188049	NCIT:C7013
NCIT:C188051	NCIT:C6795
NCIT:C188071	NCIT:C213587
NCIT:C188081	NCIT:C213806
NCIT:C188114	NCIT:C3467
NCIT:C188114	NCIT:C6858
NCIT:C188127	NCIT:C182018
NCIT:C188127	NCIT:C191197
NCIT:C188179	NCIT:C157475
NCIT:C188179	NCIT:C157477
NCIT:C188180	NCIT:C157474
NCIT:C188180	NCIT:C157476
NCIT:C188205	NCIT:C188208
NCIT:C188207	NCIT:C188208
NCIT:C188217	NCIT:C203795
NCIT:C188217	NCIT:C6879
NCIT:C188218	NCIT:C147065
NCIT:C188218	NCIT:C159223
NCIT:C188218	NCIT:C159582
NCIT:C188218	NCIT:C165453
NCIT:C188218	NCIT:C173387
NCIT:C188218	NCIT:C175610
NCIT:C188218	NCIT:C188221
NCIT:C188218	NCIT:C188229
NCIT:C188218	NCIT:C190077
NCIT:C188218	NCIT:C203250
NCIT:C188218	NCIT:C203251
NCIT:C188218	NCIT:C213953
NCIT:C188218	NCIT:C3329
NCIT:C188218	NCIT:C4038
NCIT:C188218	NCIT:C5024
NCIT:C188218	NCIT:C5229
NCIT:C188218	NCIT:C5324
NCIT:C188218	NCIT:C6360
NCIT:C188218	NCIT:C6430
NCIT:C188218	NCIT:C72074
NCIT:C188218	NCIT:C95404
NCIT:C188221	NCIT:C128043
NCIT:C188221	NCIT:C128044
NCIT:C188222	NCIT:C160980
NCIT:C188222	NCIT:C173387
NCIT:C188222	NCIT:C202990
NCIT:C188222	NCIT:C210141
NCIT:C188222	NCIT:C5327
NCIT:C188222	NCIT:C6023
NCIT:C188224	NCIT:C188223
NCIT:C188224	NCIT:C203007
NCIT:C188224	NCIT:C210143
NCIT:C188228	NCIT:C155938
NCIT:C188228	NCIT:C222275
NCIT:C188228	NCIT:C7864
NCIT:C188229	NCIT:C5325
NCIT:C188271	NCIT:C123101
NCIT:C188271	NCIT:C123276
NCIT:C188271	NCIT:C128830
NCIT:C188271	NCIT:C27851
NCIT:C188271	NCIT:C80127
NCIT:C188277	NCIT:C128369
NCIT:C188277	NCIT:C185243
NCIT:C188304	NCIT:C188305
NCIT:C188304	NCIT:C189830
NCIT:C188315	NCIT:C188317
NCIT:C188315	NCIT:C3173
NCIT:C188316	NCIT:C188318
NCIT:C188316	NCIT:C9110
NCIT:C188366	NCIT:C190856
NCIT:C188366	NCIT:C192212
NCIT:C188366	NCIT:C199427
NCIT:C188366	NCIT:C222037
NCIT:C188366	NCIT:C223147
NCIT:C188366	NCIT:C223364
NCIT:C188391	NCIT:C224138
NCIT:C188453	NCIT:C7209
NCIT:C188453	NCIT:C9140
NCIT:C188469	NCIT:C206429
NCIT:C188753	NCIT:C188754
NCIT:C188753	NCIT:C188755
NCIT:C188756	NCIT:C188761
NCIT:C188756	NCIT:C188762
NCIT:C188756	NCIT:C188763
NCIT:C188756	NCIT:C188765
NCIT:C188756	NCIT:C188766
NCIT:C188881	NCIT:C171170
NCIT:C188881	NCIT:C219664
NCIT:C188884	NCIT:C171171
NCIT:C188884	NCIT:C219665
NCIT:C188887	NCIT:C208274
NCIT:C188912	NCIT:C224816
NCIT:C188912	NCIT:C224817
NCIT:C188923	NCIT:C222663
NCIT:C188927	NCIT:C222664
NCIT:C188950	NCIT:C188951
NCIT:C188950	NCIT:C188998
NCIT:C188950	NCIT:C190622
NCIT:C188950	NCIT:C190623
NCIT:C188950	NCIT:C5132
NCIT:C188951	NCIT:C188946
NCIT:C188951	NCIT:C188995
NCIT:C188951	NCIT:C190074
NCIT:C188951	NCIT:C209834
NCIT:C188951	NCIT:C5429
NCIT:C188951	NCIT:C8094
NCIT:C188963	NCIT:C114926
NCIT:C188963	NCIT:C123906
NCIT:C188963	NCIT:C142823
NCIT:C188963	NCIT:C188964
NCIT:C188963	NCIT:C188972
NCIT:C188963	NCIT:C188975
NCIT:C188963	NCIT:C188976
NCIT:C188963	NCIT:C188977
NCIT:C188963	NCIT:C188978
NCIT:C188963	NCIT:C188979
NCIT:C188963	NCIT:C188981
NCIT:C188963	NCIT:C188982
NCIT:C188963	NCIT:C188999
NCIT:C188963	NCIT:C189000
NCIT:C188963	NCIT:C189001
NCIT:C188963	NCIT:C189015
NCIT:C188963	NCIT:C190576
NCIT:C188963	NCIT:C6586
NCIT:C188963	NCIT:C8264
NCIT:C188963	NCIT:C99180
NCIT:C188974	NCIT:C189031
NCIT:C188981	NCIT:C189002
NCIT:C188981	NCIT:C189003
NCIT:C188981	NCIT:C189006
NCIT:C188981	NCIT:C189007
NCIT:C188981	NCIT:C189017
NCIT:C188981	NCIT:C189027
NCIT:C188981	NCIT:C6585
NCIT:C188981	NCIT:C7715
NCIT:C188981	NCIT:C8088
NCIT:C188981	NCIT:C8091
NCIT:C188981	NCIT:C8094
NCIT:C188981	NCIT:C9174
NCIT:C188983	NCIT:C190104
NCIT:C189000	NCIT:C6565
NCIT:C189002	NCIT:C189261
NCIT:C189002	NCIT:C222394
NCIT:C189002	NCIT:C222395
NCIT:C189005	NCIT:C116345
NCIT:C189005	NCIT:C3155
NCIT:C189005	NCIT:C3500
NCIT:C189005	NCIT:C60989
NCIT:C189005	NCIT:C75467
NCIT:C189005	NCIT:C84636
NCIT:C189005	NCIT:C84910
NCIT:C189015	NCIT:C189030
NCIT:C189015	NCIT:C190577
NCIT:C189015	NCIT:C190578
NCIT:C189017	NCIT:C114750
NCIT:C189017	NCIT:C189022
NCIT:C189017	NCIT:C189026
NCIT:C189017	NCIT:C198170
NCIT:C189022	NCIT:C123398
NCIT:C189022	NCIT:C6589
NCIT:C189022	NCIT:C6590
NCIT:C189027	NCIT:C189026
NCIT:C189027	NCIT:C27374
NCIT:C189045	NCIT:C147007
NCIT:C189045	NCIT:C147103
NCIT:C189045	NCIT:C189046
NCIT:C189045	NCIT:C202980
NCIT:C189045	NCIT:C40131
NCIT:C189045	NCIT:C45637
NCIT:C189045	NCIT:C5259
NCIT:C189045	NCIT:C5441
NCIT:C189045	NCIT:C6438
NCIT:C189045	NCIT:C8884
NCIT:C189045	NCIT:C95558
NCIT:C189045	NCIT:C96850
NCIT:C189045	NCIT:C99055
NCIT:C189046	NCIT:C6204
NCIT:C189240	NCIT:C115292
NCIT:C189240	NCIT:C217176
NCIT:C189240	NCIT:C217178
NCIT:C189240	NCIT:C217180
NCIT:C189240	NCIT:C8797
NCIT:C189240	NCIT:C8800
NCIT:C189240	NCIT:C8802
NCIT:C189240	NCIT:C8809
NCIT:C189240	NCIT:C8826
NCIT:C189241	NCIT:C154494
NCIT:C189241	NCIT:C156464
NCIT:C189241	NCIT:C164156
NCIT:C189241	NCIT:C189247
NCIT:C189241	NCIT:C189249
NCIT:C189241	NCIT:C191375
NCIT:C189244	NCIT:C189248
NCIT:C189244	NCIT:C6568
NCIT:C189247	NCIT:C189248
NCIT:C189249	NCIT:C189250
NCIT:C189254	NCIT:C189255
NCIT:C189258	NCIT:C114801
NCIT:C189258	NCIT:C189269
NCIT:C189258	NCIT:C189286
NCIT:C189258	NCIT:C190602
NCIT:C189258	NCIT:C4207
NCIT:C189258	NCIT:C5053
NCIT:C189258	NCIT:C6563
NCIT:C189269	NCIT:C118816
NCIT:C189269	NCIT:C118821
NCIT:C189269	NCIT:C123907
NCIT:C189269	NCIT:C161608
NCIT:C189269	NCIT:C190659
NCIT:C189269	NCIT:C35556
NCIT:C189269	NCIT:C36098
NCIT:C189269	NCIT:C68628
NCIT:C189286	NCIT:C189292
NCIT:C189286	NCIT:C189333
NCIT:C189286	NCIT:C190658
NCIT:C189286	NCIT:C190659
NCIT:C189286	NCIT:C7289
NCIT:C189286	NCIT:C8588
NCIT:C189319	NCIT:C189328
NCIT:C189319	NCIT:C189329
NCIT:C189319	NCIT:C189331
NCIT:C189336	NCIT:C189337
NCIT:C189336	NCIT:C40215
NCIT:C189336	NCIT:C40255
NCIT:C189338	NCIT:C189340
NCIT:C189338	NCIT:C190574
NCIT:C189338	NCIT:C190575
NCIT:C189339	NCIT:C4276
NCIT:C189850	NCIT:C215172
NCIT:C189850	NCIT:C53494
NCIT:C189850	NCIT:C60785
NCIT:C189850	NCIT:C78174
NCIT:C189850	NCIT:C98975
NCIT:C189869	NCIT:C189870
NCIT:C189869	NCIT:C190076
NCIT:C189869	NCIT:C190580
NCIT:C189869	NCIT:C27368
NCIT:C189870	NCIT:C118812
NCIT:C189870	NCIT:C118813
NCIT:C189870	NCIT:C190023
NCIT:C189870	NCIT:C190024
NCIT:C189870	NCIT:C190027
NCIT:C189870	NCIT:C190028
NCIT:C189870	NCIT:C213152
NCIT:C189870	NCIT:C7708
NCIT:C189923	NCIT:C189924
NCIT:C189923	NCIT:C7093
NCIT:C189923	NCIT:C7094
NCIT:C189923	NCIT:C7095
NCIT:C189923	NCIT:C7096
NCIT:C189927	NCIT:C7139
NCIT:C189927	NCIT:C7140
NCIT:C189927	NCIT:C7141
NCIT:C189927	NCIT:C7142
NCIT:C189929	NCIT:C7143
NCIT:C189929	NCIT:C7144
NCIT:C189929	NCIT:C7145
NCIT:C189929	NCIT:C7146
NCIT:C189932	NCIT:C208269
NCIT:C189932	NCIT:C208274
NCIT:C189977	NCIT:C208367
NCIT:C190009	NCIT:C188207
NCIT:C190016	NCIT:C188209
NCIT:C190024	NCIT:C190026
NCIT:C190056	NCIT:C190070
NCIT:C190056	NCIT:C190075
NCIT:C190056	NCIT:C190600
NCIT:C190070	NCIT:C215716
NCIT:C190071	NCIT:C118822
NCIT:C190074	NCIT:C190071
NCIT:C190074	NCIT:C190072
NCIT:C190074	NCIT:C190073
NCIT:C190075	NCIT:C118815
NCIT:C190075	NCIT:C123905
NCIT:C190075	NCIT:C190074
NCIT:C190075	NCIT:C190077
NCIT:C190076	NCIT:C190029
NCIT:C190076	NCIT:C222275
NCIT:C190076	NCIT:C222276
NCIT:C190077	NCIT:C118810
NCIT:C190077	NCIT:C190076
NCIT:C190077	NCIT:C190078
NCIT:C190090	NCIT:C190095
NCIT:C190090	NCIT:C190098
NCIT:C190090	NCIT:C190620
NCIT:C190090	NCIT:C5429
NCIT:C190095	NCIT:C142823
NCIT:C190095	NCIT:C190100
NCIT:C190095	NCIT:C190621
NCIT:C190098	NCIT:C188455
NCIT:C190098	NCIT:C190100
NCIT:C190098	NCIT:C213155
NCIT:C190098	NCIT:C219662
NCIT:C190098	NCIT:C5669
NCIT:C190100	NCIT:C209738
NCIT:C190119	NCIT:C190121
NCIT:C190119	NCIT:C190152
NCIT:C190119	NCIT:C190613
NCIT:C190121	NCIT:C118811
NCIT:C190121	NCIT:C118817
NCIT:C190121	NCIT:C118818
NCIT:C190121	NCIT:C118819
NCIT:C190121	NCIT:C118824
NCIT:C190121	NCIT:C118827
NCIT:C190121	NCIT:C190272
NCIT:C190121	NCIT:C190276
NCIT:C190121	NCIT:C190278
NCIT:C190123	NCIT:C188975
NCIT:C190123	NCIT:C190125
NCIT:C190123	NCIT:C190618
NCIT:C190125	NCIT:C190280
NCIT:C190125	NCIT:C7211
NCIT:C190137	NCIT:C148515
NCIT:C190152	NCIT:C190154
NCIT:C190152	NCIT:C190155
NCIT:C190152	NCIT:C190156
NCIT:C190152	NCIT:C190157
NCIT:C190194	NCIT:C165737
NCIT:C190194	NCIT:C165740
NCIT:C190194	NCIT:C176682
NCIT:C190194	NCIT:C190195
NCIT:C190194	NCIT:C190196
NCIT:C190194	NCIT:C190197
NCIT:C190194	NCIT:C190198
NCIT:C190194	NCIT:C190199
NCIT:C190194	NCIT:C190200
NCIT:C190194	NCIT:C190201
NCIT:C190194	NCIT:C211951
NCIT:C190194	NCIT:C211952
NCIT:C190194	NCIT:C212215
NCIT:C190194	NCIT:C212216
NCIT:C190194	NCIT:C212217
NCIT:C190194	NCIT:C212218
NCIT:C190194	NCIT:C217315
NCIT:C190194	NCIT:C217316
NCIT:C190194	NCIT:C223144
NCIT:C190195	NCIT:C217312
NCIT:C190196	NCIT:C212214
NCIT:C190196	NCIT:C213049
NCIT:C190196	NCIT:C219062
NCIT:C190196	NCIT:C220572
NCIT:C190196	NCIT:C220573
NCIT:C190199	NCIT:C209992
NCIT:C190201	NCIT:C217199
NCIT:C19021	NCIT:C94604
NCIT:C190239	NCIT:C190240
NCIT:C190239	NCIT:C215228
NCIT:C190239	NCIT:C215234
NCIT:C190272	NCIT:C190273
NCIT:C190275	NCIT:C118808
NCIT:C190275	NCIT:C118809
NCIT:C190275	NCIT:C118811
NCIT:C190275	NCIT:C118812
NCIT:C190275	NCIT:C118813
NCIT:C190275	NCIT:C118816
NCIT:C190275	NCIT:C118817
NCIT:C190275	NCIT:C118818
NCIT:C190275	NCIT:C118824
NCIT:C190275	NCIT:C118827
NCIT:C190275	NCIT:C123844
NCIT:C190275	NCIT:C123933
NCIT:C190275	NCIT:C124292
NCIT:C190275	NCIT:C189244
NCIT:C190275	NCIT:C189334
NCIT:C190275	NCIT:C190024
NCIT:C190275	NCIT:C190272
NCIT:C190275	NCIT:C190276
NCIT:C190275	NCIT:C190277
NCIT:C190275	NCIT:C209738
NCIT:C190275	NCIT:C215716
NCIT:C190275	NCIT:C7955
NCIT:C190277	NCIT:C190278
NCIT:C190282	NCIT:C190281
NCIT:C190284	NCIT:C190282
NCIT:C190284	NCIT:C190285
NCIT:C190284	NCIT:C190286
NCIT:C190284	NCIT:C190287
NCIT:C190284	NCIT:C3944
NCIT:C190397	NCIT:C190401
NCIT:C190398	NCIT:C190400
NCIT:C190400	NCIT:C173409
NCIT:C190400	NCIT:C8663
NCIT:C190400	NCIT:C8695
NCIT:C190401	NCIT:C173411
NCIT:C190401	NCIT:C8664
NCIT:C190401	NCIT:C8696
NCIT:C190402	NCIT:C126348
NCIT:C190402	NCIT:C139288
NCIT:C190402	NCIT:C150489
NCIT:C190402	NCIT:C80373
NCIT:C190413	NCIT:C162270
NCIT:C190413	NCIT:C174122
NCIT:C190413	NCIT:C190415
NCIT:C190415	NCIT:C162271
NCIT:C190573	NCIT:C190574
NCIT:C190573	NCIT:C190576
NCIT:C190573	NCIT:C190580
NCIT:C190573	NCIT:C190600
NCIT:C190573	NCIT:C190602
NCIT:C190573	NCIT:C190613
NCIT:C190573	NCIT:C190618
NCIT:C190573	NCIT:C190620
NCIT:C190573	NCIT:C190622
NCIT:C190573	NCIT:C6553
NCIT:C190574	NCIT:C189339
NCIT:C190574	NCIT:C9503
NCIT:C190575	NCIT:C118809
NCIT:C190576	NCIT:C180887
NCIT:C190576	NCIT:C188965
NCIT:C190576	NCIT:C188974
NCIT:C190576	NCIT:C188983
NCIT:C190576	NCIT:C189288
NCIT:C190576	NCIT:C190019
NCIT:C190576	NCIT:C190160
NCIT:C190576	NCIT:C190577
NCIT:C190576	NCIT:C27483
NCIT:C190576	NCIT:C3456
NCIT:C190576	NCIT:C3942
NCIT:C190576	NCIT:C4818
NCIT:C190576	NCIT:C5751
NCIT:C190576	NCIT:C6645
NCIT:C190577	NCIT:C189019
NCIT:C190577	NCIT:C189020
NCIT:C190577	NCIT:C189021
NCIT:C190577	NCIT:C189023
NCIT:C190577	NCIT:C189024
NCIT:C190577	NCIT:C189025
NCIT:C190577	NCIT:C189028
NCIT:C190577	NCIT:C189029
NCIT:C190577	NCIT:C189031
NCIT:C190577	NCIT:C189033
NCIT:C190577	NCIT:C190158
NCIT:C190578	NCIT:C189017
NCIT:C190580	NCIT:C190581
NCIT:C190581	NCIT:C190019
NCIT:C190581	NCIT:C5751
NCIT:C190581	NCIT:C96840
NCIT:C190592	NCIT:C190581
NCIT:C190592	NCIT:C5749
NCIT:C190592	NCIT:C96756
NCIT:C190593	NCIT:C34803
NCIT:C190593	NCIT:C35648
NCIT:C190593	NCIT:C4758
NCIT:C190593	NCIT:C7115
NCIT:C190593	NCIT:C7692
NCIT:C190593	NCIT:C7708
NCIT:C190600	NCIT:C190060
NCIT:C190600	NCIT:C190066
NCIT:C190600	NCIT:C190068
NCIT:C190602	NCIT:C123837
NCIT:C190602	NCIT:C189337
NCIT:C190602	NCIT:C190608
NCIT:C190602	NCIT:C190658
NCIT:C190602	NCIT:C40330
NCIT:C190608	NCIT:C157745
NCIT:C190608	NCIT:C66774
NCIT:C190613	NCIT:C190060
NCIT:C190613	NCIT:C190066
NCIT:C190613	NCIT:C190150
NCIT:C190613	NCIT:C190155
NCIT:C190613	NCIT:C190156
NCIT:C190613	NCIT:C190157
NCIT:C190613	NCIT:C190160
NCIT:C190613	NCIT:C190161
NCIT:C190618	NCIT:C190279
NCIT:C190618	NCIT:C190284
NCIT:C190618	NCIT:C206688
NCIT:C190618	NCIT:C3942
NCIT:C190620	NCIT:C190104
NCIT:C190620	NCIT:C190621
NCIT:C190621	NCIT:C190105
NCIT:C190622	NCIT:C188946
NCIT:C190622	NCIT:C188992
NCIT:C190622	NCIT:C188995
NCIT:C190622	NCIT:C188997
NCIT:C190622	NCIT:C5591
NCIT:C190623	NCIT:C213156
NCIT:C190623	NCIT:C5448
NCIT:C190623	NCIT:C8094
NCIT:C190633	NCIT:C208367
NCIT:C190658	NCIT:C189288
NCIT:C190658	NCIT:C189289
NCIT:C190658	NCIT:C6548
NCIT:C190659	NCIT:C171169
NCIT:C190659	NCIT:C189334
NCIT:C190659	NCIT:C68629
NCIT:C190677	NCIT:C190678
NCIT:C190680	NCIT:C27838
NCIT:C190680	NCIT:C40148
NCIT:C190680	NCIT:C40156
NCIT:C190680	NCIT:C8028
NCIT:C190711	NCIT:C190715
NCIT:C190712	NCIT:C190713
NCIT:C190714	NCIT:C190715
NCIT:C190770	NCIT:C204035
NCIT:C190772	NCIT:C190773
NCIT:C190774	NCIT:C170773
NCIT:C190776	NCIT:C8213
NCIT:C190782	NCIT:C192795
NCIT:C190782	NCIT:C222478
NCIT:C190782	NCIT:C222479
NCIT:C190783	NCIT:C213701
NCIT:C190783	NCIT:C224632
NCIT:C190783	NCIT:C224635
NCIT:C190851	NCIT:C190852
NCIT:C190856	NCIT:C192211
NCIT:C190856	NCIT:C192213
NCIT:C190952	NCIT:C165767
NCIT:C190952	NCIT:C190953
NCIT:C190953	NCIT:C207077
NCIT:C190956	NCIT:C190957
NCIT:C191198	NCIT:C174202
NCIT:C191370	NCIT:C171583
NCIT:C191370	NCIT:C190508
NCIT:C191391	NCIT:C191392
NCIT:C191391	NCIT:C191393
NCIT:C191395	NCIT:C224143
NCIT:C191407	NCIT:C224147
NCIT:C191418	NCIT:C191419
NCIT:C191419	NCIT:C191436
NCIT:C191419	NCIT:C191437
NCIT:C191419	NCIT:C191438
NCIT:C191419	NCIT:C191439
NCIT:C191419	NCIT:C191440
NCIT:C191419	NCIT:C191441
NCIT:C191419	NCIT:C191442
NCIT:C191430	NCIT:C191607
NCIT:C191430	NCIT:C191608
NCIT:C191431	NCIT:C191453
NCIT:C191431	NCIT:C191455
NCIT:C191431	NCIT:C191478
NCIT:C191431	NCIT:C191479
NCIT:C191431	NCIT:C191555
NCIT:C191431	NCIT:C191595
NCIT:C191431	NCIT:C191603
NCIT:C191431	NCIT:C191625
NCIT:C191431	NCIT:C191630
NCIT:C191433	NCIT:C191520
NCIT:C191549	NCIT:C171553
NCIT:C191672	NCIT:C27884
NCIT:C191673	NCIT:C222754
NCIT:C191673	NCIT:C27875
NCIT:C191675	NCIT:C222755
NCIT:C191675	NCIT:C27876
NCIT:C191678	NCIT:C39821
NCIT:C191679	NCIT:C191693
NCIT:C191679	NCIT:C39829
NCIT:C191680	NCIT:C39817
NCIT:C191680	NCIT:C6157
NCIT:C191681	NCIT:C39816
NCIT:C191681	NCIT:C6156
NCIT:C191682	NCIT:C39818
NCIT:C191683	NCIT:C191692
NCIT:C191683	NCIT:C39827
NCIT:C191684	NCIT:C191694
NCIT:C191684	NCIT:C39828
NCIT:C191685	NCIT:C39820
NCIT:C191686	NCIT:C191695
NCIT:C191686	NCIT:C27202
NCIT:C191687	NCIT:C191696
NCIT:C191687	NCIT:C39819
NCIT:C191688	NCIT:C191697
NCIT:C191688	NCIT:C39823
NCIT:C191692	NCIT:C157768
NCIT:C191693	NCIT:C157769
NCIT:C191694	NCIT:C157754
NCIT:C191695	NCIT:C157767
NCIT:C191696	NCIT:C157770
NCIT:C191697	NCIT:C157751
NCIT:C191725	NCIT:C191726
NCIT:C191728	NCIT:C191729
NCIT:C191730	NCIT:C191731
NCIT:C191734	NCIT:C191735
NCIT:C191736	NCIT:C157766
NCIT:C191740	NCIT:C39834
NCIT:C191749	NCIT:C4031
NCIT:C191750	NCIT:C39872
NCIT:C191750	NCIT:C7414
NCIT:C191751	NCIT:C191768
NCIT:C191751	NCIT:C191769
NCIT:C191751	NCIT:C4032
NCIT:C191753	NCIT:C160158
NCIT:C191764	NCIT:C21974
NCIT:C191768	NCIT:C6172
NCIT:C191768	NCIT:C6179
NCIT:C191769	NCIT:C159542
NCIT:C191852	NCIT:C157763
NCIT:C191852	NCIT:C157764
NCIT:C191852	NCIT:C191992
NCIT:C191852	NCIT:C191993
NCIT:C191853	NCIT:C150581
NCIT:C191853	NCIT:C191854
NCIT:C191854	NCIT:C191861
NCIT:C191854	NCIT:C191862
NCIT:C191855	NCIT:C191856
NCIT:C191855	NCIT:C191857
NCIT:C191977	NCIT:C156457
NCIT:C191977	NCIT:C157759
NCIT:C191977	NCIT:C158912
NCIT:C191977	NCIT:C159224
NCIT:C191977	NCIT:C160980
NCIT:C191977	NCIT:C171031
NCIT:C191977	NCIT:C175581
NCIT:C191977	NCIT:C191978
NCIT:C191977	NCIT:C191979
NCIT:C191977	NCIT:C191980
NCIT:C191977	NCIT:C191981
NCIT:C191977	NCIT:C191984
NCIT:C191977	NCIT:C215420
NCIT:C191977	NCIT:C9231
NCIT:C191977	NCIT:C95405
NCIT:C191978	NCIT:C115440
NCIT:C191978	NCIT:C153623
NCIT:C191978	NCIT:C155938
NCIT:C191978	NCIT:C183128
NCIT:C191978	NCIT:C191985
NCIT:C191978	NCIT:C215318
NCIT:C191978	NCIT:C223264
NCIT:C191979	NCIT:C155937
NCIT:C191979	NCIT:C165741
NCIT:C191979	NCIT:C180404
NCIT:C191979	NCIT:C191854
NCIT:C191979	NCIT:C191986
NCIT:C191979	NCIT:C222658
NCIT:C191980	NCIT:C155935
NCIT:C191980	NCIT:C162786
NCIT:C191980	NCIT:C163974
NCIT:C191980	NCIT:C191855
NCIT:C191980	NCIT:C191987
NCIT:C191980	NCIT:C222655
NCIT:C191981	NCIT:C155936
NCIT:C191981	NCIT:C158913
NCIT:C191981	NCIT:C162572
NCIT:C191981	NCIT:C162706
NCIT:C191981	NCIT:C191852
NCIT:C191981	NCIT:C191982
NCIT:C191981	NCIT:C191983
NCIT:C191981	NCIT:C191988
NCIT:C191982	NCIT:C163964
NCIT:C191982	NCIT:C165300
NCIT:C191982	NCIT:C191990
NCIT:C191982	NCIT:C191993
NCIT:C191982	NCIT:C203253
NCIT:C191983	NCIT:C155934
NCIT:C191983	NCIT:C158914
NCIT:C191983	NCIT:C165738
NCIT:C191983	NCIT:C168543
NCIT:C191983	NCIT:C191991
NCIT:C191983	NCIT:C191992
NCIT:C191984	NCIT:C154617
NCIT:C191984	NCIT:C157760
NCIT:C191984	NCIT:C158650
NCIT:C191984	NCIT:C159225
NCIT:C191984	NCIT:C160982
NCIT:C191984	NCIT:C191985
NCIT:C191984	NCIT:C191986
NCIT:C191984	NCIT:C191987
NCIT:C191984	NCIT:C191988
NCIT:C191984	NCIT:C215422
NCIT:C191984	NCIT:C40356
NCIT:C191984	NCIT:C6461
NCIT:C191988	NCIT:C157762
NCIT:C191988	NCIT:C191990
NCIT:C191988	NCIT:C191991
NCIT:C191990	NCIT:C156684
NCIT:C191990	NCIT:C156689
NCIT:C191992	NCIT:C203415
NCIT:C191993	NCIT:C156685
NCIT:C191993	NCIT:C156688
NCIT:C191993	NCIT:C202894
NCIT:C191997	NCIT:C191986
NCIT:C192014	NCIT:C160295
NCIT:C192014	NCIT:C191855
NCIT:C192018	NCIT:C160295
NCIT:C192018	NCIT:C187162
NCIT:C192023	NCIT:C191985
NCIT:C192023	NCIT:C222309
NCIT:C192105	NCIT:C192106
NCIT:C192120	NCIT:C192119
NCIT:C192120	NCIT:C39957
NCIT:C192122	NCIT:C162483
NCIT:C192122	NCIT:C162490
NCIT:C192122	NCIT:C192123
NCIT:C192122	NCIT:C192124
NCIT:C192122	NCIT:C192126
NCIT:C192122	NCIT:C192127
NCIT:C192122	NCIT:C192129
NCIT:C192122	NCIT:C192141
NCIT:C192122	NCIT:C39953
NCIT:C192122	NCIT:C39956
NCIT:C192129	NCIT:C162486
NCIT:C192129	NCIT:C192120
NCIT:C192129	NCIT:C192125
NCIT:C192129	NCIT:C192128
NCIT:C192129	NCIT:C192142
NCIT:C192129	NCIT:C8955
NCIT:C192130	NCIT:C161634
NCIT:C192130	NCIT:C39906
NCIT:C192139	NCIT:C162477
NCIT:C192139	NCIT:C162489
NCIT:C192139	NCIT:C162493
NCIT:C192139	NCIT:C162495
NCIT:C192139	NCIT:C162497
NCIT:C192139	NCIT:C192129
NCIT:C192139	NCIT:C3558
NCIT:C192139	NCIT:C3559
NCIT:C192140	NCIT:C162476
NCIT:C192140	NCIT:C162494
NCIT:C192140	NCIT:C162496
NCIT:C192140	NCIT:C162498
NCIT:C192140	NCIT:C162500
NCIT:C192140	NCIT:C162501
NCIT:C192140	NCIT:C162502
NCIT:C192140	NCIT:C162503
NCIT:C192140	NCIT:C192123
NCIT:C192140	NCIT:C192126
NCIT:C192140	NCIT:C3614
NCIT:C192140	NCIT:C39956
NCIT:C192140	NCIT:C6384
NCIT:C192144	NCIT:C162476
NCIT:C192144	NCIT:C162477
NCIT:C192144	NCIT:C192121
NCIT:C192212	NCIT:C210968
NCIT:C192213	NCIT:C210968
NCIT:C192216	NCIT:C198189
NCIT:C192216	NCIT:C198192
NCIT:C192216	NCIT:C213347
NCIT:C19260	NCIT:C122936
NCIT:C192662	NCIT:C170943
NCIT:C192662	NCIT:C192663
NCIT:C192663	NCIT:C192664
NCIT:C192663	NCIT:C192665
NCIT:C192664	NCIT:C161649
NCIT:C192664	NCIT:C162549
NCIT:C192664	NCIT:C4584
NCIT:C192664	NCIT:C7080
NCIT:C192664	NCIT:C8544
NCIT:C192665	NCIT:C6332
NCIT:C192665	NCIT:C6333
NCIT:C192665	NCIT:C6385
NCIT:C192665	NCIT:C7456
NCIT:C192665	NCIT:C8546
NCIT:C192666	NCIT:C192667
NCIT:C192666	NCIT:C192668
NCIT:C192666	NCIT:C2901
NCIT:C192666	NCIT:C3427
NCIT:C192666	NCIT:C3428
NCIT:C192666	NCIT:C39852
NCIT:C192666	NCIT:C8404
NCIT:C192667	NCIT:C191740
NCIT:C192667	NCIT:C191750
NCIT:C192667	NCIT:C3616
NCIT:C192667	NCIT:C3617
NCIT:C192667	NCIT:C3618
NCIT:C192667	NCIT:C3619
NCIT:C192667	NCIT:C3842
NCIT:C192668	NCIT:C192669
NCIT:C192668	NCIT:C192670
NCIT:C192668	NCIT:C7507
NCIT:C192668	NCIT:C7525
NCIT:C192668	NCIT:C7543
NCIT:C192668	NCIT:C9334
NCIT:C192669	NCIT:C191753
NCIT:C192669	NCIT:C212819
NCIT:C192669	NCIT:C4030
NCIT:C192669	NCIT:C4912
NCIT:C192669	NCIT:C7515
NCIT:C192669	NCIT:C9106
NCIT:C192670	NCIT:C7544
NCIT:C192670	NCIT:C7573
NCIT:C192670	NCIT:C7650
NCIT:C192672	NCIT:C192675
NCIT:C192672	NCIT:C192677
NCIT:C19272	NCIT:C18803
NCIT:C192732	NCIT:C192733
NCIT:C192769	NCIT:C192773
NCIT:C192769	NCIT:C192791
NCIT:C192769	NCIT:C200497
NCIT:C192769	NCIT:C203252
NCIT:C192773	NCIT:C192787
NCIT:C192791	NCIT:C192787
NCIT:C192794	NCIT:C192795
NCIT:C192797	NCIT:C156095
NCIT:C192797	NCIT:C177799
NCIT:C192797	NCIT:C192798
NCIT:C192797	NCIT:C192799
NCIT:C192798	NCIT:C160296
NCIT:C192798	NCIT:C187163
NCIT:C192799	NCIT:C176857
NCIT:C192799	NCIT:C177801
NCIT:C193407	NCIT:C156719
NCIT:C193409	NCIT:C185242
NCIT:C193409	NCIT:C188277
NCIT:C193409	NCIT:C219826
NCIT:C193412	NCIT:C128387
NCIT:C193412	NCIT:C128388
NCIT:C193412	NCIT:C128389
NCIT:C193412	NCIT:C128390
NCIT:C193412	NCIT:C128391
NCIT:C193412	NCIT:C128392
NCIT:C193412	NCIT:C128393
NCIT:C193412	NCIT:C128394
NCIT:C193412	NCIT:C128395
NCIT:C193412	NCIT:C128396
NCIT:C193412	NCIT:C128397
NCIT:C193412	NCIT:C128398
NCIT:C193412	NCIT:C128399
NCIT:C193412	NCIT:C128400
NCIT:C193412	NCIT:C128401
NCIT:C193412	NCIT:C220065
NCIT:C193412	NCIT:C34520
NCIT:C193412	NCIT:C34540
NCIT:C193412	NCIT:C34611
NCIT:C193412	NCIT:C34702
NCIT:C193412	NCIT:C34758
NCIT:C193412	NCIT:C34784
NCIT:C193412	NCIT:C34861
NCIT:C193412	NCIT:C35000
NCIT:C193412	NCIT:C35030
NCIT:C193412	NCIT:C39295
NCIT:C193412	NCIT:C84677
NCIT:C193412	NCIT:C84682
NCIT:C193412	NCIT:C84751
NCIT:C193412	NCIT:C84768
NCIT:C193412	NCIT:C84882
NCIT:C193412	NCIT:C84932
NCIT:C193412	NCIT:C84995
NCIT:C193412	NCIT:C85180
NCIT:C193412	NCIT:C85194
NCIT:C193412	NCIT:C85199
NCIT:C193416	NCIT:C188213
NCIT:C193416	NCIT:C215142
NCIT:C193416	NCIT:C3276
NCIT:C193416	NCIT:C4655
NCIT:C193416	NCIT:C5434
NCIT:C193424	NCIT:C142810
NCIT:C193424	NCIT:C142882
NCIT:C193424	NCIT:C150133
NCIT:C193424	NCIT:C151976
NCIT:C193424	NCIT:C157692
NCIT:C193424	NCIT:C158081
NCIT:C193424	NCIT:C171065
NCIT:C193424	NCIT:C176999
NCIT:C193424	NCIT:C180985
NCIT:C193424	NCIT:C8645
NCIT:C193431	NCIT:C148427
NCIT:C193431	NCIT:C193426
NCIT:C193431	NCIT:C9070
NCIT:C194076	NCIT:C213369
NCIT:C195501	NCIT:C195502
NCIT:C197813	NCIT:C213430
NCIT:C197813	NCIT:C35870
NCIT:C197813	NCIT:C53958
NCIT:C197814	NCIT:C8970
NCIT:C197815	NCIT:C6474
NCIT:C197815	NCIT:C8969
NCIT:C197816	NCIT:C197876
NCIT:C197816	NCIT:C197877
NCIT:C197816	NCIT:C197878
NCIT:C197817	NCIT:C197891
NCIT:C197818	NCIT:C129933
NCIT:C197818	NCIT:C197902
NCIT:C197818	NCIT:C34373
NCIT:C197818	NCIT:C85026
NCIT:C197818	NCIT:C85075
NCIT:C197818	NCIT:C85233
NCIT:C197831	NCIT:C129724
NCIT:C197880	NCIT:C85202
NCIT:C197892	NCIT:C179668
NCIT:C197892	NCIT:C192098
NCIT:C197892	NCIT:C62578
NCIT:C197907	NCIT:C118780
NCIT:C197907	NCIT:C123415
NCIT:C197907	NCIT:C156361
NCIT:C197908	NCIT:C133084
NCIT:C197908	NCIT:C85052
NCIT:C197908	NCIT:C85184
NCIT:C197933	NCIT:C212885
NCIT:C197933	NCIT:C35549
NCIT:C197933	NCIT:C50531
NCIT:C197933	NCIT:C79596
NCIT:C197933	NCIT:C84937
NCIT:C197961	NCIT:C197827
NCIT:C197961	NCIT:C197829
NCIT:C197986	NCIT:C157365
NCIT:C198027	NCIT:C198030
NCIT:C198027	NCIT:C198041
NCIT:C198027	NCIT:C198054
NCIT:C198027	NCIT:C198063
NCIT:C198027	NCIT:C198104
NCIT:C198027	NCIT:C198149
NCIT:C198027	NCIT:C198160
NCIT:C198027	NCIT:C198170
NCIT:C198027	NCIT:C198174
NCIT:C198027	NCIT:C198186
NCIT:C198027	NCIT:C198413
NCIT:C198027	NCIT:C198434
NCIT:C198027	NCIT:C198450
NCIT:C198027	NCIT:C198453
NCIT:C198027	NCIT:C198484
NCIT:C198030	NCIT:C198031
NCIT:C198030	NCIT:C198035
NCIT:C198031	NCIT:C198032
NCIT:C198031	NCIT:C198034
NCIT:C198035	NCIT:C198036
NCIT:C198035	NCIT:C198039
NCIT:C198035	NCIT:C198040
NCIT:C198041	NCIT:C198042
NCIT:C198041	NCIT:C198045
NCIT:C198041	NCIT:C198048
NCIT:C198041	NCIT:C198051
NCIT:C198042	NCIT:C198043
NCIT:C198042	NCIT:C198044
NCIT:C198045	NCIT:C198046
NCIT:C198045	NCIT:C198047
NCIT:C198048	NCIT:C198049
NCIT:C198048	NCIT:C198050
NCIT:C198051	NCIT:C198052
NCIT:C198051	NCIT:C198053
NCIT:C198054	NCIT:C198055
NCIT:C198054	NCIT:C198058
NCIT:C198055	NCIT:C198056
NCIT:C198055	NCIT:C198057
NCIT:C198058	NCIT:C198059
NCIT:C198058	NCIT:C198060
NCIT:C198058	NCIT:C198061
NCIT:C198058	NCIT:C198062
NCIT:C198063	NCIT:C198064
NCIT:C198063	NCIT:C198071
NCIT:C198064	NCIT:C198065
NCIT:C198064	NCIT:C198066
NCIT:C198064	NCIT:C198067
NCIT:C198064	NCIT:C198069
NCIT:C198071	NCIT:C198072
NCIT:C198071	NCIT:C198073
NCIT:C198071	NCIT:C198074
NCIT:C198071	NCIT:C198075
NCIT:C198076	NCIT:C198077
NCIT:C198076	NCIT:C198080
NCIT:C198077	NCIT:C198078
NCIT:C198077	NCIT:C198079
NCIT:C198080	NCIT:C198081
NCIT:C198080	NCIT:C198082
NCIT:C198080	NCIT:C198083
NCIT:C198080	NCIT:C198084
NCIT:C198085	NCIT:C198086
NCIT:C198085	NCIT:C198089
NCIT:C198086	NCIT:C198087
NCIT:C198086	NCIT:C198088
NCIT:C198089	NCIT:C198096
NCIT:C198089	NCIT:C198097
NCIT:C198089	NCIT:C198098
NCIT:C198089	NCIT:C198100
NCIT:C198104	NCIT:C198076
NCIT:C198104	NCIT:C198085
NCIT:C19812	NCIT:C122936
NCIT:C198149	NCIT:C198150
NCIT:C198149	NCIT:C198155
NCIT:C198150	NCIT:C198152
NCIT:C198150	NCIT:C198154
NCIT:C198155	NCIT:C198156
NCIT:C198155	NCIT:C198157
NCIT:C198155	NCIT:C198158
NCIT:C198155	NCIT:C198159
NCIT:C198160	NCIT:C198161
NCIT:C198160	NCIT:C198164
NCIT:C198161	NCIT:C198162
NCIT:C198161	NCIT:C198163
NCIT:C198164	NCIT:C198165
NCIT:C198164	NCIT:C198166
NCIT:C198164	NCIT:C198167
NCIT:C198164	NCIT:C198168
NCIT:C198170	NCIT:C198172
NCIT:C198170	NCIT:C198173
NCIT:C198174	NCIT:C198175
NCIT:C198174	NCIT:C198179
NCIT:C198175	NCIT:C198176
NCIT:C198175	NCIT:C198177
NCIT:C198175	NCIT:C198178
NCIT:C198179	NCIT:C198180
NCIT:C198179	NCIT:C198181
NCIT:C198179	NCIT:C198182
NCIT:C198179	NCIT:C198183
NCIT:C198179	NCIT:C198185
NCIT:C198186	NCIT:C198187
NCIT:C198186	NCIT:C198190
NCIT:C198187	NCIT:C198188
NCIT:C198187	NCIT:C198189
NCIT:C198190	NCIT:C198191
NCIT:C198190	NCIT:C198192
NCIT:C198190	NCIT:C7139
NCIT:C198190	NCIT:C7140
NCIT:C198190	NCIT:C7141
NCIT:C198190	NCIT:C7142
NCIT:C198191	NCIT:C198011
NCIT:C198191	NCIT:C198012
NCIT:C198191	NCIT:C198013
NCIT:C198191	NCIT:C198014
NCIT:C198192	NCIT:C198015
NCIT:C198192	NCIT:C198016
NCIT:C198192	NCIT:C198017
NCIT:C198192	NCIT:C198018
NCIT:C198413	NCIT:C198414
NCIT:C198413	NCIT:C198418
NCIT:C198414	NCIT:C198415
NCIT:C198414	NCIT:C198416
NCIT:C198414	NCIT:C198417
NCIT:C198418	NCIT:C198419
NCIT:C198418	NCIT:C198424
NCIT:C198418	NCIT:C198428
NCIT:C198419	NCIT:C198420
NCIT:C198419	NCIT:C198421
NCIT:C198419	NCIT:C198423
NCIT:C198424	NCIT:C198425
NCIT:C198424	NCIT:C198426
NCIT:C198424	NCIT:C198427
NCIT:C198428	NCIT:C198429
NCIT:C198428	NCIT:C198430
NCIT:C198428	NCIT:C198432
NCIT:C198434	NCIT:C198436
NCIT:C198434	NCIT:C198445
NCIT:C198436	NCIT:C198437
NCIT:C198436	NCIT:C198439
NCIT:C198436	NCIT:C198441
NCIT:C198444	NCIT:C198441
NCIT:C198445	NCIT:C198446
NCIT:C198445	NCIT:C198447
NCIT:C198445	NCIT:C198448
NCIT:C198445	NCIT:C198449
NCIT:C198450	NCIT:C198451
NCIT:C198450	NCIT:C198452
NCIT:C198453	NCIT:C198455
NCIT:C198453	NCIT:C198460
NCIT:C198453	NCIT:C198474
NCIT:C198455	NCIT:C198457
NCIT:C198455	NCIT:C198459
NCIT:C198455	NCIT:C198475
NCIT:C198457	NCIT:C198476
NCIT:C198459	NCIT:C198477
NCIT:C198460	NCIT:C198461
NCIT:C198460	NCIT:C198462
NCIT:C198460	NCIT:C198471
NCIT:C198460	NCIT:C198472
NCIT:C198460	NCIT:C198473
NCIT:C198460	NCIT:C198478
NCIT:C198461	NCIT:C198479
NCIT:C198462	NCIT:C198480
NCIT:C198471	NCIT:C198481
NCIT:C198472	NCIT:C198482
NCIT:C198473	NCIT:C198483
NCIT:C198474	NCIT:C198475
NCIT:C198474	NCIT:C198478
NCIT:C198475	NCIT:C198476
NCIT:C198475	NCIT:C198477
NCIT:C198478	NCIT:C198479
NCIT:C198478	NCIT:C198480
NCIT:C198478	NCIT:C198481
NCIT:C198478	NCIT:C198482
NCIT:C198478	NCIT:C198483
NCIT:C198484	NCIT:C198485
NCIT:C198484	NCIT:C198488
NCIT:C198485	NCIT:C198486
NCIT:C198485	NCIT:C198487
NCIT:C198488	NCIT:C198489
NCIT:C198488	NCIT:C198490
NCIT:C198488	NCIT:C198491
NCIT:C198488	NCIT:C198492
NCIT:C198488	NCIT:C198493
NCIT:C198555	NCIT:C212968
NCIT:C198555	NCIT:C212971
NCIT:C198555	NCIT:C212974
NCIT:C198555	NCIT:C2862
NCIT:C198555	NCIT:C3336
NCIT:C198555	NCIT:C3407
NCIT:C198589	NCIT:C82591
NCIT:C198589	NCIT:C8574
NCIT:C198593	NCIT:C198594
NCIT:C198593	NCIT:C198595
NCIT:C198593	NCIT:C198596
NCIT:C198594	NCIT:C200379
NCIT:C198594	NCIT:C200381
NCIT:C198600	NCIT:C198601
NCIT:C198663	NCIT:C130038
NCIT:C198663	NCIT:C198661
NCIT:C198663	NCIT:C198662
NCIT:C198663	NCIT:C82596
NCIT:C198663	NCIT:C9233
NCIT:C198683	NCIT:C198684
NCIT:C198683	NCIT:C198685
NCIT:C198705	NCIT:C198706
NCIT:C198846	NCIT:C198847
NCIT:C198846	NCIT:C198849
NCIT:C198846	NCIT:C198850
NCIT:C198951	NCIT:C115374
NCIT:C198951	NCIT:C115381
NCIT:C198951	NCIT:C174202
NCIT:C198951	NCIT:C203273
NCIT:C198957	NCIT:C162775
NCIT:C198957	NCIT:C198959
NCIT:C198957	NCIT:C198960
NCIT:C198957	NCIT:C198961
NCIT:C198957	NCIT:C198962
NCIT:C198957	NCIT:C198963
NCIT:C198957	NCIT:C198964
NCIT:C198957	NCIT:C198965
NCIT:C198957	NCIT:C198966
NCIT:C199146	NCIT:C180510
NCIT:C199146	NCIT:C199147
NCIT:C199146	NCIT:C199148
NCIT:C199146	NCIT:C199150
NCIT:C199146	NCIT:C199159
NCIT:C199147	NCIT:C199160
NCIT:C199147	NCIT:C40146
NCIT:C199148	NCIT:C199162
NCIT:C199148	NCIT:C40147
NCIT:C199149	NCIT:C199152
NCIT:C199149	NCIT:C199166
NCIT:C199149	NCIT:C40148
NCIT:C199150	NCIT:C199153
NCIT:C199150	NCIT:C199167
NCIT:C199152	NCIT:C199156
NCIT:C199152	NCIT:C199168
NCIT:C199159	NCIT:C199160
NCIT:C199159	NCIT:C199162
NCIT:C199159	NCIT:C199167
NCIT:C199159	NCIT:C215217
NCIT:C199159	NCIT:C215218
NCIT:C199166	NCIT:C199168
NCIT:C199166	NCIT:C211916
NCIT:C199166	NCIT:C213326
NCIT:C199166	NCIT:C213677
NCIT:C199170	NCIT:C130043
NCIT:C199173	NCIT:C199174
NCIT:C199202	NCIT:C121974
NCIT:C199202	NCIT:C130040
NCIT:C199202	NCIT:C190957
NCIT:C199202	NCIT:C199230
NCIT:C199202	NCIT:C199232
NCIT:C199202	NCIT:C199233
NCIT:C199202	NCIT:C199234
NCIT:C199202	NCIT:C199237
NCIT:C199202	NCIT:C199239
NCIT:C199202	NCIT:C199240
NCIT:C199202	NCIT:C199258
NCIT:C199202	NCIT:C199259
NCIT:C199202	NCIT:C199260
NCIT:C199202	NCIT:C199262
NCIT:C199202	NCIT:C199264
NCIT:C199202	NCIT:C36312
NCIT:C199202	NCIT:C80342
NCIT:C199202	NCIT:C80343
NCIT:C199202	NCIT:C80344
NCIT:C199202	NCIT:C80345
NCIT:C199202	NCIT:C80346
NCIT:C199202	NCIT:C80347
NCIT:C199228	NCIT:C199229
NCIT:C199231	NCIT:C199230
NCIT:C199240	NCIT:C199241
NCIT:C199240	NCIT:C199242
NCIT:C199391	NCIT:C189282
NCIT:C199392	NCIT:C199405
NCIT:C199392	NCIT:C199406
NCIT:C199392	NCIT:C199407
NCIT:C199392	NCIT:C199409
NCIT:C199405	NCIT:C199413
NCIT:C199427	NCIT:C220572
NCIT:C199457	NCIT:C199458
NCIT:C199458	NCIT:C199459
NCIT:C199567	NCIT:C200719
NCIT:C199567	NCIT:C208363
NCIT:C199567	NCIT:C213681
NCIT:C199617	NCIT:C212118
NCIT:C199617	NCIT:C212120
NCIT:C199618	NCIT:C212115
NCIT:C199618	NCIT:C212116
NCIT:C199637	NCIT:C199636
NCIT:C199665	NCIT:C199662
NCIT:C199665	NCIT:C199664
NCIT:C199665	NCIT:C203380
NCIT:C199666	NCIT:C153571
NCIT:C199666	NCIT:C153572
NCIT:C199666	NCIT:C153611
NCIT:C199666	NCIT:C153612
NCIT:C199666	NCIT:C199663
NCIT:C200033	NCIT:C200034
NCIT:C200033	NCIT:C200035
NCIT:C200060	NCIT:C200064
NCIT:C200062	NCIT:C200060
NCIT:C200062	NCIT:C200063
NCIT:C200063	NCIT:C200064
NCIT:C200065	NCIT:C200066
NCIT:C200067	NCIT:C200068
NCIT:C200069	NCIT:C153577
NCIT:C200083	NCIT:C216078
NCIT:C200083	NCIT:C216079
NCIT:C200105	NCIT:C206209
NCIT:C200227	NCIT:C3874
NCIT:C200227	NCIT:C41247
NCIT:C200227	NCIT:C5712
NCIT:C200299	NCIT:C217418
NCIT:C200376	NCIT:C200381
NCIT:C200377	NCIT:C198594
NCIT:C200377	NCIT:C200376
NCIT:C200389	NCIT:C198587
NCIT:C200389	NCIT:C198589
NCIT:C200389	NCIT:C200396
NCIT:C200389	NCIT:C6867
NCIT:C200390	NCIT:C200377
NCIT:C200390	NCIT:C6867
NCIT:C200390	NCIT:C97310
NCIT:C200396	NCIT:C200397
NCIT:C200396	NCIT:C200398
NCIT:C200407	NCIT:C198846
NCIT:C200407	NCIT:C82426
NCIT:C200411	NCIT:C122691
NCIT:C200420	NCIT:C225013
NCIT:C200420	NCIT:C225016
NCIT:C200421	NCIT:C225009
NCIT:C200421	NCIT:C225010
NCIT:C200494	NCIT:C203437
NCIT:C200494	NCIT:C82192
NCIT:C200494	NCIT:C82203
NCIT:C200520	NCIT:C200524
NCIT:C200520	NCIT:C200533
NCIT:C200520	NCIT:C6584
NCIT:C200530	NCIT:C200528
NCIT:C200530	NCIT:C220135
NCIT:C200530	NCIT:C220157
NCIT:C200530	NCIT:C34714
NCIT:C200530	NCIT:C78627
NCIT:C200570	NCIT:C200572
NCIT:C200570	NCIT:C200574
NCIT:C200570	NCIT:C223148
NCIT:C200572	NCIT:C200573
NCIT:C200572	NCIT:C210985
NCIT:C200584	NCIT:C162882
NCIT:C200584	NCIT:C203515
NCIT:C200587	NCIT:C199241
NCIT:C200590	NCIT:C206289
NCIT:C200597	NCIT:C200598
NCIT:C200597	NCIT:C200599
NCIT:C200597	NCIT:C200600
NCIT:C200669	NCIT:C3465
NCIT:C200669	NCIT:C7191
NCIT:C200669	NCIT:C8968
NCIT:C200685	NCIT:C199482
NCIT:C200685	NCIT:C199483
NCIT:C200738	NCIT:C121656
NCIT:C200738	NCIT:C200742
NCIT:C200738	NCIT:C80303
NCIT:C200758	NCIT:C167335
NCIT:C200758	NCIT:C182151
NCIT:C200758	NCIT:C185371
NCIT:C200758	NCIT:C185467
NCIT:C200758	NCIT:C200759
NCIT:C200758	NCIT:C203369
NCIT:C200758	NCIT:C208308
NCIT:C200758	NCIT:C3058
NCIT:C200759	NCIT:C126306
NCIT:C200759	NCIT:C182018
NCIT:C200759	NCIT:C203267
NCIT:C200759	NCIT:C203273
NCIT:C200759	NCIT:C222242
NCIT:C201054	NCIT:C201055
NCIT:C201054	NCIT:C201057
NCIT:C201054	NCIT:C39575
NCIT:C201054	NCIT:C39576
NCIT:C201124	NCIT:C96488
NCIT:C201127	NCIT:C5630
NCIT:C201135	NCIT:C213111
NCIT:C201135	NCIT:C3689
NCIT:C201135	NCIT:C96928
NCIT:C201136	NCIT:C165261
NCIT:C201136	NCIT:C37212
NCIT:C201634	NCIT:C201635
NCIT:C201634	NCIT:C201636
NCIT:C201634	NCIT:C201637
NCIT:C201821	NCIT:C183116
NCIT:C201821	NCIT:C201823
NCIT:C201837	NCIT:C201838
NCIT:C201904	NCIT:C201905
NCIT:C201904	NCIT:C201906
NCIT:C201966	NCIT:C201967
NCIT:C201966	NCIT:C201968
NCIT:C201966	NCIT:C201969
NCIT:C201966	NCIT:C201973
NCIT:C201975	NCIT:C156037
NCIT:C201975	NCIT:C6809
NCIT:C201977	NCIT:C156041
NCIT:C201977	NCIT:C156462
NCIT:C201977	NCIT:C201975
NCIT:C201977	NCIT:C3696
NCIT:C201977	NCIT:C3795
NCIT:C201977	NCIT:C8387
NCIT:C201977	NCIT:C9377
NCIT:C202047	NCIT:C215052
NCIT:C202077	NCIT:C202078
NCIT:C202077	NCIT:C202079
NCIT:C202077	NCIT:C202080
NCIT:C202077	NCIT:C202081
NCIT:C202121	NCIT:C119057
NCIT:C202130	NCIT:C202128
NCIT:C202130	NCIT:C202133
NCIT:C202131	NCIT:C202130
NCIT:C202131	NCIT:C202132
NCIT:C202132	NCIT:C202133
NCIT:C202252	NCIT:C202574
NCIT:C202262	NCIT:C173841
NCIT:C202262	NCIT:C214891
NCIT:C202262	NCIT:C219761
NCIT:C202263	NCIT:C202264
NCIT:C202264	NCIT:C202265
NCIT:C202298	NCIT:C185471
NCIT:C202298	NCIT:C198452
NCIT:C202298	NCIT:C208306
NCIT:C202298	NCIT:C208308
NCIT:C202298	NCIT:C210637
NCIT:C202298	NCIT:C222247
NCIT:C202299	NCIT:C114785
NCIT:C202299	NCIT:C114967
NCIT:C202299	NCIT:C114971
NCIT:C202299	NCIT:C114974
NCIT:C202299	NCIT:C124269
NCIT:C202299	NCIT:C217082
NCIT:C202299	NCIT:C4045
NCIT:C202299	NCIT:C4048
NCIT:C202299	NCIT:C8578
NCIT:C202497	NCIT:C126303
NCIT:C202497	NCIT:C189254
NCIT:C202497	NCIT:C27893
NCIT:C202497	NCIT:C4146
NCIT:C202497	NCIT:C6975
NCIT:C202500	NCIT:C155743
NCIT:C202500	NCIT:C155874
NCIT:C202500	NCIT:C162113
NCIT:C202500	NCIT:C162114
NCIT:C202500	NCIT:C162270
NCIT:C202500	NCIT:C187412
NCIT:C202500	NCIT:C210687
NCIT:C202500	NCIT:C213713
NCIT:C202582	NCIT:C202583
NCIT:C202582	NCIT:C202584
NCIT:C202582	NCIT:C202585
NCIT:C202594	NCIT:C91741
NCIT:C202611	NCIT:C156281
NCIT:C202611	NCIT:C173404
NCIT:C202611	NCIT:C217742
NCIT:C202611	NCIT:C6021
NCIT:C202613	NCIT:C173687
NCIT:C202613	NCIT:C27248
NCIT:C202620	NCIT:C213613
NCIT:C202623	NCIT:C173117
NCIT:C202623	NCIT:C173397
NCIT:C202623	NCIT:C173479
NCIT:C202623	NCIT:C202624
NCIT:C202623	NCIT:C202625
NCIT:C202623	NCIT:C202635
NCIT:C202623	NCIT:C202849
NCIT:C202623	NCIT:C202897
NCIT:C202624	NCIT:C173139
NCIT:C202624	NCIT:C173399
NCIT:C202624	NCIT:C173480
NCIT:C202624	NCIT:C202613
NCIT:C202624	NCIT:C202646
NCIT:C202624	NCIT:C202647
NCIT:C202624	NCIT:C202654
NCIT:C202624	NCIT:C202711
NCIT:C202624	NCIT:C202858
NCIT:C202625	NCIT:C173176
NCIT:C202625	NCIT:C173400
NCIT:C202625	NCIT:C173481
NCIT:C202625	NCIT:C202611
NCIT:C202625	NCIT:C202655
NCIT:C202625	NCIT:C202656
NCIT:C202625	NCIT:C202853
NCIT:C202625	NCIT:C202859
NCIT:C202625	NCIT:C202881
NCIT:C202625	NCIT:C202884
NCIT:C202625	NCIT:C202901
NCIT:C202625	NCIT:C216961
NCIT:C202625	NCIT:C5983
NCIT:C202625	NCIT:C6041
NCIT:C202633	NCIT:C3491
NCIT:C202634	NCIT:C177680
NCIT:C202635	NCIT:C173402
NCIT:C202635	NCIT:C217094
NCIT:C202646	NCIT:C173681
NCIT:C202646	NCIT:C214903
NCIT:C202646	NCIT:C4618
NCIT:C202646	NCIT:C5452
NCIT:C202646	NCIT:C5910
NCIT:C202647	NCIT:C173142
NCIT:C202647	NCIT:C173680
NCIT:C202647	NCIT:C202652
NCIT:C202647	NCIT:C219755
NCIT:C202647	NCIT:C3950
NCIT:C202647	NCIT:C4372
NCIT:C202647	NCIT:C4831
NCIT:C202647	NCIT:C6026
NCIT:C202647	NCIT:C6245
NCIT:C202652	NCIT:C219753
NCIT:C202652	NCIT:C219754
NCIT:C202654	NCIT:C156345
NCIT:C202654	NCIT:C5393
NCIT:C202655	NCIT:C173138
NCIT:C202656	NCIT:C173125
NCIT:C202656	NCIT:C219756
NCIT:C202656	NCIT:C6043
NCIT:C202711	NCIT:C156346
NCIT:C202711	NCIT:C173140
NCIT:C202711	NCIT:C217744
NCIT:C202711	NCIT:C5909
NCIT:C202711	NCIT:C6027
NCIT:C202851	NCIT:C181941
NCIT:C202851	NCIT:C202852
NCIT:C202853	NCIT:C156347
NCIT:C202853	NCIT:C173123
NCIT:C202853	NCIT:C175500
NCIT:C202853	NCIT:C213548
NCIT:C202853	NCIT:C6022
NCIT:C202859	NCIT:C173124
NCIT:C202859	NCIT:C175501
NCIT:C202859	NCIT:C188115
NCIT:C202859	NCIT:C213584
NCIT:C202859	NCIT:C4543
NCIT:C202860	NCIT:C202861
NCIT:C202876	NCIT:C202877
NCIT:C202878	NCIT:C156341
NCIT:C202878	NCIT:C173127
NCIT:C202878	NCIT:C219711
NCIT:C202881	NCIT:C202882
NCIT:C202884	NCIT:C173128
NCIT:C202884	NCIT:C219758
NCIT:C202896	NCIT:C202897
NCIT:C202897	NCIT:C202898
NCIT:C202899	NCIT:C180530
NCIT:C202901	NCIT:C173121
NCIT:C202904	NCIT:C173175
NCIT:C202904	NCIT:C213629
NCIT:C202914	NCIT:C173489
NCIT:C202914	NCIT:C217021
NCIT:C202921	NCIT:C173170
NCIT:C202921	NCIT:C173354
NCIT:C202921	NCIT:C173690
NCIT:C202921	NCIT:C202922
NCIT:C202921	NCIT:C202923
NCIT:C202921	NCIT:C213660
NCIT:C202921	NCIT:C5265
NCIT:C202921	NCIT:C6244
NCIT:C202922	NCIT:C173356
NCIT:C202922	NCIT:C173692
NCIT:C202922	NCIT:C181209
NCIT:C202922	NCIT:C213664
NCIT:C202923	NCIT:C155796
NCIT:C202923	NCIT:C173171
NCIT:C202923	NCIT:C173355
NCIT:C202923	NCIT:C173691
NCIT:C202923	NCIT:C202924
NCIT:C202923	NCIT:C202925
NCIT:C202923	NCIT:C202926
NCIT:C202923	NCIT:C202929
NCIT:C202923	NCIT:C202930
NCIT:C202923	NCIT:C202935
NCIT:C202923	NCIT:C213651
NCIT:C202923	NCIT:C6044
NCIT:C202923	NCIT:C88145
NCIT:C202924	NCIT:C173693
NCIT:C202924	NCIT:C213786
NCIT:C202924	NCIT:C35689
NCIT:C202924	NCIT:C7601
NCIT:C202925	NCIT:C213657
NCIT:C202925	NCIT:C213667
NCIT:C202925	NCIT:C213669
NCIT:C202925	NCIT:C216958
NCIT:C202926	NCIT:C156410
NCIT:C202926	NCIT:C173715
NCIT:C202926	NCIT:C202927
NCIT:C202926	NCIT:C213696
NCIT:C202926	NCIT:C213723
NCIT:C202926	NCIT:C216956
NCIT:C202926	NCIT:C216957
NCIT:C202930	NCIT:C155797
NCIT:C202930	NCIT:C173717
NCIT:C202930	NCIT:C202936
NCIT:C202930	NCIT:C213672
NCIT:C202930	NCIT:C213674
NCIT:C202930	NCIT:C213690
NCIT:C202930	NCIT:C213811
NCIT:C202930	NCIT:C6046
NCIT:C202936	NCIT:C213805
NCIT:C202936	NCIT:C80290
NCIT:C202952	NCIT:C202953
NCIT:C202952	NCIT:C7195
NCIT:C202953	NCIT:C202955
NCIT:C202954	NCIT:C173485
NCIT:C202954	NCIT:C202914
NCIT:C202954	NCIT:C202921
NCIT:C202954	NCIT:C202953
NCIT:C202954	NCIT:C202973
NCIT:C202971	NCIT:C156409
NCIT:C202973	NCIT:C173169
NCIT:C202975	NCIT:C4548
NCIT:C202977	NCIT:C202978
NCIT:C202977	NCIT:C202979
NCIT:C202977	NCIT:C202980
NCIT:C202977	NCIT:C202983
NCIT:C202977	NCIT:C216257
NCIT:C202978	NCIT:C202981
NCIT:C202978	NCIT:C202984
NCIT:C202979	NCIT:C202982
NCIT:C202979	NCIT:C202985
NCIT:C202980	NCIT:C202981
NCIT:C202980	NCIT:C202982
NCIT:C202980	NCIT:C216258
NCIT:C202980	NCIT:C46124
NCIT:C202983	NCIT:C202984
NCIT:C202983	NCIT:C202985
NCIT:C202983	NCIT:C216259
NCIT:C202990	NCIT:C173089
NCIT:C202990	NCIT:C202991
NCIT:C202990	NCIT:C202992
NCIT:C202990	NCIT:C202993
NCIT:C202991	NCIT:C202994
NCIT:C202991	NCIT:C202995
NCIT:C202991	NCIT:C203007
NCIT:C202991	NCIT:C203010
NCIT:C202992	NCIT:C202994
NCIT:C202992	NCIT:C202996
NCIT:C202993	NCIT:C202995
NCIT:C202993	NCIT:C202997
NCIT:C202994	NCIT:C203008
NCIT:C202994	NCIT:C203011
NCIT:C202995	NCIT:C203009
NCIT:C202995	NCIT:C203012
NCIT:C202996	NCIT:C203002
NCIT:C202996	NCIT:C203005
NCIT:C202997	NCIT:C203004
NCIT:C202997	NCIT:C203006
NCIT:C203007	NCIT:C203008
NCIT:C203007	NCIT:C203009
NCIT:C203010	NCIT:C203011
NCIT:C203010	NCIT:C203012
NCIT:C203013	NCIT:C203014
NCIT:C203013	NCIT:C203015
NCIT:C203016	NCIT:C203017
NCIT:C203016	NCIT:C203018
NCIT:C203017	NCIT:C213292
NCIT:C203250	NCIT:C118810
NCIT:C203250	NCIT:C126773
NCIT:C203250	NCIT:C128043
NCIT:C203250	NCIT:C153080
NCIT:C203250	NCIT:C188224
NCIT:C203250	NCIT:C45550
NCIT:C203250	NCIT:C45720
NCIT:C203250	NCIT:C5170
NCIT:C203250	NCIT:C7709
NCIT:C203251	NCIT:C172660
NCIT:C203251	NCIT:C210122
NCIT:C203253	NCIT:C156683
NCIT:C203253	NCIT:C156687
NCIT:C203263	NCIT:C203271
NCIT:C203267	NCIT:C136518
NCIT:C203267	NCIT:C210638
NCIT:C203267	NCIT:C214798
NCIT:C203273	NCIT:C222664
NCIT:C203274	NCIT:C114956
NCIT:C203274	NCIT:C126306
NCIT:C203274	NCIT:C212992
NCIT:C203282	NCIT:C176890
NCIT:C203282	NCIT:C203269
NCIT:C203282	NCIT:C203283
NCIT:C203282	NCIT:C206427
NCIT:C203284	NCIT:C203270
NCIT:C203285	NCIT:C126306
NCIT:C203285	NCIT:C136517
NCIT:C203285	NCIT:C142861
NCIT:C203285	NCIT:C142862
NCIT:C203285	NCIT:C160737
NCIT:C203285	NCIT:C167081
NCIT:C203285	NCIT:C167082
NCIT:C203285	NCIT:C182018
NCIT:C203285	NCIT:C203267
NCIT:C203285	NCIT:C203273
NCIT:C203286	NCIT:C176890
NCIT:C203286	NCIT:C203263
NCIT:C203286	NCIT:C203272
NCIT:C203286	NCIT:C203284
NCIT:C203286	NCIT:C206427
NCIT:C203302	NCIT:C160914
NCIT:C203302	NCIT:C180338
NCIT:C203302	NCIT:C180397
NCIT:C203302	NCIT:C180398
NCIT:C203302	NCIT:C180400
NCIT:C203309	NCIT:C148076
NCIT:C203309	NCIT:C163006
NCIT:C203309	NCIT:C176889
NCIT:C203309	NCIT:C203308
NCIT:C203309	NCIT:C203310
NCIT:C203310	NCIT:C206431
NCIT:C203313	NCIT:C208362
NCIT:C203314	NCIT:C208364
NCIT:C203331	NCIT:C158751
NCIT:C203331	NCIT:C165491
NCIT:C203331	NCIT:C186284
NCIT:C203331	NCIT:C187160
NCIT:C203331	NCIT:C187161
NCIT:C203331	NCIT:C190676
NCIT:C203331	NCIT:C203700
NCIT:C203331	NCIT:C210995
NCIT:C203331	NCIT:C210996
NCIT:C203331	NCIT:C222696
NCIT:C203369	NCIT:C136519
NCIT:C203369	NCIT:C146734
NCIT:C203369	NCIT:C211971
NCIT:C203369	NCIT:C222244
NCIT:C203370	NCIT:C62194
NCIT:C203381	NCIT:C153806
NCIT:C203381	NCIT:C153807
NCIT:C203384	NCIT:C170977
NCIT:C203384	NCIT:C6761
NCIT:C203385	NCIT:C176697
NCIT:C203385	NCIT:C60639
NCIT:C203386	NCIT:C203392
NCIT:C203386	NCIT:C5501
NCIT:C203387	NCIT:C203391
NCIT:C203387	NCIT:C6427
NCIT:C203388	NCIT:C203393
NCIT:C203388	NCIT:C6428
NCIT:C203389	NCIT:C188043
NCIT:C203389	NCIT:C203394
NCIT:C203390	NCIT:C203395
NCIT:C203390	NCIT:C6426
NCIT:C203406	NCIT:C203407
NCIT:C203422	NCIT:C34792
NCIT:C203422	NCIT:C9294
NCIT:C203443	NCIT:C223036
NCIT:C203443	NCIT:C223037
NCIT:C203448	NCIT:C129035
NCIT:C203448	NCIT:C176617
NCIT:C203448	NCIT:C203436
NCIT:C203448	NCIT:C207809
NCIT:C203448	NCIT:C3991
NCIT:C203448	NCIT:C98995
NCIT:C203448	NCIT:C99110
NCIT:C203453	NCIT:C176606
NCIT:C203453	NCIT:C176607
NCIT:C203453	NCIT:C212080
NCIT:C203453	NCIT:C212081
NCIT:C203455	NCIT:C3962
NCIT:C203469	NCIT:C199171
NCIT:C203469	NCIT:C203426
NCIT:C203469	NCIT:C203428
NCIT:C203469	NCIT:C203431
NCIT:C203469	NCIT:C203432
NCIT:C203469	NCIT:C203433
NCIT:C203469	NCIT:C203434
NCIT:C203469	NCIT:C203435
NCIT:C203511	NCIT:C203513
NCIT:C203515	NCIT:C154322
NCIT:C203515	NCIT:C165563
NCIT:C203526	NCIT:C203513
NCIT:C203667	NCIT:C138027
NCIT:C203669	NCIT:C138028
NCIT:C203673	NCIT:C203675
NCIT:C203673	NCIT:C3513
NCIT:C203675	NCIT:C126324
NCIT:C203675	NCIT:C206533
NCIT:C203675	NCIT:C206534
NCIT:C203675	NCIT:C210258
NCIT:C203675	NCIT:C210424
NCIT:C203675	NCIT:C9296
NCIT:C203948	NCIT:C203949
NCIT:C204036	NCIT:C156489
NCIT:C204036	NCIT:C179418
NCIT:C204036	NCIT:C190711
NCIT:C204036	NCIT:C203252
NCIT:C204037	NCIT:C115245
NCIT:C204037	NCIT:C156488
NCIT:C204037	NCIT:C167329
NCIT:C204037	NCIT:C179415
NCIT:C204037	NCIT:C192769
NCIT:C204037	NCIT:C204036
NCIT:C204037	NCIT:C204038
NCIT:C204037	NCIT:C210713
NCIT:C204038	NCIT:C167324
NCIT:C204038	NCIT:C167330
NCIT:C204038	NCIT:C187332
NCIT:C204038	NCIT:C187341
NCIT:C204038	NCIT:C192773
NCIT:C204038	NCIT:C210714
NCIT:C204124	NCIT:C131873
NCIT:C204124	NCIT:C142811
NCIT:C204124	NCIT:C142882
NCIT:C204124	NCIT:C151976
NCIT:C204124	NCIT:C158081
NCIT:C204124	NCIT:C171065
NCIT:C204124	NCIT:C193418
NCIT:C204124	NCIT:C193436
NCIT:C204124	NCIT:C223943
NCIT:C204124	NCIT:C7025
NCIT:C204124	NCIT:C7259
NCIT:C204124	NCIT:C8841
NCIT:C204126	NCIT:C142812
NCIT:C204126	NCIT:C151977
NCIT:C204126	NCIT:C157697
NCIT:C204126	NCIT:C171064
NCIT:C204126	NCIT:C172282
NCIT:C204126	NCIT:C223945
NCIT:C204126	NCIT:C7024
NCIT:C204126	NCIT:C7260
NCIT:C204126	NCIT:C8030
NCIT:C204126	NCIT:C8842
NCIT:C204514	NCIT:C204516
NCIT:C204514	NCIT:C213091
NCIT:C204514	NCIT:C7576
NCIT:C204739	NCIT:C204740
NCIT:C204739	NCIT:C204741
NCIT:C204740	NCIT:C204755
NCIT:C204740	NCIT:C204756
NCIT:C204790	NCIT:C136825
NCIT:C204790	NCIT:C165497
NCIT:C204790	NCIT:C27007
NCIT:C204840	NCIT:C9152
NCIT:C204864	NCIT:C165659
NCIT:C204865	NCIT:C204866
NCIT:C204865	NCIT:C204868
NCIT:C204883	NCIT:C204887
NCIT:C204883	NCIT:C204888
NCIT:C204883	NCIT:C204889
NCIT:C204883	NCIT:C212032
NCIT:C204883	NCIT:C213771
NCIT:C204883	NCIT:C214951
NCIT:C204883	NCIT:C4022
NCIT:C204907	NCIT:C186731
NCIT:C204907	NCIT:C7578
NCIT:C204910	NCIT:C204911
NCIT:C204977	NCIT:C100054
NCIT:C204977	NCIT:C213097
NCIT:C204977	NCIT:C4550
NCIT:C204980	NCIT:C204981
NCIT:C204982	NCIT:C204984
NCIT:C204985	NCIT:C204986
NCIT:C205057	NCIT:C174502
NCIT:C205057	NCIT:C7712
NCIT:C205069	NCIT:C6890
NCIT:C205069	NCIT:C6891
NCIT:C205125	NCIT:C166405
NCIT:C205125	NCIT:C205127
NCIT:C205125	NCIT:C213200
NCIT:C205125	NCIT:C4225
NCIT:C205187	NCIT:C187374
NCIT:C205187	NCIT:C205188
NCIT:C205286	NCIT:C170772
NCIT:C205286	NCIT:C213363
NCIT:C205290	NCIT:C214793
NCIT:C205298	NCIT:C222802
NCIT:C205307	NCIT:C215160
NCIT:C205311	NCIT:C198615
NCIT:C205361	NCIT:C223010
NCIT:C205462	NCIT:C205476
NCIT:C205541	NCIT:C205363
NCIT:C205541	NCIT:C205364
NCIT:C205541	NCIT:C43352
NCIT:C205619	NCIT:C217136
NCIT:C205621	NCIT:C205616
NCIT:C205621	NCIT:C205618
NCIT:C205621	NCIT:C205619
NCIT:C205621	NCIT:C217138
NCIT:C205621	NCIT:C217139
NCIT:C205628	NCIT:C165484
NCIT:C205628	NCIT:C205629
NCIT:C205628	NCIT:C205630
NCIT:C205629	NCIT:C165489
NCIT:C205633	NCIT:C219925
NCIT:C206077	NCIT:C165501
NCIT:C206077	NCIT:C165673
NCIT:C206077	NCIT:C168564
NCIT:C206077	NCIT:C168585
NCIT:C206077	NCIT:C206070
NCIT:C206079	NCIT:C43333
NCIT:C206080	NCIT:C206079
NCIT:C206080	NCIT:C27526
NCIT:C206080	NCIT:C43331
NCIT:C206080	NCIT:C4470
NCIT:C206081	NCIT:C5563
NCIT:C206081	NCIT:C5564
NCIT:C206118	NCIT:C167193
NCIT:C206121	NCIT:C206122
NCIT:C206121	NCIT:C206124
NCIT:C206121	NCIT:C206125
NCIT:C206153	NCIT:C206155
NCIT:C206153	NCIT:C206156
NCIT:C206153	NCIT:C206163
NCIT:C206153	NCIT:C206170
NCIT:C206153	NCIT:C206174
NCIT:C206153	NCIT:C206179
NCIT:C206156	NCIT:C206158
NCIT:C206156	NCIT:C206181
NCIT:C206156	NCIT:C206182
NCIT:C206156	NCIT:C206183
NCIT:C206170	NCIT:C206171
NCIT:C206174	NCIT:C206175
NCIT:C206174	NCIT:C206176
NCIT:C206174	NCIT:C206177
NCIT:C206179	NCIT:C206180
NCIT:C206192	NCIT:C128045
NCIT:C206192	NCIT:C180878
NCIT:C206192	NCIT:C206195
NCIT:C206192	NCIT:C206197
NCIT:C206192	NCIT:C206198
NCIT:C206192	NCIT:C206203
NCIT:C206192	NCIT:C40213
NCIT:C206192	NCIT:C4029
NCIT:C206192	NCIT:C6345
NCIT:C206192	NCIT:C6346
NCIT:C206195	NCIT:C153389
NCIT:C206195	NCIT:C206199
NCIT:C206195	NCIT:C206200
NCIT:C206197	NCIT:C136651
NCIT:C206198	NCIT:C181036
NCIT:C206199	NCIT:C156304
NCIT:C206200	NCIT:C156297
NCIT:C206203	NCIT:C174029
NCIT:C206204	NCIT:C225329
NCIT:C206204	NCIT:C5630
NCIT:C206204	NCIT:C7137
NCIT:C206206	NCIT:C200513
NCIT:C206206	NCIT:C206207
NCIT:C206206	NCIT:C7203
NCIT:C206207	NCIT:C206208
NCIT:C206212	NCIT:C203949
NCIT:C206212	NCIT:C40205
NCIT:C206216	NCIT:C128094
NCIT:C206216	NCIT:C128095
NCIT:C206216	NCIT:C7832
NCIT:C206217	NCIT:C206218
NCIT:C206217	NCIT:C206219
NCIT:C206217	NCIT:C206220
NCIT:C206217	NCIT:C206221
NCIT:C206217	NCIT:C206222
NCIT:C206218	NCIT:C206223
NCIT:C206218	NCIT:C206224
NCIT:C206219	NCIT:C206223
NCIT:C206219	NCIT:C206225
NCIT:C206219	NCIT:C206226
NCIT:C206219	NCIT:C206227
NCIT:C206219	NCIT:C206228
NCIT:C206219	NCIT:C206229
NCIT:C206220	NCIT:C206230
NCIT:C206220	NCIT:C206231
NCIT:C206220	NCIT:C206232
NCIT:C206221	NCIT:C206233
NCIT:C206221	NCIT:C206236
NCIT:C206221	NCIT:C206239
NCIT:C206222	NCIT:C206246
NCIT:C206222	NCIT:C206247
NCIT:C206222	NCIT:C206248
NCIT:C206232	NCIT:C206224
NCIT:C206233	NCIT:C206234
NCIT:C206233	NCIT:C206235
NCIT:C206236	NCIT:C206237
NCIT:C206236	NCIT:C206238
NCIT:C206239	NCIT:C206240
NCIT:C206239	NCIT:C206243
NCIT:C206240	NCIT:C206241
NCIT:C206240	NCIT:C206242
NCIT:C206243	NCIT:C206244
NCIT:C206243	NCIT:C206245
NCIT:C206249	NCIT:C128082
NCIT:C206249	NCIT:C128083
NCIT:C206249	NCIT:C128084
NCIT:C206249	NCIT:C5222
NCIT:C206275	NCIT:C180515
NCIT:C206275	NCIT:C206224
NCIT:C206276	NCIT:C180514
NCIT:C206277	NCIT:C180512
NCIT:C206277	NCIT:C206223
NCIT:C206278	NCIT:C206275
NCIT:C206278	NCIT:C206276
NCIT:C206278	NCIT:C206277
NCIT:C206289	NCIT:C206287
NCIT:C206289	NCIT:C206290
NCIT:C206292	NCIT:C206293
NCIT:C206292	NCIT:C7622
NCIT:C206292	NCIT:C7839
NCIT:C206292	NCIT:C8643
NCIT:C206292	NCIT:C9263
NCIT:C206292	NCIT:C9354
NCIT:C206293	NCIT:C150132
NCIT:C206293	NCIT:C153160
NCIT:C206293	NCIT:C8680
NCIT:C206305	NCIT:C185044
NCIT:C206305	NCIT:C199391
NCIT:C206305	NCIT:C6858
NCIT:C206305	NCIT:C7230
NCIT:C206326	NCIT:C206338
NCIT:C206326	NCIT:C206350
NCIT:C206326	NCIT:C206352
NCIT:C206326	NCIT:C206354
NCIT:C206326	NCIT:C206355
NCIT:C206326	NCIT:C206356
NCIT:C206326	NCIT:C206365
NCIT:C206389	NCIT:C206388
NCIT:C206428	NCIT:C166156
NCIT:C206428	NCIT:C206429
NCIT:C206431	NCIT:C176890
NCIT:C206431	NCIT:C203263
NCIT:C206431	NCIT:C203272
NCIT:C206431	NCIT:C206427
NCIT:C206436	NCIT:C206437
NCIT:C206475	NCIT:C206476
NCIT:C206475	NCIT:C206477
NCIT:C206533	NCIT:C150578
NCIT:C206533	NCIT:C180885
NCIT:C206534	NCIT:C150577
NCIT:C206534	NCIT:C210257
NCIT:C206544	NCIT:C97141
NCIT:C206545	NCIT:C197844
NCIT:C206545	NCIT:C220060
NCIT:C206547	NCIT:C121572
NCIT:C206547	NCIT:C85042
NCIT:C206690	NCIT:C172207
NCIT:C206690	NCIT:C172208
NCIT:C206690	NCIT:C172209
NCIT:C206692	NCIT:C140671
NCIT:C206692	NCIT:C147113
NCIT:C206716	NCIT:C8231
NCIT:C206717	NCIT:C206718
NCIT:C207028	NCIT:C207032
NCIT:C207030	NCIT:C207032
NCIT:C207041	NCIT:C5350
NCIT:C207051	NCIT:C207052
NCIT:C207051	NCIT:C207053
NCIT:C207060	NCIT:C153347
NCIT:C207060	NCIT:C155818
NCIT:C207060	NCIT:C199462
NCIT:C207061	NCIT:C158381
NCIT:C207061	NCIT:C207056
NCIT:C207061	NCIT:C207057
NCIT:C207076	NCIT:C190954
NCIT:C207229	NCIT:C134902
NCIT:C207229	NCIT:C134909
NCIT:C207229	NCIT:C142808
NCIT:C207229	NCIT:C156069
NCIT:C207229	NCIT:C3770
NCIT:C207229	NCIT:C3850
NCIT:C207229	NCIT:C43298
NCIT:C207229	NCIT:C45843
NCIT:C207229	NCIT:C5018
NCIT:C207229	NCIT:C5099
NCIT:C207229	NCIT:C7626
NCIT:C207262	NCIT:C4370
NCIT:C207662	NCIT:C207664
NCIT:C207662	NCIT:C207688
NCIT:C207662	NCIT:C207689
NCIT:C207662	NCIT:C207693
NCIT:C207664	NCIT:C207686
NCIT:C207664	NCIT:C207687
NCIT:C207689	NCIT:C207690
NCIT:C207689	NCIT:C207691
NCIT:C207689	NCIT:C207692
NCIT:C207693	NCIT:C207694
NCIT:C207693	NCIT:C207695
NCIT:C207705	NCIT:C207706
NCIT:C207705	NCIT:C207707
NCIT:C207705	NCIT:C207708
NCIT:C207705	NCIT:C207709
NCIT:C207705	NCIT:C207713
NCIT:C207705	NCIT:C207717
NCIT:C207709	NCIT:C207710
NCIT:C207709	NCIT:C207711
NCIT:C207709	NCIT:C207712
NCIT:C207713	NCIT:C207714
NCIT:C207713	NCIT:C207715
NCIT:C207713	NCIT:C207716
NCIT:C207717	NCIT:C207718
NCIT:C207717	NCIT:C207719
NCIT:C207717	NCIT:C207720
NCIT:C207789	NCIT:C207790
NCIT:C207789	NCIT:C207791
NCIT:C207789	NCIT:C207794
NCIT:C207789	NCIT:C207798
NCIT:C207791	NCIT:C207792
NCIT:C207791	NCIT:C207793
NCIT:C207794	NCIT:C207795
NCIT:C207794	NCIT:C207796
NCIT:C207794	NCIT:C207797
NCIT:C207803	NCIT:C173414
NCIT:C207803	NCIT:C207804
NCIT:C207847	NCIT:C207848
NCIT:C207847	NCIT:C207849
NCIT:C207847	NCIT:C207850
NCIT:C207847	NCIT:C207851
NCIT:C207847	NCIT:C207853
NCIT:C207847	NCIT:C207858
NCIT:C207848	NCIT:C207854
NCIT:C207848	NCIT:C207859
NCIT:C207849	NCIT:C207855
NCIT:C207849	NCIT:C207860
NCIT:C207850	NCIT:C207856
NCIT:C207850	NCIT:C207861
NCIT:C207851	NCIT:C207857
NCIT:C207851	NCIT:C207862
NCIT:C207852	NCIT:C135080
NCIT:C207852	NCIT:C207847
NCIT:C207852	NCIT:C95981
NCIT:C207853	NCIT:C207854
NCIT:C207853	NCIT:C207855
NCIT:C207853	NCIT:C207856
NCIT:C207853	NCIT:C207857
NCIT:C207858	NCIT:C207859
NCIT:C207858	NCIT:C207860
NCIT:C207858	NCIT:C207861
NCIT:C207858	NCIT:C207862
NCIT:C207863	NCIT:C156687
NCIT:C207863	NCIT:C171329
NCIT:C207999	NCIT:C208000
NCIT:C207999	NCIT:C208001
NCIT:C207999	NCIT:C208002
NCIT:C207999	NCIT:C208003
NCIT:C208025	NCIT:C213331
NCIT:C208025	NCIT:C213336
NCIT:C208025	NCIT:C213337
NCIT:C208025	NCIT:C213913
NCIT:C208025	NCIT:C36077
NCIT:C208025	NCIT:C7976
NCIT:C208026	NCIT:C223558
NCIT:C208090	NCIT:C208091
NCIT:C208090	NCIT:C208092
NCIT:C208090	NCIT:C208093
NCIT:C208090	NCIT:C208096
NCIT:C208090	NCIT:C208105
NCIT:C208090	NCIT:C208114
NCIT:C208091	NCIT:C208094
NCIT:C208091	NCIT:C208097
NCIT:C208091	NCIT:C208106
NCIT:C208091	NCIT:C208115
NCIT:C208092	NCIT:C208095
NCIT:C208092	NCIT:C208098
NCIT:C208092	NCIT:C208107
NCIT:C208092	NCIT:C208116
NCIT:C208093	NCIT:C208094
NCIT:C208093	NCIT:C208095
NCIT:C208096	NCIT:C208097
NCIT:C208096	NCIT:C208098
NCIT:C208096	NCIT:C208099
NCIT:C208096	NCIT:C208102
NCIT:C208097	NCIT:C208100
NCIT:C208097	NCIT:C208103
NCIT:C208098	NCIT:C208101
NCIT:C208098	NCIT:C208104
NCIT:C208099	NCIT:C208100
NCIT:C208099	NCIT:C208101
NCIT:C208102	NCIT:C208103
NCIT:C208102	NCIT:C208104
NCIT:C208105	NCIT:C208106
NCIT:C208105	NCIT:C208107
NCIT:C208105	NCIT:C208108
NCIT:C208105	NCIT:C208111
NCIT:C208106	NCIT:C208109
NCIT:C208106	NCIT:C208112
NCIT:C208107	NCIT:C208110
NCIT:C208107	NCIT:C208113
NCIT:C208108	NCIT:C208109
NCIT:C208108	NCIT:C208110
NCIT:C208111	NCIT:C208112
NCIT:C208111	NCIT:C208113
NCIT:C208114	NCIT:C208115
NCIT:C208114	NCIT:C208116
NCIT:C208152	NCIT:C135090
NCIT:C208152	NCIT:C135092
NCIT:C208152	NCIT:C208153
NCIT:C208153	NCIT:C208154
NCIT:C208153	NCIT:C208155
NCIT:C208153	NCIT:C208156
NCIT:C208153	NCIT:C208159
NCIT:C208153	NCIT:C208162
NCIT:C208153	NCIT:C208165
NCIT:C208154	NCIT:C208157
NCIT:C208154	NCIT:C208158
NCIT:C208155	NCIT:C208157
NCIT:C208155	NCIT:C208160
NCIT:C208155	NCIT:C208163
NCIT:C208155	NCIT:C208166
NCIT:C208156	NCIT:C208158
NCIT:C208156	NCIT:C208161
NCIT:C208156	NCIT:C208164
NCIT:C208156	NCIT:C208167
NCIT:C208159	NCIT:C208160
NCIT:C208159	NCIT:C208161
NCIT:C208162	NCIT:C208163
NCIT:C208162	NCIT:C208164
NCIT:C208165	NCIT:C208166
NCIT:C208165	NCIT:C208167
NCIT:C208221	NCIT:C208222
NCIT:C208221	NCIT:C208223
NCIT:C208221	NCIT:C208224
NCIT:C208221	NCIT:C208225
NCIT:C208228	NCIT:C199387
NCIT:C208289	NCIT:C208290
NCIT:C208289	NCIT:C219665
NCIT:C208290	NCIT:C208274
NCIT:C208291	NCIT:C173334
NCIT:C208293	NCIT:C9431
NCIT:C208295	NCIT:C153575
NCIT:C208295	NCIT:C169102
NCIT:C208295	NCIT:C223144
NCIT:C208295	NCIT:C7793
NCIT:C208301	NCIT:C208302
NCIT:C208301	NCIT:C208303
NCIT:C208301	NCIT:C208304
NCIT:C208301	NCIT:C208305
NCIT:C208306	NCIT:C114973
NCIT:C208306	NCIT:C124293
NCIT:C208306	NCIT:C222241
NCIT:C208306	NCIT:C222245
NCIT:C208306	NCIT:C5447
NCIT:C208306	NCIT:C6215
NCIT:C208308	NCIT:C188926
NCIT:C208308	NCIT:C210640
NCIT:C208308	NCIT:C215204
NCIT:C208308	NCIT:C222242
NCIT:C208308	NCIT:C222244
NCIT:C208308	NCIT:C5136
NCIT:C208312	NCIT:C3154
NCIT:C208312	NCIT:C34646
NCIT:C208312	NCIT:C84720
NCIT:C208332	NCIT:C131506
NCIT:C208332	NCIT:C190283
NCIT:C208332	NCIT:C190284
NCIT:C208332	NCIT:C40330
NCIT:C208352	NCIT:C208353
NCIT:C208352	NCIT:C208354
NCIT:C208352	NCIT:C208355
NCIT:C208352	NCIT:C27756
NCIT:C208352	NCIT:C27757
NCIT:C208352	NCIT:C3182
NCIT:C208352	NCIT:C36055
NCIT:C208353	NCIT:C9155
NCIT:C208354	NCIT:C7968
NCIT:C208355	NCIT:C169107
NCIT:C208359	NCIT:C208360
NCIT:C208359	NCIT:C208361
NCIT:C208359	NCIT:C213285
NCIT:C208363	NCIT:C208367
NCIT:C208366	NCIT:C173338
NCIT:C208455	NCIT:C208469
NCIT:C208455	NCIT:C208472
NCIT:C208472	NCIT:C208482
NCIT:C208482	NCIT:C208490
NCIT:C208482	NCIT:C208494
NCIT:C208484	NCIT:C208482
NCIT:C208484	NCIT:C208487
NCIT:C208484	NCIT:C208488
NCIT:C208487	NCIT:C208494
NCIT:C208488	NCIT:C208489
NCIT:C208488	NCIT:C208490
NCIT:C208488	NCIT:C208492
NCIT:C208489	NCIT:C208491
NCIT:C208490	NCIT:C208491
NCIT:C208490	NCIT:C208493
NCIT:C208492	NCIT:C208493
NCIT:C209281	NCIT:C126110
NCIT:C209281	NCIT:C212201
NCIT:C209281	NCIT:C212816
NCIT:C209281	NCIT:C212817
NCIT:C209283	NCIT:C27527
NCIT:C209283	NCIT:C4133
NCIT:C209283	NCIT:C62210
NCIT:C209284	NCIT:C191750
NCIT:C209284	NCIT:C40259
NCIT:C209284	NCIT:C7399
NCIT:C209285	NCIT:C200207
NCIT:C209285	NCIT:C40258
NCIT:C209285	NCIT:C4143
NCIT:C209286	NCIT:C176888
NCIT:C209346	NCIT:C214938
NCIT:C209363	NCIT:C209372
NCIT:C209395	NCIT:C213040
NCIT:C209395	NCIT:C95475
NCIT:C209738	NCIT:C118814
NCIT:C209738	NCIT:C118815
NCIT:C209738	NCIT:C209751
NCIT:C209748	NCIT:C187210
NCIT:C209992	NCIT:C223142
NCIT:C210122	NCIT:C210123
NCIT:C210122	NCIT:C210145
NCIT:C210124	NCIT:C123394
NCIT:C210124	NCIT:C188458
NCIT:C210124	NCIT:C210126
NCIT:C210124	NCIT:C210132
NCIT:C210124	NCIT:C7209
NCIT:C210124	NCIT:C7616
NCIT:C210124	NCIT:C80299
NCIT:C210124	NCIT:C9095
NCIT:C210126	NCIT:C115367
NCIT:C210126	NCIT:C9189
NCIT:C210133	NCIT:C210132
NCIT:C210133	NCIT:C213658
NCIT:C210140	NCIT:C129654
NCIT:C210140	NCIT:C201135
NCIT:C210140	NCIT:C210620
NCIT:C210140	NCIT:C222829
NCIT:C210140	NCIT:C3099
NCIT:C210140	NCIT:C3828
NCIT:C210140	NCIT:C4004
NCIT:C210140	NCIT:C4025
NCIT:C210140	NCIT:C5105
NCIT:C210140	NCIT:C5600
NCIT:C210140	NCIT:C7676
NCIT:C210140	NCIT:C7718
NCIT:C210140	NCIT:C7888
NCIT:C210140	NCIT:C8294
NCIT:C210140	NCIT:C9296
NCIT:C210141	NCIT:C173653
NCIT:C210141	NCIT:C210142
NCIT:C210142	NCIT:C210143
NCIT:C210142	NCIT:C210144
NCIT:C210142	NCIT:C210145
NCIT:C210165	NCIT:C190770
NCIT:C210165	NCIT:C190771
NCIT:C210165	NCIT:C8933
NCIT:C210257	NCIT:C162759
NCIT:C210258	NCIT:C153359
NCIT:C210424	NCIT:C162538
NCIT:C210619	NCIT:C154547
NCIT:C210619	NCIT:C170962
NCIT:C210619	NCIT:C190954
NCIT:C210619	NCIT:C210617
NCIT:C210619	NCIT:C210620
NCIT:C210619	NCIT:C222571
NCIT:C210620	NCIT:C156906
NCIT:C210620	NCIT:C156910
NCIT:C210620	NCIT:C169108
NCIT:C210620	NCIT:C192203
NCIT:C210620	NCIT:C192204
NCIT:C210620	NCIT:C198615
NCIT:C210620	NCIT:C198616
NCIT:C210620	NCIT:C198617
NCIT:C210620	NCIT:C212100
NCIT:C210620	NCIT:C7691
NCIT:C210637	NCIT:C222241
NCIT:C210637	NCIT:C222242
NCIT:C210639	NCIT:C188923
NCIT:C210639	NCIT:C188925
NCIT:C210640	NCIT:C188922
NCIT:C210640	NCIT:C188924
NCIT:C210640	NCIT:C210638
NCIT:C210654	NCIT:C151981
NCIT:C210655	NCIT:C151984
NCIT:C210658	NCIT:C151982
NCIT:C210658	NCIT:C151985
NCIT:C210709	NCIT:C210710
NCIT:C210709	NCIT:C210711
NCIT:C210713	NCIT:C210714
NCIT:C210716	NCIT:C210717
NCIT:C210716	NCIT:C210718
NCIT:C210739	NCIT:C210740
NCIT:C210739	NCIT:C210741
NCIT:C210742	NCIT:C210739
NCIT:C210742	NCIT:C210743
NCIT:C210742	NCIT:C210744
NCIT:C210743	NCIT:C210740
NCIT:C210743	NCIT:C213293
NCIT:C210743	NCIT:C213294
NCIT:C210744	NCIT:C210741
NCIT:C210813	NCIT:C192203
NCIT:C210815	NCIT:C132012
NCIT:C210816	NCIT:C154547
NCIT:C210820	NCIT:C205308
NCIT:C210820	NCIT:C205310
NCIT:C210820	NCIT:C210814
NCIT:C210822	NCIT:C188032
NCIT:C210822	NCIT:C210816
NCIT:C210823	NCIT:C210822
NCIT:C210977	NCIT:C27905
NCIT:C210977	NCIT:C9446
NCIT:C210977	NCIT:C95426
NCIT:C210977	NCIT:C96789
NCIT:C210978	NCIT:C27906
NCIT:C210978	NCIT:C9447
NCIT:C210978	NCIT:C95427
NCIT:C210978	NCIT:C96790
NCIT:C210979	NCIT:C27916
NCIT:C210979	NCIT:C5161
NCIT:C210979	NCIT:C9448
NCIT:C210979	NCIT:C95428
NCIT:C210979	NCIT:C96791
NCIT:C210981	NCIT:C136972
NCIT:C210981	NCIT:C157497
NCIT:C210981	NCIT:C161609
NCIT:C210981	NCIT:C171576
NCIT:C210981	NCIT:C179461
NCIT:C210981	NCIT:C213497
NCIT:C210981	NCIT:C222232
NCIT:C210981	NCIT:C222491
NCIT:C210982	NCIT:C205238
NCIT:C210982	NCIT:C213960
NCIT:C210982	NCIT:C213963
NCIT:C210982	NCIT:C222493
NCIT:C210986	NCIT:C187411
NCIT:C210986	NCIT:C211874
NCIT:C211028	NCIT:C215683
NCIT:C211517	NCIT:C211523
NCIT:C211518	NCIT:C211524
NCIT:C211519	NCIT:C211525
NCIT:C211520	NCIT:C211526
NCIT:C211521	NCIT:C211527
NCIT:C211522	NCIT:C211528
NCIT:C211531	NCIT:C150602
NCIT:C211531	NCIT:C211532
NCIT:C211551	NCIT:C136714
NCIT:C211551	NCIT:C211565
NCIT:C211551	NCIT:C213320
NCIT:C211551	NCIT:C40188
NCIT:C211551	NCIT:C40244
NCIT:C211551	NCIT:C40285
NCIT:C211551	NCIT:C65173
NCIT:C211551	NCIT:C65175
NCIT:C211565	NCIT:C8255
NCIT:C211565	NCIT:C8256
NCIT:C211601	NCIT:C211604
NCIT:C211607	NCIT:C211608
NCIT:C211669	NCIT:C114560
NCIT:C211669	NCIT:C114562
NCIT:C211669	NCIT:C114576
NCIT:C211669	NCIT:C114594
NCIT:C211669	NCIT:C114596
NCIT:C211669	NCIT:C114600
NCIT:C211669	NCIT:C8097
NCIT:C211669	NCIT:C8310
NCIT:C211669	NCIT:C9165
NCIT:C211864	NCIT:C211865
NCIT:C211864	NCIT:C211866
NCIT:C211865	NCIT:C87825
NCIT:C211865	NCIT:C87826
NCIT:C211865	NCIT:C87827
NCIT:C211865	NCIT:C87828
NCIT:C211865	NCIT:C87829
NCIT:C211865	NCIT:C87830
NCIT:C211866	NCIT:C87831
NCIT:C211866	NCIT:C87832
NCIT:C211866	NCIT:C87833
NCIT:C211866	NCIT:C87834
NCIT:C211866	NCIT:C87835
NCIT:C211868	NCIT:C211866
NCIT:C211874	NCIT:C213698
NCIT:C211879	NCIT:C211916
NCIT:C211942	NCIT:C211943
NCIT:C211942	NCIT:C211944
NCIT:C211943	NCIT:C219783
NCIT:C211946	NCIT:C34507
NCIT:C211953	NCIT:C211965
NCIT:C211954	NCIT:C211960
NCIT:C211954	NCIT:C216099
NCIT:C211955	NCIT:C211966
NCIT:C211956	NCIT:C211967
NCIT:C211958	NCIT:C211968
NCIT:C211962	NCIT:C167336
NCIT:C211962	NCIT:C176891
NCIT:C211963	NCIT:C173156
NCIT:C211964	NCIT:C162117
NCIT:C211964	NCIT:C222321
NCIT:C212032	NCIT:C179427
NCIT:C212032	NCIT:C212033
NCIT:C212032	NCIT:C214940
NCIT:C212034	NCIT:C173846
NCIT:C212038	NCIT:C155311
NCIT:C212038	NCIT:C212032
NCIT:C212054	NCIT:C212055
NCIT:C212054	NCIT:C212056
NCIT:C212057	NCIT:C212054
NCIT:C212057	NCIT:C212058
NCIT:C212057	NCIT:C212059
NCIT:C212057	NCIT:C71720
NCIT:C212058	NCIT:C157073
NCIT:C212058	NCIT:C212055
NCIT:C212059	NCIT:C157074
NCIT:C212059	NCIT:C212056
NCIT:C212063	NCIT:C138019
NCIT:C212063	NCIT:C138020
NCIT:C212063	NCIT:C212064
NCIT:C212063	NCIT:C5157
NCIT:C212063	NCIT:C7611
NCIT:C212063	NCIT:C87797
NCIT:C212063	NCIT:C9301
NCIT:C212063	NCIT:C94756
NCIT:C212064	NCIT:C114779
NCIT:C212064	NCIT:C114950
NCIT:C212064	NCIT:C146989
NCIT:C212064	NCIT:C146990
NCIT:C212064	NCIT:C212057
NCIT:C212064	NCIT:C7609
NCIT:C212068	NCIT:C157068
NCIT:C212068	NCIT:C157073
NCIT:C212069	NCIT:C157069
NCIT:C212069	NCIT:C157074
NCIT:C212070	NCIT:C212071
NCIT:C212070	NCIT:C212072
NCIT:C212072	NCIT:C95991
NCIT:C212100	NCIT:C208027
NCIT:C212100	NCIT:C212108
NCIT:C212117	NCIT:C3032
NCIT:C212117	NCIT:C40016
NCIT:C212117	NCIT:C40133
NCIT:C212117	NCIT:C40141
NCIT:C212117	NCIT:C4984
NCIT:C212119	NCIT:C212117
NCIT:C212119	NCIT:C213011
NCIT:C212119	NCIT:C4463
NCIT:C212181	NCIT:C212185
NCIT:C212201	NCIT:C126111
NCIT:C212201	NCIT:C212194
NCIT:C212201	NCIT:C212195
NCIT:C212202	NCIT:C122624
NCIT:C212202	NCIT:C187449
NCIT:C212202	NCIT:C212817
NCIT:C212203	NCIT:C212816
NCIT:C212203	NCIT:C7784
NCIT:C212203	NCIT:C9068
NCIT:C212205	NCIT:C212206
NCIT:C212205	NCIT:C25771
NCIT:C212206	NCIT:C187316
NCIT:C212210	NCIT:C206206
NCIT:C212210	NCIT:C212211
NCIT:C212210	NCIT:C212212
NCIT:C212210	NCIT:C213903
NCIT:C212210	NCIT:C213904
NCIT:C212210	NCIT:C27349
NCIT:C212210	NCIT:C6921
NCIT:C212210	NCIT:C81758
NCIT:C212210	NCIT:C9281
NCIT:C212210	NCIT:C9282
NCIT:C212211	NCIT:C156103
NCIT:C212211	NCIT:C212190
NCIT:C212211	NCIT:C212197
NCIT:C212211	NCIT:C212198
NCIT:C212212	NCIT:C156104
NCIT:C212212	NCIT:C212191
NCIT:C212212	NCIT:C212199
NCIT:C212212	NCIT:C212200
NCIT:C212215	NCIT:C221747
NCIT:C212816	NCIT:C212194
NCIT:C212817	NCIT:C212195
NCIT:C212819	NCIT:C191749
NCIT:C212819	NCIT:C191751
NCIT:C212819	NCIT:C212820
NCIT:C212820	NCIT:C157759
NCIT:C212820	NCIT:C4031
NCIT:C212820	NCIT:C4032
NCIT:C212871	NCIT:C128167
NCIT:C212871	NCIT:C174390
NCIT:C212871	NCIT:C3146
NCIT:C212894	NCIT:C220569
NCIT:C212894	NCIT:C220571
NCIT:C212896	NCIT:C156910
NCIT:C212896	NCIT:C212898
NCIT:C212896	NCIT:C8640
NCIT:C212898	NCIT:C198617
NCIT:C212968	NCIT:C212969
NCIT:C212968	NCIT:C212970
NCIT:C212971	NCIT:C212972
NCIT:C212971	NCIT:C212973
NCIT:C212974	NCIT:C212975
NCIT:C212974	NCIT:C212976
NCIT:C212983	NCIT:C218459
NCIT:C212992	NCIT:C136517
NCIT:C212992	NCIT:C160904
NCIT:C212992	NCIT:C176464
NCIT:C212992	NCIT:C188127
NCIT:C212992	NCIT:C212994
NCIT:C212994	NCIT:C115356
NCIT:C212994	NCIT:C115360
NCIT:C212994	NCIT:C115372
NCIT:C212994	NCIT:C115373
NCIT:C212994	NCIT:C115375
NCIT:C212994	NCIT:C115380
NCIT:C212994	NCIT:C6217
NCIT:C212994	NCIT:C7530
NCIT:C212994	NCIT:C8389
NCIT:C212994	NCIT:C9191
NCIT:C213011	NCIT:C216959
NCIT:C213011	NCIT:C216960
NCIT:C213011	NCIT:C2961
NCIT:C213011	NCIT:C3031
NCIT:C213011	NCIT:C5102
NCIT:C213012	NCIT:C114358
NCIT:C213012	NCIT:C27576
NCIT:C213037	NCIT:C213038
NCIT:C213038	NCIT:C219532
NCIT:C213043	NCIT:C9181
NCIT:C213048	NCIT:C156068
NCIT:C213048	NCIT:C172450
NCIT:C213048	NCIT:C190009
NCIT:C213048	NCIT:C223987
NCIT:C213094	NCIT:C213098
NCIT:C213094	NCIT:C213099
NCIT:C213097	NCIT:C213091
NCIT:C213097	NCIT:C213094
NCIT:C213097	NCIT:C4551
NCIT:C213114	NCIT:C174418
NCIT:C213114	NCIT:C3901
NCIT:C213115	NCIT:C204978
NCIT:C213115	NCIT:C4226
NCIT:C213118	NCIT:C174493
NCIT:C213118	NCIT:C27007
NCIT:C213118	NCIT:C66757
NCIT:C213118	NCIT:C66758
NCIT:C213152	NCIT:C118808
NCIT:C213152	NCIT:C118826
NCIT:C213156	NCIT:C124270
NCIT:C213156	NCIT:C124271
NCIT:C213198	NCIT:C3694
NCIT:C213198	NCIT:C40334
NCIT:C213199	NCIT:C174416
NCIT:C213199	NCIT:C4231
NCIT:C213275	NCIT:C153227
NCIT:C213275	NCIT:C161587
NCIT:C213275	NCIT:C213314
NCIT:C213276	NCIT:C213277
NCIT:C213276	NCIT:C213369
NCIT:C213276	NCIT:C213371
NCIT:C213278	NCIT:C213277
NCIT:C213279	NCIT:C213278
NCIT:C213279	NCIT:C216210
NCIT:C213279	NCIT:C216212
NCIT:C213280	NCIT:C3153
NCIT:C213281	NCIT:C39899
NCIT:C213284	NCIT:C213274
NCIT:C213284	NCIT:C213283
NCIT:C213284	NCIT:C213285
NCIT:C213286	NCIT:C213283
NCIT:C213287	NCIT:C213274
NCIT:C213295	NCIT:C213297
NCIT:C213296	NCIT:C191686
NCIT:C213296	NCIT:C222753
NCIT:C213296	NCIT:C65181
NCIT:C213296	NCIT:C7383
NCIT:C213297	NCIT:C5917
NCIT:C213297	NCIT:C8176
NCIT:C213305	NCIT:C213306
NCIT:C213307	NCIT:C6035
NCIT:C213307	NCIT:C6036
NCIT:C213312	NCIT:C213313
NCIT:C213312	NCIT:C222827
NCIT:C213312	NCIT:C222828
NCIT:C213314	NCIT:C157452
NCIT:C213315	NCIT:C213316
NCIT:C213319	NCIT:C201907
NCIT:C213320	NCIT:C175335
NCIT:C213320	NCIT:C213319
NCIT:C213320	NCIT:C54287
NCIT:C213320	NCIT:C7373
NCIT:C213323	NCIT:C213322
NCIT:C213326	NCIT:C213327
NCIT:C213331	NCIT:C172241
NCIT:C213331	NCIT:C185068
NCIT:C213332	NCIT:C213330
NCIT:C213332	NCIT:C87055
NCIT:C213333	NCIT:C133252
NCIT:C213333	NCIT:C160978
NCIT:C213333	NCIT:C213334
NCIT:C213333	NCIT:C6078
NCIT:C213333	NCIT:C6081
NCIT:C213334	NCIT:C181159
NCIT:C213334	NCIT:C6082
NCIT:C213334	NCIT:C8014
NCIT:C213336	NCIT:C181966
NCIT:C213337	NCIT:C172242
NCIT:C213337	NCIT:C185069
NCIT:C213337	NCIT:C213338
NCIT:C213337	NCIT:C213912
NCIT:C213338	NCIT:C176888
NCIT:C213338	NCIT:C185070
NCIT:C213340	NCIT:C213345
NCIT:C213341	NCIT:C170978
NCIT:C213341	NCIT:C213340
NCIT:C213341	NCIT:C213343
NCIT:C213342	NCIT:C213343
NCIT:C213344	NCIT:C213345
NCIT:C213348	NCIT:C202264
NCIT:C213351	NCIT:C198186
NCIT:C213352	NCIT:C212068
NCIT:C213353	NCIT:C212069
NCIT:C213363	NCIT:C158382
NCIT:C213363	NCIT:C213362
NCIT:C213363	NCIT:C37266
NCIT:C213363	NCIT:C6188
NCIT:C213364	NCIT:C54400
NCIT:C213367	NCIT:C133501
NCIT:C213367	NCIT:C133503
NCIT:C213367	NCIT:C213368
NCIT:C213369	NCIT:C213370
NCIT:C213371	NCIT:C213370
NCIT:C213372	NCIT:C194076
NCIT:C213376	NCIT:C213377
NCIT:C213418	NCIT:C116794
NCIT:C213418	NCIT:C116801
NCIT:C213418	NCIT:C2986
NCIT:C213418	NCIT:C3201
NCIT:C213418	NCIT:C34649
NCIT:C213418	NCIT:C34995
NCIT:C213418	NCIT:C72070
NCIT:C213423	NCIT:C213425
NCIT:C213423	NCIT:C214945
NCIT:C213424	NCIT:C213426
NCIT:C213424	NCIT:C214946
NCIT:C213429	NCIT:C213430
NCIT:C213446	NCIT:C105555
NCIT:C213446	NCIT:C126353
NCIT:C213446	NCIT:C126456
NCIT:C213448	NCIT:C105556
NCIT:C213448	NCIT:C126354
NCIT:C213452	NCIT:C161022
NCIT:C213452	NCIT:C215835
NCIT:C213452	NCIT:C2924
NCIT:C213452	NCIT:C62192
NCIT:C213477	NCIT:C173807
NCIT:C213477	NCIT:C213478
NCIT:C213477	NCIT:C35737
NCIT:C213477	NCIT:C54338
NCIT:C213479	NCIT:C213480
NCIT:C213479	NCIT:C213481
NCIT:C213485	NCIT:C170827
NCIT:C213485	NCIT:C213483
NCIT:C213485	NCIT:C213484
NCIT:C213485	NCIT:C213486
NCIT:C213488	NCIT:C213482
NCIT:C213488	NCIT:C213487
NCIT:C213488	NCIT:C4926
NCIT:C213510	NCIT:C213511
NCIT:C213540	NCIT:C213544
NCIT:C213540	NCIT:C213545
NCIT:C213546	NCIT:C213547
NCIT:C213548	NCIT:C213549
NCIT:C213582	NCIT:C213583
NCIT:C213584	NCIT:C213586
NCIT:C213587	NCIT:C213588
NCIT:C213591	NCIT:C213592
NCIT:C213595	NCIT:C118189
NCIT:C213595	NCIT:C34959
NCIT:C213595	NCIT:C94337
NCIT:C213595	NCIT:C94338
NCIT:C213595	NCIT:C94339
NCIT:C213595	NCIT:C94349
NCIT:C213595	NCIT:C94350
NCIT:C213595	NCIT:C94352
NCIT:C213595	NCIT:C94353
NCIT:C213595	NCIT:C94354
NCIT:C213595	NCIT:C94355
NCIT:C213595	NCIT:C94356
NCIT:C213595	NCIT:C94358
NCIT:C213595	NCIT:C94359
NCIT:C213595	NCIT:C94360
NCIT:C213598	NCIT:C213597
NCIT:C213598	NCIT:C96851
NCIT:C213627	NCIT:C213629
NCIT:C213627	NCIT:C213632
NCIT:C213629	NCIT:C213630
NCIT:C213630	NCIT:C213631
NCIT:C213651	NCIT:C213652
NCIT:C213651	NCIT:C213657
NCIT:C213651	NCIT:C213662
NCIT:C213651	NCIT:C213672
NCIT:C213651	NCIT:C213696
NCIT:C213652	NCIT:C213673
NCIT:C213652	NCIT:C213697
NCIT:C213654	NCIT:C213655
NCIT:C213654	NCIT:C5951
NCIT:C213657	NCIT:C188080
NCIT:C213657	NCIT:C213659
NCIT:C213660	NCIT:C213651
NCIT:C213660	NCIT:C213664
NCIT:C213660	NCIT:C5918
NCIT:C213661	NCIT:C186511
NCIT:C213661	NCIT:C8164
NCIT:C213661	NCIT:C8869
NCIT:C213661	NCIT:C9060
NCIT:C213662	NCIT:C188072
NCIT:C213662	NCIT:C188080
NCIT:C213664	NCIT:C213663
NCIT:C213667	NCIT:C181210
NCIT:C213672	NCIT:C188072
NCIT:C213672	NCIT:C213673
NCIT:C213672	NCIT:C80290
NCIT:C213675	NCIT:C163963
NCIT:C213690	NCIT:C175433
NCIT:C213690	NCIT:C175485
NCIT:C213696	NCIT:C213697
NCIT:C213700	NCIT:C156300
NCIT:C213700	NCIT:C187394
NCIT:C213700	NCIT:C187406
NCIT:C213700	NCIT:C215680
NCIT:C213701	NCIT:C167073
NCIT:C213701	NCIT:C170969
NCIT:C213701	NCIT:C171610
NCIT:C213701	NCIT:C174024
NCIT:C213701	NCIT:C174198
NCIT:C213701	NCIT:C175434
NCIT:C213701	NCIT:C213700
NCIT:C213701	NCIT:C224631
NCIT:C213702	NCIT:C153387
NCIT:C213702	NCIT:C156063
NCIT:C213702	NCIT:C156064
NCIT:C213702	NCIT:C156065
NCIT:C213702	NCIT:C156066
NCIT:C213702	NCIT:C156068
NCIT:C213702	NCIT:C185381
NCIT:C213702	NCIT:C213703
NCIT:C213702	NCIT:C213709
NCIT:C213702	NCIT:C215414
NCIT:C213703	NCIT:C156295
NCIT:C213703	NCIT:C167072
NCIT:C213703	NCIT:C167202
NCIT:C213703	NCIT:C170461
NCIT:C213703	NCIT:C170785
NCIT:C213703	NCIT:C170787
NCIT:C213703	NCIT:C213700
NCIT:C213704	NCIT:C155699
NCIT:C213704	NCIT:C213699
NCIT:C213705	NCIT:C126109
NCIT:C213705	NCIT:C156062
NCIT:C213705	NCIT:C213707
NCIT:C213705	NCIT:C213708
NCIT:C213705	NCIT:C27806
NCIT:C213705	NCIT:C27818
NCIT:C213705	NCIT:C27819
NCIT:C213707	NCIT:C157636
NCIT:C213707	NCIT:C167071
NCIT:C213707	NCIT:C172618
NCIT:C213707	NCIT:C213704
NCIT:C213707	NCIT:C7639
NCIT:C213707	NCIT:C9356
NCIT:C213708	NCIT:C148493
NCIT:C213708	NCIT:C167338
NCIT:C213708	NCIT:C172617
NCIT:C213708	NCIT:C213675
NCIT:C213708	NCIT:C8716
NCIT:C213709	NCIT:C156294
NCIT:C213709	NCIT:C159676
NCIT:C213709	NCIT:C165458
NCIT:C213709	NCIT:C167395
NCIT:C213709	NCIT:C170786
NCIT:C213709	NCIT:C170788
NCIT:C213714	NCIT:C187413
NCIT:C213714	NCIT:C202500
NCIT:C213714	NCIT:C215683
NCIT:C213714	NCIT:C216237
NCIT:C213717	NCIT:C167069
NCIT:C213717	NCIT:C170460
NCIT:C213728	NCIT:C213729
NCIT:C213728	NCIT:C213730
NCIT:C213731	NCIT:C213730
NCIT:C213731	NCIT:C213787
NCIT:C213738	NCIT:C126464
NCIT:C213738	NCIT:C181910
NCIT:C213738	NCIT:C213739
NCIT:C213738	NCIT:C40021
NCIT:C213739	NCIT:C7434
NCIT:C213740	NCIT:C213741
NCIT:C213740	NCIT:C213742
NCIT:C213740	NCIT:C213743
NCIT:C213744	NCIT:C138185
NCIT:C213744	NCIT:C213740
NCIT:C213744	NCIT:C223524
NCIT:C213744	NCIT:C80298
NCIT:C213745	NCIT:C213746
NCIT:C213745	NCIT:C213747
NCIT:C213745	NCIT:C4007
NCIT:C213745	NCIT:C5601
NCIT:C213745	NCIT:C96498
NCIT:C213746	NCIT:C150495
NCIT:C213746	NCIT:C7231
NCIT:C213746	NCIT:C7465
NCIT:C213746	NCIT:C80298
NCIT:C213746	NCIT:C96499
NCIT:C213747	NCIT:C5337
NCIT:C213747	NCIT:C96500
NCIT:C213749	NCIT:C213750
NCIT:C213749	NCIT:C213751
NCIT:C213749	NCIT:C213752
NCIT:C213753	NCIT:C213749
NCIT:C213753	NCIT:C213754
NCIT:C213757	NCIT:C212203
NCIT:C213758	NCIT:C212202
NCIT:C213759	NCIT:C213760
NCIT:C213763	NCIT:C179182
NCIT:C213763	NCIT:C213760
NCIT:C213763	NCIT:C219550
NCIT:C213763	NCIT:C219551
NCIT:C213763	NCIT:C219560
NCIT:C213771	NCIT:C165535
NCIT:C213771	NCIT:C214939
NCIT:C213774	NCIT:C213775
NCIT:C213774	NCIT:C213776
NCIT:C213805	NCIT:C213806
NCIT:C213805	NCIT:C213807
NCIT:C213811	NCIT:C188081
NCIT:C213811	NCIT:C213805
NCIT:C213811	NCIT:C6073
NCIT:C213824	NCIT:C213840
NCIT:C213824	NCIT:C213842
NCIT:C213824	NCIT:C213873
NCIT:C213840	NCIT:C213871
NCIT:C213842	NCIT:C213846
NCIT:C213842	NCIT:C213847
NCIT:C213842	NCIT:C213854
NCIT:C213846	NCIT:C213855
NCIT:C213847	NCIT:C213848
NCIT:C213847	NCIT:C213856
NCIT:C213848	NCIT:C213857
NCIT:C213849	NCIT:C213858
NCIT:C213850	NCIT:C213851
NCIT:C213850	NCIT:C213852
NCIT:C213850	NCIT:C213859
NCIT:C213851	NCIT:C213860
NCIT:C213853	NCIT:C213861
NCIT:C213854	NCIT:C213855
NCIT:C213854	NCIT:C213856
NCIT:C213856	NCIT:C213857
NCIT:C213859	NCIT:C213860
NCIT:C213862	NCIT:C224693
NCIT:C213862	NCIT:C27507
NCIT:C213862	NCIT:C3049
NCIT:C213862	NCIT:C3272
NCIT:C213862	NCIT:C41430
NCIT:C213862	NCIT:C5431
NCIT:C213862	NCIT:C5502
NCIT:C213862	NCIT:C7018
NCIT:C213870	NCIT:C213854
NCIT:C213870	NCIT:C7465
NCIT:C213870	NCIT:C80298
NCIT:C213870	NCIT:C96053
NCIT:C213870	NCIT:C96502
NCIT:C213870	NCIT:C96503
NCIT:C213870	NCIT:C96505
NCIT:C213870	NCIT:C96506
NCIT:C213872	NCIT:C213740
NCIT:C213872	NCIT:C213871
NCIT:C213872	NCIT:C5251
NCIT:C213872	NCIT:C5253
NCIT:C213872	NCIT:C5266
NCIT:C213873	NCIT:C213854
NCIT:C213873	NCIT:C213871
NCIT:C213874	NCIT:C172844
NCIT:C213874	NCIT:C172850
NCIT:C213874	NCIT:C185042
NCIT:C213874	NCIT:C185152
NCIT:C213874	NCIT:C213744
NCIT:C213874	NCIT:C213870
NCIT:C213874	NCIT:C213872
NCIT:C213874	NCIT:C213873
NCIT:C213874	NCIT:C223534
NCIT:C213901	NCIT:C132260
NCIT:C213901	NCIT:C213874
NCIT:C213901	NCIT:C213905
NCIT:C213901	NCIT:C223532
NCIT:C213901	NCIT:C225328
NCIT:C213901	NCIT:C38162
NCIT:C213902	NCIT:C213906
NCIT:C213902	NCIT:C225330
NCIT:C213902	NCIT:C4794
NCIT:C213902	NCIT:C60310
NCIT:C213903	NCIT:C173580
NCIT:C213904	NCIT:C150704
NCIT:C213905	NCIT:C213904
NCIT:C213906	NCIT:C142833
NCIT:C213906	NCIT:C223234
NCIT:C213912	NCIT:C209280
NCIT:C213912	NCIT:C225027
NCIT:C213913	NCIT:C175438
NCIT:C213914	NCIT:C213915
NCIT:C213952	NCIT:C190138
NCIT:C213953	NCIT:C222276
NCIT:C213960	NCIT:C213961
NCIT:C213960	NCIT:C213962
NCIT:C213962	NCIT:C222472
NCIT:C213963	NCIT:C213964
NCIT:C214491	NCIT:C214493
NCIT:C214492	NCIT:C214493
NCIT:C214784	NCIT:C213049
NCIT:C214784	NCIT:C214783
NCIT:C214784	NCIT:C214785
NCIT:C214784	NCIT:C214786
NCIT:C214784	NCIT:C214787
NCIT:C214784	NCIT:C214788
NCIT:C214786	NCIT:C215048
NCIT:C214786	NCIT:C215049
NCIT:C214786	NCIT:C215050
NCIT:C214786	NCIT:C215051
NCIT:C214789	NCIT:C214784
NCIT:C214789	NCIT:C214790
NCIT:C214794	NCIT:C118317
NCIT:C214794	NCIT:C4063
NCIT:C214795	NCIT:C121831
NCIT:C214795	NCIT:C215182
NCIT:C214795	NCIT:C27572
NCIT:C214795	NCIT:C27655
NCIT:C214795	NCIT:C9343
NCIT:C214798	NCIT:C179222
NCIT:C214799	NCIT:C214801
NCIT:C214799	NCIT:C3751
NCIT:C214799	NCIT:C4882
NCIT:C214801	NCIT:C3158
NCIT:C214801	NCIT:C3359
NCIT:C214845	NCIT:C127058
NCIT:C214845	NCIT:C128048
NCIT:C214845	NCIT:C128080
NCIT:C214845	NCIT:C151981
NCIT:C214845	NCIT:C151982
NCIT:C214845	NCIT:C159206
NCIT:C214845	NCIT:C159667
NCIT:C214845	NCIT:C162497
NCIT:C214845	NCIT:C162588
NCIT:C214845	NCIT:C172952
NCIT:C214845	NCIT:C181201
NCIT:C214845	NCIT:C181944
NCIT:C214845	NCIT:C188071
NCIT:C214845	NCIT:C202859
NCIT:C214845	NCIT:C213348
NCIT:C214845	NCIT:C5190
NCIT:C214845	NCIT:C5236
NCIT:C214845	NCIT:C5464
NCIT:C214845	NCIT:C5522
NCIT:C214845	NCIT:C6378
NCIT:C214845	NCIT:C6617
NCIT:C214847	NCIT:C214846
NCIT:C214847	NCIT:C214848
NCIT:C214851	NCIT:C214850
NCIT:C214851	NCIT:C49166
NCIT:C214883	NCIT:C214887
NCIT:C214883	NCIT:C220005
NCIT:C214887	NCIT:C214890
NCIT:C214887	NCIT:C214891
NCIT:C214890	NCIT:C202254
NCIT:C214890	NCIT:C202256
NCIT:C214890	NCIT:C202257
NCIT:C214890	NCIT:C202258
NCIT:C214890	NCIT:C34417
NCIT:C214891	NCIT:C214893
NCIT:C214891	NCIT:C214894
NCIT:C214891	NCIT:C35178
NCIT:C214892	NCIT:C214893
NCIT:C214893	NCIT:C214895
NCIT:C214894	NCIT:C202265
NCIT:C214894	NCIT:C213621
NCIT:C214894	NCIT:C214896
NCIT:C214897	NCIT:C214883
NCIT:C214899	NCIT:C155802
NCIT:C214899	NCIT:C155804
NCIT:C214899	NCIT:C155805
NCIT:C214899	NCIT:C155806
NCIT:C214899	NCIT:C155810
NCIT:C214899	NCIT:C155811
NCIT:C214900	NCIT:C214901
NCIT:C214900	NCIT:C3291
NCIT:C214901	NCIT:C214902
NCIT:C214936	NCIT:C214939
NCIT:C214937	NCIT:C214936
NCIT:C214937	NCIT:C214950
NCIT:C214940	NCIT:C214939
NCIT:C214941	NCIT:C214943
NCIT:C214942	NCIT:C214943
NCIT:C214947	NCIT:C172247
NCIT:C214947	NCIT:C214942
NCIT:C214947	NCIT:C214949
NCIT:C214948	NCIT:C165536
NCIT:C214948	NCIT:C214947
NCIT:C214948	NCIT:C214950
NCIT:C214949	NCIT:C190138
NCIT:C214949	NCIT:C214943
NCIT:C214950	NCIT:C214938
NCIT:C214950	NCIT:C214949
NCIT:C214951	NCIT:C175435
NCIT:C214952	NCIT:C133187
NCIT:C214952	NCIT:C173174
NCIT:C214952	NCIT:C213636
NCIT:C214952	NCIT:C213805
NCIT:C214952	NCIT:C214953
NCIT:C214952	NCIT:C214954
NCIT:C214952	NCIT:C80290
NCIT:C214953	NCIT:C214955
NCIT:C214954	NCIT:C102872
NCIT:C214954	NCIT:C171023
NCIT:C214954	NCIT:C207803
NCIT:C214954	NCIT:C214955
NCIT:C214954	NCIT:C214956
NCIT:C214954	NCIT:C4044
NCIT:C214954	NCIT:C4833
NCIT:C214954	NCIT:C68611
NCIT:C214955	NCIT:C115443
NCIT:C214955	NCIT:C173689
NCIT:C214955	NCIT:C6060
NCIT:C214955	NCIT:C8245
NCIT:C214956	NCIT:C148383
NCIT:C214956	NCIT:C148384
NCIT:C214956	NCIT:C148401
NCIT:C214956	NCIT:C214957
NCIT:C214957	NCIT:C148382
NCIT:C214957	NCIT:C148385
NCIT:C214957	NCIT:C206717
NCIT:C214958	NCIT:C148434
NCIT:C214958	NCIT:C214957
NCIT:C214960	NCIT:C187393
NCIT:C214962	NCIT:C214963
NCIT:C214963	NCIT:C224138
NCIT:C214974	NCIT:C214975
NCIT:C214974	NCIT:C214976
NCIT:C214986	NCIT:C166418
NCIT:C214986	NCIT:C214987
NCIT:C214986	NCIT:C7927
NCIT:C214987	NCIT:C154088
NCIT:C214987	NCIT:C170458
NCIT:C214987	NCIT:C214989
NCIT:C214987	NCIT:C214990
NCIT:C214989	NCIT:C171330
NCIT:C214989	NCIT:C211962
NCIT:C214990	NCIT:C170459
NCIT:C214990	NCIT:C171298
NCIT:C214991	NCIT:C175340
NCIT:C214991	NCIT:C213376
NCIT:C214991	NCIT:C215016
NCIT:C214991	NCIT:C4540
NCIT:C214991	NCIT:C5818
NCIT:C214991	NCIT:C6019
NCIT:C214991	NCIT:C8026
NCIT:C214991	NCIT:C8179
NCIT:C214991	NCIT:C9462
NCIT:C214996	NCIT:C214998
NCIT:C214997	NCIT:C214999
NCIT:C215032	NCIT:C3880
NCIT:C215032	NCIT:C4358
NCIT:C215033	NCIT:C215034
NCIT:C215033	NCIT:C215035
NCIT:C215035	NCIT:C5156
NCIT:C215035	NCIT:C5453
NCIT:C215036	NCIT:C215034
NCIT:C215036	NCIT:C215037
NCIT:C215038	NCIT:C215039
NCIT:C215038	NCIT:C215040
NCIT:C215039	NCIT:C215041
NCIT:C215044	NCIT:C204981
NCIT:C215044	NCIT:C43372
NCIT:C215130	NCIT:C27183
NCIT:C215132	NCIT:C215133
NCIT:C215132	NCIT:C215134
NCIT:C215132	NCIT:C215135
NCIT:C215132	NCIT:C215138
NCIT:C215133	NCIT:C215136
NCIT:C215133	NCIT:C215139
NCIT:C215134	NCIT:C215137
NCIT:C215134	NCIT:C215140
NCIT:C215135	NCIT:C215136
NCIT:C215135	NCIT:C215137
NCIT:C215138	NCIT:C215139
NCIT:C215138	NCIT:C215140
NCIT:C215141	NCIT:C175224
NCIT:C215141	NCIT:C215142
NCIT:C215141	NCIT:C215144
NCIT:C215142	NCIT:C215133
NCIT:C215142	NCIT:C215164
NCIT:C215143	NCIT:C215144
NCIT:C215143	NCIT:C215145
NCIT:C215143	NCIT:C215146
NCIT:C215143	NCIT:C215152
NCIT:C215144	NCIT:C215147
NCIT:C215144	NCIT:C215156
NCIT:C215145	NCIT:C215151
NCIT:C215145	NCIT:C215158
NCIT:C215146	NCIT:C215147
NCIT:C215146	NCIT:C215151
NCIT:C215152	NCIT:C215156
NCIT:C215152	NCIT:C215158
NCIT:C215160	NCIT:C215161
NCIT:C215161	NCIT:C213313
NCIT:C215170	NCIT:C179886
NCIT:C215171	NCIT:C189850
NCIT:C215171	NCIT:C215173
NCIT:C215171	NCIT:C215222
NCIT:C215171	NCIT:C26695
NCIT:C215172	NCIT:C5618
NCIT:C215172	NCIT:C5619
NCIT:C215172	NCIT:C78584
NCIT:C215172	NCIT:C78590
NCIT:C215172	NCIT:C79713
NCIT:C215173	NCIT:C215172
NCIT:C215173	NCIT:C3350
NCIT:C215175	NCIT:C213846
NCIT:C215175	NCIT:C215177
NCIT:C215175	NCIT:C4432
NCIT:C215177	NCIT:C26765
NCIT:C215177	NCIT:C27300
NCIT:C215177	NCIT:C3214
NCIT:C215177	NCIT:C36206
NCIT:C215177	NCIT:C37979
NCIT:C215177	NCIT:C78256
NCIT:C215177	NCIT:C78352
NCIT:C215177	NCIT:C78396
NCIT:C215177	NCIT:C78613
NCIT:C215177	NCIT:C78618
NCIT:C215177	NCIT:C78619
NCIT:C215177	NCIT:C98828
NCIT:C215177	NCIT:C98918
NCIT:C215177	NCIT:C98953
NCIT:C215177	NCIT:C98966
NCIT:C215178	NCIT:C26723
NCIT:C215178	NCIT:C34700
NCIT:C215178	NCIT:C34810
NCIT:C215178	NCIT:C4930
NCIT:C215178	NCIT:C5517
NCIT:C215178	NCIT:C5518
NCIT:C215178	NCIT:C78235
NCIT:C215178	NCIT:C78239
NCIT:C215178	NCIT:C78244
NCIT:C215178	NCIT:C98987
NCIT:C215179	NCIT:C215172
NCIT:C215179	NCIT:C215178
NCIT:C215179	NCIT:C5680
NCIT:C215179	NCIT:C77952
NCIT:C215179	NCIT:C78409
NCIT:C215179	NCIT:C96474
NCIT:C215179	NCIT:C98881
NCIT:C215180	NCIT:C213847
NCIT:C215180	NCIT:C215173
NCIT:C215180	NCIT:C215179
NCIT:C215180	NCIT:C215181
NCIT:C215180	NCIT:C2956
NCIT:C215180	NCIT:C5679
NCIT:C215181	NCIT:C213848
NCIT:C215181	NCIT:C215178
NCIT:C215181	NCIT:C2953
NCIT:C215182	NCIT:C168693
NCIT:C215182	NCIT:C215183
NCIT:C215183	NCIT:C27750
NCIT:C215183	NCIT:C35033
NCIT:C215183	NCIT:C35034
NCIT:C215183	NCIT:C99064
NCIT:C215184	NCIT:C217294
NCIT:C215184	NCIT:C217295
NCIT:C215184	NCIT:C217296
NCIT:C215184	NCIT:C4624
NCIT:C215184	NCIT:C5155
NCIT:C215184	NCIT:C5156
NCIT:C215187	NCIT:C155869
NCIT:C215187	NCIT:C156070
NCIT:C215187	NCIT:C173979
NCIT:C215187	NCIT:C174046
NCIT:C215187	NCIT:C9044
NCIT:C215188	NCIT:C215189
NCIT:C215188	NCIT:C215190
NCIT:C215189	NCIT:C26852
NCIT:C215189	NCIT:C34893
NCIT:C215190	NCIT:C215191
NCIT:C215190	NCIT:C215192
NCIT:C215192	NCIT:C215193
NCIT:C215198	NCIT:C189850
NCIT:C215198	NCIT:C215179
NCIT:C215198	NCIT:C98827
NCIT:C215199	NCIT:C215171
NCIT:C215199	NCIT:C215180
NCIT:C215199	NCIT:C215198
NCIT:C215199	NCIT:C215201
NCIT:C215201	NCIT:C215202
NCIT:C215201	NCIT:C215212
NCIT:C215201	NCIT:C215222
NCIT:C215201	NCIT:C2956
NCIT:C215202	NCIT:C215225
NCIT:C215202	NCIT:C4581
NCIT:C215202	NCIT:C4978
NCIT:C215204	NCIT:C215205
NCIT:C215204	NCIT:C215206
NCIT:C215204	NCIT:C215207
NCIT:C215208	NCIT:C215209
NCIT:C215208	NCIT:C215210
NCIT:C215208	NCIT:C215211
NCIT:C215212	NCIT:C215223
NCIT:C215212	NCIT:C4610
NCIT:C215214	NCIT:C215681
NCIT:C215222	NCIT:C215223
NCIT:C215222	NCIT:C215225
NCIT:C215222	NCIT:C2877
NCIT:C215222	NCIT:C3350
NCIT:C215223	NCIT:C4611
NCIT:C215223	NCIT:C4774
NCIT:C215225	NCIT:C215226
NCIT:C215225	NCIT:C7379
NCIT:C215225	NCIT:C7418
NCIT:C215226	NCIT:C215227
NCIT:C215226	NCIT:C215228
NCIT:C215226	NCIT:C4639
NCIT:C215226	NCIT:C4640
NCIT:C215241	NCIT:C215298
NCIT:C215318	NCIT:C191859
NCIT:C215319	NCIT:C5593
NCIT:C215319	NCIT:C5594
NCIT:C215319	NCIT:C63796
NCIT:C215348	NCIT:C220210
NCIT:C215348	NCIT:C35415
NCIT:C215348	NCIT:C99103
NCIT:C215359	NCIT:C162686
NCIT:C215371	NCIT:C112200
NCIT:C215371	NCIT:C215372
NCIT:C215372	NCIT:C164162
NCIT:C215372	NCIT:C173555
NCIT:C215374	NCIT:C215375
NCIT:C215387	NCIT:C215389
NCIT:C215392	NCIT:C215389
NCIT:C215394	NCIT:C160296
NCIT:C215394	NCIT:C191993
NCIT:C215398	NCIT:C163967
NCIT:C215398	NCIT:C215400
NCIT:C215409	NCIT:C179320
NCIT:C215409	NCIT:C215411
NCIT:C215409	NCIT:C222815
NCIT:C215409	NCIT:C224631
NCIT:C215409	NCIT:C40017
NCIT:C215409	NCIT:C40135
NCIT:C215409	NCIT:C4029
NCIT:C215409	NCIT:C4072
NCIT:C215409	NCIT:C6265
NCIT:C215409	NCIT:C6380
NCIT:C215409	NCIT:C7359
NCIT:C215409	NCIT:C7700
NCIT:C215409	NCIT:C7981
NCIT:C215411	NCIT:C215414
NCIT:C215411	NCIT:C40138
NCIT:C215411	NCIT:C40251
NCIT:C215411	NCIT:C6279
NCIT:C215411	NCIT:C6287
NCIT:C215411	NCIT:C6343
NCIT:C215411	NCIT:C7979
NCIT:C215414	NCIT:C170806
NCIT:C215414	NCIT:C170938
NCIT:C215414	NCIT:C211517
NCIT:C215419	NCIT:C180915
NCIT:C215419	NCIT:C40093
NCIT:C215419	NCIT:C4028
NCIT:C215419	NCIT:C4052
NCIT:C215419	NCIT:C6282
NCIT:C215419	NCIT:C8719
NCIT:C215420	NCIT:C128045
NCIT:C215420	NCIT:C128073
NCIT:C215420	NCIT:C128243
NCIT:C215420	NCIT:C171032
NCIT:C215420	NCIT:C171033
NCIT:C215420	NCIT:C215421
NCIT:C215420	NCIT:C215422
NCIT:C215421	NCIT:C128244
NCIT:C215421	NCIT:C40155
NCIT:C215421	NCIT:C40263
NCIT:C215421	NCIT:C40440
NCIT:C215421	NCIT:C7982
NCIT:C215422	NCIT:C126772
NCIT:C215422	NCIT:C128075
NCIT:C215422	NCIT:C128245
NCIT:C215422	NCIT:C40214
NCIT:C215422	NCIT:C5238
NCIT:C215423	NCIT:C114656
NCIT:C215423	NCIT:C40260
NCIT:C215423	NCIT:C40296
NCIT:C215423	NCIT:C4519
NCIT:C215424	NCIT:C40104
NCIT:C215424	NCIT:C40154
NCIT:C215424	NCIT:C40297
NCIT:C215424	NCIT:C5240
NCIT:C215425	NCIT:C40156
NCIT:C215425	NCIT:C40264
NCIT:C215425	NCIT:C4509
NCIT:C215425	NCIT:C6281
NCIT:C215425	NCIT:C6345
NCIT:C215426	NCIT:C160976
NCIT:C215426	NCIT:C160978
NCIT:C215426	NCIT:C175336
NCIT:C215426	NCIT:C213364
NCIT:C215426	NCIT:C215025
NCIT:C215426	NCIT:C215028
NCIT:C215426	NCIT:C215029
NCIT:C215426	NCIT:C215030
NCIT:C215426	NCIT:C215031
NCIT:C215426	NCIT:C27380
NCIT:C215426	NCIT:C4176
NCIT:C215426	NCIT:C4541
NCIT:C215426	NCIT:C4906
NCIT:C215426	NCIT:C5914
NCIT:C215426	NCIT:C6848
NCIT:C215426	NCIT:C8021
NCIT:C215427	NCIT:C3878
NCIT:C215427	NCIT:C54294
NCIT:C215427	NCIT:C54339
NCIT:C215427	NCIT:C8024
NCIT:C215429	NCIT:C214851
NCIT:C215429	NCIT:C4607
NCIT:C215429	NCIT:C4882
NCIT:C215678	NCIT:C8610
NCIT:C215680	NCIT:C187393
NCIT:C215680	NCIT:C215681
NCIT:C215682	NCIT:C215681
NCIT:C215683	NCIT:C162270
NCIT:C215687	NCIT:C3444
NCIT:C215687	NCIT:C34481
NCIT:C215687	NCIT:C70549
NCIT:C215715	NCIT:C150540
NCIT:C215715	NCIT:C150541
NCIT:C215715	NCIT:C215187
NCIT:C215715	NCIT:C215716
NCIT:C215715	NCIT:C27380
NCIT:C215715	NCIT:C3773
NCIT:C215715	NCIT:C46104
NCIT:C215715	NCIT:C4906
NCIT:C215715	NCIT:C9325
NCIT:C215716	NCIT:C118815
NCIT:C215716	NCIT:C118819
NCIT:C215716	NCIT:C123903
NCIT:C215716	NCIT:C123904
NCIT:C215716	NCIT:C123905
NCIT:C215716	NCIT:C190069
NCIT:C215797	NCIT:C156485
NCIT:C215797	NCIT:C215187
NCIT:C215849	NCIT:C94497
NCIT:C215881	NCIT:C175332
NCIT:C215881	NCIT:C175334
NCIT:C21600	NCIT:C21836
NCIT:C21600	NCIT:C21932
NCIT:C21600	NCIT:C21944
NCIT:C21600	NCIT:C21947
NCIT:C21600	NCIT:C21962
NCIT:C21600	NCIT:C21966
NCIT:C21600	NCIT:C21976
NCIT:C21600	NCIT:C21997
NCIT:C21600	NCIT:C22003
NCIT:C21602	NCIT:C21629
NCIT:C21602	NCIT:C21630
NCIT:C21602	NCIT:C21849
NCIT:C21602	NCIT:C22059
NCIT:C21602	NCIT:C22160
NCIT:C21602	NCIT:C23065
NCIT:C21602	NCIT:C23085
NCIT:C21602	NCIT:C23101
NCIT:C21602	NCIT:C23149
NCIT:C21603	NCIT:C21615
NCIT:C21603	NCIT:C21748
NCIT:C21603	NCIT:C21840
NCIT:C21603	NCIT:C21884
NCIT:C21603	NCIT:C22049
NCIT:C21603	NCIT:C22050
NCIT:C21603	NCIT:C22061
NCIT:C21603	NCIT:C22911
NCIT:C21603	NCIT:C24016
NCIT:C21603	NCIT:C24017
NCIT:C21603	NCIT:C24018
NCIT:C21603	NCIT:C24019
NCIT:C21603	NCIT:C24020
NCIT:C21603	NCIT:C24021
NCIT:C21603	NCIT:C24022
NCIT:C21603	NCIT:C24023
NCIT:C21603	NCIT:C25819
NCIT:C21604	NCIT:C21888
NCIT:C21605	NCIT:C22978
NCIT:C21605	NCIT:C22979
NCIT:C21606	NCIT:C21607
NCIT:C216069	NCIT:C139681
NCIT:C216069	NCIT:C158149
NCIT:C216069	NCIT:C158150
NCIT:C216069	NCIT:C179717
NCIT:C216069	NCIT:C179721
NCIT:C21607	NCIT:C21754
NCIT:C216071	NCIT:C165783
NCIT:C216071	NCIT:C165789
NCIT:C216071	NCIT:C165791
NCIT:C216078	NCIT:C175507
NCIT:C21608	NCIT:C23124
NCIT:C21609	NCIT:C168554
NCIT:C21609	NCIT:C191763
NCIT:C21609	NCIT:C21692
NCIT:C21609	NCIT:C21746
NCIT:C21609	NCIT:C21770
NCIT:C21609	NCIT:C21806
NCIT:C21609	NCIT:C22157
NCIT:C21609	NCIT:C23070
NCIT:C21609	NCIT:C23113
NCIT:C216099	NCIT:C211961
NCIT:C216099	NCIT:C211965
NCIT:C216099	NCIT:C211966
NCIT:C21610	NCIT:C21611
NCIT:C21610	NCIT:C21612
NCIT:C21610	NCIT:C21735
NCIT:C21610	NCIT:C21742
NCIT:C21610	NCIT:C23074
NCIT:C216100	NCIT:C146734
NCIT:C216100	NCIT:C211954
NCIT:C216100	NCIT:C216102
NCIT:C216102	NCIT:C160905
NCIT:C216102	NCIT:C169075
NCIT:C216102	NCIT:C177795
NCIT:C216102	NCIT:C211955
NCIT:C216102	NCIT:C216099
NCIT:C21611	NCIT:C21737
NCIT:C21611	NCIT:C21744
NCIT:C21613	NCIT:C21689
NCIT:C21613	NCIT:C21694
NCIT:C21613	NCIT:C21745
NCIT:C21613	NCIT:C21793
NCIT:C21613	NCIT:C21810
NCIT:C21613	NCIT:C21847
NCIT:C216138	NCIT:C162570
NCIT:C216138	NCIT:C45666
NCIT:C216139	NCIT:C162569
NCIT:C21614	NCIT:C21667
NCIT:C21614	NCIT:C21728
NCIT:C21614	NCIT:C22116
NCIT:C216142	NCIT:C165631
NCIT:C216142	NCIT:C216181
NCIT:C216142	NCIT:C35676
NCIT:C21615	NCIT:C21846
NCIT:C21615	NCIT:C22162
NCIT:C21616	NCIT:C21620
NCIT:C21616	NCIT:C21621
NCIT:C21616	NCIT:C21622
NCIT:C21616	NCIT:C21623
NCIT:C21616	NCIT:C21634
NCIT:C21617	NCIT:C21618
NCIT:C21617	NCIT:C21619
NCIT:C21617	NCIT:C21748
NCIT:C21617	NCIT:C22158
NCIT:C21617	NCIT:C22159
NCIT:C21617	NCIT:C22161
NCIT:C21617	NCIT:C22916
NCIT:C21617	NCIT:C23122
NCIT:C21618	NCIT:C22940
NCIT:C21618	NCIT:C22941
NCIT:C21618	NCIT:C22942
NCIT:C216181	NCIT:C156166
NCIT:C216181	NCIT:C156167
NCIT:C216181	NCIT:C166171
NCIT:C216181	NCIT:C169041
NCIT:C216181	NCIT:C212894
NCIT:C216181	NCIT:C216217
NCIT:C216181	NCIT:C7649
NCIT:C216181	NCIT:C7877
NCIT:C216181	NCIT:C7878
NCIT:C216181	NCIT:C7891
NCIT:C21619	NCIT:C22914
NCIT:C21620	NCIT:C22149
NCIT:C21620	NCIT:C22920
NCIT:C21621	NCIT:C22037
NCIT:C21621	NCIT:C22147
NCIT:C21621	NCIT:C23054
NCIT:C216217	NCIT:C216218
NCIT:C216217	NCIT:C223145
NCIT:C21622	NCIT:C21832
NCIT:C21622	NCIT:C22146
NCIT:C21622	NCIT:C22975
NCIT:C21623	NCIT:C21834
NCIT:C21623	NCIT:C22030
NCIT:C21623	NCIT:C22148
NCIT:C21624	NCIT:C21666
NCIT:C21624	NCIT:C21687
NCIT:C216243	NCIT:C216240
NCIT:C216243	NCIT:C216241
NCIT:C216243	NCIT:C216242
NCIT:C216244	NCIT:C216245
NCIT:C216244	NCIT:C3290
NCIT:C216245	NCIT:C216243
NCIT:C216245	NCIT:C216256
NCIT:C216245	NCIT:C216953
NCIT:C216245	NCIT:C216955
NCIT:C21625	NCIT:C21606
NCIT:C21625	NCIT:C21624
NCIT:C21625	NCIT:C21829
NCIT:C216257	NCIT:C216258
NCIT:C216257	NCIT:C216259
NCIT:C21626	NCIT:C21680
NCIT:C216260	NCIT:C188315
NCIT:C216260	NCIT:C188316
NCIT:C216260	NCIT:C216936
NCIT:C216260	NCIT:C216937
NCIT:C21627	NCIT:C21804
NCIT:C21628	NCIT:C125417
NCIT:C21628	NCIT:C21853
NCIT:C21628	NCIT:C24007
NCIT:C21629	NCIT:C187985
NCIT:C21629	NCIT:C21631
NCIT:C21629	NCIT:C21850
NCIT:C21629	NCIT:C21905
NCIT:C21630	NCIT:C21851
NCIT:C21630	NCIT:C21923
NCIT:C21631	NCIT:C21855
NCIT:C21632	NCIT:C21859
NCIT:C21633	NCIT:C21839
NCIT:C21634	NCIT:C21835
NCIT:C21638	NCIT:C21639
NCIT:C21638	NCIT:C21640
NCIT:C21638	NCIT:C21641
NCIT:C21638	NCIT:C21642
NCIT:C21638	NCIT:C21644
NCIT:C21645	NCIT:C21643
NCIT:C21645	NCIT:C21646
NCIT:C21645	NCIT:C21647
NCIT:C21647	NCIT:C21648
NCIT:C21647	NCIT:C21649
NCIT:C21647	NCIT:C21650
NCIT:C21651	NCIT:C21652
NCIT:C21651	NCIT:C21660
NCIT:C21652	NCIT:C21653
NCIT:C21652	NCIT:C21656
NCIT:C21653	NCIT:C21654
NCIT:C21653	NCIT:C21655
NCIT:C21656	NCIT:C21657
NCIT:C21656	NCIT:C21658
NCIT:C21656	NCIT:C21659
NCIT:C21661	NCIT:C21662
NCIT:C21661	NCIT:C21667
NCIT:C21661	NCIT:C21678
NCIT:C21662	NCIT:C21663
NCIT:C21662	NCIT:C21664
NCIT:C21662	NCIT:C21665
NCIT:C21662	NCIT:C21666
NCIT:C21667	NCIT:C21668
NCIT:C21667	NCIT:C21671
NCIT:C21667	NCIT:C21676
NCIT:C21667	NCIT:C21677
NCIT:C21668	NCIT:C21669
NCIT:C21668	NCIT:C21670
NCIT:C21671	NCIT:C21672
NCIT:C21671	NCIT:C21673
NCIT:C21671	NCIT:C21674
NCIT:C21671	NCIT:C21675
NCIT:C21678	NCIT:C21679
NCIT:C21678	NCIT:C21696
NCIT:C21678	NCIT:C29583
NCIT:C21679	NCIT:C21680
NCIT:C21679	NCIT:C21687
NCIT:C21679	NCIT:C21690
NCIT:C21680	NCIT:C21681
NCIT:C21680	NCIT:C21682
NCIT:C21680	NCIT:C21683
NCIT:C21680	NCIT:C21684
NCIT:C21680	NCIT:C21685
NCIT:C21680	NCIT:C21686
NCIT:C21687	NCIT:C21688
NCIT:C21687	NCIT:C21689
NCIT:C21690	NCIT:C21691
NCIT:C21690	NCIT:C21692
NCIT:C21690	NCIT:C21693
NCIT:C21690	NCIT:C21694
NCIT:C21690	NCIT:C21695
NCIT:C216936	NCIT:C190786
NCIT:C216937	NCIT:C190787
NCIT:C216938	NCIT:C206086
NCIT:C216939	NCIT:C200605
NCIT:C216956	NCIT:C175430
NCIT:C216956	NCIT:C175488
NCIT:C216959	NCIT:C175307
NCIT:C216959	NCIT:C3622
NCIT:C216959	NCIT:C4354
NCIT:C216960	NCIT:C175308
NCIT:C216960	NCIT:C216961
NCIT:C216960	NCIT:C220565
NCIT:C216960	NCIT:C3564
NCIT:C216960	NCIT:C6786
NCIT:C216960	NCIT:C88145
NCIT:C216961	NCIT:C175502
NCIT:C216961	NCIT:C219756
NCIT:C216962	NCIT:C213011
NCIT:C216962	NCIT:C216963
NCIT:C216962	NCIT:C26768
NCIT:C216962	NCIT:C26809
NCIT:C216962	NCIT:C27605
NCIT:C216963	NCIT:C175257
NCIT:C216963	NCIT:C27607
NCIT:C216963	NCIT:C27609
NCIT:C21697	NCIT:C21698
NCIT:C21697	NCIT:C21701
NCIT:C21697	NCIT:C21702
NCIT:C21697	NCIT:C21703
NCIT:C21698	NCIT:C21699
NCIT:C21698	NCIT:C21700
NCIT:C21704	NCIT:C21705
NCIT:C21704	NCIT:C21706
NCIT:C21707	NCIT:C21708
NCIT:C21707	NCIT:C21721
NCIT:C21708	NCIT:C21709
NCIT:C21708	NCIT:C21715
NCIT:C217082	NCIT:C115360
NCIT:C217082	NCIT:C115370
NCIT:C217082	NCIT:C115371
NCIT:C217082	NCIT:C115372
NCIT:C217082	NCIT:C115375
NCIT:C217082	NCIT:C115380
NCIT:C217082	NCIT:C8579
NCIT:C21709	NCIT:C21710
NCIT:C21709	NCIT:C21711
NCIT:C217099	NCIT:C171264
NCIT:C217099	NCIT:C172359
NCIT:C217099	NCIT:C172360
NCIT:C217099	NCIT:C217100
NCIT:C217099	NCIT:C217101
NCIT:C217102	NCIT:C166180
NCIT:C217102	NCIT:C172442
NCIT:C21711	NCIT:C21712
NCIT:C21711	NCIT:C21713
NCIT:C21711	NCIT:C21714
NCIT:C21715	NCIT:C21716
NCIT:C21715	NCIT:C21717
NCIT:C21717	NCIT:C21718
NCIT:C21717	NCIT:C21719
NCIT:C21717	NCIT:C21720
NCIT:C217181	NCIT:C219551
NCIT:C217198	NCIT:C217197
NCIT:C217201	NCIT:C154088
NCIT:C217201	NCIT:C162751
NCIT:C217201	NCIT:C192216
NCIT:C21721	NCIT:C29627
NCIT:C21722	NCIT:C21723
NCIT:C21722	NCIT:C21731
NCIT:C21723	NCIT:C21724
NCIT:C21723	NCIT:C21728
NCIT:C21724	NCIT:C21725
NCIT:C21724	NCIT:C21726
NCIT:C21724	NCIT:C21727
NCIT:C21728	NCIT:C21729
NCIT:C21728	NCIT:C21730
NCIT:C217288	NCIT:C217294
NCIT:C217288	NCIT:C99055
NCIT:C217294	NCIT:C213596
NCIT:C217295	NCIT:C129927
NCIT:C217296	NCIT:C177775
NCIT:C21731	NCIT:C21732
NCIT:C21731	NCIT:C21748
NCIT:C21731	NCIT:C21754
NCIT:C21732	NCIT:C21733
NCIT:C21732	NCIT:C21738
NCIT:C21733	NCIT:C21734
NCIT:C21733	NCIT:C21735
NCIT:C21733	NCIT:C21736
NCIT:C217336	NCIT:C5091
NCIT:C217336	NCIT:C5092
NCIT:C217336	NCIT:C5093
NCIT:C217336	NCIT:C5094
NCIT:C21736	NCIT:C21737
NCIT:C21738	NCIT:C21739
NCIT:C21738	NCIT:C21742
NCIT:C21738	NCIT:C21743
NCIT:C21738	NCIT:C21745
NCIT:C21738	NCIT:C21746
NCIT:C21738	NCIT:C21747
NCIT:C21739	NCIT:C21740
NCIT:C21739	NCIT:C21741
NCIT:C21739	NCIT:C29628
NCIT:C217396	NCIT:C217397
NCIT:C217401	NCIT:C217402
NCIT:C21743	NCIT:C21744
NCIT:C21748	NCIT:C21749
NCIT:C21748	NCIT:C21750
NCIT:C21748	NCIT:C21751
NCIT:C21748	NCIT:C21752
NCIT:C21748	NCIT:C21753
NCIT:C217536	NCIT:C190016
NCIT:C217536	NCIT:C213701
NCIT:C217538	NCIT:C219667
NCIT:C217540	NCIT:C217541
NCIT:C217540	NCIT:C217543
NCIT:C21756	NCIT:C21757
NCIT:C21756	NCIT:C21758
NCIT:C21757	NCIT:C28622
NCIT:C21757	NCIT:C28623
NCIT:C217575	NCIT:C223621
NCIT:C21760	NCIT:C21761
NCIT:C21760	NCIT:C21762
NCIT:C21762	NCIT:C21763
NCIT:C21762	NCIT:C21764
NCIT:C21762	NCIT:C21765
NCIT:C21766	NCIT:C21767
NCIT:C21766	NCIT:C21768
NCIT:C21766	NCIT:C28625
NCIT:C21769	NCIT:C21770
NCIT:C21769	NCIT:C21771
NCIT:C21769	NCIT:C21777
NCIT:C21769	NCIT:C21778
NCIT:C21769	NCIT:C21779
NCIT:C21771	NCIT:C21772
NCIT:C21771	NCIT:C21773
NCIT:C21771	NCIT:C21774
NCIT:C21771	NCIT:C21775
NCIT:C21771	NCIT:C21776
NCIT:C217748	NCIT:C217179
NCIT:C217748	NCIT:C217749
NCIT:C21778	NCIT:C188988
NCIT:C21780	NCIT:C21781
NCIT:C21780	NCIT:C21798
NCIT:C21780	NCIT:C21812
NCIT:C21780	NCIT:C21831
NCIT:C21780	NCIT:C21840
NCIT:C21780	NCIT:C21848
NCIT:C21781	NCIT:C21786
NCIT:C21781	NCIT:C21788
NCIT:C21781	NCIT:C21789
NCIT:C21782	NCIT:C21783
NCIT:C21782	NCIT:C21784
NCIT:C21782	NCIT:C21785
NCIT:C21786	NCIT:C21787
NCIT:C21789	NCIT:C21790
NCIT:C21790	NCIT:C21791
NCIT:C21790	NCIT:C21793
NCIT:C21790	NCIT:C21795
NCIT:C21790	NCIT:C21797
NCIT:C21791	NCIT:C21792
NCIT:C21793	NCIT:C21794
NCIT:C21795	NCIT:C21796
NCIT:C21798	NCIT:C21802
NCIT:C21798	NCIT:C21804
NCIT:C21798	NCIT:C21805
NCIT:C21798	NCIT:C21806
NCIT:C21798	NCIT:C21811
NCIT:C21799	NCIT:C21800
NCIT:C21799	NCIT:C21801
NCIT:C21802	NCIT:C21803
NCIT:C21806	NCIT:C21807
NCIT:C21806	NCIT:C21808
NCIT:C21806	NCIT:C21809
NCIT:C21809	NCIT:C21810
NCIT:C21812	NCIT:C21813
NCIT:C21812	NCIT:C21823
NCIT:C21812	NCIT:C21827
NCIT:C21812	NCIT:C21828
NCIT:C21812	NCIT:C21829
NCIT:C21812	NCIT:C21830
NCIT:C21813	NCIT:C21814
NCIT:C21814	NCIT:C21815
NCIT:C21814	NCIT:C21816
NCIT:C21814	NCIT:C21817
NCIT:C21814	NCIT:C21818
NCIT:C21814	NCIT:C21819
NCIT:C21814	NCIT:C21820
NCIT:C21814	NCIT:C21821
NCIT:C21814	NCIT:C21822
NCIT:C21823	NCIT:C21825
NCIT:C21823	NCIT:C21826
NCIT:C21831	NCIT:C21832
NCIT:C21831	NCIT:C21833
NCIT:C21831	NCIT:C21834
NCIT:C21831	NCIT:C21835
NCIT:C21831	NCIT:C21836
NCIT:C21831	NCIT:C21837
NCIT:C21831	NCIT:C21839
NCIT:C21840	NCIT:C21841
NCIT:C21840	NCIT:C21842
NCIT:C21840	NCIT:C21843
NCIT:C21840	NCIT:C21844
NCIT:C21840	NCIT:C21845
NCIT:C21840	NCIT:C21846
NCIT:C21840	NCIT:C21847
NCIT:C218459	NCIT:C205361
NCIT:C218460	NCIT:C180605
NCIT:C218460	NCIT:C192631
NCIT:C218464	NCIT:C218466
NCIT:C218464	NCIT:C218468
NCIT:C21848	NCIT:C21849
NCIT:C21848	NCIT:C21853
NCIT:C21848	NCIT:C21856
NCIT:C21848	NCIT:C21859
NCIT:C21848	NCIT:C21861
NCIT:C21849	NCIT:C21850
NCIT:C21849	NCIT:C21851
NCIT:C21849	NCIT:C21852
NCIT:C21853	NCIT:C21855
NCIT:C21856	NCIT:C21857
NCIT:C21856	NCIT:C21858
NCIT:C21859	NCIT:C21860
NCIT:C21862	NCIT:C21863
NCIT:C21862	NCIT:C21864
NCIT:C21862	NCIT:C21865
NCIT:C21865	NCIT:C21866
NCIT:C21867	NCIT:C21868
NCIT:C21867	NCIT:C21877
NCIT:C21868	NCIT:C21869
NCIT:C21868	NCIT:C21872
NCIT:C21868	NCIT:C21875
NCIT:C21869	NCIT:C21870
NCIT:C21872	NCIT:C21873
NCIT:C21872	NCIT:C21874
NCIT:C21875	NCIT:C21876
NCIT:C21877	NCIT:C21878
NCIT:C21878	NCIT:C21879
NCIT:C21878	NCIT:C21880
NCIT:C21878	NCIT:C21881
NCIT:C21882	NCIT:C21883
NCIT:C21882	NCIT:C21904
NCIT:C21883	NCIT:C21884
NCIT:C21883	NCIT:C21888
NCIT:C21883	NCIT:C21901
NCIT:C21884	NCIT:C21885
NCIT:C21884	NCIT:C21886
NCIT:C21884	NCIT:C21887
NCIT:C21888	NCIT:C21889
NCIT:C21888	NCIT:C21895
NCIT:C21888	NCIT:C21896
NCIT:C21888	NCIT:C21897
NCIT:C21889	NCIT:C21890
NCIT:C21889	NCIT:C21891
NCIT:C21889	NCIT:C21892
NCIT:C21889	NCIT:C21893
NCIT:C21889	NCIT:C21894
NCIT:C21895	NCIT:C135721
NCIT:C21898	NCIT:C21899
NCIT:C21898	NCIT:C21900
NCIT:C21901	NCIT:C21902
NCIT:C21901	NCIT:C21903
NCIT:C219038	NCIT:C153069
NCIT:C219038	NCIT:C175662
NCIT:C21904	NCIT:C21905
NCIT:C21904	NCIT:C21923
NCIT:C21905	NCIT:C21906
NCIT:C21905	NCIT:C21908
NCIT:C21905	NCIT:C23087
NCIT:C21906	NCIT:C21907
NCIT:C21908	NCIT:C21909
NCIT:C21908	NCIT:C21910
NCIT:C21908	NCIT:C21911
NCIT:C21908	NCIT:C21912
NCIT:C21908	NCIT:C21917
NCIT:C21908	NCIT:C21918
NCIT:C21908	NCIT:C21922
NCIT:C21908	NCIT:C23000
NCIT:C21912	NCIT:C23001
NCIT:C21912	NCIT:C23002
NCIT:C21918	NCIT:C21919
NCIT:C21918	NCIT:C21920
NCIT:C21918	NCIT:C21921
NCIT:C21923	NCIT:C21924
NCIT:C21923	NCIT:C21927
NCIT:C21923	NCIT:C22999
NCIT:C21924	NCIT:C21925
NCIT:C21927	NCIT:C21928
NCIT:C21927	NCIT:C21929
NCIT:C21930	NCIT:C191764
NCIT:C21930	NCIT:C21931
NCIT:C21930	NCIT:C21996
NCIT:C21930	NCIT:C22011
NCIT:C21930	NCIT:C22058
NCIT:C21930	NCIT:C22062
NCIT:C21930	NCIT:C22072
NCIT:C21931	NCIT:C21932
NCIT:C21931	NCIT:C21944
NCIT:C21931	NCIT:C21947
NCIT:C21931	NCIT:C21950
NCIT:C21931	NCIT:C21959
NCIT:C21931	NCIT:C21962
NCIT:C21931	NCIT:C21966
NCIT:C21931	NCIT:C21976
NCIT:C21931	NCIT:C21980
NCIT:C21931	NCIT:C21984
NCIT:C21932	NCIT:C21933
NCIT:C21932	NCIT:C21937
NCIT:C21932	NCIT:C21938
NCIT:C21932	NCIT:C21941
NCIT:C21932	NCIT:C21942
NCIT:C21932	NCIT:C21943
NCIT:C21933	NCIT:C21934
NCIT:C21933	NCIT:C21935
NCIT:C21933	NCIT:C21936
NCIT:C21938	NCIT:C21939
NCIT:C21938	NCIT:C21940
NCIT:C21944	NCIT:C21945
NCIT:C21944	NCIT:C21946
NCIT:C21947	NCIT:C21948
NCIT:C21947	NCIT:C21949
NCIT:C21950	NCIT:C21951
NCIT:C21950	NCIT:C21956
NCIT:C21950	NCIT:C21957
NCIT:C21950	NCIT:C21958
NCIT:C219508	NCIT:C219509
NCIT:C21951	NCIT:C21952
NCIT:C21951	NCIT:C21953
NCIT:C21951	NCIT:C21954
NCIT:C21951	NCIT:C21955
NCIT:C219559	NCIT:C219558
NCIT:C219560	NCIT:C219556
NCIT:C219560	NCIT:C219558
NCIT:C21959	NCIT:C21960
NCIT:C21959	NCIT:C21961
NCIT:C21962	NCIT:C21963
NCIT:C21962	NCIT:C21964
NCIT:C21962	NCIT:C21965
NCIT:C219624	NCIT:C176995
NCIT:C219624	NCIT:C176997
NCIT:C219625	NCIT:C179224
NCIT:C219626	NCIT:C179223
NCIT:C219636	NCIT:C147112
NCIT:C21966	NCIT:C21967
NCIT:C21966	NCIT:C21968
NCIT:C21966	NCIT:C21969
NCIT:C21966	NCIT:C21970
NCIT:C21966	NCIT:C21971
NCIT:C21966	NCIT:C21972
NCIT:C21966	NCIT:C21973
NCIT:C21966	NCIT:C21974
NCIT:C21966	NCIT:C21975
NCIT:C219661	NCIT:C198079
NCIT:C219661	NCIT:C198088
NCIT:C219661	NCIT:C219660
NCIT:C219661	NCIT:C27806
NCIT:C219668	NCIT:C213705
NCIT:C219668	NCIT:C219661
NCIT:C219668	NCIT:C6416
NCIT:C219683	NCIT:C219686
NCIT:C219755	NCIT:C219754
NCIT:C219755	NCIT:C4357
NCIT:C219759	NCIT:C219760
NCIT:C219759	NCIT:C219761
NCIT:C21976	NCIT:C21977
NCIT:C21976	NCIT:C21978
NCIT:C21976	NCIT:C21979
NCIT:C21976	NCIT:C23096
NCIT:C219760	NCIT:C219762
NCIT:C219760	NCIT:C219766
NCIT:C219761	NCIT:C219768
NCIT:C219761	NCIT:C220235
NCIT:C219761	NCIT:C220242
NCIT:C219761	NCIT:C220243
NCIT:C21980	NCIT:C21981
NCIT:C21980	NCIT:C21982
NCIT:C21980	NCIT:C21983
NCIT:C21984	NCIT:C21985
NCIT:C21984	NCIT:C21986
NCIT:C21984	NCIT:C21987
NCIT:C21984	NCIT:C21992
NCIT:C21984	NCIT:C21995
NCIT:C219868	NCIT:C142174
NCIT:C219868	NCIT:C183524
NCIT:C219868	NCIT:C183525
NCIT:C219868	NCIT:C183526
NCIT:C21987	NCIT:C21988
NCIT:C21987	NCIT:C21989
NCIT:C21987	NCIT:C21990
NCIT:C21987	NCIT:C21991
NCIT:C219876	NCIT:C27331
NCIT:C219913	NCIT:C219914
NCIT:C21992	NCIT:C21993
NCIT:C21992	NCIT:C21994
NCIT:C21995	NCIT:C21998
NCIT:C21995	NCIT:C21999
NCIT:C21995	NCIT:C22000
NCIT:C21996	NCIT:C21997
NCIT:C21996	NCIT:C22001
NCIT:C21996	NCIT:C22003
NCIT:C21996	NCIT:C22006
NCIT:C22001	NCIT:C21837
NCIT:C22001	NCIT:C22002
NCIT:C22001	NCIT:C23058
NCIT:C22003	NCIT:C22004
NCIT:C22003	NCIT:C22005
NCIT:C22006	NCIT:C22007
NCIT:C22006	NCIT:C22008
NCIT:C22006	NCIT:C22009
NCIT:C22006	NCIT:C22010
NCIT:C22011	NCIT:C22012
NCIT:C22011	NCIT:C22029
NCIT:C22011	NCIT:C22051
NCIT:C22011	NCIT:C22056
NCIT:C22012	NCIT:C22013
NCIT:C22013	NCIT:C22014
NCIT:C22013	NCIT:C22015
NCIT:C22013	NCIT:C22016
NCIT:C22013	NCIT:C22017
NCIT:C22013	NCIT:C22018
NCIT:C22013	NCIT:C22019
NCIT:C22013	NCIT:C22020
NCIT:C22013	NCIT:C22021
NCIT:C22013	NCIT:C22022
NCIT:C22013	NCIT:C22023
NCIT:C22013	NCIT:C22024
NCIT:C22013	NCIT:C22025
NCIT:C22013	NCIT:C22026
NCIT:C22013	NCIT:C22027
NCIT:C22013	NCIT:C22028
NCIT:C220196	NCIT:C116817
NCIT:C220218	NCIT:C171226
NCIT:C22029	NCIT:C22030
NCIT:C22029	NCIT:C22031
NCIT:C22029	NCIT:C22032
NCIT:C22029	NCIT:C22033
NCIT:C22029	NCIT:C22034
NCIT:C22029	NCIT:C22035
NCIT:C22029	NCIT:C22036
NCIT:C22029	NCIT:C22037
NCIT:C22029	NCIT:C22038
NCIT:C22029	NCIT:C22039
NCIT:C22029	NCIT:C22040
NCIT:C22029	NCIT:C22041
NCIT:C22029	NCIT:C22042
NCIT:C22029	NCIT:C22043
NCIT:C22029	NCIT:C22044
NCIT:C22029	NCIT:C22045
NCIT:C22029	NCIT:C22046
NCIT:C22029	NCIT:C22047
NCIT:C22029	NCIT:C22048
NCIT:C22029	NCIT:C22049
NCIT:C22029	NCIT:C22050
NCIT:C22051	NCIT:C22052
NCIT:C22051	NCIT:C22053
NCIT:C22051	NCIT:C22054
NCIT:C22051	NCIT:C22055
NCIT:C22056	NCIT:C22057
NCIT:C220565	NCIT:C174496
NCIT:C220565	NCIT:C175327
NCIT:C220569	NCIT:C220570
NCIT:C220571	NCIT:C213456
NCIT:C22058	NCIT:C134997
NCIT:C22058	NCIT:C22059
NCIT:C22058	NCIT:C22060
NCIT:C22058	NCIT:C22061
NCIT:C22062	NCIT:C22063
NCIT:C22062	NCIT:C22064
NCIT:C22062	NCIT:C22065
NCIT:C22062	NCIT:C22066
NCIT:C22062	NCIT:C22067
NCIT:C22062	NCIT:C22071
NCIT:C220634	NCIT:C122805
NCIT:C220634	NCIT:C84668
NCIT:C22067	NCIT:C22068
NCIT:C22067	NCIT:C22069
NCIT:C22067	NCIT:C22070
NCIT:C220693	NCIT:C220694
NCIT:C220693	NCIT:C220695
NCIT:C22072	NCIT:C22073
NCIT:C22072	NCIT:C22076
NCIT:C22073	NCIT:C22074
NCIT:C22073	NCIT:C22075
NCIT:C22078	NCIT:C22079
NCIT:C22078	NCIT:C22087
NCIT:C22078	NCIT:C22095
NCIT:C22079	NCIT:C22080
NCIT:C22079	NCIT:C22083
NCIT:C22079	NCIT:C22086
NCIT:C22080	NCIT:C22081
NCIT:C22080	NCIT:C22082
NCIT:C22083	NCIT:C22084
NCIT:C22083	NCIT:C22085
NCIT:C22087	NCIT:C22088
NCIT:C22087	NCIT:C22091
NCIT:C22087	NCIT:C22094
NCIT:C22088	NCIT:C22089
NCIT:C22088	NCIT:C22090
NCIT:C22091	NCIT:C22092
NCIT:C22091	NCIT:C22093
NCIT:C22096	NCIT:C22097
NCIT:C22096	NCIT:C22100
NCIT:C22096	NCIT:C22101
NCIT:C22097	NCIT:C22098
NCIT:C22097	NCIT:C22099
NCIT:C221015	NCIT:C182105
NCIT:C22102	NCIT:C22103
NCIT:C22102	NCIT:C22104
NCIT:C22102	NCIT:C22105
NCIT:C22102	NCIT:C22108
NCIT:C22102	NCIT:C22109
NCIT:C22102	NCIT:C22110
NCIT:C22102	NCIT:C22111
NCIT:C22102	NCIT:C22112
NCIT:C22105	NCIT:C22106
NCIT:C22105	NCIT:C22107
NCIT:C22113	NCIT:C107671
NCIT:C22113	NCIT:C22114
NCIT:C22115	NCIT:C22116
NCIT:C22115	NCIT:C22117
NCIT:C22115	NCIT:C22151
NCIT:C22117	NCIT:C107673
NCIT:C22117	NCIT:C22118
NCIT:C22117	NCIT:C22146
NCIT:C22117	NCIT:C22147
NCIT:C22117	NCIT:C22148
NCIT:C22117	NCIT:C22149
NCIT:C22118	NCIT:C22119
NCIT:C22118	NCIT:C22129
NCIT:C22118	NCIT:C22139
NCIT:C22118	NCIT:C22150
NCIT:C22119	NCIT:C22120
NCIT:C22119	NCIT:C22123
NCIT:C22119	NCIT:C22126
NCIT:C22120	NCIT:C22121
NCIT:C22120	NCIT:C22122
NCIT:C22123	NCIT:C22124
NCIT:C22123	NCIT:C22125
NCIT:C22126	NCIT:C22127
NCIT:C22126	NCIT:C22128
NCIT:C22129	NCIT:C22130
NCIT:C22129	NCIT:C22133
NCIT:C22129	NCIT:C22136
NCIT:C22130	NCIT:C22131
NCIT:C22130	NCIT:C22132
NCIT:C22133	NCIT:C22134
NCIT:C22133	NCIT:C22135
NCIT:C22136	NCIT:C22137
NCIT:C22136	NCIT:C22138
NCIT:C22139	NCIT:C22140
NCIT:C22139	NCIT:C22143
NCIT:C22140	NCIT:C22141
NCIT:C22140	NCIT:C22142
NCIT:C221404	NCIT:C176904
NCIT:C221404	NCIT:C176905
NCIT:C22143	NCIT:C22144
NCIT:C22143	NCIT:C22145
NCIT:C22151	NCIT:C107674
NCIT:C22151	NCIT:C22152
NCIT:C22151	NCIT:C22157
NCIT:C22151	NCIT:C22158
NCIT:C22151	NCIT:C22159
NCIT:C22151	NCIT:C22160
NCIT:C22151	NCIT:C22161
NCIT:C22151	NCIT:C22162
NCIT:C22151	NCIT:C22163
NCIT:C22152	NCIT:C107672
NCIT:C22152	NCIT:C120044
NCIT:C22152	NCIT:C22153
NCIT:C22152	NCIT:C22154
NCIT:C22152	NCIT:C22155
NCIT:C22152	NCIT:C22156
NCIT:C221716	NCIT:C213156
NCIT:C221717	NCIT:C115192
NCIT:C221717	NCIT:C115195
NCIT:C221717	NCIT:C188929
NCIT:C221717	NCIT:C202298
NCIT:C221717	NCIT:C202299
NCIT:C221717	NCIT:C221718
NCIT:C221717	NCIT:C221719
NCIT:C221717	NCIT:C7535
NCIT:C221717	NCIT:C9022
NCIT:C221717	NCIT:C9042
NCIT:C221718	NCIT:C114956
NCIT:C221718	NCIT:C210637
NCIT:C221718	NCIT:C217082
NCIT:C221718	NCIT:C7529
NCIT:C221718	NCIT:C9190
NCIT:C221719	NCIT:C211954
NCIT:C221719	NCIT:C211967
NCIT:C221719	NCIT:C222246
NCIT:C221719	NCIT:C222247
NCIT:C221719	NCIT:C222248
NCIT:C222065	NCIT:C128192
NCIT:C222065	NCIT:C168989
NCIT:C222065	NCIT:C222066
NCIT:C222241	NCIT:C115356
NCIT:C222241	NCIT:C115358
NCIT:C222241	NCIT:C115359
NCIT:C222241	NCIT:C212186
NCIT:C222242	NCIT:C115364
NCIT:C222242	NCIT:C210638
NCIT:C222244	NCIT:C211960
NCIT:C222245	NCIT:C211961
NCIT:C222245	NCIT:C211968
NCIT:C222247	NCIT:C222244
NCIT:C222247	NCIT:C222245
NCIT:C222261	NCIT:C186350
NCIT:C222261	NCIT:C186351
NCIT:C222261	NCIT:C186450
NCIT:C222261	NCIT:C186451
NCIT:C222261	NCIT:C222258
NCIT:C222303	NCIT:C212055
NCIT:C222305	NCIT:C212056
NCIT:C222364	NCIT:C222365
NCIT:C222364	NCIT:C222366
NCIT:C222364	NCIT:C222367
NCIT:C222364	NCIT:C222372
NCIT:C222364	NCIT:C222375
NCIT:C222364	NCIT:C222379
NCIT:C222367	NCIT:C222368
NCIT:C222367	NCIT:C222369
NCIT:C222367	NCIT:C222370
NCIT:C222367	NCIT:C222371
NCIT:C222372	NCIT:C222373
NCIT:C222372	NCIT:C222374
NCIT:C222375	NCIT:C222376
NCIT:C222375	NCIT:C222377
NCIT:C222375	NCIT:C222378
NCIT:C222379	NCIT:C222380
NCIT:C222379	NCIT:C222381
NCIT:C222454	NCIT:C203312
NCIT:C222481	NCIT:C222483
NCIT:C222481	NCIT:C6622
NCIT:C222483	NCIT:C115351
NCIT:C222483	NCIT:C115368
NCIT:C222484	NCIT:C115997
NCIT:C222484	NCIT:C115998
NCIT:C222485	NCIT:C213430
NCIT:C222485	NCIT:C222484
NCIT:C222485	NCIT:C6623
NCIT:C222490	NCIT:C222491
NCIT:C222492	NCIT:C222493
NCIT:C222493	NCIT:C222472
NCIT:C222524	NCIT:C222525
NCIT:C222524	NCIT:C222526
NCIT:C222524	NCIT:C222527
NCIT:C222524	NCIT:C222530
NCIT:C222524	NCIT:C222533
NCIT:C222525	NCIT:C222534
NCIT:C222526	NCIT:C222535
NCIT:C222527	NCIT:C222528
NCIT:C222527	NCIT:C222529
NCIT:C222527	NCIT:C222536
NCIT:C222528	NCIT:C222537
NCIT:C222529	NCIT:C222538
NCIT:C222530	NCIT:C222531
NCIT:C222530	NCIT:C222532
NCIT:C222530	NCIT:C222539
NCIT:C222531	NCIT:C222540
NCIT:C222532	NCIT:C222541
NCIT:C222533	NCIT:C222534
NCIT:C222533	NCIT:C222535
NCIT:C222533	NCIT:C222536
NCIT:C222533	NCIT:C222539
NCIT:C222536	NCIT:C222537
NCIT:C222536	NCIT:C222538
NCIT:C222539	NCIT:C222540
NCIT:C222539	NCIT:C222541
NCIT:C222571	NCIT:C205314
NCIT:C222571	NCIT:C222570
NCIT:C222627	NCIT:C222628
NCIT:C222632	NCIT:C222633
NCIT:C222632	NCIT:C222636
NCIT:C222632	NCIT:C222637
NCIT:C222633	NCIT:C222634
NCIT:C222638	NCIT:C222639
NCIT:C222640	NCIT:C222641
NCIT:C222643	NCIT:C222644
NCIT:C222655	NCIT:C191856
NCIT:C222663	NCIT:C222666
NCIT:C222667	NCIT:C222668
NCIT:C222667	NCIT:C222669
NCIT:C222667	NCIT:C222670
NCIT:C222667	NCIT:C222673
NCIT:C222670	NCIT:C222671
NCIT:C222670	NCIT:C222672
NCIT:C222693	NCIT:C222694
NCIT:C222693	NCIT:C222696
NCIT:C222694	NCIT:C222695
NCIT:C222694	NCIT:C223946
NCIT:C222752	NCIT:C140358
NCIT:C222752	NCIT:C222754
NCIT:C222752	NCIT:C222755
NCIT:C222752	NCIT:C7517
NCIT:C222753	NCIT:C222752
NCIT:C222753	NCIT:C6148
NCIT:C222756	NCIT:C222758
NCIT:C222756	NCIT:C222760
NCIT:C222756	NCIT:C222763
NCIT:C222756	NCIT:C222764
NCIT:C222756	NCIT:C222765
NCIT:C222757	NCIT:C222756
NCIT:C222757	NCIT:C224049
NCIT:C222758	NCIT:C213307
NCIT:C222760	NCIT:C222761
NCIT:C222760	NCIT:C222762
NCIT:C222765	NCIT:C222767
NCIT:C222765	NCIT:C222768
NCIT:C222802	NCIT:C161906
NCIT:C222813	NCIT:C136374
NCIT:C222813	NCIT:C136399
NCIT:C222813	NCIT:C222667
NCIT:C222813	NCIT:C45662
NCIT:C222813	NCIT:C45663
NCIT:C222813	NCIT:C45664
NCIT:C222813	NCIT:C45665
NCIT:C222815	NCIT:C222817
NCIT:C222815	NCIT:C27843
NCIT:C222815	NCIT:C40078
NCIT:C222815	NCIT:C40139
NCIT:C222815	NCIT:C40307
NCIT:C222815	NCIT:C6280
NCIT:C222815	NCIT:C6344
NCIT:C222815	NCIT:C7735
NCIT:C222815	NCIT:C8028
NCIT:C222817	NCIT:C153618
NCIT:C222817	NCIT:C155816
NCIT:C222817	NCIT:C170760
NCIT:C222829	NCIT:C222830
NCIT:C222829	NCIT:C222831
NCIT:C222829	NCIT:C27813
NCIT:C222829	NCIT:C9166
NCIT:C222830	NCIT:C189064
NCIT:C222830	NCIT:C213713
NCIT:C222830	NCIT:C27324
NCIT:C222831	NCIT:C157623
NCIT:C222831	NCIT:C222832
NCIT:C222831	NCIT:C225026
NCIT:C222832	NCIT:C168994
NCIT:C222832	NCIT:C213713
NCIT:C223010	NCIT:C205289
NCIT:C223046	NCIT:C183134
NCIT:C223134	NCIT:C223135
NCIT:C223144	NCIT:C175364
NCIT:C223144	NCIT:C223143
NCIT:C223147	NCIT:C223365
NCIT:C223194	NCIT:C142830
NCIT:C223194	NCIT:C183116
NCIT:C223194	NCIT:C188068
NCIT:C223194	NCIT:C45544
NCIT:C223194	NCIT:C45545
NCIT:C223194	NCIT:C45603
NCIT:C223194	NCIT:C5666
NCIT:C223236	NCIT:C126324
NCIT:C223236	NCIT:C223237
NCIT:C223239	NCIT:C115763
NCIT:C223265	NCIT:C203619
NCIT:C223267	NCIT:C156289
NCIT:C223344	NCIT:C223346
NCIT:C223355	NCIT:C223356
NCIT:C223355	NCIT:C95514
NCIT:C223357	NCIT:C166418
NCIT:C223357	NCIT:C223355
NCIT:C223357	NCIT:C223378
NCIT:C223357	NCIT:C223383
NCIT:C223357	NCIT:C223514
NCIT:C223357	NCIT:C2898
NCIT:C223357	NCIT:C3048
NCIT:C223357	NCIT:C3305
NCIT:C223358	NCIT:C95493
NCIT:C223358	NCIT:C96838
NCIT:C223358	NCIT:C96886
NCIT:C223362	NCIT:C223363
NCIT:C223362	NCIT:C223364
NCIT:C223364	NCIT:C223365
NCIT:C223366	NCIT:C223365
NCIT:C223367	NCIT:C223368
NCIT:C223369	NCIT:C223370
NCIT:C223377	NCIT:C95483
NCIT:C223377	NCIT:C96836
NCIT:C223377	NCIT:C96883
NCIT:C223378	NCIT:C223358
NCIT:C223378	NCIT:C223377
NCIT:C223514	NCIT:C223515
NCIT:C223514	NCIT:C95506
NCIT:C223530	NCIT:C223352
NCIT:C223530	NCIT:C223531
NCIT:C223530	NCIT:C5715
NCIT:C223537	NCIT:C213632
NCIT:C223542	NCIT:C223543
NCIT:C223542	NCIT:C95558
NCIT:C223843	NCIT:C171265
NCIT:C223843	NCIT:C179515
NCIT:C223843	NCIT:C185165
NCIT:C223843	NCIT:C187195
NCIT:C223843	NCIT:C223842
NCIT:C223843	NCIT:C223844
NCIT:C223844	NCIT:C166120
NCIT:C223844	NCIT:C166121
NCIT:C223844	NCIT:C187450
NCIT:C223844	NCIT:C200569
NCIT:C223844	NCIT:C220613
NCIT:C223845	NCIT:C161019
NCIT:C223845	NCIT:C209348
NCIT:C223845	NCIT:C223843
NCIT:C223891	NCIT:C223892
NCIT:C223907	NCIT:C217575
NCIT:C223907	NCIT:C219638
NCIT:C223907	NCIT:C223622
NCIT:C223907	NCIT:C223906
NCIT:C223908	NCIT:C219636
NCIT:C223908	NCIT:C223907
NCIT:C223944	NCIT:C223943
NCIT:C223944	NCIT:C223945
NCIT:C223952	NCIT:C223968
NCIT:C223952	NCIT:C223974
NCIT:C223952	NCIT:C224000
NCIT:C223953	NCIT:C223970
NCIT:C223953	NCIT:C223976
NCIT:C223953	NCIT:C224001
NCIT:C223955	NCIT:C223952
NCIT:C223955	NCIT:C223953
NCIT:C223955	NCIT:C223958
NCIT:C223955	NCIT:C223960
NCIT:C223955	NCIT:C223961
NCIT:C223955	NCIT:C223972
NCIT:C223955	NCIT:C223978
NCIT:C223955	NCIT:C8975
NCIT:C223958	NCIT:C170929
NCIT:C223958	NCIT:C223959
NCIT:C223958	NCIT:C223973
NCIT:C223958	NCIT:C223979
NCIT:C223958	NCIT:C224000
NCIT:C223958	NCIT:C224001
NCIT:C223959	NCIT:C170930
NCIT:C223960	NCIT:C207060
NCIT:C223961	NCIT:C207061
NCIT:C223968	NCIT:C223969
NCIT:C223970	NCIT:C223971
NCIT:C223972	NCIT:C223968
NCIT:C223972	NCIT:C223970
NCIT:C223972	NCIT:C223973
NCIT:C223972	NCIT:C9192
NCIT:C223973	NCIT:C170933
NCIT:C223973	NCIT:C223969
NCIT:C223973	NCIT:C223971
NCIT:C223974	NCIT:C223975
NCIT:C223974	NCIT:C223983
NCIT:C223974	NCIT:C223985
NCIT:C223975	NCIT:C223988
NCIT:C223975	NCIT:C223993
NCIT:C223976	NCIT:C223977
NCIT:C223976	NCIT:C223982
NCIT:C223976	NCIT:C223984
NCIT:C223977	NCIT:C223989
NCIT:C223977	NCIT:C223994
NCIT:C223978	NCIT:C223974
NCIT:C223978	NCIT:C223976
NCIT:C223978	NCIT:C223979
NCIT:C223978	NCIT:C223980
NCIT:C223978	NCIT:C223981
NCIT:C223978	NCIT:C42700
NCIT:C223979	NCIT:C223975
NCIT:C223979	NCIT:C223977
NCIT:C223979	NCIT:C223987
NCIT:C223979	NCIT:C223991
NCIT:C223979	NCIT:C223999
NCIT:C223980	NCIT:C223982
NCIT:C223980	NCIT:C223983
NCIT:C223980	NCIT:C223987
NCIT:C223980	NCIT:C9180
NCIT:C223981	NCIT:C223984
NCIT:C223981	NCIT:C223985
NCIT:C223981	NCIT:C223991
NCIT:C223981	NCIT:C36097
NCIT:C223982	NCIT:C223989
NCIT:C223983	NCIT:C223988
NCIT:C223984	NCIT:C223994
NCIT:C223985	NCIT:C223993
NCIT:C223987	NCIT:C170931
NCIT:C223987	NCIT:C223988
NCIT:C223987	NCIT:C223989
NCIT:C223991	NCIT:C223992
NCIT:C223991	NCIT:C223993
NCIT:C223991	NCIT:C223994
NCIT:C223999	NCIT:C170931
NCIT:C223999	NCIT:C223992
NCIT:C224000	NCIT:C223969
NCIT:C224000	NCIT:C223975
NCIT:C224001	NCIT:C223971
NCIT:C224001	NCIT:C223977
NCIT:C224049	NCIT:C224052
NCIT:C224049	NCIT:C224060
NCIT:C224052	NCIT:C224056
NCIT:C224052	NCIT:C224057
NCIT:C224052	NCIT:C224058
NCIT:C224052	NCIT:C224059
NCIT:C224060	NCIT:C224061
NCIT:C224060	NCIT:C224062
NCIT:C224060	NCIT:C224064
NCIT:C224060	NCIT:C224066
NCIT:C224096	NCIT:C224097
NCIT:C224096	NCIT:C224098
NCIT:C224096	NCIT:C224099
NCIT:C224096	NCIT:C224100
NCIT:C224096	NCIT:C224103
NCIT:C224100	NCIT:C224101
NCIT:C224100	NCIT:C224102
NCIT:C224140	NCIT:C224143
NCIT:C224144	NCIT:C224147
NCIT:C224161	NCIT:C159902
NCIT:C224161	NCIT:C160873
NCIT:C224161	NCIT:C205187
NCIT:C224625	NCIT:C187411
NCIT:C224625	NCIT:C216237
NCIT:C224625	NCIT:C224624
NCIT:C224626	NCIT:C224624
NCIT:C224628	NCIT:C136427
NCIT:C224628	NCIT:C157320
NCIT:C224628	NCIT:C171608
NCIT:C224628	NCIT:C171612
NCIT:C224628	NCIT:C173156
NCIT:C224628	NCIT:C174025
NCIT:C224628	NCIT:C174199
NCIT:C224628	NCIT:C201838
NCIT:C224628	NCIT:C203411
NCIT:C224628	NCIT:C222321
NCIT:C224628	NCIT:C224625
NCIT:C224629	NCIT:C129654
NCIT:C224629	NCIT:C150580
NCIT:C224629	NCIT:C170974
NCIT:C224629	NCIT:C174510
NCIT:C224629	NCIT:C203331
NCIT:C224629	NCIT:C214843
NCIT:C224629	NCIT:C223267
NCIT:C224629	NCIT:C224631
NCIT:C224629	NCIT:C224633
NCIT:C224629	NCIT:C224636
NCIT:C224630	NCIT:C160781
NCIT:C224630	NCIT:C183245
NCIT:C224630	NCIT:C186273
NCIT:C224630	NCIT:C215214
NCIT:C224631	NCIT:C170970
NCIT:C224631	NCIT:C174029
NCIT:C224631	NCIT:C221811
NCIT:C224631	NCIT:C224630
NCIT:C224632	NCIT:C150521
NCIT:C224632	NCIT:C167075
NCIT:C224632	NCIT:C174565
NCIT:C224632	NCIT:C213704
NCIT:C224632	NCIT:C224633
NCIT:C224633	NCIT:C154545
NCIT:C224633	NCIT:C203409
NCIT:C224634	NCIT:C191751
NCIT:C224634	NCIT:C224633
NCIT:C224634	NCIT:C6143
NCIT:C224634	NCIT:C6155
NCIT:C224634	NCIT:C6167
NCIT:C224634	NCIT:C9385
NCIT:C224635	NCIT:C171611
NCIT:C224635	NCIT:C201837
NCIT:C224636	NCIT:C168572
NCIT:C224636	NCIT:C174569
NCIT:C224692	NCIT:C224696
NCIT:C224692	NCIT:C224697
NCIT:C224693	NCIT:C224694
NCIT:C224693	NCIT:C224695
NCIT:C224697	NCIT:C224699
NCIT:C224697	NCIT:C224700
NCIT:C224698	NCIT:C224697
NCIT:C224862	NCIT:C153574
NCIT:C224900	NCIT:C224902
NCIT:C224900	NCIT:C7175
NCIT:C224902	NCIT:C126748
NCIT:C224902	NCIT:C224842
NCIT:C224902	NCIT:C225001
NCIT:C224902	NCIT:C225002
NCIT:C224907	NCIT:C122690
NCIT:C224907	NCIT:C122691
NCIT:C224907	NCIT:C132109
NCIT:C224907	NCIT:C188450
NCIT:C224907	NCIT:C188451
NCIT:C224907	NCIT:C208354
NCIT:C224907	NCIT:C225009
NCIT:C224907	NCIT:C225013
NCIT:C224907	NCIT:C82427
NCIT:C224959	NCIT:C160915
NCIT:C225026	NCIT:C162752
NCIT:C225039	NCIT:C225040
NCIT:C225039	NCIT:C225041
NCIT:C225325	NCIT:C225326
NCIT:C225325	NCIT:C225327
NCIT:C225325	NCIT:C225328
NCIT:C225325	NCIT:C225329
NCIT:C225325	NCIT:C225330
NCIT:C225325	NCIT:C225331
NCIT:C225325	NCIT:C225332
NCIT:C225329	NCIT:C206205
NCIT:C22910	NCIT:C22911
NCIT:C22910	NCIT:C22914
NCIT:C22910	NCIT:C22916
NCIT:C22911	NCIT:C22912
NCIT:C22911	NCIT:C22913
NCIT:C22911	NCIT:C22915
NCIT:C22911	NCIT:C22917
NCIT:C22918	NCIT:C22910
NCIT:C22918	NCIT:C22919
NCIT:C22919	NCIT:C22920
NCIT:C22919	NCIT:C22934
NCIT:C22919	NCIT:C22935
NCIT:C22919	NCIT:C22937
NCIT:C22919	NCIT:C22938
NCIT:C22919	NCIT:C22943
NCIT:C22920	NCIT:C21833
NCIT:C22920	NCIT:C22921
NCIT:C22920	NCIT:C22922
NCIT:C22920	NCIT:C22923
NCIT:C22920	NCIT:C22924
NCIT:C22920	NCIT:C22927
NCIT:C22920	NCIT:C22928
NCIT:C22920	NCIT:C22929
NCIT:C22920	NCIT:C22930
NCIT:C22920	NCIT:C22931
NCIT:C22920	NCIT:C22932
NCIT:C22920	NCIT:C22933
NCIT:C22920	NCIT:C22936
NCIT:C22920	NCIT:C22939
NCIT:C22920	NCIT:C22940
NCIT:C22920	NCIT:C22941
NCIT:C22920	NCIT:C22942
NCIT:C22920	NCIT:C22944
NCIT:C22920	NCIT:C22945
NCIT:C22927	NCIT:C22925
NCIT:C22927	NCIT:C22926
NCIT:C22946	NCIT:C22947
NCIT:C22946	NCIT:C22949
NCIT:C22946	NCIT:C22957
NCIT:C22946	NCIT:C22962
NCIT:C22946	NCIT:C22963
NCIT:C22946	NCIT:C22964
NCIT:C22946	NCIT:C22965
NCIT:C22946	NCIT:C22966
NCIT:C22946	NCIT:C22967
NCIT:C22946	NCIT:C22968
NCIT:C22946	NCIT:C22969
NCIT:C22946	NCIT:C22970
NCIT:C22946	NCIT:C22971
NCIT:C22946	NCIT:C22972
NCIT:C22946	NCIT:C22973
NCIT:C22946	NCIT:C22974
NCIT:C22946	NCIT:C22975
NCIT:C22946	NCIT:C22976
NCIT:C22946	NCIT:C22977
NCIT:C22946	NCIT:C22978
NCIT:C22946	NCIT:C22979
NCIT:C22949	NCIT:C22948
NCIT:C22949	NCIT:C22950
NCIT:C22949	NCIT:C22951
NCIT:C22949	NCIT:C22952
NCIT:C22949	NCIT:C22953
NCIT:C22949	NCIT:C22954
NCIT:C22949	NCIT:C22955
NCIT:C22949	NCIT:C22956
NCIT:C22949	NCIT:C22958
NCIT:C22949	NCIT:C22959
NCIT:C22949	NCIT:C22960
NCIT:C22949	NCIT:C22961
NCIT:C22980	NCIT:C134947
NCIT:C22980	NCIT:C24036
NCIT:C22980	NCIT:C24037
NCIT:C22980	NCIT:C24163
NCIT:C22994	NCIT:C22991
NCIT:C22994	NCIT:C22993
NCIT:C22994	NCIT:C22995
NCIT:C22994	NCIT:C22996
NCIT:C22994	NCIT:C22997
NCIT:C22994	NCIT:C22998
NCIT:C22999	NCIT:C21926
NCIT:C23001	NCIT:C21913
NCIT:C23001	NCIT:C21914
NCIT:C23001	NCIT:C21915
NCIT:C23002	NCIT:C21916
NCIT:C23045	NCIT:C23046
NCIT:C23045	NCIT:C23068
NCIT:C23045	NCIT:C23088
NCIT:C23045	NCIT:C23109
NCIT:C23045	NCIT:C23125
NCIT:C23046	NCIT:C23047
NCIT:C23046	NCIT:C23053
NCIT:C23046	NCIT:C23056
NCIT:C23046	NCIT:C23059
NCIT:C23046	NCIT:C23061
NCIT:C23046	NCIT:C23063
NCIT:C23047	NCIT:C23048
NCIT:C23048	NCIT:C23049
NCIT:C23048	NCIT:C23052
NCIT:C23049	NCIT:C23050
NCIT:C23049	NCIT:C23051
NCIT:C23053	NCIT:C23054
NCIT:C23053	NCIT:C23055
NCIT:C23056	NCIT:C23057
NCIT:C23056	NCIT:C23058
NCIT:C23059	NCIT:C23060
NCIT:C23061	NCIT:C23062
NCIT:C23063	NCIT:C23064
NCIT:C23063	NCIT:C23066
NCIT:C23064	NCIT:C23065
NCIT:C23066	NCIT:C23067
NCIT:C23068	NCIT:C23069
NCIT:C23068	NCIT:C23077
NCIT:C23068	NCIT:C23079
NCIT:C23068	NCIT:C23081
NCIT:C23068	NCIT:C23083
NCIT:C23069	NCIT:C23070
NCIT:C23069	NCIT:C23071
NCIT:C23069	NCIT:C23074
NCIT:C23071	NCIT:C23072
NCIT:C23071	NCIT:C23073
NCIT:C23074	NCIT:C23075
NCIT:C23074	NCIT:C23076
NCIT:C23077	NCIT:C23078
NCIT:C23079	NCIT:C23080
NCIT:C23081	NCIT:C23082
NCIT:C23083	NCIT:C23084
NCIT:C23083	NCIT:C23086
NCIT:C23084	NCIT:C23085
NCIT:C23085	NCIT:C23087
NCIT:C23086	NCIT:C23087
NCIT:C23088	NCIT:C23089
NCIT:C23088	NCIT:C23095
NCIT:C23088	NCIT:C23097
NCIT:C23088	NCIT:C23099
NCIT:C23088	NCIT:C23105
NCIT:C23088	NCIT:C23107
NCIT:C23089	NCIT:C23090
NCIT:C23089	NCIT:C23091
NCIT:C23091	NCIT:C23092
NCIT:C23091	NCIT:C23094
NCIT:C23092	NCIT:C23093
NCIT:C23095	NCIT:C23096
NCIT:C23097	NCIT:C23098
NCIT:C23099	NCIT:C23100
NCIT:C23099	NCIT:C23103
NCIT:C23100	NCIT:C23101
NCIT:C23101	NCIT:C23102
NCIT:C23103	NCIT:C23104
NCIT:C23105	NCIT:C23106
NCIT:C23107	NCIT:C23108
NCIT:C23109	NCIT:C23110
NCIT:C23109	NCIT:C23118
NCIT:C23109	NCIT:C23121
NCIT:C23109	NCIT:C23123
NCIT:C23110	NCIT:C23111
NCIT:C23110	NCIT:C23112
NCIT:C23112	NCIT:C23113
NCIT:C23112	NCIT:C23115
NCIT:C23112	NCIT:C23116
NCIT:C23112	NCIT:C23117
NCIT:C23113	NCIT:C23114
NCIT:C23118	NCIT:C23119
NCIT:C23118	NCIT:C23120
NCIT:C23121	NCIT:C23122
NCIT:C23123	NCIT:C23124
NCIT:C23125	NCIT:C134961
NCIT:C23125	NCIT:C23126
NCIT:C23125	NCIT:C23147
NCIT:C23125	NCIT:C23148
NCIT:C23125	NCIT:C23150
NCIT:C23126	NCIT:C23127
NCIT:C23126	NCIT:C23140
NCIT:C23127	NCIT:C23128
NCIT:C23127	NCIT:C23130
NCIT:C23127	NCIT:C23136
NCIT:C23127	NCIT:C23137
NCIT:C23128	NCIT:C23129
NCIT:C23130	NCIT:C23131
NCIT:C23130	NCIT:C23132
NCIT:C23130	NCIT:C23133
NCIT:C23130	NCIT:C23134
NCIT:C23130	NCIT:C23135
NCIT:C23137	NCIT:C23138
NCIT:C23137	NCIT:C23139
NCIT:C23140	NCIT:C23141
NCIT:C23140	NCIT:C23142
NCIT:C23140	NCIT:C23143
NCIT:C23140	NCIT:C23144
NCIT:C23140	NCIT:C23145
NCIT:C23140	NCIT:C23146
NCIT:C23148	NCIT:C23149
NCIT:C23150	NCIT:C23151
NCIT:C23989	NCIT:C21638
NCIT:C23989	NCIT:C21645
NCIT:C23989	NCIT:C21697
NCIT:C23989	NCIT:C21704
NCIT:C23989	NCIT:C21862
NCIT:C23989	NCIT:C21867
NCIT:C23989	NCIT:C22078
NCIT:C23989	NCIT:C22102
NCIT:C23990	NCIT:C21723
NCIT:C23990	NCIT:C21898
NCIT:C23990	NCIT:C22113
NCIT:C23991	NCIT:C22077
NCIT:C23991	NCIT:C25816
NCIT:C23993	NCIT:C21882
NCIT:C23993	NCIT:C21930
NCIT:C23993	NCIT:C22918
NCIT:C23993	NCIT:C22946
NCIT:C23993	NCIT:C22980
NCIT:C23993	NCIT:C23045
NCIT:C23993	NCIT:C24030
NCIT:C23993	NCIT:C24034
NCIT:C23993	NCIT:C24035
NCIT:C23993	NCIT:C24039
NCIT:C23993	NCIT:C24040
NCIT:C23993	NCIT:C24113
NCIT:C23995	NCIT:C21601
NCIT:C23995	NCIT:C21602
NCIT:C23995	NCIT:C21603
NCIT:C23995	NCIT:C21604
NCIT:C23995	NCIT:C21614
NCIT:C23995	NCIT:C21622
NCIT:C23995	NCIT:C21625
NCIT:C23995	NCIT:C21635
NCIT:C23995	NCIT:C24009
NCIT:C23995	NCIT:C24010
NCIT:C23996	NCIT:C21773
NCIT:C23996	NCIT:C23117
NCIT:C23998	NCIT:C198577
NCIT:C23998	NCIT:C21608
NCIT:C23998	NCIT:C21619
NCIT:C23998	NCIT:C21627
NCIT:C23998	NCIT:C23996
NCIT:C23998	NCIT:C24002
NCIT:C23998	NCIT:C24010
NCIT:C23998	NCIT:C24012
NCIT:C23998	NCIT:C24014
NCIT:C23999	NCIT:C22062
NCIT:C24001	NCIT:C21629
NCIT:C24001	NCIT:C21630
NCIT:C24001	NCIT:C22058
NCIT:C24002	NCIT:C21781
NCIT:C24002	NCIT:C22051
NCIT:C24003	NCIT:C21603
NCIT:C24003	NCIT:C21616
NCIT:C24003	NCIT:C21617
NCIT:C24003	NCIT:C24114
NCIT:C24003	NCIT:C24116
NCIT:C24003	NCIT:C24197
NCIT:C24004	NCIT:C21894
NCIT:C24005	NCIT:C21889
NCIT:C24005	NCIT:C21901
NCIT:C24006	NCIT:C21633
NCIT:C24006	NCIT:C21843
NCIT:C24006	NCIT:C21966
NCIT:C24006	NCIT:C22001
NCIT:C24006	NCIT:C22006
NCIT:C24007	NCIT:C21631
NCIT:C24009	NCIT:C21663
NCIT:C24009	NCIT:C21665
NCIT:C24009	NCIT:C21762
NCIT:C24009	NCIT:C21825
NCIT:C24009	NCIT:C22118
NCIT:C24009	NCIT:C22989
NCIT:C24009	NCIT:C22994
NCIT:C24010	NCIT:C124802
NCIT:C24010	NCIT:C21609
NCIT:C24010	NCIT:C21610
NCIT:C24010	NCIT:C21732
NCIT:C24010	NCIT:C21779
NCIT:C24010	NCIT:C21826
NCIT:C24010	NCIT:C21961
NCIT:C24010	NCIT:C22064
NCIT:C24010	NCIT:C22990
NCIT:C24010	NCIT:C22992
NCIT:C24010	NCIT:C23112
NCIT:C24010	NCIT:C24011
NCIT:C24010	NCIT:C24013
NCIT:C24010	NCIT:C25820
NCIT:C24011	NCIT:C21626
NCIT:C24011	NCIT:C21734
NCIT:C24011	NCIT:C21739
NCIT:C24011	NCIT:C21771
NCIT:C24011	NCIT:C22152
NCIT:C24012	NCIT:C21609
NCIT:C24012	NCIT:C21798
NCIT:C24012	NCIT:C24013
NCIT:C24013	NCIT:C21691
NCIT:C24013	NCIT:C21747
NCIT:C24013	NCIT:C21777
NCIT:C24013	NCIT:C23052
NCIT:C24014	NCIT:C24009
NCIT:C24014	NCIT:C24015
NCIT:C24015	NCIT:C21664
NCIT:C24015	NCIT:C21761
NCIT:C24015	NCIT:C21960
NCIT:C24016	NCIT:C21841
NCIT:C24016	NCIT:C21842
NCIT:C24016	NCIT:C22161
NCIT:C24016	NCIT:C22912
NCIT:C24016	NCIT:C22934
NCIT:C24017	NCIT:C22158
NCIT:C24017	NCIT:C22915
NCIT:C24018	NCIT:C21751
NCIT:C24018	NCIT:C22042
NCIT:C24018	NCIT:C22968
NCIT:C24018	NCIT:C22970
NCIT:C24018	NCIT:C22973
NCIT:C24018	NCIT:C22974
NCIT:C24018	NCIT:C22976
NCIT:C24018	NCIT:C22977
NCIT:C24018	NCIT:C23119
NCIT:C24019	NCIT:C22917
NCIT:C24019	NCIT:C22937
NCIT:C24020	NCIT:C21749
NCIT:C24020	NCIT:C21844
NCIT:C24020	NCIT:C22038
NCIT:C24020	NCIT:C22159
NCIT:C24020	NCIT:C23055
NCIT:C24020	NCIT:C23106
NCIT:C24021	NCIT:C21752
NCIT:C24021	NCIT:C22044
NCIT:C24021	NCIT:C22949
NCIT:C24021	NCIT:C23120
NCIT:C24022	NCIT:C21750
NCIT:C24022	NCIT:C21845
NCIT:C24022	NCIT:C22913
NCIT:C24022	NCIT:C23078
NCIT:C24023	NCIT:C23060
NCIT:C24024	NCIT:C191763
NCIT:C24024	NCIT:C22115
NCIT:C24024	NCIT:C24200
NCIT:C24030	NCIT:C24031
NCIT:C24030	NCIT:C25806
NCIT:C24031	NCIT:C24032
NCIT:C24031	NCIT:C24033
NCIT:C24032	NCIT:C21722
NCIT:C24033	NCIT:C24051
NCIT:C24033	NCIT:C24066
NCIT:C24033	NCIT:C24110
NCIT:C24034	NCIT:C23046
NCIT:C24034	NCIT:C23068
NCIT:C24034	NCIT:C23125
NCIT:C24034	NCIT:C24024
NCIT:C24034	NCIT:C24146
NCIT:C24034	NCIT:C34035
NCIT:C24034	NCIT:C38733
NCIT:C24035	NCIT:C21661
NCIT:C24035	NCIT:C21780
NCIT:C24036	NCIT:C134960
NCIT:C24036	NCIT:C22992
NCIT:C24036	NCIT:C22994
NCIT:C24037	NCIT:C22989
NCIT:C24037	NCIT:C22990
NCIT:C24039	NCIT:C21760
NCIT:C24039	NCIT:C21769
NCIT:C24040	NCIT:C23088
NCIT:C24051	NCIT:C24052
NCIT:C24051	NCIT:C24053
NCIT:C24053	NCIT:C24054
NCIT:C24054	NCIT:C24055
NCIT:C24054	NCIT:C24063
NCIT:C24054	NCIT:C24064
NCIT:C24054	NCIT:C24065
NCIT:C24055	NCIT:C24056
NCIT:C24055	NCIT:C24057
NCIT:C24055	NCIT:C24058
NCIT:C24055	NCIT:C24059
NCIT:C24055	NCIT:C24061
NCIT:C24059	NCIT:C24062
NCIT:C24061	NCIT:C24062
NCIT:C24066	NCIT:C24067
NCIT:C24066	NCIT:C24087
NCIT:C24067	NCIT:C24068
NCIT:C24067	NCIT:C24083
NCIT:C24067	NCIT:C24084
NCIT:C24067	NCIT:C24085
NCIT:C24068	NCIT:C24069
NCIT:C24068	NCIT:C24074
NCIT:C24068	NCIT:C24075
NCIT:C24068	NCIT:C24076
NCIT:C24068	NCIT:C24077
NCIT:C24068	NCIT:C24078
NCIT:C24068	NCIT:C24079
NCIT:C24068	NCIT:C24080
NCIT:C24068	NCIT:C24081
NCIT:C24068	NCIT:C24082
NCIT:C24069	NCIT:C24070
NCIT:C24069	NCIT:C24071
NCIT:C24069	NCIT:C24072
NCIT:C24069	NCIT:C24073
NCIT:C24083	NCIT:C24078
NCIT:C24084	NCIT:C24079
NCIT:C24085	NCIT:C24086
NCIT:C24087	NCIT:C24088
NCIT:C24087	NCIT:C24102
NCIT:C24087	NCIT:C24105
NCIT:C24087	NCIT:C24107
NCIT:C24088	NCIT:C24089
NCIT:C24088	NCIT:C24096
NCIT:C24088	NCIT:C24098
NCIT:C24088	NCIT:C24099
NCIT:C24088	NCIT:C24101
NCIT:C24089	NCIT:C24090
NCIT:C24089	NCIT:C24091
NCIT:C24089	NCIT:C24092
NCIT:C24089	NCIT:C24093
NCIT:C24089	NCIT:C24094
NCIT:C24094	NCIT:C24095
NCIT:C24096	NCIT:C24097
NCIT:C24099	NCIT:C24100
NCIT:C24102	NCIT:C24096
NCIT:C24102	NCIT:C24103
NCIT:C24102	NCIT:C24104
NCIT:C24105	NCIT:C24106
NCIT:C24107	NCIT:C24108
NCIT:C24108	NCIT:C24109
NCIT:C24110	NCIT:C24111
NCIT:C24110	NCIT:C24112
NCIT:C24113	NCIT:C24114
NCIT:C24113	NCIT:C24116
NCIT:C24113	NCIT:C24199
NCIT:C24114	NCIT:C24115
NCIT:C24115	NCIT:C21615
NCIT:C24116	NCIT:C24117
NCIT:C24117	NCIT:C24118
NCIT:C24118	NCIT:C24119
NCIT:C24118	NCIT:C24120
NCIT:C24120	NCIT:C24022
NCIT:C24146	NCIT:C24147
NCIT:C24147	NCIT:C24148
NCIT:C24147	NCIT:C24152
NCIT:C24147	NCIT:C24153
NCIT:C24147	NCIT:C24155
NCIT:C24147	NCIT:C24156
NCIT:C24147	NCIT:C24162
NCIT:C24148	NCIT:C24149
NCIT:C24148	NCIT:C24150
NCIT:C24148	NCIT:C24151
NCIT:C24153	NCIT:C24154
NCIT:C24156	NCIT:C24157
NCIT:C24156	NCIT:C24158
NCIT:C24156	NCIT:C24159
NCIT:C24156	NCIT:C24160
NCIT:C24156	NCIT:C24161
NCIT:C24163	NCIT:C134958
NCIT:C24163	NCIT:C24164
NCIT:C24164	NCIT:C24165
NCIT:C24164	NCIT:C24166
NCIT:C24164	NCIT:C24181
NCIT:C24164	NCIT:C24186
NCIT:C24164	NCIT:C24187
NCIT:C24166	NCIT:C24167
NCIT:C24166	NCIT:C24170
NCIT:C24166	NCIT:C24172
NCIT:C24166	NCIT:C24173
NCIT:C24166	NCIT:C24174
NCIT:C24167	NCIT:C24168
NCIT:C24167	NCIT:C24169
NCIT:C24170	NCIT:C24171
NCIT:C24174	NCIT:C24175
NCIT:C24174	NCIT:C24177
NCIT:C24174	NCIT:C24178
NCIT:C24174	NCIT:C24180
NCIT:C24175	NCIT:C24176
NCIT:C24178	NCIT:C24179
NCIT:C24181	NCIT:C24182
NCIT:C24181	NCIT:C24183
NCIT:C24183	NCIT:C24184
NCIT:C24184	NCIT:C24185
NCIT:C24187	NCIT:C24188
NCIT:C24197	NCIT:C22964
NCIT:C24197	NCIT:C22965
NCIT:C24197	NCIT:C22966
NCIT:C24197	NCIT:C22967
NCIT:C24197	NCIT:C22969
NCIT:C24197	NCIT:C22971
NCIT:C24197	NCIT:C22972
NCIT:C24197	NCIT:C24018
NCIT:C24199	NCIT:C24197
NCIT:C24200	NCIT:C24201
NCIT:C24200	NCIT:C24208
NCIT:C24200	NCIT:C24211
NCIT:C24200	NCIT:C24219
NCIT:C24200	NCIT:C24222
NCIT:C24200	NCIT:C24224
NCIT:C24201	NCIT:C24202
NCIT:C24201	NCIT:C24203
NCIT:C24201	NCIT:C24204
NCIT:C24201	NCIT:C24205
NCIT:C24201	NCIT:C24207
NCIT:C24205	NCIT:C24206
NCIT:C24208	NCIT:C24209
NCIT:C24209	NCIT:C24210
NCIT:C24211	NCIT:C24205
NCIT:C24211	NCIT:C24212
NCIT:C24211	NCIT:C24214
NCIT:C24211	NCIT:C24215
NCIT:C24211	NCIT:C24216
NCIT:C24211	NCIT:C24217
NCIT:C24211	NCIT:C24218
NCIT:C24212	NCIT:C24202
NCIT:C24212	NCIT:C24213
NCIT:C24219	NCIT:C24220
NCIT:C24219	NCIT:C24221
NCIT:C24222	NCIT:C24210
NCIT:C24222	NCIT:C24223
NCIT:C24224	NCIT:C24209
NCIT:C24224	NCIT:C24213
NCIT:C24224	NCIT:C24225
NCIT:C24224	NCIT:C24236
NCIT:C24224	NCIT:C24240
NCIT:C24224	NCIT:C24242
NCIT:C24224	NCIT:C24243
NCIT:C24225	NCIT:C24221
NCIT:C24225	NCIT:C24226
NCIT:C24225	NCIT:C24227
NCIT:C24225	NCIT:C24228
NCIT:C24225	NCIT:C24229
NCIT:C24225	NCIT:C24230
NCIT:C24225	NCIT:C24231
NCIT:C24225	NCIT:C24232
NCIT:C24225	NCIT:C24233
NCIT:C24225	NCIT:C24234
NCIT:C24225	NCIT:C24235
NCIT:C24236	NCIT:C24237
NCIT:C24236	NCIT:C24238
NCIT:C24236	NCIT:C24239
NCIT:C24240	NCIT:C24241
NCIT:C24243	NCIT:C24244
NCIT:C25765	NCIT:C172129
NCIT:C25765	NCIT:C172130
NCIT:C25765	NCIT:C209345
NCIT:C25765	NCIT:C213423
NCIT:C25765	NCIT:C213424
NCIT:C25765	NCIT:C27931
NCIT:C25765	NCIT:C4037
NCIT:C25765	NCIT:C8252
NCIT:C25771	NCIT:C187316
NCIT:C25771	NCIT:C198417
NCIT:C25771	NCIT:C222480
NCIT:C25806	NCIT:C25807
NCIT:C25807	NCIT:C25808
NCIT:C25807	NCIT:C25809
NCIT:C25807	NCIT:C25810
NCIT:C25807	NCIT:C25814
NCIT:C25810	NCIT:C25811
NCIT:C25810	NCIT:C25812
NCIT:C25810	NCIT:C25813
NCIT:C25814	NCIT:C25815
NCIT:C25814	NCIT:C25816
NCIT:C25814	NCIT:C25818
NCIT:C25814	NCIT:C25819
NCIT:C25814	NCIT:C25820
NCIT:C25820	NCIT:C25821
NCIT:C25820	NCIT:C25822
NCIT:C25820	NCIT:C25823
NCIT:C26323	NCIT:C203422
NCIT:C26323	NCIT:C26324
NCIT:C26323	NCIT:C26863
NCIT:C26323	NCIT:C27134
NCIT:C26323	NCIT:C9308
NCIT:C26324	NCIT:C104003
NCIT:C26324	NCIT:C131634
NCIT:C26324	NCIT:C171089
NCIT:C26324	NCIT:C200530
NCIT:C26324	NCIT:C26870
NCIT:C26324	NCIT:C27227
NCIT:C26324	NCIT:C2869
NCIT:C26324	NCIT:C2902
NCIT:C26324	NCIT:C34792
NCIT:C26324	NCIT:C34817
NCIT:C26324	NCIT:C34974
NCIT:C26324	NCIT:C4939
NCIT:C26324	NCIT:C61233
NCIT:C26324	NCIT:C61248
NCIT:C26324	NCIT:C61284
NCIT:C26324	NCIT:C85074
NCIT:C26326	NCIT:C166355
NCIT:C26326	NCIT:C27573
NCIT:C26326	NCIT:C98297
NCIT:C26391	NCIT:C22918
NCIT:C26392	NCIT:C24113
NCIT:C26393	NCIT:C22078
NCIT:C26393	NCIT:C22096
NCIT:C26393	NCIT:C22102
NCIT:C26393	NCIT:C22113
NCIT:C26393	NCIT:C24034
NCIT:C26393	NCIT:C34031
NCIT:C26393	NCIT:C38754
NCIT:C26394	NCIT:C22980
NCIT:C26395	NCIT:C25806
NCIT:C26396	NCIT:C24031
NCIT:C26396	NCIT:C26397
NCIT:C26396	NCIT:C26399
NCIT:C26397	NCIT:C24033
NCIT:C26397	NCIT:C30028
NCIT:C26399	NCIT:C24032
NCIT:C26399	NCIT:C26400
NCIT:C26400	NCIT:C21697
NCIT:C26400	NCIT:C21704
NCIT:C26400	NCIT:C21707
NCIT:C26400	NCIT:C21722
NCIT:C26401	NCIT:C23045
NCIT:C26402	NCIT:C21867
NCIT:C26402	NCIT:C21882
NCIT:C26402	NCIT:C21898
NCIT:C26403	NCIT:C21638
NCIT:C26403	NCIT:C21645
NCIT:C26403	NCIT:C21651
NCIT:C26403	NCIT:C21661
NCIT:C26404	NCIT:C21780
NCIT:C26404	NCIT:C21782
NCIT:C26404	NCIT:C21799
NCIT:C26404	NCIT:C21824
NCIT:C26404	NCIT:C21854
NCIT:C26404	NCIT:C21862
NCIT:C26405	NCIT:C21930
NCIT:C26406	NCIT:C28619
NCIT:C26407	NCIT:C22946
NCIT:C26458	NCIT:C9492
NCIT:C26684	NCIT:C3265
NCIT:C26684	NCIT:C53539
NCIT:C26686	NCIT:C121148
NCIT:C26686	NCIT:C126462
NCIT:C26686	NCIT:C215347
NCIT:C26686	NCIT:C26969
NCIT:C26686	NCIT:C27115
NCIT:C26686	NCIT:C27334
NCIT:C26686	NCIT:C27346
NCIT:C26686	NCIT:C34734
NCIT:C26686	NCIT:C35307
NCIT:C26686	NCIT:C35347
NCIT:C26686	NCIT:C35475
NCIT:C26686	NCIT:C35523
NCIT:C26686	NCIT:C35666
NCIT:C26686	NCIT:C82902
NCIT:C26686	NCIT:C96272
NCIT:C26686	NCIT:C99089
NCIT:C26686	NCIT:C99090
NCIT:C26686	NCIT:C99091
NCIT:C26686	NCIT:C99092
NCIT:C26686	NCIT:C99093
NCIT:C26688	NCIT:C26735
NCIT:C26689	NCIT:C113814
NCIT:C26690	NCIT:C213853
NCIT:C26690	NCIT:C27569
NCIT:C26690	NCIT:C2859
NCIT:C26690	NCIT:C3736
NCIT:C26691	NCIT:C113172
NCIT:C26691	NCIT:C62602
NCIT:C26692	NCIT:C131621
NCIT:C26692	NCIT:C98130
NCIT:C26692	NCIT:C98937
NCIT:C26693	NCIT:C197835
NCIT:C26693	NCIT:C197836
NCIT:C26693	NCIT:C197838
NCIT:C26693	NCIT:C197839
NCIT:C26695	NCIT:C2877
NCIT:C26695	NCIT:C3957
NCIT:C26695	NCIT:C53494
NCIT:C26695	NCIT:C7407
NCIT:C26699	NCIT:C197909
NCIT:C26699	NCIT:C27074
NCIT:C26699	NCIT:C27075
NCIT:C26699	NCIT:C27077
NCIT:C26699	NCIT:C27078
NCIT:C26699	NCIT:C27163
NCIT:C26699	NCIT:C27320
NCIT:C26700	NCIT:C26699
NCIT:C26702	NCIT:C140268
NCIT:C26702	NCIT:C154614
NCIT:C26702	NCIT:C171555
NCIT:C26702	NCIT:C177252
NCIT:C26702	NCIT:C197883
NCIT:C26702	NCIT:C202603
NCIT:C26702	NCIT:C206117
NCIT:C26702	NCIT:C214852
NCIT:C26702	NCIT:C220160
NCIT:C26702	NCIT:C82341
NCIT:C26704	NCIT:C122523
NCIT:C26704	NCIT:C122526
NCIT:C26704	NCIT:C128338
NCIT:C26704	NCIT:C128339
NCIT:C26704	NCIT:C157868
NCIT:C26704	NCIT:C157959
NCIT:C26705	NCIT:C3523
NCIT:C26709	NCIT:C2909
NCIT:C26709	NCIT:C2910
NCIT:C26711	NCIT:C116810
NCIT:C26711	NCIT:C116811
NCIT:C26711	NCIT:C116812
NCIT:C26711	NCIT:C116813
NCIT:C26711	NCIT:C216068
NCIT:C26711	NCIT:C27027
NCIT:C26711	NCIT:C28137
NCIT:C26711	NCIT:C2914
NCIT:C26711	NCIT:C35576
NCIT:C26711	NCIT:C35635
NCIT:C26711	NCIT:C4985
NCIT:C26712	NCIT:C128166
NCIT:C26712	NCIT:C136709
NCIT:C26712	NCIT:C160995
NCIT:C26712	NCIT:C206212
NCIT:C26712	NCIT:C215028
NCIT:C26712	NCIT:C215795
NCIT:C26712	NCIT:C27416
NCIT:C26712	NCIT:C27533
NCIT:C26712	NCIT:C3345
NCIT:C26712	NCIT:C36095
NCIT:C26712	NCIT:C37214
NCIT:C26712	NCIT:C3776
NCIT:C26712	NCIT:C39837
NCIT:C26712	NCIT:C40103
NCIT:C26712	NCIT:C40137
NCIT:C26712	NCIT:C40144
NCIT:C26712	NCIT:C40252
NCIT:C26712	NCIT:C41618
NCIT:C26712	NCIT:C43536
NCIT:C26712	NCIT:C43558
NCIT:C26712	NCIT:C43585
NCIT:C26712	NCIT:C45512
NCIT:C26712	NCIT:C5243
NCIT:C26712	NCIT:C5248
NCIT:C26712	NCIT:C5537
NCIT:C26712	NCIT:C5606
NCIT:C26712	NCIT:C5744
NCIT:C26712	NCIT:C5846
NCIT:C26712	NCIT:C62193
NCIT:C26712	NCIT:C9131
NCIT:C26713	NCIT:C101193
NCIT:C26713	NCIT:C135176
NCIT:C26713	NCIT:C135177
NCIT:C26713	NCIT:C135180
NCIT:C26713	NCIT:C219804
NCIT:C26713	NCIT:C219816
NCIT:C26713	NCIT:C34833
NCIT:C26713	NCIT:C35068
NCIT:C26713	NCIT:C53976
NCIT:C26713	NCIT:C98802
NCIT:C26713	NCIT:C98888
NCIT:C26714	NCIT:C200033
NCIT:C26714	NCIT:C45425
NCIT:C26714	NCIT:C45426
NCIT:C26715	NCIT:C115992
NCIT:C26715	NCIT:C181759
NCIT:C26715	NCIT:C220090
NCIT:C26715	NCIT:C34454
NCIT:C26715	NCIT:C99000
NCIT:C26716	NCIT:C26762
NCIT:C26716	NCIT:C27056
NCIT:C26716	NCIT:C27057
NCIT:C26716	NCIT:C78360
NCIT:C26718	NCIT:C164213
NCIT:C26718	NCIT:C35334
NCIT:C26718	NCIT:C35335
NCIT:C26718	NCIT:C35336
NCIT:C26718	NCIT:C35372
NCIT:C26718	NCIT:C4828
NCIT:C26720	NCIT:C111943
NCIT:C26723	NCIT:C128347
NCIT:C26723	NCIT:C188912
NCIT:C26723	NCIT:C27111
NCIT:C26723	NCIT:C27740
NCIT:C26723	NCIT:C35608
NCIT:C26723	NCIT:C37262
NCIT:C26723	NCIT:C38043
NCIT:C26723	NCIT:C38504
NCIT:C26723	NCIT:C78359
NCIT:C26723	NCIT:C82954
NCIT:C26725	NCIT:C176801
NCIT:C26725	NCIT:C176809
NCIT:C26726	NCIT:C115164
NCIT:C26726	NCIT:C117984
NCIT:C26726	NCIT:C128366
NCIT:C26726	NCIT:C128367
NCIT:C26726	NCIT:C178502
NCIT:C26726	NCIT:C193412
NCIT:C26726	NCIT:C26686
NCIT:C26726	NCIT:C27583
NCIT:C26726	NCIT:C27864
NCIT:C26726	NCIT:C28356
NCIT:C26726	NCIT:C2890
NCIT:C26726	NCIT:C3245
NCIT:C26726	NCIT:C3289
NCIT:C26726	NCIT:C3365
NCIT:C26726	NCIT:C3439
NCIT:C26726	NCIT:C34790
NCIT:C26726	NCIT:C35803
NCIT:C26726	NCIT:C50534
NCIT:C26726	NCIT:C50612
NCIT:C26726	NCIT:C50705
NCIT:C26726	NCIT:C50719
NCIT:C26726	NCIT:C50758
NCIT:C26726	NCIT:C78255
NCIT:C26726	NCIT:C85505
NCIT:C26726	NCIT:C9494
NCIT:C26729	NCIT:C214795
NCIT:C26729	NCIT:C97075
NCIT:C26731	NCIT:C27608
NCIT:C26731	NCIT:C4361
NCIT:C26733	NCIT:C129934
NCIT:C26733	NCIT:C26941
NCIT:C26733	NCIT:C26952
NCIT:C26733	NCIT:C26953
NCIT:C26733	NCIT:C26954
NCIT:C26733	NCIT:C27207
NCIT:C26733	NCIT:C27210
NCIT:C26733	NCIT:C27211
NCIT:C26733	NCIT:C27591
NCIT:C26733	NCIT:C27593
NCIT:C26733	NCIT:C27594
NCIT:C26733	NCIT:C27598
NCIT:C26733	NCIT:C2963
NCIT:C26733	NCIT:C78248
NCIT:C26733	NCIT:C78395
NCIT:C26733	NCIT:C79698
NCIT:C26734	NCIT:C121745
NCIT:C26734	NCIT:C121747
NCIT:C26734	NCIT:C121748
NCIT:C26734	NCIT:C121749
NCIT:C26734	NCIT:C121750
NCIT:C26734	NCIT:C121751
NCIT:C26734	NCIT:C27114
NCIT:C26734	NCIT:C27116
NCIT:C26738	NCIT:C114666
NCIT:C26738	NCIT:C123174
NCIT:C26738	NCIT:C123175
NCIT:C26738	NCIT:C123176
NCIT:C26738	NCIT:C27008
NCIT:C26738	NCIT:C78250
NCIT:C26738	NCIT:C83816
NCIT:C26743	NCIT:C26998
NCIT:C26743	NCIT:C27151
NCIT:C26744	NCIT:C27313
NCIT:C26744	NCIT:C27576
NCIT:C26745	NCIT:C34535
NCIT:C26745	NCIT:C34536
NCIT:C26746	NCIT:C119999
NCIT:C26746	NCIT:C72069
NCIT:C26746	NCIT:C72070
NCIT:C26748	NCIT:C27068
NCIT:C26749	NCIT:C27454
NCIT:C26749	NCIT:C27455
NCIT:C26749	NCIT:C65189
NCIT:C26750	NCIT:C172034
NCIT:C26750	NCIT:C26982
NCIT:C26750	NCIT:C34698
NCIT:C26750	NCIT:C35020
NCIT:C26752	NCIT:C27300
NCIT:C26752	NCIT:C53647
NCIT:C26754	NCIT:C27743
NCIT:C26757	NCIT:C26972
NCIT:C26757	NCIT:C27065
NCIT:C26757	NCIT:C27166
NCIT:C26757	NCIT:C27652
NCIT:C26757	NCIT:C3000
NCIT:C26757	NCIT:C5971
NCIT:C26759	NCIT:C111782
NCIT:C26759	NCIT:C111861
NCIT:C26759	NCIT:C111911
NCIT:C26759	NCIT:C114722
NCIT:C26759	NCIT:C171980
NCIT:C26759	NCIT:C206545
NCIT:C26759	NCIT:C28195
NCIT:C26759	NCIT:C50455
NCIT:C26759	NCIT:C50713
NCIT:C26760	NCIT:C122414
NCIT:C26760	NCIT:C125384
NCIT:C26760	NCIT:C79550
NCIT:C26764	NCIT:C102820
NCIT:C26764	NCIT:C111914
NCIT:C26764	NCIT:C142885
NCIT:C26764	NCIT:C27022
NCIT:C26765	NCIT:C35210
NCIT:C26765	NCIT:C3905
NCIT:C26765	NCIT:C84782
NCIT:C26765	NCIT:C94409
NCIT:C26767	NCIT:C175883
NCIT:C26767	NCIT:C193440
NCIT:C26767	NCIT:C26731
NCIT:C26767	NCIT:C26812
NCIT:C26767	NCIT:C26875
NCIT:C26767	NCIT:C26908
NCIT:C26767	NCIT:C27604
NCIT:C26767	NCIT:C27605
NCIT:C26767	NCIT:C3030
NCIT:C26767	NCIT:C45256
NCIT:C26767	NCIT:C79717
NCIT:C26768	NCIT:C27609
NCIT:C26768	NCIT:C3031
NCIT:C26768	NCIT:C35198
NCIT:C26769	NCIT:C101198
NCIT:C26769	NCIT:C101316
NCIT:C26769	NCIT:C116901
NCIT:C26769	NCIT:C116902
NCIT:C26771	NCIT:C27630
NCIT:C26771	NCIT:C3032
NCIT:C26773	NCIT:C27226
NCIT:C26773	NCIT:C78299
NCIT:C26780	NCIT:C122082
NCIT:C26780	NCIT:C26928
NCIT:C26780	NCIT:C26929
NCIT:C26780	NCIT:C26933
NCIT:C26780	NCIT:C26977
NCIT:C26780	NCIT:C27013
NCIT:C26780	NCIT:C27051
NCIT:C26780	NCIT:C27052
NCIT:C26780	NCIT:C27184
NCIT:C26780	NCIT:C27329
NCIT:C26780	NCIT:C27340
NCIT:C26780	NCIT:C27342
NCIT:C26780	NCIT:C27348
NCIT:C26780	NCIT:C27836
NCIT:C26780	NCIT:C27837
NCIT:C26780	NCIT:C67277
NCIT:C26780	NCIT:C82938
NCIT:C26780	NCIT:C95752
NCIT:C26782	NCIT:C101228
NCIT:C26782	NCIT:C34639
NCIT:C26782	NCIT:C34641
NCIT:C26782	NCIT:C50648
NCIT:C26784	NCIT:C123022
NCIT:C26784	NCIT:C123043
NCIT:C26784	NCIT:C123050
NCIT:C26784	NCIT:C123108
NCIT:C26784	NCIT:C123109
NCIT:C26784	NCIT:C123110
NCIT:C26784	NCIT:C123111
NCIT:C26784	NCIT:C123112
NCIT:C26784	NCIT:C123181
NCIT:C26784	NCIT:C158968
NCIT:C26784	NCIT:C217743
NCIT:C26784	NCIT:C34643
NCIT:C26784	NCIT:C34644
NCIT:C26784	NCIT:C34645
NCIT:C26784	NCIT:C34789
NCIT:C26784	NCIT:C34844
NCIT:C26784	NCIT:C35173
NCIT:C26784	NCIT:C35213
NCIT:C26784	NCIT:C35264
NCIT:C26784	NCIT:C35280
NCIT:C26784	NCIT:C35281
NCIT:C26784	NCIT:C35443
NCIT:C26784	NCIT:C35444
NCIT:C26784	NCIT:C35445
NCIT:C26784	NCIT:C35706
NCIT:C26784	NCIT:C35707
NCIT:C26784	NCIT:C35798
NCIT:C26784	NCIT:C35799
NCIT:C26784	NCIT:C35800
NCIT:C26784	NCIT:C35801
NCIT:C26784	NCIT:C96182
NCIT:C26785	NCIT:C131436
NCIT:C26785	NCIT:C131437
NCIT:C26785	NCIT:C131440
NCIT:C26785	NCIT:C3071
NCIT:C26785	NCIT:C35023
NCIT:C26785	NCIT:C35171
NCIT:C26785	NCIT:C35271
NCIT:C26786	NCIT:C27570
NCIT:C26786	NCIT:C3873
NCIT:C26786	NCIT:C7335
NCIT:C26786	NCIT:C8591
NCIT:C26788	NCIT:C154314
NCIT:C26788	NCIT:C154315
NCIT:C26790	NCIT:C116345
NCIT:C26792	NCIT:C35319
NCIT:C26792	NCIT:C35320
NCIT:C26796	NCIT:C102979
NCIT:C26796	NCIT:C123155
NCIT:C26798	NCIT:C131309
NCIT:C26800	NCIT:C113143
NCIT:C26800	NCIT:C113144
NCIT:C26800	NCIT:C121727
NCIT:C26800	NCIT:C129644
NCIT:C26800	NCIT:C131031
NCIT:C26800	NCIT:C131078
NCIT:C26800	NCIT:C132053
NCIT:C26800	NCIT:C26734
NCIT:C26800	NCIT:C34834
NCIT:C26801	NCIT:C213842
NCIT:C26801	NCIT:C215175
NCIT:C26801	NCIT:C215199
NCIT:C26801	NCIT:C3141
NCIT:C26801	NCIT:C53500
NCIT:C26801	NCIT:C7657
NCIT:C26805	NCIT:C118749
NCIT:C26805	NCIT:C118750
NCIT:C26805	NCIT:C128370
NCIT:C26805	NCIT:C220167
NCIT:C26805	NCIT:C83813
NCIT:C26808	NCIT:C114388
NCIT:C26808	NCIT:C119999
NCIT:C26808	NCIT:C123163
NCIT:C26808	NCIT:C34749
NCIT:C26808	NCIT:C35473
NCIT:C26809	NCIT:C175257
NCIT:C26809	NCIT:C5102
NCIT:C26810	NCIT:C27659
NCIT:C26810	NCIT:C3156
NCIT:C26810	NCIT:C7411
NCIT:C26811	NCIT:C26688
NCIT:C26811	NCIT:C26895
NCIT:C26811	NCIT:C26975
NCIT:C26811	NCIT:C27305
NCIT:C26812	NCIT:C125484
NCIT:C26812	NCIT:C26713
NCIT:C26812	NCIT:C34392
NCIT:C26812	NCIT:C34772
NCIT:C26812	NCIT:C35393
NCIT:C26813	NCIT:C7963
NCIT:C26813	NCIT:C9165
NCIT:C26817	NCIT:C27723
NCIT:C26818	NCIT:C3191
NCIT:C26818	NCIT:C79544
NCIT:C26819	NCIT:C112203
NCIT:C26819	NCIT:C117111
NCIT:C26819	NCIT:C117112
NCIT:C26819	NCIT:C26820
NCIT:C26819	NCIT:C27171
NCIT:C26821	NCIT:C26830
NCIT:C26821	NCIT:C26937
NCIT:C26821	NCIT:C26966
NCIT:C26821	NCIT:C26978
NCIT:C26821	NCIT:C27016
NCIT:C26821	NCIT:C27135
NCIT:C26821	NCIT:C27332
NCIT:C26821	NCIT:C27333
NCIT:C26821	NCIT:C71719
NCIT:C26826	NCIT:C27671
NCIT:C26826	NCIT:C3221
NCIT:C26827	NCIT:C27180
NCIT:C26827	NCIT:C83815
NCIT:C26828	NCIT:C118299
NCIT:C26828	NCIT:C128374
NCIT:C26828	NCIT:C174114
NCIT:C26828	NCIT:C79598
NCIT:C26831	NCIT:C128377
NCIT:C26831	NCIT:C26822
NCIT:C26831	NCIT:C3423
NCIT:C26831	NCIT:C36197
NCIT:C26831	NCIT:C84604
NCIT:C26831	NCIT:C84824
NCIT:C26832	NCIT:C128378
NCIT:C26832	NCIT:C128379
NCIT:C26833	NCIT:C26784
NCIT:C26833	NCIT:C26834
NCIT:C26834	NCIT:C123014
NCIT:C26834	NCIT:C173626
NCIT:C26835	NCIT:C117007
NCIT:C26835	NCIT:C26733
NCIT:C26835	NCIT:C27580
NCIT:C26835	NCIT:C27588
NCIT:C26835	NCIT:C2934
NCIT:C26835	NCIT:C3268
NCIT:C26835	NCIT:C4731
NCIT:C26836	NCIT:C121669
NCIT:C26836	NCIT:C157938
NCIT:C26836	NCIT:C3669
NCIT:C26836	NCIT:C89332
NCIT:C26837	NCIT:C164153
NCIT:C26837	NCIT:C98576
NCIT:C26837	NCIT:C99001
NCIT:C26837	NCIT:C99002
NCIT:C26837	NCIT:C99003
NCIT:C26838	NCIT:C67235
NCIT:C26839	NCIT:C27577
NCIT:C26839	NCIT:C78402
NCIT:C26840	NCIT:C129732
NCIT:C26840	NCIT:C129733
NCIT:C26840	NCIT:C131308
NCIT:C26841	NCIT:C27627
NCIT:C26841	NCIT:C4984
NCIT:C26842	NCIT:C27067
NCIT:C26842	NCIT:C3305
NCIT:C26842	NCIT:C53505
NCIT:C26842	NCIT:C7412
NCIT:C26843	NCIT:C27657
NCIT:C26843	NCIT:C7486
NCIT:C26843	NCIT:C7488
NCIT:C26844	NCIT:C27568
NCIT:C26844	NCIT:C3313
NCIT:C26845	NCIT:C184990
NCIT:C26845	NCIT:C198602
NCIT:C26845	NCIT:C198603
NCIT:C26845	NCIT:C198604
NCIT:C26845	NCIT:C198605
NCIT:C26845	NCIT:C198606
NCIT:C26845	NCIT:C198607
NCIT:C26845	NCIT:C198608
NCIT:C26845	NCIT:C198609
NCIT:C26845	NCIT:C201519
NCIT:C26845	NCIT:C201520
NCIT:C26845	NCIT:C201521
NCIT:C26845	NCIT:C203534
NCIT:C26845	NCIT:C203535
NCIT:C26845	NCIT:C203536
NCIT:C26845	NCIT:C205643
NCIT:C26845	NCIT:C214869
NCIT:C26846	NCIT:C27618
NCIT:C26846	NCIT:C3317
NCIT:C26846	NCIT:C35218
NCIT:C26847	NCIT:C117295
NCIT:C26847	NCIT:C126347
NCIT:C26847	NCIT:C197920
NCIT:C26848	NCIT:C27666
NCIT:C26848	NCIT:C3322
NCIT:C26849	NCIT:C102977
NCIT:C26849	NCIT:C114751
NCIT:C26849	NCIT:C114752
NCIT:C26849	NCIT:C128407
NCIT:C26849	NCIT:C215377
NCIT:C26849	NCIT:C61429
NCIT:C26850	NCIT:C214900
NCIT:C26850	NCIT:C27661
NCIT:C26850	NCIT:C3325
NCIT:C26850	NCIT:C35723
NCIT:C26851	NCIT:C116003
NCIT:C26851	NCIT:C128436
NCIT:C26851	NCIT:C214902
NCIT:C26851	NCIT:C34355
NCIT:C26851	NCIT:C34837
NCIT:C26852	NCIT:C27124
NCIT:C26852	NCIT:C27149
NCIT:C26854	NCIT:C27567
NCIT:C26854	NCIT:C3330
NCIT:C26857	NCIT:C27619
NCIT:C26857	NCIT:C3110
NCIT:C26857	NCIT:C4858
NCIT:C26859	NCIT:C26860
NCIT:C26859	NCIT:C27563
NCIT:C26859	NCIT:C3332
NCIT:C26860	NCIT:C26898
NCIT:C26861	NCIT:C197834
NCIT:C26861	NCIT:C197848
NCIT:C26861	NCIT:C197853
NCIT:C26861	NCIT:C197910
NCIT:C26861	NCIT:C197968
NCIT:C26861	NCIT:C197969
NCIT:C26861	NCIT:C27026
NCIT:C26861	NCIT:C27559
NCIT:C26861	NCIT:C3369
NCIT:C26861	NCIT:C34389
NCIT:C26861	NCIT:C34390
NCIT:C26861	NCIT:C34410
NCIT:C26861	NCIT:C35315
NCIT:C26861	NCIT:C35397
NCIT:C26861	NCIT:C84573
NCIT:C26861	NCIT:C84605
NCIT:C26863	NCIT:C27794
NCIT:C26863	NCIT:C3336
NCIT:C26864	NCIT:C26790
NCIT:C26865	NCIT:C27614
NCIT:C26865	NCIT:C3343
NCIT:C26866	NCIT:C219848
NCIT:C26866	NCIT:C26789
NCIT:C26866	NCIT:C26930
NCIT:C26866	NCIT:C26935
NCIT:C26866	NCIT:C27203
NCIT:C26866	NCIT:C35176
NCIT:C26866	NCIT:C94410
NCIT:C26868	NCIT:C124947
NCIT:C26868	NCIT:C191610
NCIT:C26869	NCIT:C27103
NCIT:C26869	NCIT:C27216
NCIT:C26869	NCIT:C35716
NCIT:C26870	NCIT:C3446
NCIT:C26870	NCIT:C78797
NCIT:C26871	NCIT:C3198
NCIT:C26871	NCIT:C3355
NCIT:C26871	NCIT:C35079
NCIT:C26871	NCIT:C35755
NCIT:C26872	NCIT:C101331
NCIT:C26872	NCIT:C101332
NCIT:C26872	NCIT:C27043
NCIT:C26872	NCIT:C27560
NCIT:C26873	NCIT:C115297
NCIT:C26873	NCIT:C173766
NCIT:C26873	NCIT:C26704
NCIT:C26873	NCIT:C26899
NCIT:C26873	NCIT:C26932
NCIT:C26873	NCIT:C27219
NCIT:C26873	NCIT:C3334
NCIT:C26873	NCIT:C35158
NCIT:C26873	NCIT:C35361
NCIT:C26873	NCIT:C35396
NCIT:C26873	NCIT:C99090
NCIT:C26874	NCIT:C118755
NCIT:C26874	NCIT:C118756
NCIT:C26874	NCIT:C118759
NCIT:C26875	NCIT:C27610
NCIT:C26875	NCIT:C4800
NCIT:C26878	NCIT:C123260
NCIT:C26878	NCIT:C131073
NCIT:C26878	NCIT:C131074
NCIT:C26878	NCIT:C131077
NCIT:C26878	NCIT:C131421
NCIT:C26878	NCIT:C131447
NCIT:C26878	NCIT:C131449
NCIT:C26878	NCIT:C96867
NCIT:C26878	NCIT:C96869
NCIT:C26878	NCIT:C98806
NCIT:C26879	NCIT:C27662
NCIT:C26879	NCIT:C3361
NCIT:C26880	NCIT:C40118
NCIT:C26880	NCIT:C40119
NCIT:C26880	NCIT:C40120
NCIT:C26880	NCIT:C78602
NCIT:C26882	NCIT:C82887
NCIT:C26883	NCIT:C116985
NCIT:C26883	NCIT:C116986
NCIT:C26886	NCIT:C213840
NCIT:C26886	NCIT:C3387
NCIT:C26886	NCIT:C3954
NCIT:C26886	NCIT:C53501
NCIT:C26886	NCIT:C7424
NCIT:C26887	NCIT:C27137
NCIT:C26887	NCIT:C35039
NCIT:C26890	NCIT:C27616
NCIT:C26890	NCIT:C3404
NCIT:C26891	NCIT:C114397
NCIT:C26891	NCIT:C114772
NCIT:C26891	NCIT:C116115
NCIT:C26891	NCIT:C212979
NCIT:C26891	NCIT:C50709
NCIT:C26893	NCIT:C27566
NCIT:C26893	NCIT:C3414
NCIT:C26893	NCIT:C3415
NCIT:C26893	NCIT:C46100
NCIT:C26894	NCIT:C114389
NCIT:C26894	NCIT:C197831
NCIT:C26894	NCIT:C197872
NCIT:C26894	NCIT:C35071
NCIT:C26894	NCIT:C35827
NCIT:C26894	NCIT:C38766
NCIT:C26896	NCIT:C27314
NCIT:C26897	NCIT:C26804
NCIT:C26897	NCIT:C35087
NCIT:C26899	NCIT:C26957
NCIT:C26899	NCIT:C27948
NCIT:C26899	NCIT:C35088
NCIT:C26900	NCIT:C85210
NCIT:C26903	NCIT:C27602
NCIT:C26903	NCIT:C3428
NCIT:C26904	NCIT:C220226
NCIT:C26904	NCIT:C26787
NCIT:C26904	NCIT:C27079
NCIT:C26904	NCIT:C78671
NCIT:C26904	NCIT:C96224
NCIT:C26907	NCIT:C27629
NCIT:C26907	NCIT:C3435
NCIT:C26907	NCIT:C3504
NCIT:C26907	NCIT:C3662
NCIT:C26907	NCIT:C40241
NCIT:C26908	NCIT:C3436
NCIT:C26908	NCIT:C34468
NCIT:C26908	NCIT:C34737
NCIT:C26908	NCIT:C35775
NCIT:C26908	NCIT:C35776
NCIT:C26909	NCIT:C110923
NCIT:C26909	NCIT:C35109
NCIT:C26909	NCIT:C35110
NCIT:C26909	NCIT:C35111
NCIT:C26909	NCIT:C84989
NCIT:C26910	NCIT:C27621
NCIT:C26910	NCIT:C3437
NCIT:C26911	NCIT:C84353
NCIT:C26912	NCIT:C112210
NCIT:C26912	NCIT:C117324
NCIT:C26912	NCIT:C117325
NCIT:C26912	NCIT:C215687
NCIT:C26912	NCIT:C34399
NCIT:C26912	NCIT:C34825
NCIT:C26912	NCIT:C34963
NCIT:C26912	NCIT:C70635
NCIT:C26912	NCIT:C82863
NCIT:C26912	NCIT:C84622
NCIT:C26912	NCIT:C97085
NCIT:C26919	NCIT:C26960
NCIT:C26920	NCIT:C116593
NCIT:C26920	NCIT:C119758
NCIT:C26920	NCIT:C122814
NCIT:C26920	NCIT:C122815
NCIT:C26920	NCIT:C128346
NCIT:C26920	NCIT:C191549
NCIT:C26920	NCIT:C197933
NCIT:C26920	NCIT:C206115
NCIT:C26920	NCIT:C214861
NCIT:C26920	NCIT:C34435
NCIT:C26920	NCIT:C3503
NCIT:C26920	NCIT:C35542
NCIT:C26922	NCIT:C84396
NCIT:C26924	NCIT:C191643
NCIT:C26925	NCIT:C114358
NCIT:C26927	NCIT:C103922
NCIT:C26929	NCIT:C7405
NCIT:C26931	NCIT:C176822
NCIT:C26931	NCIT:C26725
NCIT:C26931	NCIT:C27319
NCIT:C26941	NCIT:C180992
NCIT:C26941	NCIT:C180994
NCIT:C26941	NCIT:C180995
NCIT:C26941	NCIT:C180996
NCIT:C26941	NCIT:C180997
NCIT:C26941	NCIT:C180998
NCIT:C26941	NCIT:C180999
NCIT:C26941	NCIT:C26769
NCIT:C26941	NCIT:C27335
NCIT:C26941	NCIT:C27592
NCIT:C26941	NCIT:C27597
NCIT:C26942	NCIT:C197821
NCIT:C26951	NCIT:C174377
NCIT:C26951	NCIT:C191600
NCIT:C26951	NCIT:C191601
NCIT:C26951	NCIT:C26864
NCIT:C26951	NCIT:C27062
NCIT:C26951	NCIT:C27063
NCIT:C26951	NCIT:C36071
NCIT:C26951	NCIT:C3981
NCIT:C26952	NCIT:C171557
NCIT:C26952	NCIT:C5122
NCIT:C26953	NCIT:C180998
NCIT:C26953	NCIT:C5829
NCIT:C26954	NCIT:C180999
NCIT:C26954	NCIT:C5830
NCIT:C26955	NCIT:C219983
NCIT:C26962	NCIT:C27801
NCIT:C26962	NCIT:C3412
NCIT:C26962	NCIT:C6452
NCIT:C26964	NCIT:C123434
NCIT:C26967	NCIT:C26874
NCIT:C26967	NCIT:C26968
NCIT:C26968	NCIT:C124578
NCIT:C26972	NCIT:C27653
NCIT:C26972	NCIT:C4366
NCIT:C26972	NCIT:C4652
NCIT:C26983	NCIT:C27154
NCIT:C26983	NCIT:C27155
NCIT:C26983	NCIT:C27156
NCIT:C26996	NCIT:C26979
NCIT:C26998	NCIT:C220105
NCIT:C27004	NCIT:C27084
NCIT:C27004	NCIT:C27893
NCIT:C27004	NCIT:C38111
NCIT:C27004	NCIT:C4094
NCIT:C27004	NCIT:C4120
NCIT:C27004	NCIT:C43627
NCIT:C27004	NCIT:C45540
NCIT:C27004	NCIT:C5530
NCIT:C27004	NCIT:C5838
NCIT:C27004	NCIT:C6463
NCIT:C27004	NCIT:C68644
NCIT:C27004	NCIT:C95608
NCIT:C27004	NCIT:C96494
NCIT:C27005	NCIT:C121789
NCIT:C27005	NCIT:C121797
NCIT:C27005	NCIT:C158430
NCIT:C27005	NCIT:C158431
NCIT:C27005	NCIT:C164205
NCIT:C27005	NCIT:C53677
NCIT:C27006	NCIT:C35714
NCIT:C27007	NCIT:C190282
NCIT:C27007	NCIT:C204787
NCIT:C27007	NCIT:C204788
NCIT:C27007	NCIT:C204789
NCIT:C27007	NCIT:C215046
NCIT:C27007	NCIT:C4751
NCIT:C27007	NCIT:C82864
NCIT:C27008	NCIT:C27189
NCIT:C27008	NCIT:C96228
NCIT:C27012	NCIT:C118765
NCIT:C27012	NCIT:C26970
NCIT:C27018	NCIT:C206695
NCIT:C27019	NCIT:C26846
NCIT:C27019	NCIT:C26865
NCIT:C27019	NCIT:C26890
NCIT:C27019	NCIT:C27611
NCIT:C27019	NCIT:C3054
NCIT:C27019	NCIT:C38164
NCIT:C27020	NCIT:C174191
NCIT:C27020	NCIT:C26771
NCIT:C27020	NCIT:C26841
NCIT:C27020	NCIT:C26907
NCIT:C27020	NCIT:C26910
NCIT:C27020	NCIT:C27612
NCIT:C27020	NCIT:C27631
NCIT:C27020	NCIT:C27788
NCIT:C27020	NCIT:C3053
NCIT:C27020	NCIT:C35169
NCIT:C27029	NCIT:C176731
NCIT:C27029	NCIT:C176732
NCIT:C27029	NCIT:C176733
NCIT:C27029	NCIT:C27778
NCIT:C27030	NCIT:C27100
NCIT:C27031	NCIT:C165447
NCIT:C27031	NCIT:C165456
NCIT:C27031	NCIT:C27720
NCIT:C27031	NCIT:C3770
NCIT:C27033	NCIT:C27068
NCIT:C27036	NCIT:C116599
NCIT:C27036	NCIT:C181038
NCIT:C27036	NCIT:C26941
NCIT:C27036	NCIT:C27061
NCIT:C27036	NCIT:C27316
NCIT:C27036	NCIT:C27337
NCIT:C27036	NCIT:C50687
NCIT:C27036	NCIT:C50721
NCIT:C27036	NCIT:C78591
NCIT:C27036	NCIT:C99017
NCIT:C27038	NCIT:C197926
NCIT:C27042	NCIT:C27573
NCIT:C27042	NCIT:C3377
NCIT:C27043	NCIT:C26868
NCIT:C27048	NCIT:C27049
NCIT:C27048	NCIT:C87077
NCIT:C27048	NCIT:C98878
NCIT:C27059	NCIT:C122664
NCIT:C27059	NCIT:C153289
NCIT:C27059	NCIT:C188991
NCIT:C27059	NCIT:C26815
NCIT:C27059	NCIT:C27584
NCIT:C27059	NCIT:C78598
NCIT:C27062	NCIT:C84636
NCIT:C27063	NCIT:C215367
NCIT:C27063	NCIT:C26926
NCIT:C27063	NCIT:C35603
NCIT:C27065	NCIT:C174031
NCIT:C27065	NCIT:C4412
NCIT:C27065	NCIT:C6933
NCIT:C27067	NCIT:C171128
NCIT:C27067	NCIT:C27031
NCIT:C27084	NCIT:C129289
NCIT:C27084	NCIT:C173079
NCIT:C27084	NCIT:C174398
NCIT:C27084	NCIT:C201749
NCIT:C27084	NCIT:C40358
NCIT:C27084	NCIT:C4666
NCIT:C27084	NCIT:C54336
NCIT:C27084	NCIT:C6984
NCIT:C27087	NCIT:C173475
NCIT:C27087	NCIT:C214774
NCIT:C27090	NCIT:C27744
NCIT:C27090	NCIT:C27750
NCIT:C27090	NCIT:C34527
NCIT:C27090	NCIT:C4802
NCIT:C27093	NCIT:C133255
NCIT:C27093	NCIT:C133447
NCIT:C27093	NCIT:C133519
NCIT:C27093	NCIT:C136719
NCIT:C27093	NCIT:C157575
NCIT:C27093	NCIT:C212849
NCIT:C27093	NCIT:C213306
NCIT:C27093	NCIT:C213307
NCIT:C27093	NCIT:C213310
NCIT:C27093	NCIT:C213311
NCIT:C27093	NCIT:C27790
NCIT:C27093	NCIT:C28292
NCIT:C27093	NCIT:C2906
NCIT:C27093	NCIT:C3639
NCIT:C27093	NCIT:C5023
NCIT:C27093	NCIT:C6052
NCIT:C27093	NCIT:C6121
NCIT:C27093	NCIT:C7347
NCIT:C27093	NCIT:C8903
NCIT:C27094	NCIT:C43351
NCIT:C27096	NCIT:C189934
NCIT:C27096	NCIT:C189935
NCIT:C27102	NCIT:C27658
NCIT:C27102	NCIT:C3256
NCIT:C27102	NCIT:C4413
NCIT:C27107	NCIT:C27027
NCIT:C27108	NCIT:C27023
NCIT:C27108	NCIT:C27218
NCIT:C27125	NCIT:C206108
NCIT:C27125	NCIT:C206109
NCIT:C27125	NCIT:C43327
NCIT:C27127	NCIT:C172204
NCIT:C27127	NCIT:C27509
NCIT:C27127	NCIT:C4905
NCIT:C27131	NCIT:C95763
NCIT:C27132	NCIT:C205371
NCIT:C27132	NCIT:C27524
NCIT:C27132	NCIT:C40314
NCIT:C27132	NCIT:C43312
NCIT:C27132	NCIT:C43322
NCIT:C27134	NCIT:C202954
NCIT:C27134	NCIT:C213901
NCIT:C27134	NCIT:C213902
NCIT:C27134	NCIT:C27357
NCIT:C27134	NCIT:C27358
NCIT:C27134	NCIT:C27639
NCIT:C27134	NCIT:C3161
NCIT:C27134	NCIT:C45240
NCIT:C27134	NCIT:C5503
NCIT:C27134	NCIT:C7065
NCIT:C27134	NCIT:C84270
NCIT:C27134	NCIT:C9290
NCIT:C27134	NCIT:C9294
NCIT:C27134	NCIT:C9431
NCIT:C27142	NCIT:C27024
NCIT:C27145	NCIT:C27872
NCIT:C27145	NCIT:C2851
NCIT:C27145	NCIT:C84780
NCIT:C27147	NCIT:C37260
NCIT:C27148	NCIT:C27603
NCIT:C27148	NCIT:C3427
NCIT:C27152	NCIT:C27952
NCIT:C27153	NCIT:C114354
NCIT:C27153	NCIT:C116919
NCIT:C27153	NCIT:C122574
NCIT:C27153	NCIT:C26819
NCIT:C27153	NCIT:C3201
NCIT:C27153	NCIT:C82884
NCIT:C27153	NCIT:C99236
NCIT:C27163	NCIT:C27306
NCIT:C27166	NCIT:C27654
NCIT:C27166	NCIT:C39784
NCIT:C27177	NCIT:C28516
NCIT:C27178	NCIT:C27174
NCIT:C27178	NCIT:C27310
NCIT:C27178	NCIT:C27312
NCIT:C27178	NCIT:C35434
NCIT:C27181	NCIT:C117320
NCIT:C27181	NCIT:C117321
NCIT:C27181	NCIT:C117322
NCIT:C27184	NCIT:C27217
NCIT:C27184	NCIT:C27341
NCIT:C27193	NCIT:C128369
NCIT:C27193	NCIT:C3299
NCIT:C27193	NCIT:C84354
NCIT:C27193	NCIT:C84763
NCIT:C27195	NCIT:C28316
NCIT:C27197	NCIT:C171550
NCIT:C27198	NCIT:C27046
NCIT:C27198	NCIT:C27299
NCIT:C27202	NCIT:C157767
NCIT:C27203	NCIT:C92956
NCIT:C27203	NCIT:C92957
NCIT:C27204	NCIT:C113723
NCIT:C27204	NCIT:C26744
NCIT:C27204	NCIT:C26746
NCIT:C27204	NCIT:C26925
NCIT:C27204	NCIT:C27153
NCIT:C27204	NCIT:C2884
NCIT:C27204	NCIT:C70646
NCIT:C27204	NCIT:C84564
NCIT:C27204	NCIT:C84892
NCIT:C27204	NCIT:C85018
NCIT:C27207	NCIT:C180996
NCIT:C27207	NCIT:C5120
NCIT:C27209	NCIT:C26814
NCIT:C27209	NCIT:C27776
NCIT:C27209	NCIT:C27930
NCIT:C27209	NCIT:C93125
NCIT:C27210	NCIT:C5121
NCIT:C27211	NCIT:C27335
NCIT:C27211	NCIT:C5828
NCIT:C27215	NCIT:C131631
NCIT:C27215	NCIT:C131632
NCIT:C27215	NCIT:C131633
NCIT:C27215	NCIT:C131635
NCIT:C27215	NCIT:C131737
NCIT:C27215	NCIT:C131738
NCIT:C27215	NCIT:C131740
NCIT:C27215	NCIT:C26692
NCIT:C27215	NCIT:C3093
NCIT:C27215	NCIT:C34347
NCIT:C27215	NCIT:C98942
NCIT:C27219	NCIT:C211924
NCIT:C27219	NCIT:C3354
NCIT:C27219	NCIT:C35360
NCIT:C27223	NCIT:C27673
NCIT:C27223	NCIT:C27760
NCIT:C27223	NCIT:C27766
NCIT:C27224	NCIT:C27223
NCIT:C27224	NCIT:C45163
NCIT:C27225	NCIT:C4992
NCIT:C27226	NCIT:C120191
NCIT:C27226	NCIT:C120192
NCIT:C27233	NCIT:C114838
NCIT:C27233	NCIT:C114842
NCIT:C27233	NCIT:C114848
NCIT:C27233	NCIT:C114852
NCIT:C27233	NCIT:C114853
NCIT:C27233	NCIT:C27632
NCIT:C27233	NCIT:C3063
NCIT:C27233	NCIT:C38145
NCIT:C27233	NCIT:C38146
NCIT:C27233	NCIT:C4727
NCIT:C27233	NCIT:C5110
NCIT:C27233	NCIT:C63324
NCIT:C27235	NCIT:C213740
NCIT:C27235	NCIT:C5251
NCIT:C27235	NCIT:C5253
NCIT:C27235	NCIT:C5254
NCIT:C27235	NCIT:C5266
NCIT:C27236	NCIT:C27772
NCIT:C27236	NCIT:C27773
NCIT:C27242	NCIT:C27239
NCIT:C27242	NCIT:C27244
NCIT:C27242	NCIT:C27431
NCIT:C27242	NCIT:C27737
NCIT:C27243	NCIT:C27240
NCIT:C27243	NCIT:C27245
NCIT:C27243	NCIT:C27432
NCIT:C27243	NCIT:C27739
NCIT:C27252	NCIT:C4635
NCIT:C27255	NCIT:C27534
NCIT:C27255	NCIT:C40305
NCIT:C27255	NCIT:C43345
NCIT:C27255	NCIT:C5560
NCIT:C27257	NCIT:C162498
NCIT:C27257	NCIT:C40327
NCIT:C27258	NCIT:C27266
NCIT:C27262	NCIT:C166143
NCIT:C27262	NCIT:C171339
NCIT:C27262	NCIT:C198580
NCIT:C27262	NCIT:C198581
NCIT:C27262	NCIT:C198582
NCIT:C27262	NCIT:C27780
NCIT:C27262	NCIT:C3178
NCIT:C27262	NCIT:C3519
NCIT:C27262	NCIT:C82397
NCIT:C27262	NCIT:C82616
NCIT:C27263	NCIT:C27091
NCIT:C27268	NCIT:C141139
NCIT:C27268	NCIT:C141205
NCIT:C27269	NCIT:C27424
NCIT:C27269	NCIT:C27459
NCIT:C27269	NCIT:C27462
NCIT:C27269	NCIT:C27789
NCIT:C27269	NCIT:C36086
NCIT:C27269	NCIT:C3955
NCIT:C27269	NCIT:C4064
NCIT:C27269	NCIT:C4843
NCIT:C27269	NCIT:C4845
NCIT:C27269	NCIT:C7661
NCIT:C27269	NCIT:C7662
NCIT:C27269	NCIT:C7673
NCIT:C27269	NCIT:C8436
NCIT:C27271	NCIT:C27433
NCIT:C27271	NCIT:C27434
NCIT:C27271	NCIT:C27435
NCIT:C27271	NCIT:C27738
NCIT:C27273	NCIT:C205462
NCIT:C27273	NCIT:C205463
NCIT:C27273	NCIT:C205475
NCIT:C27273	NCIT:C43353
NCIT:C27273	NCIT:C4473
NCIT:C27274	NCIT:C162188
NCIT:C27274	NCIT:C177451
NCIT:C27274	NCIT:C177452
NCIT:C27274	NCIT:C177453
NCIT:C27274	NCIT:C198588
NCIT:C27274	NCIT:C27897
NCIT:C27274	NCIT:C7182
NCIT:C27274	NCIT:C7764
NCIT:C27280	NCIT:C209297
NCIT:C27280	NCIT:C27722
NCIT:C27281	NCIT:C114562
NCIT:C27281	NCIT:C114581
NCIT:C27287	NCIT:C27288
NCIT:C27290	NCIT:C114560
NCIT:C27290	NCIT:C27278
NCIT:C27291	NCIT:C129537
NCIT:C27291	NCIT:C153286
NCIT:C27291	NCIT:C27292
NCIT:C27291	NCIT:C27293
NCIT:C27291	NCIT:C27898
NCIT:C27291	NCIT:C27901
NCIT:C27291	NCIT:C35871
NCIT:C27291	NCIT:C4817
NCIT:C27291	NCIT:C9341
NCIT:C27292	NCIT:C36074
NCIT:C27292	NCIT:C7807
NCIT:C27293	NCIT:C27471
NCIT:C27293	NCIT:C7135
NCIT:C27294	NCIT:C27903
NCIT:C27294	NCIT:C7835
NCIT:C27294	NCIT:C8277
NCIT:C27295	NCIT:C173531
NCIT:C27295	NCIT:C27899
NCIT:C27295	NCIT:C7837
NCIT:C27298	NCIT:C27049
NCIT:C27304	NCIT:C132051
NCIT:C27304	NCIT:C26734
NCIT:C27304	NCIT:C27112
NCIT:C27304	NCIT:C27113
NCIT:C27308	NCIT:C68678
NCIT:C27308	NCIT:C8070
NCIT:C27308	NCIT:C8465
NCIT:C27308	NCIT:C8653
NCIT:C27308	NCIT:C8848
NCIT:C27308	NCIT:C8854
NCIT:C27308	NCIT:C8859
NCIT:C27308	NCIT:C8871
NCIT:C27319	NCIT:C27071
NCIT:C27322	NCIT:C165173
NCIT:C27322	NCIT:C169108
NCIT:C27323	NCIT:C169108
NCIT:C27324	NCIT:C148432
NCIT:C27324	NCIT:C187412
NCIT:C27324	NCIT:C213331
NCIT:C27325	NCIT:C128807
NCIT:C27325	NCIT:C213336
NCIT:C27326	NCIT:C156908
NCIT:C27326	NCIT:C212895
NCIT:C27340	NCIT:C27121
NCIT:C27345	NCIT:C162602
NCIT:C27345	NCIT:C210687
NCIT:C27345	NCIT:C9065
NCIT:C27349	NCIT:C129807
NCIT:C27349	NCIT:C206210
NCIT:C27349	NCIT:C212190
NCIT:C27349	NCIT:C212191
NCIT:C27351	NCIT:C3507
NCIT:C27351	NCIT:C35686
NCIT:C27356	NCIT:C114574
NCIT:C27356	NCIT:C114576
NCIT:C27356	NCIT:C26813
NCIT:C27356	NCIT:C27281
NCIT:C27356	NCIT:C27290
NCIT:C27356	NCIT:C27798
NCIT:C27356	NCIT:C27799
NCIT:C27356	NCIT:C3162
NCIT:C27356	NCIT:C3165
NCIT:C27356	NCIT:C67519
NCIT:C27356	NCIT:C68689
NCIT:C27356	NCIT:C70649
NCIT:C27357	NCIT:C148426
NCIT:C27357	NCIT:C172280
NCIT:C27357	NCIT:C172281
NCIT:C27357	NCIT:C212212
NCIT:C27358	NCIT:C148425
NCIT:C27358	NCIT:C172132
NCIT:C27358	NCIT:C172133
NCIT:C27358	NCIT:C212211
NCIT:C27359	NCIT:C148036
NCIT:C27359	NCIT:C148124
NCIT:C27359	NCIT:C148331
NCIT:C27359	NCIT:C148517
NCIT:C27359	NCIT:C150622
NCIT:C27359	NCIT:C153279
NCIT:C27359	NCIT:C153325
NCIT:C27359	NCIT:C154443
NCIT:C27359	NCIT:C157657
NCIT:C27359	NCIT:C162845
NCIT:C27359	NCIT:C168723
NCIT:C27359	NCIT:C168973
NCIT:C27359	NCIT:C170829
NCIT:C27359	NCIT:C175661
NCIT:C27359	NCIT:C179420
NCIT:C27359	NCIT:C203310
NCIT:C27359	NCIT:C214789
NCIT:C27359	NCIT:C217536
NCIT:C27359	NCIT:C217540
NCIT:C27364	NCIT:C6209
NCIT:C27364	NCIT:C6543
NCIT:C27364	NCIT:C6551
NCIT:C27367	NCIT:C27365
NCIT:C27367	NCIT:C27366
NCIT:C27368	NCIT:C190581
NCIT:C27368	NCIT:C7708
NCIT:C27379	NCIT:C167364
NCIT:C27380	NCIT:C187645
NCIT:C27380	NCIT:C187994
NCIT:C27380	NCIT:C224636
NCIT:C27380	NCIT:C7153
NCIT:C27382	NCIT:C3345
NCIT:C27390	NCIT:C40439
NCIT:C27390	NCIT:C40440
NCIT:C27397	NCIT:C27398
NCIT:C27397	NCIT:C39754
NCIT:C27397	NCIT:C39757
NCIT:C27406	NCIT:C6207
NCIT:C27408	NCIT:C153224
NCIT:C27408	NCIT:C36300
NCIT:C27408	NCIT:C36307
NCIT:C27409	NCIT:C27410
NCIT:C27419	NCIT:C95965
NCIT:C27422	NCIT:C224859
NCIT:C27422	NCIT:C224860
NCIT:C27422	NCIT:C224861
NCIT:C27423	NCIT:C27426
NCIT:C27423	NCIT:C27427
NCIT:C27424	NCIT:C27428
NCIT:C27424	NCIT:C27429
NCIT:C27424	NCIT:C95613
NCIT:C27425	NCIT:C27426
NCIT:C27425	NCIT:C27429
NCIT:C27425	NCIT:C3637
NCIT:C27425	NCIT:C89771
NCIT:C27426	NCIT:C133447
NCIT:C27426	NCIT:C133519
NCIT:C27426	NCIT:C5023
NCIT:C27429	NCIT:C133402
NCIT:C27429	NCIT:C133413
NCIT:C27429	NCIT:C8629
NCIT:C27438	NCIT:C3876
NCIT:C27438	NCIT:C5258
NCIT:C27438	NCIT:C5481
NCIT:C27438	NCIT:C5482
NCIT:C27438	NCIT:C95895
NCIT:C27438	NCIT:C95902
NCIT:C27439	NCIT:C213582
NCIT:C27439	NCIT:C27200
NCIT:C27439	NCIT:C5488
NCIT:C27439	NCIT:C5529
NCIT:C27439	NCIT:C95897
NCIT:C27439	NCIT:C95899
NCIT:C27448	NCIT:C27445
NCIT:C27448	NCIT:C27452
NCIT:C27448	NCIT:C96161
NCIT:C27449	NCIT:C156688
NCIT:C27449	NCIT:C6655
NCIT:C27450	NCIT:C5731
NCIT:C27451	NCIT:C95987
NCIT:C27453	NCIT:C27407
NCIT:C27453	NCIT:C5787
NCIT:C27453	NCIT:C95988
NCIT:C27454	NCIT:C95599
NCIT:C27456	NCIT:C7041
NCIT:C27456	NCIT:C96477
NCIT:C27459	NCIT:C27460
NCIT:C27459	NCIT:C27461
NCIT:C27462	NCIT:C27463
NCIT:C27462	NCIT:C27464
NCIT:C27467	NCIT:C9104
NCIT:C27469	NCIT:C27185
NCIT:C27469	NCIT:C4829
NCIT:C27470	NCIT:C27469
NCIT:C27472	NCIT:C188055
NCIT:C27472	NCIT:C40319
NCIT:C27473	NCIT:C181973
NCIT:C27474	NCIT:C170772
NCIT:C27474	NCIT:C190772
NCIT:C27474	NCIT:C190774
NCIT:C27474	NCIT:C202899
NCIT:C27475	NCIT:C178604
NCIT:C27477	NCIT:C121893
NCIT:C27482	NCIT:C121881
NCIT:C27482	NCIT:C121882
NCIT:C27502	NCIT:C171168
NCIT:C27502	NCIT:C202881
NCIT:C27502	NCIT:C27377
NCIT:C27502	NCIT:C27501
NCIT:C27502	NCIT:C5462
NCIT:C27502	NCIT:C7924
NCIT:C27502	NCIT:C8804
NCIT:C27502	NCIT:C8807
NCIT:C27503	NCIT:C3821
NCIT:C27503	NCIT:C40381
NCIT:C27508	NCIT:C223348
NCIT:C27508	NCIT:C5500
NCIT:C27508	NCIT:C96841
NCIT:C27509	NCIT:C162592
NCIT:C27510	NCIT:C188977
NCIT:C27512	NCIT:C40379
NCIT:C27513	NCIT:C27719
NCIT:C27520	NCIT:C168592
NCIT:C27520	NCIT:C206108
NCIT:C27520	NCIT:C27132
NCIT:C27520	NCIT:C4112
NCIT:C27520	NCIT:C4113
NCIT:C27520	NCIT:C43325
NCIT:C27520	NCIT:C4468
NCIT:C27520	NCIT:C4469
NCIT:C27520	NCIT:C7368
NCIT:C27527	NCIT:C215003
NCIT:C27529	NCIT:C207025
NCIT:C27529	NCIT:C3550
NCIT:C27529	NCIT:C4489
NCIT:C27529	NCIT:C4490
NCIT:C27531	NCIT:C165475
NCIT:C27531	NCIT:C165477
NCIT:C27531	NCIT:C3148
NCIT:C27531	NCIT:C8374
NCIT:C27549	NCIT:C26997
NCIT:C27549	NCIT:C3145
NCIT:C27549	NCIT:C50737
NCIT:C27550	NCIT:C173800
NCIT:C27550	NCIT:C188274
NCIT:C27550	NCIT:C215370
NCIT:C27550	NCIT:C3318
NCIT:C27550	NCIT:C35503
NCIT:C27550	NCIT:C53497
NCIT:C27550	NCIT:C53500
NCIT:C27550	NCIT:C53501
NCIT:C27550	NCIT:C53505
NCIT:C27550	NCIT:C78319
NCIT:C27550	NCIT:C96853
NCIT:C27550	NCIT:C97171
NCIT:C27551	NCIT:C156660
NCIT:C27551	NCIT:C26709
NCIT:C27551	NCIT:C26767
NCIT:C27551	NCIT:C26835
NCIT:C27551	NCIT:C27351
NCIT:C27551	NCIT:C27571
NCIT:C27551	NCIT:C27574
NCIT:C27551	NCIT:C27664
NCIT:C27551	NCIT:C27669
NCIT:C27551	NCIT:C2931
NCIT:C27551	NCIT:C2990
NCIT:C27551	NCIT:C3009
NCIT:C27551	NCIT:C3371
NCIT:C27551	NCIT:C35126
NCIT:C27551	NCIT:C35814
NCIT:C27554	NCIT:C112124
NCIT:C27554	NCIT:C176734
NCIT:C27554	NCIT:C2983
NCIT:C27554	NCIT:C34591
NCIT:C27554	NCIT:C97136
NCIT:C27555	NCIT:C112833
NCIT:C27555	NCIT:C116783
NCIT:C27555	NCIT:C118233
NCIT:C27555	NCIT:C124070
NCIT:C27555	NCIT:C126559
NCIT:C27555	NCIT:C133885
NCIT:C27555	NCIT:C157794
NCIT:C27555	NCIT:C160874
NCIT:C27555	NCIT:C165704
NCIT:C27555	NCIT:C168992
NCIT:C27555	NCIT:C168993
NCIT:C27555	NCIT:C170511
NCIT:C27555	NCIT:C177548
NCIT:C27555	NCIT:C206289
NCIT:C27555	NCIT:C206326
NCIT:C27555	NCIT:C206710
NCIT:C27555	NCIT:C207051
NCIT:C27555	NCIT:C207062
NCIT:C27555	NCIT:C207063
NCIT:C27555	NCIT:C215189
NCIT:C27555	NCIT:C218842
NCIT:C27555	NCIT:C218845
NCIT:C27555	NCIT:C218848
NCIT:C27555	NCIT:C219977
NCIT:C27555	NCIT:C220029
NCIT:C27555	NCIT:C26881
NCIT:C27555	NCIT:C27519
NCIT:C27555	NCIT:C27549
NCIT:C27555	NCIT:C27554
NCIT:C27555	NCIT:C3024
NCIT:C27555	NCIT:C3159
NCIT:C27555	NCIT:C3374
NCIT:C27555	NCIT:C34514
NCIT:C27555	NCIT:C34557
NCIT:C27555	NCIT:C3470
NCIT:C27555	NCIT:C34745
NCIT:C27555	NCIT:C34840
NCIT:C27555	NCIT:C34908
NCIT:C27555	NCIT:C34909
NCIT:C27555	NCIT:C34996
NCIT:C27555	NCIT:C35025
NCIT:C27555	NCIT:C35101
NCIT:C27555	NCIT:C35134
NCIT:C27555	NCIT:C35163
NCIT:C27555	NCIT:C35188
NCIT:C27555	NCIT:C35784
NCIT:C27555	NCIT:C3937
NCIT:C27555	NCIT:C39646
NCIT:C27555	NCIT:C4299
NCIT:C27555	NCIT:C4478
NCIT:C27555	NCIT:C4488
NCIT:C27555	NCIT:C53975
NCIT:C27555	NCIT:C5562
NCIT:C27555	NCIT:C62776
NCIT:C27555	NCIT:C67383
NCIT:C27555	NCIT:C79484
NCIT:C27555	NCIT:C79777
NCIT:C27555	NCIT:C84663
NCIT:C27555	NCIT:C84696
NCIT:C27555	NCIT:C84716
NCIT:C27555	NCIT:C84776
NCIT:C27555	NCIT:C85013
NCIT:C27555	NCIT:C85014
NCIT:C27555	NCIT:C85061
NCIT:C27555	NCIT:C85077
NCIT:C27555	NCIT:C99093
NCIT:C27557	NCIT:C113159
NCIT:C27557	NCIT:C113673
NCIT:C27557	NCIT:C164315
NCIT:C27557	NCIT:C26872
NCIT:C27557	NCIT:C26873
NCIT:C27557	NCIT:C27562
NCIT:C27557	NCIT:C2911
NCIT:C27557	NCIT:C3333
NCIT:C27557	NCIT:C34439
NCIT:C27557	NCIT:C35531
NCIT:C27557	NCIT:C50714
NCIT:C27557	NCIT:C98541
NCIT:C27557	NCIT:C98882
NCIT:C27563	NCIT:C38006
NCIT:C27563	NCIT:C78563
NCIT:C27564	NCIT:C113169
NCIT:C27564	NCIT:C120187
NCIT:C27564	NCIT:C120194
NCIT:C27564	NCIT:C123726
NCIT:C27564	NCIT:C26773
NCIT:C27564	NCIT:C26900
NCIT:C27564	NCIT:C2969
NCIT:C27564	NCIT:C34625
NCIT:C27564	NCIT:C34752
NCIT:C27564	NCIT:C4065
NCIT:C27564	NCIT:C48300
NCIT:C27564	NCIT:C48627
NCIT:C27564	NCIT:C75479
NCIT:C27564	NCIT:C84576
NCIT:C27565	NCIT:C120195
NCIT:C27565	NCIT:C120196
NCIT:C27565	NCIT:C120203
NCIT:C27565	NCIT:C120375
NCIT:C27565	NCIT:C120376
NCIT:C27565	NCIT:C131083
NCIT:C27565	NCIT:C131084
NCIT:C27565	NCIT:C131085
NCIT:C27565	NCIT:C131086
NCIT:C27565	NCIT:C131087
NCIT:C27565	NCIT:C131088
NCIT:C27565	NCIT:C131187
NCIT:C27565	NCIT:C131849
NCIT:C27565	NCIT:C171128
NCIT:C27565	NCIT:C26691
NCIT:C27565	NCIT:C26785
NCIT:C27565	NCIT:C26800
NCIT:C27565	NCIT:C26894
NCIT:C27565	NCIT:C26942
NCIT:C27565	NCIT:C27228
NCIT:C27565	NCIT:C27304
NCIT:C27565	NCIT:C27343
NCIT:C27565	NCIT:C3123
NCIT:C27565	NCIT:C35190
NCIT:C27565	NCIT:C35599
NCIT:C27565	NCIT:C43263
NCIT:C27565	NCIT:C48259
NCIT:C27565	NCIT:C53655
NCIT:C27565	NCIT:C62591
NCIT:C27565	NCIT:C78350
NCIT:C27565	NCIT:C84576
NCIT:C27565	NCIT:C9227
NCIT:C27565	NCIT:C99027
NCIT:C27566	NCIT:C113171
NCIT:C27566	NCIT:C187255
NCIT:C27566	NCIT:C26785
NCIT:C27566	NCIT:C26800
NCIT:C27566	NCIT:C26894
NCIT:C27566	NCIT:C26942
NCIT:C27566	NCIT:C27115
NCIT:C27566	NCIT:C27304
NCIT:C27566	NCIT:C3123
NCIT:C27566	NCIT:C35407
NCIT:C27566	NCIT:C46102
NCIT:C27566	NCIT:C85190
NCIT:C27566	NCIT:C85191
NCIT:C27567	NCIT:C121151
NCIT:C27567	NCIT:C121719
NCIT:C27567	NCIT:C132055
NCIT:C27567	NCIT:C154222
NCIT:C27567	NCIT:C26853
NCIT:C27567	NCIT:C27066
NCIT:C27567	NCIT:C27117
NCIT:C27567	NCIT:C27343
NCIT:C27568	NCIT:C27346
NCIT:C27568	NCIT:C3989
NCIT:C27568	NCIT:C48259
NCIT:C27568	NCIT:C78350
NCIT:C27569	NCIT:C112840
NCIT:C27569	NCIT:C188184
NCIT:C27569	NCIT:C26691
NCIT:C27569	NCIT:C26958
NCIT:C27569	NCIT:C27334
NCIT:C27569	NCIT:C35408
NCIT:C27569	NCIT:C35599
NCIT:C27570	NCIT:C27228
NCIT:C27570	NCIT:C61420
NCIT:C27570	NCIT:C9227
NCIT:C27571	NCIT:C118420
NCIT:C27571	NCIT:C216244
NCIT:C27571	NCIT:C216962
NCIT:C27571	NCIT:C26854
NCIT:C27571	NCIT:C26879
NCIT:C27571	NCIT:C27642
NCIT:C27571	NCIT:C27648
NCIT:C27571	NCIT:C27663
NCIT:C27571	NCIT:C3077
NCIT:C27572	NCIT:C114470
NCIT:C27572	NCIT:C118460
NCIT:C27572	NCIT:C132080
NCIT:C27572	NCIT:C185434
NCIT:C27572	NCIT:C215183
NCIT:C27572	NCIT:C219969
NCIT:C27572	NCIT:C26837
NCIT:C27572	NCIT:C26839
NCIT:C27572	NCIT:C26840
NCIT:C27572	NCIT:C26878
NCIT:C27572	NCIT:C27220
NCIT:C27572	NCIT:C3029
NCIT:C27572	NCIT:C34345
NCIT:C27572	NCIT:C34432
NCIT:C27572	NCIT:C34466
NCIT:C27572	NCIT:C34560
NCIT:C27572	NCIT:C34712
NCIT:C27572	NCIT:C34875
NCIT:C27572	NCIT:C34877
NCIT:C27572	NCIT:C34879
NCIT:C27572	NCIT:C34880
NCIT:C27572	NCIT:C34881
NCIT:C27572	NCIT:C35545
NCIT:C27572	NCIT:C35760
NCIT:C27572	NCIT:C84887
NCIT:C27572	NCIT:C84985
NCIT:C27572	NCIT:C97045
NCIT:C27573	NCIT:C118317
NCIT:C27573	NCIT:C206544
NCIT:C27573	NCIT:C219777
NCIT:C27573	NCIT:C220187
NCIT:C27573	NCIT:C27302
NCIT:C27573	NCIT:C27896
NCIT:C27573	NCIT:C3356
NCIT:C27573	NCIT:C34589
NCIT:C27573	NCIT:C35009
NCIT:C27573	NCIT:C35130
NCIT:C27573	NCIT:C4071
NCIT:C27573	NCIT:C50559
NCIT:C27573	NCIT:C50566
NCIT:C27573	NCIT:C50766
NCIT:C27573	NCIT:C62410
NCIT:C27573	NCIT:C6592
NCIT:C27573	NCIT:C6948
NCIT:C27573	NCIT:C70428
NCIT:C27573	NCIT:C78297
NCIT:C27573	NCIT:C79745
NCIT:C27573	NCIT:C84892
NCIT:C27573	NCIT:C94407
NCIT:C27573	NCIT:C97065
NCIT:C27574	NCIT:C107377
NCIT:C27574	NCIT:C26326
NCIT:C27574	NCIT:C26729
NCIT:C27574	NCIT:C27042
NCIT:C27574	NCIT:C3810
NCIT:C27576	NCIT:C116797
NCIT:C27577	NCIT:C119042
NCIT:C27577	NCIT:C188353
NCIT:C27578	NCIT:C117296
NCIT:C27578	NCIT:C128382
NCIT:C27578	NCIT:C26925
NCIT:C27578	NCIT:C26984
NCIT:C27578	NCIT:C26985
NCIT:C27578	NCIT:C27575
NCIT:C27578	NCIT:C84786
NCIT:C27579	NCIT:C3144
NCIT:C27579	NCIT:C3990
NCIT:C27580	NCIT:C119734
NCIT:C27580	NCIT:C27587
NCIT:C27580	NCIT:C3321
NCIT:C27582	NCIT:C128346
NCIT:C27582	NCIT:C128375
NCIT:C27582	NCIT:C179058
NCIT:C27582	NCIT:C26815
NCIT:C27582	NCIT:C27030
NCIT:C27582	NCIT:C27199
NCIT:C27582	NCIT:C27584
NCIT:C27582	NCIT:C34580
NCIT:C27582	NCIT:C35550
NCIT:C27582	NCIT:C37913
NCIT:C27582	NCIT:C79550
NCIT:C27582	NCIT:C79598
NCIT:C27583	NCIT:C112019
NCIT:C27583	NCIT:C26720
NCIT:C27583	NCIT:C26839
NCIT:C27583	NCIT:C26873
NCIT:C27583	NCIT:C27193
NCIT:C27583	NCIT:C27590
NCIT:C27583	NCIT:C3364
NCIT:C27583	NCIT:C35025
NCIT:C27583	NCIT:C35650
NCIT:C27583	NCIT:C35719
NCIT:C27583	NCIT:C35733
NCIT:C27583	NCIT:C36069
NCIT:C27583	NCIT:C36070
NCIT:C27583	NCIT:C45372
NCIT:C27583	NCIT:C50459
NCIT:C27583	NCIT:C78454
NCIT:C27583	NCIT:C78493
NCIT:C27583	NCIT:C78563
NCIT:C27583	NCIT:C78627
NCIT:C27583	NCIT:C78658
NCIT:C27583	NCIT:C79702
NCIT:C27583	NCIT:C79745
NCIT:C27583	NCIT:C83815
NCIT:C27586	NCIT:C101214
NCIT:C27586	NCIT:C116362
NCIT:C27586	NCIT:C116757
NCIT:C27586	NCIT:C26828
NCIT:C27586	NCIT:C27060
NCIT:C27586	NCIT:C27582
NCIT:C27586	NCIT:C34813
NCIT:C27586	NCIT:C34847
NCIT:C27586	NCIT:C34899
NCIT:C27586	NCIT:C34934
NCIT:C27586	NCIT:C4802
NCIT:C27586	NCIT:C4976
NCIT:C27586	NCIT:C5509
NCIT:C27586	NCIT:C63711
NCIT:C27586	NCIT:C84927
NCIT:C27586	NCIT:C85179
NCIT:C27586	NCIT:C89338
NCIT:C27586	NCIT:C97154
NCIT:C27587	NCIT:C116381
NCIT:C27587	NCIT:C189005
NCIT:C27587	NCIT:C207063
NCIT:C27587	NCIT:C27061
NCIT:C27587	NCIT:C27337
NCIT:C27587	NCIT:C27589
NCIT:C27587	NCIT:C3275
NCIT:C27587	NCIT:C35436
NCIT:C27587	NCIT:C53439
NCIT:C27587	NCIT:C78581
NCIT:C27587	NCIT:C78591
NCIT:C27587	NCIT:C84600
NCIT:C27588	NCIT:C122655
NCIT:C27588	NCIT:C150179
NCIT:C27588	NCIT:C171557
NCIT:C27588	NCIT:C197818
NCIT:C27588	NCIT:C26832
NCIT:C27588	NCIT:C27036
NCIT:C27588	NCIT:C27586
NCIT:C27588	NCIT:C27587
NCIT:C27588	NCIT:C27590
NCIT:C27588	NCIT:C27961
NCIT:C27588	NCIT:C34527
NCIT:C27588	NCIT:C61253
NCIT:C27588	NCIT:C84728
NCIT:C27588	NCIT:C97172
NCIT:C27588	NCIT:C99383
NCIT:C27589	NCIT:C26790
NCIT:C27590	NCIT:C171552
NCIT:C27590	NCIT:C27582
NCIT:C27590	NCIT:C27589
NCIT:C27590	NCIT:C78248
NCIT:C27591	NCIT:C180997
NCIT:C27591	NCIT:C5831
NCIT:C27593	NCIT:C27592
NCIT:C27593	NCIT:C5826
NCIT:C27594	NCIT:C26769
NCIT:C27594	NCIT:C5827
NCIT:C27598	NCIT:C27597
NCIT:C27598	NCIT:C6994
NCIT:C27599	NCIT:C114688
NCIT:C27599	NCIT:C27600
NCIT:C27599	NCIT:C27601
NCIT:C27599	NCIT:C27602
NCIT:C27599	NCIT:C27603
NCIT:C27599	NCIT:C50791
NCIT:C27599	NCIT:C7413
NCIT:C27599	NCIT:C98885
NCIT:C27600	NCIT:C114667
NCIT:C27600	NCIT:C122991
NCIT:C27600	NCIT:C123250
NCIT:C27600	NCIT:C128146
NCIT:C27600	NCIT:C26833
NCIT:C27600	NCIT:C2976
NCIT:C27600	NCIT:C34750
NCIT:C27600	NCIT:C34843
NCIT:C27600	NCIT:C34845
NCIT:C27600	NCIT:C34965
NCIT:C27600	NCIT:C35338
NCIT:C27600	NCIT:C35477
NCIT:C27600	NCIT:C4376
NCIT:C27600	NCIT:C6182
NCIT:C27600	NCIT:C80078
NCIT:C27600	NCIT:C84918
NCIT:C27600	NCIT:C97144
NCIT:C27601	NCIT:C123162
NCIT:C27601	NCIT:C206546
NCIT:C27601	NCIT:C26738
NCIT:C27601	NCIT:C35042
NCIT:C27601	NCIT:C6949
NCIT:C27601	NCIT:C7415
NCIT:C27602	NCIT:C26904
NCIT:C27602	NCIT:C35452
NCIT:C27602	NCIT:C39871
NCIT:C27602	NCIT:C6170
NCIT:C27602	NCIT:C7416
NCIT:C27603	NCIT:C114696
NCIT:C27603	NCIT:C123159
NCIT:C27603	NCIT:C123161
NCIT:C27603	NCIT:C123232
NCIT:C27603	NCIT:C123233
NCIT:C27603	NCIT:C123234
NCIT:C27603	NCIT:C181775
NCIT:C27603	NCIT:C26927
NCIT:C27603	NCIT:C78666
NCIT:C27604	NCIT:C112183
NCIT:C27604	NCIT:C118860
NCIT:C27604	NCIT:C118864
NCIT:C27604	NCIT:C118865
NCIT:C27604	NCIT:C174414
NCIT:C27604	NCIT:C187288
NCIT:C27604	NCIT:C220096
NCIT:C27604	NCIT:C26713
NCIT:C27604	NCIT:C26782
NCIT:C27604	NCIT:C27607
NCIT:C27604	NCIT:C27608
NCIT:C27604	NCIT:C27610
NCIT:C27604	NCIT:C34430
NCIT:C27604	NCIT:C34469
NCIT:C27604	NCIT:C34553
NCIT:C27604	NCIT:C34744
NCIT:C27604	NCIT:C34863
NCIT:C27604	NCIT:C34903
NCIT:C27604	NCIT:C35664
NCIT:C27604	NCIT:C35776
NCIT:C27604	NCIT:C45372
NCIT:C27604	NCIT:C50504
NCIT:C27604	NCIT:C50519
NCIT:C27604	NCIT:C50592
NCIT:C27604	NCIT:C50621
NCIT:C27604	NCIT:C50763
NCIT:C27604	NCIT:C50794
NCIT:C27604	NCIT:C50807
NCIT:C27604	NCIT:C84420
NCIT:C27604	NCIT:C84744
NCIT:C27604	NCIT:C98877
NCIT:C27604	NCIT:C98887
NCIT:C27605	NCIT:C27607
NCIT:C27605	NCIT:C2961
NCIT:C27607	NCIT:C133744
NCIT:C27607	NCIT:C174407
NCIT:C27607	NCIT:C174415
NCIT:C27607	NCIT:C175429
NCIT:C27607	NCIT:C34503
NCIT:C27607	NCIT:C34504
NCIT:C27607	NCIT:C35116
NCIT:C27608	NCIT:C118862
NCIT:C27608	NCIT:C125485
NCIT:C27608	NCIT:C26805
NCIT:C27608	NCIT:C26806
NCIT:C27608	NCIT:C27012
NCIT:C27608	NCIT:C34513
NCIT:C27608	NCIT:C50507
NCIT:C27608	NCIT:C50515
NCIT:C27609	NCIT:C118866
NCIT:C27609	NCIT:C214772
NCIT:C27609	NCIT:C26717
NCIT:C27609	NCIT:C27048
NCIT:C27609	NCIT:C3651
NCIT:C27609	NCIT:C78288
NCIT:C27610	NCIT:C115993
NCIT:C27610	NCIT:C174543
NCIT:C27610	NCIT:C174545
NCIT:C27610	NCIT:C174546
NCIT:C27610	NCIT:C174549
NCIT:C27610	NCIT:C220026
NCIT:C27610	NCIT:C26967
NCIT:C27610	NCIT:C34795
NCIT:C27610	NCIT:C34979
NCIT:C27610	NCIT:C35170
NCIT:C27610	NCIT:C35468
NCIT:C27610	NCIT:C35625
NCIT:C27610	NCIT:C62601
NCIT:C27610	NCIT:C85046
NCIT:C27611	NCIT:C27614
NCIT:C27611	NCIT:C27616
NCIT:C27611	NCIT:C27618
NCIT:C27611	NCIT:C3133
NCIT:C27611	NCIT:C78264
NCIT:C27612	NCIT:C27619
NCIT:C27612	NCIT:C27620
NCIT:C27612	NCIT:C27621
NCIT:C27612	NCIT:C27627
NCIT:C27612	NCIT:C27629
NCIT:C27612	NCIT:C27630
NCIT:C27612	NCIT:C3014
NCIT:C27612	NCIT:C34958
NCIT:C27612	NCIT:C35131
NCIT:C27612	NCIT:C3889
NCIT:C27613	NCIT:C103185
NCIT:C27613	NCIT:C27611
NCIT:C27613	NCIT:C27612
NCIT:C27614	NCIT:C215319
NCIT:C27614	NCIT:C26866
NCIT:C27614	NCIT:C27615
NCIT:C27614	NCIT:C97114
NCIT:C27615	NCIT:C27203
NCIT:C27615	NCIT:C35176
NCIT:C27616	NCIT:C12326
NCIT:C27616	NCIT:C26885
NCIT:C27616	NCIT:C27617
NCIT:C27616	NCIT:C97145
NCIT:C27618	NCIT:C26705
NCIT:C27618	NCIT:C26852
NCIT:C27618	NCIT:C34893
NCIT:C27618	NCIT:C40341
NCIT:C27619	NCIT:C113385
NCIT:C27619	NCIT:C113386
NCIT:C27619	NCIT:C113387
NCIT:C27619	NCIT:C114130
NCIT:C27619	NCIT:C120202
NCIT:C27619	NCIT:C128714
NCIT:C27619	NCIT:C26685
NCIT:C27619	NCIT:C26720
NCIT:C27619	NCIT:C26856
NCIT:C27619	NCIT:C26858
NCIT:C27619	NCIT:C27050
NCIT:C27619	NCIT:C27181
NCIT:C27619	NCIT:C4293
NCIT:C27619	NCIT:C4871
NCIT:C27619	NCIT:C50459
NCIT:C27620	NCIT:C220099
NCIT:C27620	NCIT:C34565
NCIT:C27620	NCIT:C3978
NCIT:C27620	NCIT:C78716
NCIT:C27620	NCIT:C8596
NCIT:C27621	NCIT:C128064
NCIT:C27621	NCIT:C180914
NCIT:C27621	NCIT:C26911
NCIT:C27621	NCIT:C3664
NCIT:C27622	NCIT:C180837
NCIT:C27622	NCIT:C26716
NCIT:C27622	NCIT:C27623
NCIT:C27622	NCIT:C34826
NCIT:C27622	NCIT:C40200
NCIT:C27624	NCIT:C188270
NCIT:C27624	NCIT:C26764
NCIT:C27624	NCIT:C6996
NCIT:C27627	NCIT:C113351
NCIT:C27627	NCIT:C131862
NCIT:C27627	NCIT:C179550
NCIT:C27627	NCIT:C179551
NCIT:C27627	NCIT:C26862
NCIT:C27627	NCIT:C27628
NCIT:C27627	NCIT:C34815
NCIT:C27627	NCIT:C40445
NCIT:C27627	NCIT:C40446
NCIT:C27627	NCIT:C40447
NCIT:C27627	NCIT:C99084
NCIT:C27629	NCIT:C27622
NCIT:C27629	NCIT:C27624
NCIT:C27629	NCIT:C35108
NCIT:C27630	NCIT:C179742
NCIT:C27630	NCIT:C179743
NCIT:C27630	NCIT:C26763
NCIT:C27630	NCIT:C26880
NCIT:C27630	NCIT:C34968
NCIT:C27631	NCIT:C27620
NCIT:C27631	NCIT:C3443
NCIT:C27632	NCIT:C27633
NCIT:C27632	NCIT:C27639
NCIT:C27632	NCIT:C27640
NCIT:C27633	NCIT:C154700
NCIT:C27633	NCIT:C27634
NCIT:C27633	NCIT:C27635
NCIT:C27633	NCIT:C27637
NCIT:C27633	NCIT:C27638
NCIT:C27639	NCIT:C27695
NCIT:C27639	NCIT:C7233
NCIT:C27639	NCIT:C7243
NCIT:C27640	NCIT:C215239
NCIT:C27641	NCIT:C173793
NCIT:C27641	NCIT:C173795
NCIT:C27641	NCIT:C173797
NCIT:C27641	NCIT:C27651
NCIT:C27641	NCIT:C35077
NCIT:C27641	NCIT:C7606
NCIT:C27642	NCIT:C7411
NCIT:C27642	NCIT:C7425
NCIT:C27644	NCIT:C129023
NCIT:C27644	NCIT:C129024
NCIT:C27644	NCIT:C129874
NCIT:C27644	NCIT:C148321
NCIT:C27644	NCIT:C158787
NCIT:C27644	NCIT:C174436
NCIT:C27644	NCIT:C174444
NCIT:C27644	NCIT:C175240
NCIT:C27644	NCIT:C175700
NCIT:C27644	NCIT:C180843
NCIT:C27644	NCIT:C180844
NCIT:C27644	NCIT:C201585
NCIT:C27644	NCIT:C201586
NCIT:C27644	NCIT:C212887
NCIT:C27644	NCIT:C36193
NCIT:C27644	NCIT:C36194
NCIT:C27644	NCIT:C84650
NCIT:C27645	NCIT:C217409
NCIT:C27647	NCIT:C26843
NCIT:C27647	NCIT:C27102
NCIT:C27647	NCIT:C27656
NCIT:C27647	NCIT:C7336
NCIT:C27648	NCIT:C26810
NCIT:C27648	NCIT:C26844
NCIT:C27648	NCIT:C26850
NCIT:C27648	NCIT:C26893
NCIT:C27648	NCIT:C27660
NCIT:C27648	NCIT:C3260
NCIT:C27650	NCIT:C27651
NCIT:C27650	NCIT:C79544
NCIT:C27651	NCIT:C112197
NCIT:C27651	NCIT:C128385
NCIT:C27651	NCIT:C173794
NCIT:C27651	NCIT:C173796
NCIT:C27651	NCIT:C173798
NCIT:C27651	NCIT:C201846
NCIT:C27651	NCIT:C26887
NCIT:C27651	NCIT:C27157
NCIT:C27651	NCIT:C34695
NCIT:C27651	NCIT:C35779
NCIT:C27651	NCIT:C62545
NCIT:C27651	NCIT:C62546
NCIT:C27651	NCIT:C87069
NCIT:C27651	NCIT:C87094
NCIT:C27652	NCIT:C174031
NCIT:C27652	NCIT:C27193
NCIT:C27652	NCIT:C27653
NCIT:C27652	NCIT:C27654
NCIT:C27652	NCIT:C3078
NCIT:C27653	NCIT:C202572
NCIT:C27653	NCIT:C202573
NCIT:C27653	NCIT:C219781
NCIT:C27653	NCIT:C79601
NCIT:C27654	NCIT:C193409
NCIT:C27654	NCIT:C26973
NCIT:C27654	NCIT:C63929
NCIT:C27655	NCIT:C214897
NCIT:C27655	NCIT:C3375
NCIT:C27656	NCIT:C173112
NCIT:C27656	NCIT:C173113
NCIT:C27656	NCIT:C173167
NCIT:C27656	NCIT:C27657
NCIT:C27656	NCIT:C27658
NCIT:C27657	NCIT:C35024
NCIT:C27657	NCIT:C35868
NCIT:C27658	NCIT:C122985
NCIT:C27658	NCIT:C175556
NCIT:C27658	NCIT:C34986
NCIT:C27658	NCIT:C34989
NCIT:C27659	NCIT:C101279
NCIT:C27659	NCIT:C181769
NCIT:C27659	NCIT:C26811
NCIT:C27659	NCIT:C3441
NCIT:C27659	NCIT:C78412
NCIT:C27659	NCIT:C98622
NCIT:C27659	NCIT:C98970
NCIT:C27659	NCIT:C98971
NCIT:C27659	NCIT:C98972
NCIT:C27660	NCIT:C27566
NCIT:C27660	NCIT:C27568
NCIT:C27660	NCIT:C27659
NCIT:C27660	NCIT:C27661
NCIT:C27661	NCIT:C116007
NCIT:C27661	NCIT:C173344
NCIT:C27661	NCIT:C214901
NCIT:C27661	NCIT:C26851
NCIT:C27661	NCIT:C78553
NCIT:C27662	NCIT:C114281
NCIT:C27662	NCIT:C115165
NCIT:C27662	NCIT:C173661
NCIT:C27662	NCIT:C201845
NCIT:C27662	NCIT:C3949
NCIT:C27662	NCIT:C78600
NCIT:C27662	NCIT:C78601
NCIT:C27663	NCIT:C216245
NCIT:C27663	NCIT:C216963
NCIT:C27663	NCIT:C27567
NCIT:C27663	NCIT:C27650
NCIT:C27663	NCIT:C27652
NCIT:C27663	NCIT:C27656
NCIT:C27663	NCIT:C27660
NCIT:C27663	NCIT:C27662
NCIT:C27663	NCIT:C2944
NCIT:C27664	NCIT:C26848
NCIT:C27664	NCIT:C27665
NCIT:C27664	NCIT:C27667
NCIT:C27664	NCIT:C7337
NCIT:C27665	NCIT:C27666
NCIT:C27665	NCIT:C27668
NCIT:C27666	NCIT:C126360
NCIT:C27666	NCIT:C26849
NCIT:C27666	NCIT:C85004
NCIT:C27667	NCIT:C26690
NCIT:C27667	NCIT:C27668
NCIT:C27667	NCIT:C3357
NCIT:C27668	NCIT:C26876
NCIT:C27668	NCIT:C27569
NCIT:C27669	NCIT:C26871
NCIT:C27669	NCIT:C35742
NCIT:C27671	NCIT:C26827
NCIT:C27671	NCIT:C27802
NCIT:C27671	NCIT:C27803
NCIT:C27671	NCIT:C27805
NCIT:C27672	NCIT:C2881
NCIT:C27672	NCIT:C34403
NCIT:C27672	NCIT:C35729
NCIT:C27672	NCIT:C35740
NCIT:C27672	NCIT:C35741
NCIT:C27672	NCIT:C99030
NCIT:C27673	NCIT:C27685
NCIT:C27673	NCIT:C27689
NCIT:C27673	NCIT:C27697
NCIT:C27673	NCIT:C27698
NCIT:C27673	NCIT:C27699
NCIT:C27673	NCIT:C27707
NCIT:C27673	NCIT:C27718
NCIT:C27673	NCIT:C4046
NCIT:C27674	NCIT:C27675
NCIT:C27674	NCIT:C27683
NCIT:C27674	NCIT:C27684
NCIT:C27674	NCIT:C97046
NCIT:C27675	NCIT:C27676
NCIT:C27675	NCIT:C27677
NCIT:C27676	NCIT:C40192
NCIT:C27677	NCIT:C127907
NCIT:C27677	NCIT:C180845
NCIT:C27677	NCIT:C180861
NCIT:C27677	NCIT:C180869
NCIT:C27677	NCIT:C40203
NCIT:C27677	NCIT:C40205
NCIT:C27679	NCIT:C40287
NCIT:C27682	NCIT:C159250
NCIT:C27682	NCIT:C159251
NCIT:C27682	NCIT:C159252
NCIT:C27682	NCIT:C6980
NCIT:C27682	NCIT:C6981
NCIT:C27683	NCIT:C171023
NCIT:C27683	NCIT:C180917
NCIT:C27683	NCIT:C187051
NCIT:C27683	NCIT:C27676
NCIT:C27683	NCIT:C27678
NCIT:C27683	NCIT:C27679
NCIT:C27683	NCIT:C27680
NCIT:C27683	NCIT:C27681
NCIT:C27683	NCIT:C27682
NCIT:C27683	NCIT:C39862
NCIT:C27684	NCIT:C180943
NCIT:C27684	NCIT:C27677
NCIT:C27685	NCIT:C3184
NCIT:C27686	NCIT:C27687
NCIT:C27686	NCIT:C27688
NCIT:C27689	NCIT:C162305
NCIT:C27689	NCIT:C27690
NCIT:C27689	NCIT:C27691
NCIT:C27690	NCIT:C162304
NCIT:C27690	NCIT:C211843
NCIT:C27690	NCIT:C8184
NCIT:C27691	NCIT:C147863
NCIT:C27691	NCIT:C160149
NCIT:C27691	NCIT:C27692
NCIT:C27691	NCIT:C27693
NCIT:C27691	NCIT:C27695
NCIT:C27693	NCIT:C139288
NCIT:C27693	NCIT:C27694
NCIT:C27693	NCIT:C7933
NCIT:C27693	NCIT:C80281
NCIT:C27693	NCIT:C80374
NCIT:C27696	NCIT:C27695
NCIT:C27697	NCIT:C138320
NCIT:C27697	NCIT:C6915
NCIT:C27697	NCIT:C9087
NCIT:C27698	NCIT:C27674
NCIT:C27698	NCIT:C27686
NCIT:C27698	NCIT:C27690
NCIT:C27698	NCIT:C27700
NCIT:C27699	NCIT:C138320
NCIT:C27699	NCIT:C27691
NCIT:C27699	NCIT:C3184
NCIT:C27699	NCIT:C3471
NCIT:C27699	NCIT:C6915
NCIT:C27700	NCIT:C7432
NCIT:C27700	NCIT:C9278
NCIT:C27701	NCIT:C126806
NCIT:C27707	NCIT:C162305
NCIT:C27707	NCIT:C9087
NCIT:C27710	NCIT:C7527
NCIT:C27716	NCIT:C223531
NCIT:C27716	NCIT:C40337
NCIT:C27716	NCIT:C40338
NCIT:C27718	NCIT:C102884
NCIT:C27718	NCIT:C148510
NCIT:C27718	NCIT:C148512
NCIT:C27718	NCIT:C156793
NCIT:C27718	NCIT:C27674
NCIT:C27720	NCIT:C135560
NCIT:C27720	NCIT:C156488
NCIT:C27720	NCIT:C172814
NCIT:C27720	NCIT:C190782
NCIT:C27720	NCIT:C208221
NCIT:C27720	NCIT:C213039
NCIT:C27720	NCIT:C213055
NCIT:C27720	NCIT:C27454
NCIT:C27720	NCIT:C27466
NCIT:C27720	NCIT:C28396
NCIT:C27720	NCIT:C3062
NCIT:C27720	NCIT:C3140
NCIT:C27720	NCIT:C4446
NCIT:C27720	NCIT:C45835
NCIT:C27720	NCIT:C45837
NCIT:C27720	NCIT:C45840
NCIT:C27720	NCIT:C9069
NCIT:C27720	NCIT:C95584
NCIT:C27721	NCIT:C156492
NCIT:C27721	NCIT:C158088
NCIT:C27721	NCIT:C165455
NCIT:C27721	NCIT:C188228
NCIT:C27721	NCIT:C223236
NCIT:C27721	NCIT:C27031
NCIT:C27721	NCIT:C5695
NCIT:C27721	NCIT:C5696
NCIT:C27721	NCIT:C5821
NCIT:C27721	NCIT:C60709
NCIT:C27721	NCIT:C95404
NCIT:C27721	NCIT:C95405
NCIT:C27721	NCIT:C96786
NCIT:C27721	NCIT:C96917
NCIT:C27721	NCIT:C96954
NCIT:C27722	NCIT:C7642
NCIT:C27722	NCIT:C7643
NCIT:C27725	NCIT:C84754
NCIT:C27730	NCIT:C6897
NCIT:C27731	NCIT:C27732
NCIT:C27731	NCIT:C27733
NCIT:C27731	NCIT:C27734
NCIT:C27731	NCIT:C27736
NCIT:C27735	NCIT:C193420
NCIT:C27735	NCIT:C211869
NCIT:C27735	NCIT:C213590
NCIT:C27744	NCIT:C27194
NCIT:C27745	NCIT:C3512
NCIT:C27750	NCIT:C26983
NCIT:C27750	NCIT:C27040
NCIT:C27753	NCIT:C122625
NCIT:C27753	NCIT:C156716
NCIT:C27753	NCIT:C174486
NCIT:C27753	NCIT:C3164
NCIT:C27753	NCIT:C3170
NCIT:C27753	NCIT:C3249
NCIT:C27753	NCIT:C3250
NCIT:C27753	NCIT:C4344
NCIT:C27753	NCIT:C7318
NCIT:C27753	NCIT:C7463
NCIT:C27753	NCIT:C8460
NCIT:C27753	NCIT:C8923
NCIT:C27760	NCIT:C27761
NCIT:C27760	NCIT:C45166
NCIT:C27761	NCIT:C27762
NCIT:C27761	NCIT:C27764
NCIT:C27762	NCIT:C27763
NCIT:C27764	NCIT:C27765
NCIT:C27766	NCIT:C27767
NCIT:C27767	NCIT:C27768
NCIT:C27767	NCIT:C27769
NCIT:C27768	NCIT:C39833
NCIT:C27770	NCIT:C150678
NCIT:C27770	NCIT:C186658
NCIT:C27770	NCIT:C27632
NCIT:C27770	NCIT:C27915
NCIT:C27770	NCIT:C39578
NCIT:C27770	NCIT:C4046
NCIT:C27771	NCIT:C27918
NCIT:C27771	NCIT:C27919
NCIT:C27774	NCIT:C27925
NCIT:C27774	NCIT:C27926
NCIT:C27776	NCIT:C27920
NCIT:C27776	NCIT:C27921
NCIT:C27780	NCIT:C198583
NCIT:C27780	NCIT:C213015
NCIT:C27780	NCIT:C213016
NCIT:C27781	NCIT:C148297
NCIT:C27781	NCIT:C148298
NCIT:C27781	NCIT:C150579
NCIT:C27781	NCIT:C168719
NCIT:C27781	NCIT:C213544
NCIT:C27781	NCIT:C5235
NCIT:C27784	NCIT:C170789
NCIT:C27784	NCIT:C170790
NCIT:C27784	NCIT:C182111
NCIT:C27785	NCIT:C8907
NCIT:C27785	NCIT:C8908
NCIT:C27785	NCIT:C8914
NCIT:C27785	NCIT:C8920
NCIT:C27786	NCIT:C8606
NCIT:C27786	NCIT:C8909
NCIT:C27786	NCIT:C8915
NCIT:C27786	NCIT:C8921
NCIT:C27787	NCIT:C8900
NCIT:C27787	NCIT:C8910
NCIT:C27787	NCIT:C8916
NCIT:C27787	NCIT:C8922
NCIT:C27788	NCIT:C126469
NCIT:C27788	NCIT:C127048
NCIT:C27788	NCIT:C158622
NCIT:C27788	NCIT:C179738
NCIT:C27788	NCIT:C180860
NCIT:C27788	NCIT:C181941
NCIT:C27788	NCIT:C27723
NCIT:C27788	NCIT:C27789
NCIT:C27788	NCIT:C3782
NCIT:C27788	NCIT:C40106
NCIT:C27788	NCIT:C40334
NCIT:C27788	NCIT:C4521
NCIT:C27788	NCIT:C4756
NCIT:C27788	NCIT:C4783
NCIT:C27794	NCIT:C26955
NCIT:C27794	NCIT:C27069
NCIT:C27794	NCIT:C27178
NCIT:C27794	NCIT:C27311
NCIT:C27798	NCIT:C114599
NCIT:C27798	NCIT:C114600
NCIT:C27801	NCIT:C27802
NCIT:C27801	NCIT:C27803
NCIT:C27801	NCIT:C27804
NCIT:C27801	NCIT:C27805
NCIT:C27806	NCIT:C150595
NCIT:C27806	NCIT:C157755
NCIT:C27806	NCIT:C163965
NCIT:C27806	NCIT:C172617
NCIT:C27806	NCIT:C172618
NCIT:C27809	NCIT:C164145
NCIT:C27809	NCIT:C26956
NCIT:C27809	NCIT:C26961
NCIT:C27809	NCIT:C27098
NCIT:C27809	NCIT:C27270
NCIT:C27809	NCIT:C27808
NCIT:C27809	NCIT:C66846
NCIT:C27809	NCIT:C66847
NCIT:C27809	NCIT:C8590
NCIT:C27810	NCIT:C27265
NCIT:C27810	NCIT:C27811
NCIT:C27810	NCIT:C3464
NCIT:C27810	NCIT:C8297
NCIT:C27813	NCIT:C156910
NCIT:C27813	NCIT:C4130
NCIT:C27813	NCIT:C4436
NCIT:C27813	NCIT:C7975
NCIT:C27813	NCIT:C96810
NCIT:C27814	NCIT:C142869
NCIT:C27814	NCIT:C153355
NCIT:C27814	NCIT:C153360
NCIT:C27814	NCIT:C171322
NCIT:C27814	NCIT:C27813
NCIT:C27814	NCIT:C3860
NCIT:C27815	NCIT:C181910
NCIT:C27815	NCIT:C40219
NCIT:C27815	NCIT:C7558
NCIT:C27816	NCIT:C3803
NCIT:C27816	NCIT:C4234
NCIT:C27816	NCIT:C4751
NCIT:C27818	NCIT:C150515
NCIT:C27818	NCIT:C8716
NCIT:C27818	NCIT:C9356
NCIT:C27819	NCIT:C150512
NCIT:C27819	NCIT:C213675
NCIT:C27819	NCIT:C7639
NCIT:C27822	NCIT:C27099
NCIT:C27822	NCIT:C27259
NCIT:C27822	NCIT:C27266
NCIT:C27822	NCIT:C7213
NCIT:C27822	NCIT:C7872
NCIT:C27822	NCIT:C8296
NCIT:C27822	NCIT:C8297
NCIT:C27823	NCIT:C27099
NCIT:C27823	NCIT:C27272
NCIT:C27823	NCIT:C7213
NCIT:C27823	NCIT:C7872
NCIT:C27823	NCIT:C8310
NCIT:C27824	NCIT:C26959
NCIT:C27825	NCIT:C27379
NCIT:C27825	NCIT:C3772
NCIT:C27826	NCIT:C7213
NCIT:C27826	NCIT:C8296
NCIT:C27826	NCIT:C8297
NCIT:C27827	NCIT:C27258
NCIT:C27827	NCIT:C27810
NCIT:C27827	NCIT:C27821
NCIT:C27827	NCIT:C27823
NCIT:C27829	NCIT:C27830
NCIT:C27829	NCIT:C27831
NCIT:C27829	NCIT:C27832
NCIT:C27832	NCIT:C5161
NCIT:C27838	NCIT:C132294
NCIT:C27838	NCIT:C158378
NCIT:C27838	NCIT:C170804
NCIT:C27838	NCIT:C187374
NCIT:C27851	NCIT:C103296
NCIT:C27851	NCIT:C171100
NCIT:C27851	NCIT:C4820
NCIT:C27855	NCIT:C150404
NCIT:C27855	NCIT:C215298
NCIT:C27856	NCIT:C27858
NCIT:C27859	NCIT:C38160
NCIT:C27864	NCIT:C128387
NCIT:C27864	NCIT:C128388
NCIT:C27864	NCIT:C128389
NCIT:C27864	NCIT:C128390
NCIT:C27864	NCIT:C128391
NCIT:C27864	NCIT:C128392
NCIT:C27864	NCIT:C128393
NCIT:C27864	NCIT:C128394
NCIT:C27864	NCIT:C128395
NCIT:C27864	NCIT:C128396
NCIT:C27864	NCIT:C128397
NCIT:C27864	NCIT:C128398
NCIT:C27864	NCIT:C128399
NCIT:C27864	NCIT:C128400
NCIT:C27864	NCIT:C128401
NCIT:C27864	NCIT:C219887
NCIT:C27864	NCIT:C220177
NCIT:C27864	NCIT:C34520
NCIT:C27864	NCIT:C34540
NCIT:C27864	NCIT:C34587
NCIT:C27864	NCIT:C34611
NCIT:C27864	NCIT:C34702
NCIT:C27864	NCIT:C34758
NCIT:C27864	NCIT:C34784
NCIT:C27864	NCIT:C34861
NCIT:C27864	NCIT:C34953
NCIT:C27864	NCIT:C35000
NCIT:C27864	NCIT:C35030
NCIT:C27864	NCIT:C39295
NCIT:C27864	NCIT:C84677
NCIT:C27864	NCIT:C84682
NCIT:C27864	NCIT:C84751
NCIT:C27864	NCIT:C84768
NCIT:C27864	NCIT:C84882
NCIT:C27864	NCIT:C84932
NCIT:C27864	NCIT:C84995
NCIT:C27864	NCIT:C85180
NCIT:C27864	NCIT:C85194
NCIT:C27864	NCIT:C85199
NCIT:C27870	NCIT:C26964
NCIT:C27870	NCIT:C26965
NCIT:C27870	NCIT:C27142
NCIT:C27870	NCIT:C27143
NCIT:C27870	NCIT:C27144
NCIT:C27871	NCIT:C176820
NCIT:C27871	NCIT:C203465
NCIT:C27871	NCIT:C2887
NCIT:C27871	NCIT:C3448
NCIT:C27871	NCIT:C3472
NCIT:C27872	NCIT:C2989
NCIT:C27873	NCIT:C26788
NCIT:C27873	NCIT:C27874
NCIT:C27873	NCIT:C2941
NCIT:C27873	NCIT:C61243
NCIT:C27874	NCIT:C154615
NCIT:C27874	NCIT:C4689
NCIT:C27874	NCIT:C4690
NCIT:C27875	NCIT:C203815
NCIT:C27877	NCIT:C27878
NCIT:C27877	NCIT:C27879
NCIT:C27883	NCIT:C191672
NCIT:C27883	NCIT:C213296
NCIT:C27883	NCIT:C3842
NCIT:C27883	NCIT:C39857
NCIT:C27883	NCIT:C8603
NCIT:C27885	NCIT:C115966
NCIT:C27885	NCIT:C170772
NCIT:C27885	NCIT:C180604
NCIT:C27885	NCIT:C191726
NCIT:C27885	NCIT:C191729
NCIT:C27885	NCIT:C191731
NCIT:C27885	NCIT:C191735
NCIT:C27885	NCIT:C27202
NCIT:C27885	NCIT:C39816
NCIT:C27885	NCIT:C39817
NCIT:C27885	NCIT:C39818
NCIT:C27885	NCIT:C39819
NCIT:C27885	NCIT:C39820
NCIT:C27885	NCIT:C39821
NCIT:C27885	NCIT:C39823
NCIT:C27885	NCIT:C39824
NCIT:C27885	NCIT:C39827
NCIT:C27885	NCIT:C39828
NCIT:C27885	NCIT:C39829
NCIT:C27885	NCIT:C6191
NCIT:C27885	NCIT:C8939
NCIT:C27885	NCIT:C8940
NCIT:C27885	NCIT:C8941
NCIT:C27891	NCIT:C37872
NCIT:C27891	NCIT:C37874
NCIT:C27891	NCIT:C37876
NCIT:C27891	NCIT:C39802
NCIT:C27893	NCIT:C157757
NCIT:C27893	NCIT:C183251
NCIT:C27897	NCIT:C3721
NCIT:C27897	NCIT:C7196
NCIT:C27898	NCIT:C27899
NCIT:C27898	NCIT:C7808
NCIT:C27899	NCIT:C27354
NCIT:C27899	NCIT:C27900
NCIT:C27901	NCIT:C27903
NCIT:C27901	NCIT:C7806
NCIT:C27903	NCIT:C27353
NCIT:C27903	NCIT:C27902
NCIT:C27905	NCIT:C39896
NCIT:C27907	NCIT:C188021
NCIT:C27907	NCIT:C27910
NCIT:C27908	NCIT:C190400
NCIT:C27908	NCIT:C190401
NCIT:C27908	NCIT:C27909
NCIT:C27908	NCIT:C3466
NCIT:C27908	NCIT:C8694
NCIT:C27909	NCIT:C139021
NCIT:C27909	NCIT:C173409
NCIT:C27909	NCIT:C173411
NCIT:C27909	NCIT:C200037
NCIT:C27909	NCIT:C202952
NCIT:C27909	NCIT:C27897
NCIT:C27909	NCIT:C3468
NCIT:C27909	NCIT:C39591
NCIT:C27909	NCIT:C45250
NCIT:C27909	NCIT:C4664
NCIT:C27909	NCIT:C4752
NCIT:C27909	NCIT:C80373
NCIT:C27909	NCIT:C8647
NCIT:C27910	NCIT:C131906
NCIT:C27910	NCIT:C199387
NCIT:C27910	NCIT:C199580
NCIT:C27910	NCIT:C213874
NCIT:C27910	NCIT:C223944
NCIT:C27910	NCIT:C27911
NCIT:C27910	NCIT:C3082
NCIT:C27910	NCIT:C3996
NCIT:C27910	NCIT:C45249
NCIT:C27910	NCIT:C4665
NCIT:C27910	NCIT:C4753
NCIT:C27910	NCIT:C60310
NCIT:C27910	NCIT:C7056
NCIT:C27910	NCIT:C7151
NCIT:C27910	NCIT:C7182
NCIT:C27910	NCIT:C7237
NCIT:C27910	NCIT:C7258
NCIT:C27910	NCIT:C7400
NCIT:C27910	NCIT:C7402
NCIT:C27910	NCIT:C80308
NCIT:C27910	NCIT:C80310
NCIT:C27911	NCIT:C131873
NCIT:C27911	NCIT:C172282
NCIT:C27911	NCIT:C3163
NCIT:C27911	NCIT:C37201
NCIT:C27911	NCIT:C37204
NCIT:C27911	NCIT:C7540
NCIT:C27912	NCIT:C27722
NCIT:C27912	NCIT:C27913
NCIT:C27912	NCIT:C82397
NCIT:C27912	NCIT:C8252
NCIT:C27913	NCIT:C27754
NCIT:C27913	NCIT:C7643
NCIT:C27915	NCIT:C7244
NCIT:C27915	NCIT:C7255
NCIT:C27915	NCIT:C8286
NCIT:C27916	NCIT:C5530
NCIT:C27927	NCIT:C27924
NCIT:C27927	NCIT:C27928
NCIT:C27927	NCIT:C27929
NCIT:C27933	NCIT:C27224
NCIT:C27933	NCIT:C27225
NCIT:C27933	NCIT:C27236
NCIT:C27933	NCIT:C27771
NCIT:C27933	NCIT:C27927
NCIT:C27933	NCIT:C27935
NCIT:C27933	NCIT:C27936
NCIT:C27933	NCIT:C3265
NCIT:C27933	NCIT:C3487
NCIT:C27935	NCIT:C4993
NCIT:C27936	NCIT:C27770
NCIT:C27936	NCIT:C7232
NCIT:C27939	NCIT:C4018
NCIT:C27939	NCIT:C4730
NCIT:C27942	NCIT:C27941
NCIT:C27942	NCIT:C2924
NCIT:C27942	NCIT:C36086
NCIT:C27942	NCIT:C8436
NCIT:C27949	NCIT:C180537
NCIT:C27949	NCIT:C4126
NCIT:C27949	NCIT:C4712
NCIT:C27949	NCIT:C5164
NCIT:C27949	NCIT:C7027
NCIT:C27961	NCIT:C162909
NCIT:C27961	NCIT:C221722
NCIT:C27996	NCIT:C35204
NCIT:C27996	NCIT:C35205
NCIT:C27996	NCIT:C35400
NCIT:C28129	NCIT:C123217
NCIT:C28129	NCIT:C123218
NCIT:C28129	NCIT:C123219
NCIT:C28129	NCIT:C123220
NCIT:C28193	NCIT:C101038
NCIT:C28193	NCIT:C101039
NCIT:C28193	NCIT:C101223
NCIT:C28193	NCIT:C101320
NCIT:C28193	NCIT:C101325
NCIT:C28193	NCIT:C101326
NCIT:C28193	NCIT:C101362
NCIT:C28193	NCIT:C103144
NCIT:C28193	NCIT:C111649
NCIT:C28193	NCIT:C111814
NCIT:C28193	NCIT:C112202
NCIT:C28193	NCIT:C112208
NCIT:C28193	NCIT:C113170
NCIT:C28193	NCIT:C113397
NCIT:C28193	NCIT:C113400
NCIT:C28193	NCIT:C113421
NCIT:C28193	NCIT:C113422
NCIT:C28193	NCIT:C114471
NCIT:C28193	NCIT:C114781
NCIT:C28193	NCIT:C115326
NCIT:C28193	NCIT:C115787
NCIT:C28193	NCIT:C116333
NCIT:C28193	NCIT:C116345
NCIT:C28193	NCIT:C116362
NCIT:C28193	NCIT:C116363
NCIT:C28193	NCIT:C116378
NCIT:C28193	NCIT:C116379
NCIT:C28193	NCIT:C116380
NCIT:C28193	NCIT:C116573
NCIT:C28193	NCIT:C116794
NCIT:C28193	NCIT:C116800
NCIT:C28193	NCIT:C116801
NCIT:C28193	NCIT:C116916
NCIT:C28193	NCIT:C116917
NCIT:C28193	NCIT:C116933
NCIT:C28193	NCIT:C116955
NCIT:C28193	NCIT:C116958
NCIT:C28193	NCIT:C116994
NCIT:C28193	NCIT:C117273
NCIT:C28193	NCIT:C118240
NCIT:C28193	NCIT:C118310
NCIT:C28193	NCIT:C118422
NCIT:C28193	NCIT:C118434
NCIT:C28193	NCIT:C118436
NCIT:C28193	NCIT:C118456
NCIT:C28193	NCIT:C118508
NCIT:C28193	NCIT:C118631
NCIT:C28193	NCIT:C118632
NCIT:C28193	NCIT:C118786
NCIT:C28193	NCIT:C118843
NCIT:C28193	NCIT:C118845
NCIT:C28193	NCIT:C119048
NCIT:C28193	NCIT:C119049
NCIT:C28193	NCIT:C119050
NCIT:C28193	NCIT:C120408
NCIT:C28193	NCIT:C120409
NCIT:C28193	NCIT:C121150
NCIT:C28193	NCIT:C121656
NCIT:C28193	NCIT:C122657
NCIT:C28193	NCIT:C122782
NCIT:C28193	NCIT:C123018
NCIT:C28193	NCIT:C123021
NCIT:C28193	NCIT:C123223
NCIT:C28193	NCIT:C123225
NCIT:C28193	NCIT:C123226
NCIT:C28193	NCIT:C123227
NCIT:C28193	NCIT:C123230
NCIT:C28193	NCIT:C123231
NCIT:C28193	NCIT:C123436
NCIT:C28193	NCIT:C123813
NCIT:C28193	NCIT:C123814
NCIT:C28193	NCIT:C123815
NCIT:C28193	NCIT:C124837
NCIT:C28193	NCIT:C124838
NCIT:C28193	NCIT:C124839
NCIT:C28193	NCIT:C124840
NCIT:C28193	NCIT:C124841
NCIT:C28193	NCIT:C124844
NCIT:C28193	NCIT:C124846
NCIT:C28193	NCIT:C124852
NCIT:C28193	NCIT:C124853
NCIT:C28193	NCIT:C125390
NCIT:C28193	NCIT:C125418
NCIT:C28193	NCIT:C125487
NCIT:C28193	NCIT:C125488
NCIT:C28193	NCIT:C125591
NCIT:C28193	NCIT:C125592
NCIT:C28193	NCIT:C125599
NCIT:C28193	NCIT:C125665
NCIT:C28193	NCIT:C125711
NCIT:C28193	NCIT:C125712
NCIT:C28193	NCIT:C126326
NCIT:C28193	NCIT:C126559
NCIT:C28193	NCIT:C126566
NCIT:C28193	NCIT:C126650
NCIT:C28193	NCIT:C126692
NCIT:C28193	NCIT:C126744
NCIT:C28193	NCIT:C126747
NCIT:C28193	NCIT:C128115
NCIT:C28193	NCIT:C128191
NCIT:C28193	NCIT:C129021
NCIT:C28193	NCIT:C129025
NCIT:C28193	NCIT:C129029
NCIT:C28193	NCIT:C129031
NCIT:C28193	NCIT:C129308
NCIT:C28193	NCIT:C129718
NCIT:C28193	NCIT:C129720
NCIT:C28193	NCIT:C129726
NCIT:C28193	NCIT:C129866
NCIT:C28193	NCIT:C129867
NCIT:C28193	NCIT:C129869
NCIT:C28193	NCIT:C129872
NCIT:C28193	NCIT:C129875
NCIT:C28193	NCIT:C130982
NCIT:C28193	NCIT:C130983
NCIT:C28193	NCIT:C130985
NCIT:C28193	NCIT:C130986
NCIT:C28193	NCIT:C130988
NCIT:C28193	NCIT:C130989
NCIT:C28193	NCIT:C130990
NCIT:C28193	NCIT:C130991
NCIT:C28193	NCIT:C130994
NCIT:C28193	NCIT:C130995
NCIT:C28193	NCIT:C130996
NCIT:C28193	NCIT:C130997
NCIT:C28193	NCIT:C130998
NCIT:C28193	NCIT:C131000
NCIT:C28193	NCIT:C131001
NCIT:C28193	NCIT:C131002
NCIT:C28193	NCIT:C131003
NCIT:C28193	NCIT:C131006
NCIT:C28193	NCIT:C131007
NCIT:C28193	NCIT:C131008
NCIT:C28193	NCIT:C131009
NCIT:C28193	NCIT:C131010
NCIT:C28193	NCIT:C131533
NCIT:C28193	NCIT:C131639
NCIT:C28193	NCIT:C131642
NCIT:C28193	NCIT:C131646
NCIT:C28193	NCIT:C131650
NCIT:C28193	NCIT:C132195
NCIT:C28193	NCIT:C133724
NCIT:C28193	NCIT:C133727
NCIT:C28193	NCIT:C133743
NCIT:C28193	NCIT:C138174
NCIT:C28193	NCIT:C138179
NCIT:C28193	NCIT:C142891
NCIT:C28193	NCIT:C147530
NCIT:C28193	NCIT:C148371
NCIT:C28193	NCIT:C150555
NCIT:C28193	NCIT:C152065
NCIT:C28193	NCIT:C155954
NCIT:C28193	NCIT:C158135
NCIT:C28193	NCIT:C159655
NCIT:C28193	NCIT:C160144
NCIT:C28193	NCIT:C164675
NCIT:C28193	NCIT:C165531
NCIT:C28193	NCIT:C165533
NCIT:C28193	NCIT:C165597
NCIT:C28193	NCIT:C165614
NCIT:C28193	NCIT:C165645
NCIT:C28193	NCIT:C165674
NCIT:C28193	NCIT:C168571
NCIT:C28193	NCIT:C168588
NCIT:C28193	NCIT:C168599
NCIT:C28193	NCIT:C168988
NCIT:C28193	NCIT:C168990
NCIT:C28193	NCIT:C169001
NCIT:C28193	NCIT:C170732
NCIT:C28193	NCIT:C171148
NCIT:C28193	NCIT:C171270
NCIT:C28193	NCIT:C171953
NCIT:C28193	NCIT:C172040
NCIT:C28193	NCIT:C172127
NCIT:C28193	NCIT:C173106
NCIT:C28193	NCIT:C173107
NCIT:C28193	NCIT:C173110
NCIT:C28193	NCIT:C173111
NCIT:C28193	NCIT:C173131
NCIT:C28193	NCIT:C173147
NCIT:C28193	NCIT:C173148
NCIT:C28193	NCIT:C173468
NCIT:C28193	NCIT:C173784
NCIT:C28193	NCIT:C174217
NCIT:C28193	NCIT:C175240
NCIT:C28193	NCIT:C175241
NCIT:C28193	NCIT:C175705
NCIT:C28193	NCIT:C175706
NCIT:C28193	NCIT:C176792
NCIT:C28193	NCIT:C176819
NCIT:C28193	NCIT:C176896
NCIT:C28193	NCIT:C176903
NCIT:C28193	NCIT:C177251
NCIT:C28193	NCIT:C177438
NCIT:C28193	NCIT:C177544
NCIT:C28193	NCIT:C178285
NCIT:C28193	NCIT:C178415
NCIT:C28193	NCIT:C178416
NCIT:C28193	NCIT:C178470
NCIT:C28193	NCIT:C178502
NCIT:C28193	NCIT:C179057
NCIT:C28193	NCIT:C179648
NCIT:C28193	NCIT:C179667
NCIT:C28193	NCIT:C179702
NCIT:C28193	NCIT:C179703
NCIT:C28193	NCIT:C179709
NCIT:C28193	NCIT:C179868
NCIT:C28193	NCIT:C181001
NCIT:C28193	NCIT:C181652
NCIT:C28193	NCIT:C181924
NCIT:C28193	NCIT:C183529
NCIT:C28193	NCIT:C184991
NCIT:C28193	NCIT:C185246
NCIT:C28193	NCIT:C185635
NCIT:C28193	NCIT:C185638
NCIT:C28193	NCIT:C186278
NCIT:C28193	NCIT:C186306
NCIT:C28193	NCIT:C186307
NCIT:C28193	NCIT:C186789
NCIT:C28193	NCIT:C187989
NCIT:C28193	NCIT:C188215
NCIT:C28193	NCIT:C188216
NCIT:C28193	NCIT:C188277
NCIT:C28193	NCIT:C188397
NCIT:C28193	NCIT:C188993
NCIT:C28193	NCIT:C188994
NCIT:C28193	NCIT:C192092
NCIT:C28193	NCIT:C192098
NCIT:C28193	NCIT:C192635
NCIT:C28193	NCIT:C197816
NCIT:C28193	NCIT:C197840
NCIT:C28193	NCIT:C197841
NCIT:C28193	NCIT:C197851
NCIT:C28193	NCIT:C197855
NCIT:C28193	NCIT:C197856
NCIT:C28193	NCIT:C197859
NCIT:C28193	NCIT:C197861
NCIT:C28193	NCIT:C197912
NCIT:C28193	NCIT:C197934
NCIT:C28193	NCIT:C197947
NCIT:C28193	NCIT:C197948
NCIT:C28193	NCIT:C197983
NCIT:C28193	NCIT:C198575
NCIT:C28193	NCIT:C198578
NCIT:C28193	NCIT:C198610
NCIT:C28193	NCIT:C200422
NCIT:C28193	NCIT:C200742
NCIT:C28193	NCIT:C201589
NCIT:C28193	NCIT:C201594
NCIT:C28193	NCIT:C201595
NCIT:C28193	NCIT:C201597
NCIT:C28193	NCIT:C202012
NCIT:C28193	NCIT:C202017
NCIT:C28193	NCIT:C202046
NCIT:C28193	NCIT:C202544
NCIT:C28193	NCIT:C202546
NCIT:C28193	NCIT:C202602
NCIT:C28193	NCIT:C202606
NCIT:C28193	NCIT:C202608
NCIT:C28193	NCIT:C205640
NCIT:C28193	NCIT:C205644
NCIT:C28193	NCIT:C205647
NCIT:C28193	NCIT:C206077
NCIT:C28193	NCIT:C206102
NCIT:C28193	NCIT:C206116
NCIT:C28193	NCIT:C206518
NCIT:C28193	NCIT:C206523
NCIT:C28193	NCIT:C206524
NCIT:C28193	NCIT:C206525
NCIT:C28193	NCIT:C206528
NCIT:C28193	NCIT:C206529
NCIT:C28193	NCIT:C206532
NCIT:C28193	NCIT:C206547
NCIT:C28193	NCIT:C206708
NCIT:C28193	NCIT:C210826
NCIT:C28193	NCIT:C210872
NCIT:C28193	NCIT:C212888
NCIT:C28193	NCIT:C212893
NCIT:C28193	NCIT:C214870
NCIT:C28193	NCIT:C215054
NCIT:C28193	NCIT:C215055
NCIT:C28193	NCIT:C215155
NCIT:C28193	NCIT:C215157
NCIT:C28193	NCIT:C217084
NCIT:C28193	NCIT:C217089
NCIT:C28193	NCIT:C219823
NCIT:C28193	NCIT:C219908
NCIT:C28193	NCIT:C220020
NCIT:C28193	NCIT:C220070
NCIT:C28193	NCIT:C220117
NCIT:C28193	NCIT:C220132
NCIT:C28193	NCIT:C220143
NCIT:C28193	NCIT:C220584
NCIT:C28193	NCIT:C222353
NCIT:C28193	NCIT:C222354
NCIT:C28193	NCIT:C222356
NCIT:C28193	NCIT:C26862
NCIT:C28193	NCIT:C26883
NCIT:C28193	NCIT:C27038
NCIT:C28193	NCIT:C27168
NCIT:C28193	NCIT:C27169
NCIT:C28193	NCIT:C27177
NCIT:C28193	NCIT:C27560
NCIT:C28193	NCIT:C27564
NCIT:C28193	NCIT:C27743
NCIT:C28193	NCIT:C2993
NCIT:C28193	NCIT:C2994
NCIT:C28193	NCIT:C3034
NCIT:C28193	NCIT:C3131
NCIT:C28193	NCIT:C3214
NCIT:C28193	NCIT:C3311
NCIT:C28193	NCIT:C3353
NCIT:C28193	NCIT:C3396
NCIT:C28193	NCIT:C34348
NCIT:C28193	NCIT:C34357
NCIT:C28193	NCIT:C34391
NCIT:C28193	NCIT:C34411
NCIT:C28193	NCIT:C34412
NCIT:C28193	NCIT:C34413
NCIT:C28193	NCIT:C34416
NCIT:C28193	NCIT:C34434
NCIT:C28193	NCIT:C34446
NCIT:C28193	NCIT:C34450
NCIT:C28193	NCIT:C34481
NCIT:C28193	NCIT:C34518
NCIT:C28193	NCIT:C34553
NCIT:C28193	NCIT:C34568
NCIT:C28193	NCIT:C34649
NCIT:C28193	NCIT:C34741
NCIT:C28193	NCIT:C34760
NCIT:C28193	NCIT:C34773
NCIT:C28193	NCIT:C34786
NCIT:C28193	NCIT:C34807
NCIT:C28193	NCIT:C34814
NCIT:C28193	NCIT:C34842
NCIT:C28193	NCIT:C34845
NCIT:C28193	NCIT:C34868
NCIT:C28193	NCIT:C34940
NCIT:C28193	NCIT:C34951
NCIT:C28193	NCIT:C34975
NCIT:C28193	NCIT:C34983
NCIT:C28193	NCIT:C35008
NCIT:C28193	NCIT:C35044
NCIT:C28193	NCIT:C35046
NCIT:C28193	NCIT:C35063
NCIT:C28193	NCIT:C35066
NCIT:C28193	NCIT:C35078
NCIT:C28193	NCIT:C35123
NCIT:C28193	NCIT:C35133
NCIT:C28193	NCIT:C35139
NCIT:C28193	NCIT:C35255
NCIT:C28193	NCIT:C35256
NCIT:C28193	NCIT:C35257
NCIT:C28193	NCIT:C35300
NCIT:C28193	NCIT:C35301
NCIT:C28193	NCIT:C35321
NCIT:C28193	NCIT:C35436
NCIT:C28193	NCIT:C35467
NCIT:C28193	NCIT:C35498
NCIT:C28193	NCIT:C35528
NCIT:C28193	NCIT:C35699
NCIT:C28193	NCIT:C35709
NCIT:C28193	NCIT:C35710
NCIT:C28193	NCIT:C35764
NCIT:C28193	NCIT:C35808
NCIT:C28193	NCIT:C35809
NCIT:C28193	NCIT:C35810
NCIT:C28193	NCIT:C35811
NCIT:C28193	NCIT:C37261
NCIT:C28193	NCIT:C3817
NCIT:C28193	NCIT:C40435
NCIT:C28193	NCIT:C40553
NCIT:C28193	NCIT:C43245
NCIT:C28193	NCIT:C4486
NCIT:C28193	NCIT:C4924
NCIT:C28193	NCIT:C50532
NCIT:C28193	NCIT:C50723
NCIT:C28193	NCIT:C50763
NCIT:C28193	NCIT:C50784
NCIT:C28193	NCIT:C50794
NCIT:C28193	NCIT:C53652
NCIT:C28193	NCIT:C54102
NCIT:C28193	NCIT:C54705
NCIT:C28193	NCIT:C60825
NCIT:C28193	NCIT:C61245
NCIT:C28193	NCIT:C61255
NCIT:C28193	NCIT:C61260
NCIT:C28193	NCIT:C61261
NCIT:C28193	NCIT:C61262
NCIT:C28193	NCIT:C61263
NCIT:C28193	NCIT:C61264
NCIT:C28193	NCIT:C61265
NCIT:C28193	NCIT:C61283
NCIT:C28193	NCIT:C61284
NCIT:C28193	NCIT:C62244
NCIT:C28193	NCIT:C62545
NCIT:C28193	NCIT:C62578
NCIT:C28193	NCIT:C70646
NCIT:C28193	NCIT:C70647
NCIT:C28193	NCIT:C74983
NCIT:C28193	NCIT:C74984
NCIT:C28193	NCIT:C74986
NCIT:C28193	NCIT:C74987
NCIT:C28193	NCIT:C74988
NCIT:C28193	NCIT:C74996
NCIT:C28193	NCIT:C74999
NCIT:C28193	NCIT:C75000
NCIT:C28193	NCIT:C75003
NCIT:C28193	NCIT:C75006
NCIT:C28193	NCIT:C75012
NCIT:C28193	NCIT:C75016
NCIT:C28193	NCIT:C75018
NCIT:C28193	NCIT:C75019
NCIT:C28193	NCIT:C75020
NCIT:C28193	NCIT:C75100
NCIT:C28193	NCIT:C75109
NCIT:C28193	NCIT:C75118
NCIT:C28193	NCIT:C75120
NCIT:C28193	NCIT:C75456
NCIT:C28193	NCIT:C75457
NCIT:C28193	NCIT:C75458
NCIT:C28193	NCIT:C75462
NCIT:C28193	NCIT:C75463
NCIT:C28193	NCIT:C75469
NCIT:C28193	NCIT:C75470
NCIT:C28193	NCIT:C75477
NCIT:C28193	NCIT:C75478
NCIT:C28193	NCIT:C75481
NCIT:C28193	NCIT:C75483
NCIT:C28193	NCIT:C75486
NCIT:C28193	NCIT:C75488
NCIT:C28193	NCIT:C78251
NCIT:C28193	NCIT:C78597
NCIT:C28193	NCIT:C78598
NCIT:C28193	NCIT:C79484
NCIT:C28193	NCIT:C79765
NCIT:C28193	NCIT:C80303
NCIT:C28193	NCIT:C82343
NCIT:C28193	NCIT:C84390
NCIT:C28193	NCIT:C84397
NCIT:C28193	NCIT:C84442
NCIT:C28193	NCIT:C84453
NCIT:C28193	NCIT:C84501
NCIT:C28193	NCIT:C84521
NCIT:C28193	NCIT:C84522
NCIT:C28193	NCIT:C84530
NCIT:C28193	NCIT:C84531
NCIT:C28193	NCIT:C84533
NCIT:C28193	NCIT:C84549
NCIT:C28193	NCIT:C84552
NCIT:C28193	NCIT:C84585
NCIT:C28193	NCIT:C84595
NCIT:C28193	NCIT:C84601
NCIT:C28193	NCIT:C84606
NCIT:C28193	NCIT:C84607
NCIT:C28193	NCIT:C84610
NCIT:C28193	NCIT:C84615
NCIT:C28193	NCIT:C84643
NCIT:C28193	NCIT:C84644
NCIT:C28193	NCIT:C84647
NCIT:C28193	NCIT:C84656
NCIT:C28193	NCIT:C84666
NCIT:C28193	NCIT:C84670
NCIT:C28193	NCIT:C84676
NCIT:C28193	NCIT:C84678
NCIT:C28193	NCIT:C84683
NCIT:C28193	NCIT:C84684
NCIT:C28193	NCIT:C84686
NCIT:C28193	NCIT:C84712
NCIT:C28193	NCIT:C84713
NCIT:C28193	NCIT:C84717
NCIT:C28193	NCIT:C84729
NCIT:C28193	NCIT:C84730
NCIT:C28193	NCIT:C84740
NCIT:C28193	NCIT:C84741
NCIT:C28193	NCIT:C84745
NCIT:C28193	NCIT:C84746
NCIT:C28193	NCIT:C84747
NCIT:C28193	NCIT:C84750
NCIT:C28193	NCIT:C84788
NCIT:C28193	NCIT:C84792
NCIT:C28193	NCIT:C84794
NCIT:C28193	NCIT:C84797
NCIT:C28193	NCIT:C84798
NCIT:C28193	NCIT:C84800
NCIT:C28193	NCIT:C84801
NCIT:C28193	NCIT:C84802
NCIT:C28193	NCIT:C84803
NCIT:C28193	NCIT:C84806
NCIT:C28193	NCIT:C84807
NCIT:C28193	NCIT:C84816
NCIT:C28193	NCIT:C84827
NCIT:C28193	NCIT:C84869
NCIT:C28193	NCIT:C84881
NCIT:C28193	NCIT:C84885
NCIT:C28193	NCIT:C84886
NCIT:C28193	NCIT:C84889
NCIT:C28193	NCIT:C84893
NCIT:C28193	NCIT:C84904
NCIT:C28193	NCIT:C84906
NCIT:C28193	NCIT:C84909
NCIT:C28193	NCIT:C84917
NCIT:C28193	NCIT:C84922
NCIT:C28193	NCIT:C84940
NCIT:C28193	NCIT:C84987
NCIT:C28193	NCIT:C84992
NCIT:C28193	NCIT:C85010
NCIT:C28193	NCIT:C85012
NCIT:C28193	NCIT:C85016
NCIT:C28193	NCIT:C85017
NCIT:C28193	NCIT:C85018
NCIT:C28193	NCIT:C85020
NCIT:C28193	NCIT:C85028
NCIT:C28193	NCIT:C85033
NCIT:C28193	NCIT:C85048
NCIT:C28193	NCIT:C85056
NCIT:C28193	NCIT:C85062
NCIT:C28193	NCIT:C85063
NCIT:C28193	NCIT:C85065
NCIT:C28193	NCIT:C85068
NCIT:C28193	NCIT:C85070
NCIT:C28193	NCIT:C85071
NCIT:C28193	NCIT:C85077
NCIT:C28193	NCIT:C85170
NCIT:C28193	NCIT:C85174
NCIT:C28193	NCIT:C85175
NCIT:C28193	NCIT:C85177
NCIT:C28193	NCIT:C85178
NCIT:C28193	NCIT:C85183
NCIT:C28193	NCIT:C85188
NCIT:C28193	NCIT:C85193
NCIT:C28193	NCIT:C85204
NCIT:C28193	NCIT:C85217
NCIT:C28193	NCIT:C85218
NCIT:C28193	NCIT:C85222
NCIT:C28193	NCIT:C85225
NCIT:C28193	NCIT:C85226
NCIT:C28193	NCIT:C85232
NCIT:C28193	NCIT:C85236
NCIT:C28193	NCIT:C85237
NCIT:C28193	NCIT:C85238
NCIT:C28193	NCIT:C85239
NCIT:C28193	NCIT:C87093
NCIT:C28193	NCIT:C87497
NCIT:C28193	NCIT:C8967
NCIT:C28193	NCIT:C89799
NCIT:C28193	NCIT:C89801
NCIT:C28193	NCIT:C89802
NCIT:C28193	NCIT:C9460
NCIT:C28193	NCIT:C94828
NCIT:C28193	NCIT:C94829
NCIT:C28193	NCIT:C94832
NCIT:C28193	NCIT:C98609
NCIT:C28193	NCIT:C98889
NCIT:C28193	NCIT:C98894
NCIT:C28193	NCIT:C98906
NCIT:C28193	NCIT:C98908
NCIT:C28193	NCIT:C98927
NCIT:C28193	NCIT:C98928
NCIT:C28193	NCIT:C98929
NCIT:C28193	NCIT:C98930
NCIT:C28193	NCIT:C98931
NCIT:C28193	NCIT:C98932
NCIT:C28193	NCIT:C98956
NCIT:C28193	NCIT:C98967
NCIT:C28193	NCIT:C98978
NCIT:C28193	NCIT:C98980
NCIT:C28193	NCIT:C98982
NCIT:C28193	NCIT:C98983
NCIT:C28193	NCIT:C98993
NCIT:C28193	NCIT:C99008
NCIT:C28193	NCIT:C99038
NCIT:C28193	NCIT:C99053
NCIT:C28193	NCIT:C99054
NCIT:C28193	NCIT:C99058
NCIT:C28193	NCIT:C99059
NCIT:C28193	NCIT:C99080
NCIT:C28193	NCIT:C99081
NCIT:C28193	NCIT:C99082
NCIT:C28193	NCIT:C99085
NCIT:C28193	NCIT:C99105
NCIT:C28193	NCIT:C99109
NCIT:C28193	NCIT:C99267
NCIT:C28193	NCIT:C99544
NCIT:C28194	NCIT:C35064
NCIT:C28194	NCIT:C3923
NCIT:C28195	NCIT:C111783
NCIT:C28195	NCIT:C111865
NCIT:C28195	NCIT:C171563
NCIT:C28195	NCIT:C99537
NCIT:C28286	NCIT:C116361
NCIT:C28286	NCIT:C34949
NCIT:C28286	NCIT:C84711
NCIT:C28356	NCIT:C35084
NCIT:C28356	NCIT:C35085
NCIT:C28356	NCIT:C41353
NCIT:C28396	NCIT:C28333
NCIT:C28396	NCIT:C8006
NCIT:C28397	NCIT:C122577
NCIT:C28397	NCIT:C197887
NCIT:C28397	NCIT:C26976
NCIT:C28432	NCIT:C28292
NCIT:C28432	NCIT:C3301
NCIT:C2849	NCIT:C101329
NCIT:C2849	NCIT:C104813
NCIT:C2849	NCIT:C113824
NCIT:C2849	NCIT:C114960
NCIT:C2849	NCIT:C118455
NCIT:C2849	NCIT:C118459
NCIT:C2849	NCIT:C120864
NCIT:C2849	NCIT:C124493
NCIT:C2849	NCIT:C124497
NCIT:C2849	NCIT:C124505
NCIT:C2849	NCIT:C124506
NCIT:C2849	NCIT:C124507
NCIT:C2849	NCIT:C124508
NCIT:C2849	NCIT:C124509
NCIT:C2849	NCIT:C124510
NCIT:C2849	NCIT:C124511
NCIT:C2849	NCIT:C124512
NCIT:C2849	NCIT:C124513
NCIT:C2849	NCIT:C124518
NCIT:C2849	NCIT:C124519
NCIT:C2849	NCIT:C124520
NCIT:C2849	NCIT:C124522
NCIT:C2849	NCIT:C124529
NCIT:C2849	NCIT:C124531
NCIT:C2849	NCIT:C124538
NCIT:C2849	NCIT:C124541
NCIT:C2849	NCIT:C124568
NCIT:C2849	NCIT:C124573
NCIT:C2849	NCIT:C124580
NCIT:C2849	NCIT:C124586
NCIT:C2849	NCIT:C124587
NCIT:C2849	NCIT:C127956
NCIT:C2849	NCIT:C132080
NCIT:C2849	NCIT:C168497
NCIT:C2849	NCIT:C174414
NCIT:C2849	NCIT:C175215
NCIT:C2849	NCIT:C180842
NCIT:C2849	NCIT:C189052
NCIT:C2849	NCIT:C219875
NCIT:C2849	NCIT:C219876
NCIT:C2849	NCIT:C219879
NCIT:C2849	NCIT:C220042
NCIT:C2849	NCIT:C220066
NCIT:C2849	NCIT:C220100
NCIT:C2849	NCIT:C223344
NCIT:C2849	NCIT:C34567
NCIT:C2849	NCIT:C34715
NCIT:C2849	NCIT:C34961
NCIT:C2849	NCIT:C35324
NCIT:C2849	NCIT:C35653
NCIT:C2849	NCIT:C50666
NCIT:C2849	NCIT:C50667
NCIT:C2849	NCIT:C84552
NCIT:C2849	NCIT:C84641
NCIT:C2849	NCIT:C84725
NCIT:C2849	NCIT:C87069
NCIT:C2849	NCIT:C87118
NCIT:C2849	NCIT:C87130
NCIT:C2849	NCIT:C87175
NCIT:C2849	NCIT:C97062
NCIT:C2849	NCIT:C97151
NCIT:C2849	NCIT:C98622
NCIT:C2849	NCIT:C98893
NCIT:C2849	NCIT:C98896
NCIT:C2849	NCIT:C98974
NCIT:C2849	NCIT:C98997
NCIT:C2849	NCIT:C99014
NCIT:C2852	NCIT:C129449
NCIT:C2852	NCIT:C159563
NCIT:C2852	NCIT:C159565
NCIT:C2852	NCIT:C170733
NCIT:C2852	NCIT:C174551
NCIT:C2852	NCIT:C174561
NCIT:C2852	NCIT:C176887
NCIT:C2852	NCIT:C210140
NCIT:C2852	NCIT:C210619
NCIT:C2852	NCIT:C210977
NCIT:C2852	NCIT:C210978
NCIT:C2852	NCIT:C210979
NCIT:C2852	NCIT:C215409
NCIT:C2852	NCIT:C215426
NCIT:C2852	NCIT:C224629
NCIT:C2852	NCIT:C224634
NCIT:C2852	NCIT:C26712
NCIT:C2852	NCIT:C27379
NCIT:C2852	NCIT:C27684
NCIT:C2852	NCIT:C27745
NCIT:C2852	NCIT:C2853
NCIT:C2852	NCIT:C2919
NCIT:C2852	NCIT:C2928
NCIT:C2852	NCIT:C2971
NCIT:C2852	NCIT:C3679
NCIT:C2852	NCIT:C3680
NCIT:C2852	NCIT:C3681
NCIT:C2852	NCIT:C3766
NCIT:C2852	NCIT:C3768
NCIT:C2852	NCIT:C3769
NCIT:C2852	NCIT:C3774
NCIT:C2852	NCIT:C39863
NCIT:C2852	NCIT:C39906
NCIT:C2852	NCIT:C39957
NCIT:C2852	NCIT:C40101
NCIT:C2852	NCIT:C40310
NCIT:C2852	NCIT:C4068
NCIT:C2852	NCIT:C4123
NCIT:C2852	NCIT:C4124
NCIT:C2852	NCIT:C4126
NCIT:C2852	NCIT:C4127
NCIT:C2852	NCIT:C4141
NCIT:C2852	NCIT:C4142
NCIT:C2852	NCIT:C4145
NCIT:C2852	NCIT:C4188
NCIT:C2852	NCIT:C4712
NCIT:C2852	NCIT:C5214
NCIT:C2852	NCIT:C6459
NCIT:C2852	NCIT:C65192
NCIT:C2852	NCIT:C66745
NCIT:C2852	NCIT:C66950
NCIT:C2852	NCIT:C6938
NCIT:C2852	NCIT:C7073
NCIT:C2852	NCIT:C7677
NCIT:C2852	NCIT:C8955
NCIT:C2852	NCIT:C9325
NCIT:C2852	NCIT:C95397
NCIT:C2853	NCIT:C172813
NCIT:C2853	NCIT:C180864
NCIT:C2853	NCIT:C27534
NCIT:C2853	NCIT:C27937
NCIT:C2853	NCIT:C3777
NCIT:C2853	NCIT:C4035
NCIT:C2853	NCIT:C4182
NCIT:C2853	NCIT:C54400
NCIT:C2853	NCIT:C5472
NCIT:C2853	NCIT:C67560
NCIT:C2853	NCIT:C6975
NCIT:C2853	NCIT:C7438
NCIT:C2853	NCIT:C9134
NCIT:C2853	NCIT:C96491
NCIT:C2854	NCIT:C175291
NCIT:C2854	NCIT:C66865
NCIT:C2855	NCIT:C156757
NCIT:C2855	NCIT:C174550
NCIT:C2855	NCIT:C174560
NCIT:C2855	NCIT:C184295
NCIT:C2855	NCIT:C209283
NCIT:C2855	NCIT:C209284
NCIT:C2855	NCIT:C209285
NCIT:C2855	NCIT:C3329
NCIT:C2855	NCIT:C3502
NCIT:C2855	NCIT:C36207
NCIT:C2855	NCIT:C3685
NCIT:C2855	NCIT:C3759
NCIT:C2855	NCIT:C40018
NCIT:C2855	NCIT:C40256
NCIT:C2855	NCIT:C40299
NCIT:C2855	NCIT:C40301
NCIT:C2855	NCIT:C40382
NCIT:C2855	NCIT:C4151
NCIT:C2855	NCIT:C4157
NCIT:C2855	NCIT:C4159
NCIT:C2855	NCIT:C4192
NCIT:C2855	NCIT:C4196
NCIT:C2855	NCIT:C4455
NCIT:C2855	NCIT:C7559
NCIT:C2855	NCIT:C7580
NCIT:C2855	NCIT:C79951
NCIT:C2855	NCIT:C8383
NCIT:C2855	NCIT:C9003
NCIT:C2858	NCIT:C156943
NCIT:C2858	NCIT:C9004
NCIT:C2858	NCIT:C9327
NCIT:C2859	NCIT:C213861
NCIT:C2859	NCIT:C2858
NCIT:C2859	NCIT:C3629
NCIT:C2859	NCIT:C4856
NCIT:C2859	NCIT:C9338
NCIT:C28619	NCIT:C28620
NCIT:C2862	NCIT:C171340
NCIT:C2862	NCIT:C179203
NCIT:C2862	NCIT:C188314
NCIT:C2862	NCIT:C188317
NCIT:C2862	NCIT:C188318
NCIT:C2862	NCIT:C212970
NCIT:C2862	NCIT:C212973
NCIT:C2862	NCIT:C212976
NCIT:C2862	NCIT:C41237
NCIT:C2862	NCIT:C41238
NCIT:C28620	NCIT:C28621
NCIT:C28621	NCIT:C21756
NCIT:C28621	NCIT:C21766
NCIT:C28621	NCIT:C24039
NCIT:C2866	NCIT:C123412
NCIT:C2866	NCIT:C123413
NCIT:C2866	NCIT:C146894
NCIT:C2866	NCIT:C169104
NCIT:C2866	NCIT:C206083
NCIT:C2866	NCIT:C214853
NCIT:C2868	NCIT:C153217
NCIT:C2868	NCIT:C205628
NCIT:C2868	NCIT:C3818
NCIT:C2868	NCIT:C3819
NCIT:C2868	NCIT:C8323
NCIT:C2868	NCIT:C84555
NCIT:C2869	NCIT:C131655
NCIT:C2869	NCIT:C131656
NCIT:C2869	NCIT:C197950
NCIT:C2869	NCIT:C197967
NCIT:C2869	NCIT:C27947
NCIT:C2869	NCIT:C2870
NCIT:C2869	NCIT:C34380
NCIT:C2869	NCIT:C34381
NCIT:C2869	NCIT:C34384
NCIT:C2869	NCIT:C35141
NCIT:C2869	NCIT:C35142
NCIT:C2869	NCIT:C35228
NCIT:C2869	NCIT:C35469
NCIT:C2869	NCIT:C35472
NCIT:C2869	NCIT:C35659
NCIT:C2869	NCIT:C36078
NCIT:C2869	NCIT:C5332
NCIT:C2869	NCIT:C82909
NCIT:C2869	NCIT:C97167
NCIT:C2870	NCIT:C153293
NCIT:C2870	NCIT:C173788
NCIT:C2870	NCIT:C173789
NCIT:C2870	NCIT:C35343
NCIT:C2870	NCIT:C35465
NCIT:C2870	NCIT:C35466
NCIT:C2870	NCIT:C61229
NCIT:C2870	NCIT:C61230
NCIT:C2870	NCIT:C70613
NCIT:C2875	NCIT:C179197
NCIT:C2877	NCIT:C4054
NCIT:C2877	NCIT:C4595
NCIT:C2877	NCIT:C4611
NCIT:C2877	NCIT:C5603
NCIT:C2877	NCIT:C7379
NCIT:C2878	NCIT:C215363
NCIT:C2878	NCIT:C34848
NCIT:C2878	NCIT:C34867
NCIT:C2878	NCIT:C34890
NCIT:C2878	NCIT:C35420
NCIT:C2878	NCIT:C88411
NCIT:C2878	NCIT:C92620
NCIT:C2878	NCIT:C92621
NCIT:C2878	NCIT:C92622
NCIT:C2878	NCIT:C92623
NCIT:C2878	NCIT:C97193
NCIT:C2878	NCIT:C97194
NCIT:C2880	NCIT:C189292
NCIT:C2880	NCIT:C189319
NCIT:C2880	NCIT:C39968
NCIT:C2880	NCIT:C39970
NCIT:C2880	NCIT:C39971
NCIT:C2880	NCIT:C39974
NCIT:C2880	NCIT:C4209
NCIT:C2880	NCIT:C4210
NCIT:C2881	NCIT:C110938
NCIT:C2881	NCIT:C111119
NCIT:C2881	NCIT:C191452
NCIT:C2881	NCIT:C220233
NCIT:C2881	NCIT:C26889
NCIT:C2881	NCIT:C26923
NCIT:C2881	NCIT:C26924
NCIT:C2881	NCIT:C35061
NCIT:C2881	NCIT:C37920
NCIT:C2881	NCIT:C38029
NCIT:C2881	NCIT:C50466
NCIT:C2881	NCIT:C50501
NCIT:C2881	NCIT:C50799
NCIT:C2881	NCIT:C50802
NCIT:C2881	NCIT:C51224
NCIT:C2881	NCIT:C62015
NCIT:C2882	NCIT:C177548
NCIT:C2882	NCIT:C216242
NCIT:C2882	NCIT:C2936
NCIT:C2882	NCIT:C35477
NCIT:C2882	NCIT:C35479
NCIT:C2882	NCIT:C35515
NCIT:C2882	NCIT:C35611
NCIT:C2883	NCIT:C114357
NCIT:C2883	NCIT:C116778
NCIT:C2883	NCIT:C118475
NCIT:C2883	NCIT:C119021
NCIT:C2883	NCIT:C119022
NCIT:C2883	NCIT:C119023
NCIT:C2883	NCIT:C119025
NCIT:C2883	NCIT:C119026
NCIT:C2883	NCIT:C128332
NCIT:C2883	NCIT:C128333
NCIT:C2883	NCIT:C177554
NCIT:C2883	NCIT:C215373
NCIT:C2883	NCIT:C26700
NCIT:C2883	NCIT:C26980
NCIT:C2883	NCIT:C26981
NCIT:C2883	NCIT:C26996
NCIT:C2883	NCIT:C27017
NCIT:C2883	NCIT:C27039
NCIT:C2883	NCIT:C27041
NCIT:C2883	NCIT:C27206
NCIT:C2883	NCIT:C27330
NCIT:C2883	NCIT:C2884
NCIT:C2883	NCIT:C3293
NCIT:C2883	NCIT:C34650
NCIT:C2883	NCIT:C34955
NCIT:C2883	NCIT:C35763
NCIT:C2883	NCIT:C61277
NCIT:C2883	NCIT:C70634
NCIT:C2884	NCIT:C119045
NCIT:C2884	NCIT:C181772
NCIT:C2884	NCIT:C27179
NCIT:C2884	NCIT:C61278
NCIT:C2886	NCIT:C162141
NCIT:C2886	NCIT:C186432
NCIT:C2886	NCIT:C84547
NCIT:C2889	NCIT:C116363
NCIT:C2889	NCIT:C116776
NCIT:C2889	NCIT:C116917
NCIT:C2889	NCIT:C116958
NCIT:C2889	NCIT:C126341
NCIT:C2889	NCIT:C208228
NCIT:C2889	NCIT:C213418
NCIT:C2889	NCIT:C26744
NCIT:C2889	NCIT:C26746
NCIT:C2889	NCIT:C26883
NCIT:C2889	NCIT:C27153
NCIT:C2889	NCIT:C27191
NCIT:C2889	NCIT:C2884
NCIT:C2889	NCIT:C34819
NCIT:C2889	NCIT:C3949
NCIT:C2889	NCIT:C61284
NCIT:C2889	NCIT:C84564
NCIT:C2889	NCIT:C84566
NCIT:C2889	NCIT:C85218
NCIT:C2889	NCIT:C94694
NCIT:C2889	NCIT:C99383
NCIT:C2890	NCIT:C113669
NCIT:C2890	NCIT:C118297
NCIT:C2890	NCIT:C128334
NCIT:C2890	NCIT:C128336
NCIT:C2890	NCIT:C128337
NCIT:C2890	NCIT:C157804
NCIT:C2890	NCIT:C157812
NCIT:C2890	NCIT:C157974
NCIT:C2890	NCIT:C157978
NCIT:C2890	NCIT:C171146
NCIT:C2890	NCIT:C171147
NCIT:C2890	NCIT:C172076
NCIT:C2890	NCIT:C180523
NCIT:C2890	NCIT:C220031
NCIT:C2890	NCIT:C26704
NCIT:C2890	NCIT:C26715
NCIT:C2890	NCIT:C26831
NCIT:C2890	NCIT:C27203
NCIT:C2890	NCIT:C3065
NCIT:C2890	NCIT:C34463
NCIT:C2890	NCIT:C34541
NCIT:C2890	NCIT:C34572
NCIT:C2890	NCIT:C34594
NCIT:C2890	NCIT:C34638
NCIT:C2890	NCIT:C34654
NCIT:C2890	NCIT:C34897
NCIT:C2890	NCIT:C34970
NCIT:C2890	NCIT:C34984
NCIT:C2890	NCIT:C34991
NCIT:C2890	NCIT:C35038
NCIT:C2890	NCIT:C35089
NCIT:C2890	NCIT:C35373
NCIT:C2890	NCIT:C35483
NCIT:C2890	NCIT:C35730
NCIT:C2890	NCIT:C39293
NCIT:C2890	NCIT:C43300
NCIT:C2890	NCIT:C44959
NCIT:C2890	NCIT:C45161
NCIT:C2890	NCIT:C50780
NCIT:C2890	NCIT:C53656
NCIT:C2890	NCIT:C53657
NCIT:C2890	NCIT:C78647
NCIT:C2890	NCIT:C82994
NCIT:C2890	NCIT:C84534
NCIT:C2890	NCIT:C84565
NCIT:C2890	NCIT:C84586
NCIT:C2890	NCIT:C84599
NCIT:C2890	NCIT:C84602
NCIT:C2890	NCIT:C84722
NCIT:C2890	NCIT:C84825
NCIT:C2890	NCIT:C85015
NCIT:C2890	NCIT:C85185
NCIT:C2890	NCIT:C85197
NCIT:C2890	NCIT:C85208
NCIT:C2890	NCIT:C85228
NCIT:C2890	NCIT:C85231
NCIT:C2890	NCIT:C87062
NCIT:C2890	NCIT:C99088
NCIT:C2891	NCIT:C157606
NCIT:C2893	NCIT:C176886
NCIT:C2893	NCIT:C213594
NCIT:C2893	NCIT:C213595
NCIT:C2893	NCIT:C217550
NCIT:C2893	NCIT:C2878
NCIT:C2893	NCIT:C3376
NCIT:C2893	NCIT:C34723
NCIT:C2893	NCIT:C34922
NCIT:C2893	NCIT:C34956
NCIT:C2893	NCIT:C35029
NCIT:C2893	NCIT:C35274
NCIT:C2893	NCIT:C46083
NCIT:C2893	NCIT:C46084
NCIT:C2893	NCIT:C89332
NCIT:C2893	NCIT:C92190
NCIT:C2893	NCIT:C92191
NCIT:C2893	NCIT:C92196
NCIT:C2893	NCIT:C92197
NCIT:C2893	NCIT:C92198
NCIT:C2893	NCIT:C92199
NCIT:C2893	NCIT:C92200
NCIT:C2893	NCIT:C92201
NCIT:C2893	NCIT:C92202
NCIT:C2893	NCIT:C92203
NCIT:C2893	NCIT:C97160
NCIT:C2894	NCIT:C216210
NCIT:C2894	NCIT:C4772
NCIT:C2894	NCIT:C5395
NCIT:C2894	NCIT:C5492
NCIT:C2894	NCIT:C5493
NCIT:C2894	NCIT:C5500
NCIT:C2894	NCIT:C7042
NCIT:C2895	NCIT:C126331
NCIT:C2895	NCIT:C179360
NCIT:C2895	NCIT:C190658
NCIT:C2895	NCIT:C4510
NCIT:C2895	NCIT:C4516
NCIT:C2895	NCIT:C5245
NCIT:C2895	NCIT:C6803
NCIT:C2896	NCIT:C190618
NCIT:C2896	NCIT:C202966
NCIT:C2896	NCIT:C215191
NCIT:C2896	NCIT:C27514
NCIT:C2896	NCIT:C3217
NCIT:C2896	NCIT:C3615
NCIT:C2896	NCIT:C4481
NCIT:C2896	NCIT:C4632
NCIT:C2896	NCIT:C49079
NCIT:C2896	NCIT:C7158
NCIT:C2896	NCIT:C7341
NCIT:C2896	NCIT:C7571
NCIT:C2897	NCIT:C5595
NCIT:C2898	NCIT:C223515
NCIT:C2898	NCIT:C27814
NCIT:C2898	NCIT:C2942
NCIT:C2898	NCIT:C4129
NCIT:C2898	NCIT:C4441
NCIT:C2898	NCIT:C6881
NCIT:C2898	NCIT:C96945
NCIT:C2899	NCIT:C156781
NCIT:C2899	NCIT:C34631
NCIT:C2899	NCIT:C4843
NCIT:C2899	NCIT:C96716
NCIT:C2900	NCIT:C27601
NCIT:C2900	NCIT:C2901
NCIT:C2901	NCIT:C157758
NCIT:C2901	NCIT:C158374
NCIT:C2901	NCIT:C158636
NCIT:C2901	NCIT:C159681
NCIT:C2901	NCIT:C3618
NCIT:C2901	NCIT:C39857
NCIT:C2901	NCIT:C9334
NCIT:C2902	NCIT:C101333
NCIT:C2902	NCIT:C103172
NCIT:C2902	NCIT:C115221
NCIT:C2902	NCIT:C131648
NCIT:C2902	NCIT:C131651
NCIT:C2902	NCIT:C131658
NCIT:C2902	NCIT:C131659
NCIT:C2902	NCIT:C131673
NCIT:C2902	NCIT:C133884
NCIT:C2902	NCIT:C142084
NCIT:C2902	NCIT:C171562
NCIT:C2902	NCIT:C173783
NCIT:C2902	NCIT:C180553
NCIT:C2902	NCIT:C27215
NCIT:C2902	NCIT:C2992
NCIT:C2902	NCIT:C68677
NCIT:C2902	NCIT:C75545
NCIT:C2902	NCIT:C98815
NCIT:C2902	NCIT:C98946
NCIT:C2906	NCIT:C62571
NCIT:C2907	NCIT:C170814
NCIT:C2907	NCIT:C211532
NCIT:C2907	NCIT:C2937
NCIT:C2907	NCIT:C3139
NCIT:C2907	NCIT:C3397
NCIT:C2907	NCIT:C3568
NCIT:C2907	NCIT:C4944
NCIT:C2907	NCIT:C7703
NCIT:C2907	NCIT:C7710
NCIT:C2909	NCIT:C104373
NCIT:C2909	NCIT:C172203
NCIT:C2909	NCIT:C3039
NCIT:C2909	NCIT:C3073
NCIT:C2909	NCIT:C3125
NCIT:C2909	NCIT:C3484
NCIT:C2909	NCIT:C3515
NCIT:C2909	NCIT:C3522
NCIT:C2909	NCIT:C3661
NCIT:C2909	NCIT:C40401
NCIT:C2909	NCIT:C50674
NCIT:C2909	NCIT:C53662
NCIT:C2909	NCIT:C78222
NCIT:C2909	NCIT:C79606
NCIT:C2909	NCIT:C83494
NCIT:C2910	NCIT:C189338
NCIT:C2910	NCIT:C27939
NCIT:C2910	NCIT:C36083
NCIT:C2910	NCIT:C40405
NCIT:C2910	NCIT:C40406
NCIT:C2910	NCIT:C4505
NCIT:C2910	NCIT:C4804
NCIT:C2910	NCIT:C5169
NCIT:C2910	NCIT:C5206
NCIT:C2910	NCIT:C5212
NCIT:C2910	NCIT:C54180
NCIT:C2910	NCIT:C9335
NCIT:C2911	NCIT:C26722
NCIT:C2911	NCIT:C26932
NCIT:C2912	NCIT:C141253
NCIT:C2912	NCIT:C168651
NCIT:C2912	NCIT:C188075
NCIT:C2912	NCIT:C200688
NCIT:C2912	NCIT:C202935
NCIT:C2912	NCIT:C27122
NCIT:C2912	NCIT:C27409
NCIT:C2912	NCIT:C27694
NCIT:C2912	NCIT:C27914
NCIT:C2912	NCIT:C27915
NCIT:C2912	NCIT:C40376
NCIT:C2912	NCIT:C5008
NCIT:C2912	NCIT:C5251
NCIT:C2912	NCIT:C6917
NCIT:C2912	NCIT:C7188
NCIT:C2912	NCIT:C7189
NCIT:C2912	NCIT:C7309
NCIT:C2912	NCIT:C8847
NCIT:C2912	NCIT:C9062
NCIT:C2912	NCIT:C9095
NCIT:C2912	NCIT:C96502
NCIT:C2914	NCIT:C186433
NCIT:C2914	NCIT:C27860
NCIT:C2916	NCIT:C148124
NCIT:C2916	NCIT:C150604
NCIT:C2916	NCIT:C156767
NCIT:C2916	NCIT:C164141
NCIT:C2916	NCIT:C165723
NCIT:C2916	NCIT:C190275
NCIT:C2916	NCIT:C201821
NCIT:C2916	NCIT:C210709
NCIT:C2916	NCIT:C213452
NCIT:C2916	NCIT:C215715
NCIT:C2916	NCIT:C27004
NCIT:C2916	NCIT:C27236
NCIT:C2916	NCIT:C27633
NCIT:C2916	NCIT:C27698
NCIT:C2916	NCIT:C27764
NCIT:C2916	NCIT:C27767
NCIT:C2916	NCIT:C27825
NCIT:C2916	NCIT:C27927
NCIT:C2916	NCIT:C27949
NCIT:C2916	NCIT:C2852
NCIT:C2916	NCIT:C2917
NCIT:C2916	NCIT:C2927
NCIT:C2916	NCIT:C2929
NCIT:C2916	NCIT:C2930
NCIT:C2916	NCIT:C2948
NCIT:C2916	NCIT:C2970
NCIT:C2916	NCIT:C35850
NCIT:C2916	NCIT:C36310
NCIT:C2916	NCIT:C3692
NCIT:C2916	NCIT:C3780
NCIT:C2916	NCIT:C40022
NCIT:C2916	NCIT:C4121
NCIT:C2916	NCIT:C4137
NCIT:C2916	NCIT:C4139
NCIT:C2916	NCIT:C4152
NCIT:C2916	NCIT:C4153
NCIT:C2916	NCIT:C4199
NCIT:C2916	NCIT:C45716
NCIT:C2916	NCIT:C4872
NCIT:C2916	NCIT:C4878
NCIT:C2916	NCIT:C4914
NCIT:C2916	NCIT:C4979
NCIT:C2916	NCIT:C6079
NCIT:C2916	NCIT:C62332
NCIT:C2916	NCIT:C65151
NCIT:C2916	NCIT:C7352
NCIT:C2916	NCIT:C7569
NCIT:C2916	NCIT:C7596
NCIT:C2916	NCIT:C7619
NCIT:C2916	NCIT:C7625
NCIT:C2916	NCIT:C7682
NCIT:C2916	NCIT:C8500
NCIT:C2916	NCIT:C8511
NCIT:C2916	NCIT:C9347
NCIT:C2916	NCIT:C9480
NCIT:C2916	NCIT:C96963
NCIT:C2917	NCIT:C132783
NCIT:C2917	NCIT:C139534
NCIT:C2917	NCIT:C139555
NCIT:C2917	NCIT:C140459
NCIT:C2917	NCIT:C27093
NCIT:C2917	NCIT:C27467
NCIT:C2917	NCIT:C35180
NCIT:C2917	NCIT:C3640
NCIT:C2917	NCIT:C3641
NCIT:C2917	NCIT:C4000
NCIT:C2917	NCIT:C4116
NCIT:C2917	NCIT:C4123
NCIT:C2917	NCIT:C4522
NCIT:C2917	NCIT:C4531
NCIT:C2917	NCIT:C4942
NCIT:C2917	NCIT:C65163
NCIT:C2917	NCIT:C7855
NCIT:C2917	NCIT:C7939
NCIT:C2917	NCIT:C89445
NCIT:C2917	NCIT:C89476
NCIT:C2917	NCIT:C89550
NCIT:C2917	NCIT:C9100
NCIT:C2917	NCIT:C91741
NCIT:C2918	NCIT:C176579
NCIT:C2918	NCIT:C176580
NCIT:C2918	NCIT:C36107
NCIT:C2919	NCIT:C150557
NCIT:C2919	NCIT:C164185
NCIT:C2919	NCIT:C164186
NCIT:C2919	NCIT:C167256
NCIT:C2919	NCIT:C171012
NCIT:C2919	NCIT:C201849
NCIT:C2919	NCIT:C222492
NCIT:C2919	NCIT:C223267
NCIT:C2919	NCIT:C27905
NCIT:C2919	NCIT:C27906
NCIT:C2919	NCIT:C27916
NCIT:C2919	NCIT:C39903
NCIT:C2919	NCIT:C5596
NCIT:C2919	NCIT:C6813
NCIT:C2919	NCIT:C8945
NCIT:C2920	NCIT:C150545
NCIT:C2920	NCIT:C150546
NCIT:C2920	NCIT:C170811
NCIT:C2920	NCIT:C171101
NCIT:C2920	NCIT:C185044
NCIT:C2920	NCIT:C190125
NCIT:C2920	NCIT:C205307
NCIT:C2920	NCIT:C206207
NCIT:C2920	NCIT:C206210
NCIT:C2920	NCIT:C215192
NCIT:C2920	NCIT:C3510
NCIT:C2920	NCIT:C3560
NCIT:C2920	NCIT:C45238
NCIT:C2920	NCIT:C4573
NCIT:C2920	NCIT:C4574
NCIT:C2920	NCIT:C4914
NCIT:C2920	NCIT:C5629
NCIT:C2920	NCIT:C88156
NCIT:C2921	NCIT:C157331
NCIT:C2921	NCIT:C213334
NCIT:C2921	NCIT:C27182
NCIT:C2921	NCIT:C27535
NCIT:C2921	NCIT:C27536
NCIT:C2921	NCIT:C27539
NCIT:C2921	NCIT:C27540
NCIT:C2921	NCIT:C27541
NCIT:C2921	NCIT:C2922
NCIT:C2921	NCIT:C38109
NCIT:C2921	NCIT:C38110
NCIT:C2921	NCIT:C38111
NCIT:C2921	NCIT:C39961
NCIT:C2921	NCIT:C4109
NCIT:C2921	NCIT:C62282
NCIT:C2921	NCIT:C62284
NCIT:C2921	NCIT:C6381
NCIT:C2921	NCIT:C6386
NCIT:C2921	NCIT:C7473
NCIT:C2923	NCIT:C7268
NCIT:C2923	NCIT:C7269
NCIT:C2923	NCIT:C7270
NCIT:C2924	NCIT:C176005
NCIT:C2924	NCIT:C203339
NCIT:C2924	NCIT:C4190
NCIT:C2924	NCIT:C5137
NCIT:C2924	NCIT:C5138
NCIT:C2924	NCIT:C66933
NCIT:C2924	NCIT:C7949
NCIT:C2924	NCIT:C9456
NCIT:C2924	NCIT:C9457
NCIT:C2926	NCIT:C118814
NCIT:C2926	NCIT:C133254
NCIT:C2926	NCIT:C135017
NCIT:C2926	NCIT:C136491
NCIT:C2926	NCIT:C153081
NCIT:C2926	NCIT:C155901
NCIT:C2926	NCIT:C156094
NCIT:C2926	NCIT:C165767
NCIT:C2926	NCIT:C202131
NCIT:C2926	NCIT:C205303
NCIT:C2926	NCIT:C215011
NCIT:C2926	NCIT:C215346
NCIT:C2926	NCIT:C223188
NCIT:C2926	NCIT:C4450
NCIT:C2926	NCIT:C45519
NCIT:C2926	NCIT:C45540
NCIT:C2926	NCIT:C7783
NCIT:C2926	NCIT:C9038
NCIT:C2926	NCIT:C9133
NCIT:C2927	NCIT:C164144
NCIT:C2927	NCIT:C213296
NCIT:C2927	NCIT:C2853
NCIT:C2927	NCIT:C4102
NCIT:C2927	NCIT:C65163
NCIT:C2929	NCIT:C154700
NCIT:C2929	NCIT:C161634
NCIT:C2929	NCIT:C162486
NCIT:C2929	NCIT:C162652
NCIT:C2929	NCIT:C164250
NCIT:C2929	NCIT:C171605
NCIT:C2929	NCIT:C173813
NCIT:C2929	NCIT:C191749
NCIT:C2929	NCIT:C192732
NCIT:C2929	NCIT:C211551
NCIT:C2929	NCIT:C212871
NCIT:C2929	NCIT:C215419
NCIT:C2929	NCIT:C224628
NCIT:C2929	NCIT:C27084
NCIT:C2929	NCIT:C27093
NCIT:C2929	NCIT:C27683
NCIT:C2929	NCIT:C34447
NCIT:C2929	NCIT:C3493
NCIT:C2929	NCIT:C4024
NCIT:C2929	NCIT:C4102
NCIT:C2929	NCIT:C4104
NCIT:C2929	NCIT:C4105
NCIT:C2929	NCIT:C4106
NCIT:C2929	NCIT:C43534
NCIT:C2929	NCIT:C43588
NCIT:C2929	NCIT:C4448
NCIT:C2929	NCIT:C4549
NCIT:C2929	NCIT:C4552
NCIT:C2929	NCIT:C4819
NCIT:C2929	NCIT:C5177
NCIT:C2929	NCIT:C54244
NCIT:C2929	NCIT:C5475
NCIT:C2929	NCIT:C5536
NCIT:C2929	NCIT:C5777
NCIT:C2929	NCIT:C6154
NCIT:C2929	NCIT:C6165
NCIT:C2929	NCIT:C6455
NCIT:C2929	NCIT:C65176
NCIT:C2929	NCIT:C65178
NCIT:C2929	NCIT:C65180
NCIT:C2929	NCIT:C7729
NCIT:C2929	NCIT:C7732
NCIT:C2929	NCIT:C9161
NCIT:C2929	NCIT:C9170
NCIT:C2930	NCIT:C129827
NCIT:C2930	NCIT:C129828
NCIT:C2930	NCIT:C162564
NCIT:C2930	NCIT:C215424
NCIT:C2930	NCIT:C4030
NCIT:C2930	NCIT:C4120
NCIT:C2931	NCIT:C27672
NCIT:C2931	NCIT:C3079
NCIT:C2931	NCIT:C35117
NCIT:C2931	NCIT:C4784
NCIT:C2932	NCIT:C3574
NCIT:C2932	NCIT:C79950
NCIT:C2934	NCIT:C213850
NCIT:C2934	NCIT:C27586
NCIT:C2934	NCIT:C9293
NCIT:C2934	NCIT:C96413
NCIT:C2934	NCIT:C97110
NCIT:C2935	NCIT:C179883
NCIT:C2935	NCIT:C3569
NCIT:C2935	NCIT:C48318
NCIT:C2935	NCIT:C4955
NCIT:C2935	NCIT:C5146
NCIT:C2935	NCIT:C5968
NCIT:C2935	NCIT:C5970
NCIT:C2935	NCIT:C7372
NCIT:C2935	NCIT:C9475
NCIT:C2937	NCIT:C3473
NCIT:C2937	NCIT:C3791
NCIT:C2937	NCIT:C5273
NCIT:C2937	NCIT:C5592
NCIT:C2938	NCIT:C180840
NCIT:C2938	NCIT:C3390
NCIT:C2938	NCIT:C50486
NCIT:C2938	NCIT:C78394
NCIT:C2938	NCIT:C84625
NCIT:C2939	NCIT:C34584
NCIT:C2939	NCIT:C40200
NCIT:C2940	NCIT:C128041
NCIT:C2940	NCIT:C180879
NCIT:C2940	NCIT:C3607
NCIT:C2940	NCIT:C3782
NCIT:C2940	NCIT:C40195
NCIT:C2940	NCIT:C40210
NCIT:C2940	NCIT:C40216
NCIT:C2940	NCIT:C40226
NCIT:C2940	NCIT:C9311
NCIT:C2942	NCIT:C5857
NCIT:C2942	NCIT:C7126
NCIT:C2944	NCIT:C35868
NCIT:C2944	NCIT:C3654
NCIT:C2945	NCIT:C173895
NCIT:C2945	NCIT:C189023
NCIT:C2946	NCIT:C121870
NCIT:C2946	NCIT:C121871
NCIT:C2946	NCIT:C173407
NCIT:C2946	NCIT:C173842
NCIT:C2946	NCIT:C176467
NCIT:C2946	NCIT:C189027
NCIT:C2946	NCIT:C27482
NCIT:C2946	NCIT:C3737
NCIT:C2946	NCIT:C6475
NCIT:C2946	NCIT:C6476
NCIT:C2946	NCIT:C7155
NCIT:C2946	NCIT:C7357
NCIT:C2946	NCIT:C8778
NCIT:C2946	NCIT:C8779
NCIT:C2946	NCIT:C8780
NCIT:C2946	NCIT:C9027
NCIT:C2947	NCIT:C153323
NCIT:C2947	NCIT:C153325
NCIT:C2947	NCIT:C155781
NCIT:C2947	NCIT:C155973
NCIT:C2947	NCIT:C162721
NCIT:C2947	NCIT:C177898
NCIT:C2947	NCIT:C178563
NCIT:C2947	NCIT:C189032
NCIT:C2947	NCIT:C215033
NCIT:C2947	NCIT:C215036
NCIT:C2947	NCIT:C220790
NCIT:C2947	NCIT:C48876
NCIT:C2948	NCIT:C123844
NCIT:C2948	NCIT:C4515
NCIT:C2948	NCIT:C4646
NCIT:C2948	NCIT:C5381
NCIT:C2948	NCIT:C6440
NCIT:C2948	NCIT:C7012
NCIT:C2948	NCIT:C7733
NCIT:C2948	NCIT:C95749
NCIT:C2949	NCIT:C3566
NCIT:C2949	NCIT:C3625
NCIT:C2951	NCIT:C157817
NCIT:C2951	NCIT:C157818
NCIT:C2951	NCIT:C219967
NCIT:C2951	NCIT:C34782
NCIT:C2951	NCIT:C35532
NCIT:C2951	NCIT:C51225
NCIT:C2951	NCIT:C84411
NCIT:C2952	NCIT:C122413
NCIT:C2952	NCIT:C215369
NCIT:C2953	NCIT:C213279
NCIT:C2953	NCIT:C213372
NCIT:C2953	NCIT:C213590
NCIT:C2953	NCIT:C213857
NCIT:C2953	NCIT:C2894
NCIT:C2953	NCIT:C3864
NCIT:C2953	NCIT:C4433
NCIT:C2953	NCIT:C5697
NCIT:C2953	NCIT:C9242
NCIT:C2954	NCIT:C216213
NCIT:C2954	NCIT:C4930
NCIT:C2954	NCIT:C5517
NCIT:C2954	NCIT:C5518
NCIT:C2954	NCIT:C96464
NCIT:C2954	NCIT:C96470
NCIT:C2954	NCIT:C96479
NCIT:C2955	NCIT:C118808
NCIT:C2955	NCIT:C134180
NCIT:C2955	NCIT:C147982
NCIT:C2955	NCIT:C156096
NCIT:C2955	NCIT:C162256
NCIT:C2955	NCIT:C162257
NCIT:C2955	NCIT:C162600
NCIT:C2955	NCIT:C173324
NCIT:C2955	NCIT:C205290
NCIT:C2955	NCIT:C212894
NCIT:C2955	NCIT:C218464
NCIT:C2955	NCIT:C43588
NCIT:C2955	NCIT:C43589
NCIT:C2955	NCIT:C43591
NCIT:C2955	NCIT:C4910
NCIT:C2955	NCIT:C5105
NCIT:C2955	NCIT:C7421
NCIT:C2955	NCIT:C8625
NCIT:C2955	NCIT:C90506
NCIT:C2955	NCIT:C91223
NCIT:C2955	NCIT:C9382
NCIT:C2955	NCIT:C96156
NCIT:C2955	NCIT:C96158
NCIT:C2955	NCIT:C96494
NCIT:C2956	NCIT:C213856
NCIT:C2956	NCIT:C27459
NCIT:C2956	NCIT:C27735
NCIT:C2956	NCIT:C2953
NCIT:C2956	NCIT:C3350
NCIT:C2956	NCIT:C4610
NCIT:C2956	NCIT:C4877
NCIT:C2956	NCIT:C4978
NCIT:C2956	NCIT:C5673
NCIT:C2956	NCIT:C96152
NCIT:C2958	NCIT:C97155
NCIT:C2960	NCIT:C192221
NCIT:C2960	NCIT:C221707
NCIT:C2960	NCIT:C4054
NCIT:C2960	NCIT:C4382
NCIT:C2960	NCIT:C4947
NCIT:C2960	NCIT:C6169
NCIT:C2960	NCIT:C6371
NCIT:C2960	NCIT:C8421
NCIT:C2960	NCIT:C97057
NCIT:C2961	NCIT:C176043
NCIT:C2961	NCIT:C204977
NCIT:C2961	NCIT:C3564
NCIT:C2961	NCIT:C3622
NCIT:C2963	NCIT:C193416
NCIT:C2963	NCIT:C3571
NCIT:C2963	NCIT:C4801
NCIT:C2963	NCIT:C5120
NCIT:C2963	NCIT:C5121
NCIT:C2963	NCIT:C5122
NCIT:C2963	NCIT:C5825
NCIT:C2963	NCIT:C5826
NCIT:C2963	NCIT:C5827
NCIT:C2963	NCIT:C5828
NCIT:C2963	NCIT:C5829
NCIT:C2963	NCIT:C5830
NCIT:C2963	NCIT:C5831
NCIT:C2963	NCIT:C6994
NCIT:C2964	NCIT:C148076
NCIT:C2964	NCIT:C148077
NCIT:C2964	NCIT:C4010
NCIT:C2964	NCIT:C4725
NCIT:C2964	NCIT:C4726
NCIT:C2964	NCIT:C7816
NCIT:C2965	NCIT:C219892
NCIT:C2965	NCIT:C35210
NCIT:C2965	NCIT:C35211
NCIT:C2967	NCIT:C174113
NCIT:C2967	NCIT:C27861
NCIT:C2967	NCIT:C35361
NCIT:C2967	NCIT:C35590
NCIT:C2969	NCIT:C171538
NCIT:C2969	NCIT:C219915
NCIT:C2970	NCIT:C157638
NCIT:C2970	NCIT:C157639
NCIT:C2970	NCIT:C164013
NCIT:C2970	NCIT:C175668
NCIT:C2970	NCIT:C214991
NCIT:C2970	NCIT:C40261
NCIT:C2970	NCIT:C40295
NCIT:C2970	NCIT:C4471
NCIT:C2970	NCIT:C5130
NCIT:C2970	NCIT:C5342
NCIT:C2970	NCIT:C5539
NCIT:C2970	NCIT:C5666
NCIT:C2970	NCIT:C6051
NCIT:C2970	NCIT:C6346
NCIT:C2971	NCIT:C3776
NCIT:C2971	NCIT:C3777
NCIT:C2971	NCIT:C3778
NCIT:C2971	NCIT:C3874
NCIT:C2971	NCIT:C5228
NCIT:C2971	NCIT:C5980
NCIT:C2972	NCIT:C161606
NCIT:C2972	NCIT:C162483
NCIT:C2972	NCIT:C205459
NCIT:C2972	NCIT:C2973
NCIT:C2972	NCIT:C2974
NCIT:C2972	NCIT:C35833
NCIT:C2972	NCIT:C3783
NCIT:C2972	NCIT:C39907
NCIT:C2972	NCIT:C40019
NCIT:C2972	NCIT:C4060
NCIT:C2972	NCIT:C4711
NCIT:C2973	NCIT:C192126
NCIT:C2973	NCIT:C4184
NCIT:C2973	NCIT:C4512
NCIT:C2973	NCIT:C45604
NCIT:C2973	NCIT:C5510
NCIT:C2974	NCIT:C155952
NCIT:C2974	NCIT:C155953
NCIT:C2974	NCIT:C4178
NCIT:C2974	NCIT:C4180
NCIT:C2974	NCIT:C4184
NCIT:C2974	NCIT:C65203
NCIT:C2975	NCIT:C103233
NCIT:C2975	NCIT:C121562
NCIT:C2976	NCIT:C129932
NCIT:C2977	NCIT:C168602
NCIT:C2977	NCIT:C4274
NCIT:C2977	NCIT:C4275
NCIT:C2977	NCIT:C7503
NCIT:C2977	NCIT:C7574
NCIT:C2977	NCIT:C7575
NCIT:C2981	NCIT:C92639
NCIT:C2981	NCIT:C92640
NCIT:C2981	NCIT:C92641
NCIT:C2982	NCIT:C220040
NCIT:C2982	NCIT:C34424
NCIT:C2982	NCIT:C34532
NCIT:C2982	NCIT:C34533
NCIT:C2982	NCIT:C34812
NCIT:C2982	NCIT:C35094
NCIT:C2982	NCIT:C35369
NCIT:C2982	NCIT:C92852
NCIT:C2982	NCIT:C97163
NCIT:C2983	NCIT:C111886
NCIT:C2983	NCIT:C112122
NCIT:C2983	NCIT:C128349
NCIT:C2983	NCIT:C177001
NCIT:C2983	NCIT:C220008
NCIT:C2983	NCIT:C26687
NCIT:C2983	NCIT:C26742
NCIT:C2983	NCIT:C26745
NCIT:C2983	NCIT:C26817
NCIT:C2983	NCIT:C26855
NCIT:C2983	NCIT:C26915
NCIT:C2983	NCIT:C27037
NCIT:C2983	NCIT:C27195
NCIT:C2983	NCIT:C27724
NCIT:C2983	NCIT:C27725
NCIT:C2983	NCIT:C2984
NCIT:C2983	NCIT:C3001
NCIT:C2983	NCIT:C3189
NCIT:C2983	NCIT:C3346
NCIT:C2983	NCIT:C3349
NCIT:C2983	NCIT:C3432
NCIT:C2983	NCIT:C34534
NCIT:C2983	NCIT:C34859
NCIT:C2983	NCIT:C34888
NCIT:C2983	NCIT:C3505
NCIT:C2983	NCIT:C35149
NCIT:C2983	NCIT:C35224
NCIT:C2983	NCIT:C35277
NCIT:C2983	NCIT:C35308
NCIT:C2983	NCIT:C35309
NCIT:C2983	NCIT:C35310
NCIT:C2983	NCIT:C35311
NCIT:C2983	NCIT:C35619
NCIT:C2983	NCIT:C35620
NCIT:C2983	NCIT:C4816
NCIT:C2983	NCIT:C78580
NCIT:C2983	NCIT:C84532
NCIT:C2983	NCIT:C84766
NCIT:C2985	NCIT:C111913
NCIT:C2985	NCIT:C114769
NCIT:C2985	NCIT:C114852
NCIT:C2985	NCIT:C129739
NCIT:C2985	NCIT:C131859
NCIT:C2985	NCIT:C177763
NCIT:C2985	NCIT:C219945
NCIT:C2985	NCIT:C26747
NCIT:C2985	NCIT:C2986
NCIT:C2985	NCIT:C34537
NCIT:C2985	NCIT:C34942
NCIT:C2985	NCIT:C84433
NCIT:C2986	NCIT:C219642
NCIT:C2990	NCIT:C173799
NCIT:C2990	NCIT:C213824
NCIT:C2990	NCIT:C26801
NCIT:C2990	NCIT:C26842
NCIT:C2990	NCIT:C26886
NCIT:C2990	NCIT:C27550
NCIT:C2990	NCIT:C3027
NCIT:C2990	NCIT:C3052
NCIT:C2990	NCIT:C35516
NCIT:C2990	NCIT:C3959
NCIT:C2990	NCIT:C7659
NCIT:C2991	NCIT:C26684
NCIT:C2991	NCIT:C27551
NCIT:C2991	NCIT:C28193
NCIT:C2991	NCIT:C2893
NCIT:C2991	NCIT:C3101
NCIT:C2991	NCIT:C3262
NCIT:C2991	NCIT:C3340
NCIT:C2991	NCIT:C35470
NCIT:C2991	NCIT:C4873
NCIT:C2991	NCIT:C53529
NCIT:C2991	NCIT:C8278
NCIT:C2991	NCIT:C89328
NCIT:C2992	NCIT:C111856
NCIT:C2992	NCIT:C191542
NCIT:C2993	NCIT:C101222
NCIT:C2993	NCIT:C188150
NCIT:C2995	NCIT:C135080
NCIT:C2995	NCIT:C4775
NCIT:C2995	NCIT:C4932
NCIT:C2995	NCIT:C9328
NCIT:C3000	NCIT:C39784
NCIT:C3000	NCIT:C4412
NCIT:C3000	NCIT:C4652
NCIT:C3000	NCIT:C8417
NCIT:C3000	NCIT:C9337
NCIT:C3001	NCIT:C111888
NCIT:C3001	NCIT:C111963
NCIT:C3001	NCIT:C211594
NCIT:C3001	NCIT:C219821
NCIT:C3001	NCIT:C26743
NCIT:C30028	NCIT:C30029
NCIT:C30028	NCIT:C30030
NCIT:C30029	NCIT:C30031
NCIT:C30029	NCIT:C30032
NCIT:C30029	NCIT:C30033
NCIT:C30029	NCIT:C30034
NCIT:C30029	NCIT:C30035
NCIT:C30030	NCIT:C30036
NCIT:C30030	NCIT:C30037
NCIT:C30036	NCIT:C30038
NCIT:C30036	NCIT:C30039
NCIT:C30036	NCIT:C30040
NCIT:C30036	NCIT:C30041
NCIT:C30036	NCIT:C30042
NCIT:C30036	NCIT:C30043
NCIT:C30036	NCIT:C30044
NCIT:C30036	NCIT:C30045
NCIT:C30036	NCIT:C30046
NCIT:C30037	NCIT:C30047
NCIT:C30037	NCIT:C30048
NCIT:C30037	NCIT:C30049
NCIT:C30037	NCIT:C30050
NCIT:C30037	NCIT:C30051
NCIT:C30037	NCIT:C30052
NCIT:C30037	NCIT:C30053
NCIT:C30037	NCIT:C30054
NCIT:C30037	NCIT:C30055
NCIT:C30037	NCIT:C30056
NCIT:C30037	NCIT:C33903
NCIT:C3009	NCIT:C27067
NCIT:C3009	NCIT:C27564
NCIT:C3009	NCIT:C27565
NCIT:C3009	NCIT:C3010
NCIT:C3010	NCIT:C190056
NCIT:C3010	NCIT:C3575
NCIT:C3010	NCIT:C3809
NCIT:C3010	NCIT:C4621
NCIT:C3010	NCIT:C6432
NCIT:C3010	NCIT:C7335
NCIT:C3010	NCIT:C94759
NCIT:C3010	NCIT:C94760
NCIT:C3011	NCIT:C128055
NCIT:C3011	NCIT:C128295
NCIT:C3011	NCIT:C147006
NCIT:C3011	NCIT:C147105
NCIT:C3011	NCIT:C178523
NCIT:C3011	NCIT:C223543
NCIT:C3011	NCIT:C27241
NCIT:C3011	NCIT:C27364
NCIT:C3011	NCIT:C6379
NCIT:C3011	NCIT:C6443
NCIT:C3011	NCIT:C7011
NCIT:C3011	NCIT:C8000
NCIT:C3011	NCIT:C8107
NCIT:C3011	NCIT:C96851
NCIT:C3012	NCIT:C27789
NCIT:C3012	NCIT:C27815
NCIT:C3012	NCIT:C4894
NCIT:C3013	NCIT:C27789
NCIT:C3013	NCIT:C40157
NCIT:C3014	NCIT:C127048
NCIT:C3014	NCIT:C128064
NCIT:C3014	NCIT:C158138
NCIT:C3014	NCIT:C26763
NCIT:C3014	NCIT:C27623
NCIT:C3014	NCIT:C27628
NCIT:C3017	NCIT:C147108
NCIT:C3017	NCIT:C147112
NCIT:C3017	NCIT:C156462
NCIT:C3017	NCIT:C157601
NCIT:C3017	NCIT:C213344
NCIT:C3017	NCIT:C222261
NCIT:C3017	NCIT:C3875
NCIT:C3017	NCIT:C4319
NCIT:C3017	NCIT:C4713
NCIT:C3017	NCIT:C4714
NCIT:C3017	NCIT:C6903
NCIT:C3017	NCIT:C8578
NCIT:C3017	NCIT:C9092
NCIT:C3019	NCIT:C5310
NCIT:C3019	NCIT:C5424
NCIT:C3020	NCIT:C116538
NCIT:C3020	NCIT:C116573
NCIT:C3020	NCIT:C117307
NCIT:C3020	NCIT:C122812
NCIT:C3020	NCIT:C161005
NCIT:C3020	NCIT:C165674
NCIT:C3020	NCIT:C206111
NCIT:C3020	NCIT:C210888
NCIT:C3020	NCIT:C3021
NCIT:C3020	NCIT:C3485
NCIT:C3020	NCIT:C7636
NCIT:C3020	NCIT:C7760
NCIT:C3020	NCIT:C84593
NCIT:C3020	NCIT:C84796
NCIT:C3020	NCIT:C84816
NCIT:C3020	NCIT:C85041
NCIT:C3020	NCIT:C8598
NCIT:C3020	NCIT:C8608
NCIT:C3020	NCIT:C9486
NCIT:C3020	NCIT:C9487
NCIT:C3021	NCIT:C122811
NCIT:C3021	NCIT:C129868
NCIT:C3021	NCIT:C3022
NCIT:C3021	NCIT:C3023
NCIT:C3023	NCIT:C128189
NCIT:C3024	NCIT:C3385
NCIT:C3024	NCIT:C8924
NCIT:C3027	NCIT:C3028
NCIT:C3027	NCIT:C53497
NCIT:C3027	NCIT:C7423
NCIT:C3028	NCIT:C172853
NCIT:C3028	NCIT:C3598
NCIT:C3028	NCIT:C4839
NCIT:C3028	NCIT:C5700
NCIT:C3028	NCIT:C5821
NCIT:C3028	NCIT:C7478
NCIT:C3029	NCIT:C139151
NCIT:C3029	NCIT:C34671
NCIT:C3029	NCIT:C5183
NCIT:C3030	NCIT:C2961
NCIT:C3030	NCIT:C3436
NCIT:C3030	NCIT:C4361
NCIT:C3030	NCIT:C4767
NCIT:C3030	NCIT:C4780
NCIT:C3030	NCIT:C4800
NCIT:C3031	NCIT:C214968
NCIT:C3031	NCIT:C215032
NCIT:C3031	NCIT:C4354
NCIT:C3031	NCIT:C6786
NCIT:C3032	NCIT:C40102
NCIT:C3032	NCIT:C40106
NCIT:C3032	NCIT:C40109
NCIT:C3032	NCIT:C40111
NCIT:C3032	NCIT:C40126
NCIT:C3032	NCIT:C40130
NCIT:C3032	NCIT:C4517
NCIT:C3032	NCIT:C7480
NCIT:C3034	NCIT:C123229
NCIT:C3034	NCIT:C4377
NCIT:C3034	NCIT:C78296
NCIT:C3039	NCIT:C6940
NCIT:C3039	NCIT:C6943
NCIT:C3041	NCIT:C181926
NCIT:C3041	NCIT:C217092
NCIT:C3041	NCIT:C27515
NCIT:C3041	NCIT:C3498
NCIT:C3041	NCIT:C3740
NCIT:C3041	NCIT:C3799
NCIT:C3041	NCIT:C3972
NCIT:C3041	NCIT:C39951
NCIT:C3041	NCIT:C4818
NCIT:C3041	NCIT:C49017
NCIT:C3041	NCIT:C5394
NCIT:C3041	NCIT:C5658
NCIT:C3041	NCIT:C5702
NCIT:C3041	NCIT:C5853
NCIT:C3041	NCIT:C6484
NCIT:C3041	NCIT:C6485
NCIT:C3041	NCIT:C66761
NCIT:C3041	NCIT:C66764
NCIT:C3041	NCIT:C6892
NCIT:C3041	NCIT:C6947
NCIT:C3042	NCIT:C3456
NCIT:C3042	NCIT:C4811
NCIT:C3042	NCIT:C6814
NCIT:C3042	NCIT:C9182
NCIT:C3042	NCIT:C99180
NCIT:C3043	NCIT:C158428
NCIT:C3043	NCIT:C158429
NCIT:C3043	NCIT:C168717
NCIT:C3043	NCIT:C4317
NCIT:C3043	NCIT:C45202
NCIT:C3043	NCIT:C49024
NCIT:C3043	NCIT:C49027
NCIT:C3043	NCIT:C5060
NCIT:C3043	NCIT:C6604
NCIT:C3043	NCIT:C6605
NCIT:C3043	NCIT:C66765
NCIT:C3043	NCIT:C7809
NCIT:C3043	NCIT:C8088
NCIT:C3043	NCIT:C8812
NCIT:C3043	NCIT:C9025
NCIT:C3043	NCIT:C9404
NCIT:C3043	NCIT:C9429
NCIT:C3045	NCIT:C118308
NCIT:C3045	NCIT:C185462
NCIT:C3045	NCIT:C35327
NCIT:C3045	NCIT:C36192
NCIT:C3045	NCIT:C78266
NCIT:C3045	NCIT:C78319
NCIT:C3045	NCIT:C78552
NCIT:C3045	NCIT:C78560
NCIT:C3045	NCIT:C79850
NCIT:C3045	NCIT:C79851
NCIT:C3045	NCIT:C80694
NCIT:C3045	NCIT:C98957
NCIT:C3048	NCIT:C172855
NCIT:C3048	NCIT:C43606
NCIT:C3048	NCIT:C4440
NCIT:C3048	NCIT:C7130
NCIT:C3048	NCIT:C7481
NCIT:C3048	NCIT:C7720
NCIT:C3048	NCIT:C96881
NCIT:C3048	NCIT:C96917
NCIT:C3049	NCIT:C188946
NCIT:C3049	NCIT:C188947
NCIT:C3049	NCIT:C188956
NCIT:C3049	NCIT:C42064
NCIT:C3049	NCIT:C42065
NCIT:C3049	NCIT:C4481
NCIT:C3049	NCIT:C5427
NCIT:C3049	NCIT:C6632
NCIT:C3049	NCIT:C66804
NCIT:C3049	NCIT:C96514
NCIT:C3050	NCIT:C27444
NCIT:C3050	NCIT:C27450
NCIT:C3050	NCIT:C65188
NCIT:C3050	NCIT:C9069
NCIT:C3052	NCIT:C172852
NCIT:C3052	NCIT:C189869
NCIT:C3052	NCIT:C213901
NCIT:C3052	NCIT:C223357
NCIT:C3052	NCIT:C27721
NCIT:C3052	NCIT:C3028
NCIT:C3052	NCIT:C3141
NCIT:C3052	NCIT:C3387
NCIT:C3052	NCIT:C36207
NCIT:C3052	NCIT:C4434
NCIT:C3052	NCIT:C4787
NCIT:C3052	NCIT:C4890
NCIT:C3052	NCIT:C8614
NCIT:C3052	NCIT:C8962
NCIT:C3053	NCIT:C181941
NCIT:C3053	NCIT:C212117
NCIT:C3053	NCIT:C3435
NCIT:C3053	NCIT:C3437
NCIT:C3053	NCIT:C3443
NCIT:C3053	NCIT:C4699
NCIT:C3053	NCIT:C4858
NCIT:C3053	NCIT:C4913
NCIT:C3053	NCIT:C4934
NCIT:C3053	NCIT:C7578
NCIT:C3053	NCIT:C8984
NCIT:C3054	NCIT:C162485
NCIT:C3054	NCIT:C3317
NCIT:C3054	NCIT:C3343
NCIT:C3054	NCIT:C3404
NCIT:C3054	NCIT:C39908
NCIT:C3054	NCIT:C4777
NCIT:C3054	NCIT:C8561
NCIT:C3055	NCIT:C3402
NCIT:C3055	NCIT:C3738
NCIT:C3055	NCIT:C49107
NCIT:C3056	NCIT:C115200
NCIT:C3056	NCIT:C215241
NCIT:C3056	NCIT:C27853
NCIT:C3056	NCIT:C27854
NCIT:C3056	NCIT:C27855
NCIT:C3057	NCIT:C213827
NCIT:C3057	NCIT:C4598
NCIT:C3057	NCIT:C9317
NCIT:C3058	NCIT:C111691
NCIT:C3058	NCIT:C126306
NCIT:C3058	NCIT:C129295
NCIT:C3058	NCIT:C146734
NCIT:C3058	NCIT:C166156
NCIT:C3058	NCIT:C170979
NCIT:C3058	NCIT:C176890
NCIT:C3058	NCIT:C215127
NCIT:C3058	NCIT:C215130
NCIT:C3058	NCIT:C217575
NCIT:C3058	NCIT:C39750
NCIT:C3058	NCIT:C39751
NCIT:C3058	NCIT:C4642
NCIT:C3058	NCIT:C5136
NCIT:C3058	NCIT:C9094
NCIT:C3058	NCIT:C92549
NCIT:C3059	NCIT:C129325
NCIT:C3059	NCIT:C132067
NCIT:C3059	NCIT:C132506
NCIT:C3059	NCIT:C147107
NCIT:C3059	NCIT:C168573
NCIT:C3059	NCIT:C176889
NCIT:C3059	NCIT:C180407
NCIT:C3059	NCIT:C212034
NCIT:C3059	NCIT:C221717
NCIT:C3059	NCIT:C223908
NCIT:C3059	NCIT:C4324
NCIT:C3059	NCIT:C4534
NCIT:C3059	NCIT:C4822
NCIT:C3059	NCIT:C5592
NCIT:C3059	NCIT:C6770
NCIT:C3059	NCIT:C6958
NCIT:C3059	NCIT:C6960
NCIT:C3059	NCIT:C8501
NCIT:C3059	NCIT:C8567
NCIT:C3060	NCIT:C162582
NCIT:C3060	NCIT:C207041
NCIT:C3060	NCIT:C207042
NCIT:C3060	NCIT:C27497
NCIT:C3060	NCIT:C4221
NCIT:C3060	NCIT:C4222
NCIT:C3060	NCIT:C4223
NCIT:C3060	NCIT:C4491
NCIT:C3060	NCIT:C51133
NCIT:C3060	NCIT:C6480
NCIT:C3060	NCIT:C6748
NCIT:C3060	NCIT:C95900
NCIT:C3061	NCIT:C4623
NCIT:C3061	NCIT:C6085
NCIT:C3062	NCIT:C95597
NCIT:C3063	NCIT:C147114
NCIT:C3063	NCIT:C156790
NCIT:C3063	NCIT:C158730
NCIT:C3063	NCIT:C181758
NCIT:C3063	NCIT:C4980
NCIT:C3063	NCIT:C4981
NCIT:C3063	NCIT:C5106
NCIT:C3070	NCIT:C4205
NCIT:C3070	NCIT:C4207
NCIT:C3070	NCIT:C6261
NCIT:C3070	NCIT:C6357
NCIT:C3070	NCIT:C66750
NCIT:C3071	NCIT:C131433
NCIT:C3071	NCIT:C219971
NCIT:C3072	NCIT:C189333
NCIT:C3073	NCIT:C120148
NCIT:C3073	NCIT:C120163
NCIT:C3075	NCIT:C121682
NCIT:C3075	NCIT:C121687
NCIT:C3075	NCIT:C121968
NCIT:C3075	NCIT:C173112
NCIT:C3075	NCIT:C173113
NCIT:C3075	NCIT:C174546
NCIT:C3075	NCIT:C200528
NCIT:C3075	NCIT:C207051
NCIT:C3075	NCIT:C3287
NCIT:C3075	NCIT:C3924
NCIT:C3075	NCIT:C40401
NCIT:C3075	NCIT:C40425
NCIT:C3075	NCIT:C40427
NCIT:C3075	NCIT:C42589
NCIT:C3075	NCIT:C45746
NCIT:C3075	NCIT:C4678
NCIT:C3075	NCIT:C5509
NCIT:C3075	NCIT:C5562
NCIT:C3075	NCIT:C8371
NCIT:C3075	NCIT:C8372
NCIT:C3075	NCIT:C97111
NCIT:C3077	NCIT:C173488
NCIT:C3077	NCIT:C173932
NCIT:C3077	NCIT:C188222
NCIT:C3077	NCIT:C190119
NCIT:C3077	NCIT:C202623
NCIT:C3077	NCIT:C202879
NCIT:C3077	NCIT:C202954
NCIT:C3077	NCIT:C202977
NCIT:C3077	NCIT:C213011
NCIT:C3077	NCIT:C3000
NCIT:C3077	NCIT:C3260
NCIT:C3077	NCIT:C3290
NCIT:C3077	NCIT:C3330
NCIT:C3077	NCIT:C3361
NCIT:C3077	NCIT:C4013
NCIT:C3077	NCIT:C7336
NCIT:C3077	NCIT:C8989
NCIT:C3078	NCIT:C116364
NCIT:C3078	NCIT:C50576
NCIT:C3078	NCIT:C84575
NCIT:C3078	NCIT:C97170
NCIT:C3079	NCIT:C3081
NCIT:C3079	NCIT:C34915
NCIT:C3079	NCIT:C35741
NCIT:C3080	NCIT:C197823
NCIT:C3080	NCIT:C197824
NCIT:C3080	NCIT:C197826
NCIT:C3080	NCIT:C197828
NCIT:C3080	NCIT:C197830
NCIT:C3080	NCIT:C197863
NCIT:C3080	NCIT:C197870
NCIT:C3081	NCIT:C147005
NCIT:C3081	NCIT:C3548
NCIT:C3081	NCIT:C3605
NCIT:C3081	NCIT:C45753
NCIT:C3081	NCIT:C4651
NCIT:C3081	NCIT:C5346
NCIT:C3081	NCIT:C5347
NCIT:C3081	NCIT:C5349
NCIT:C3081	NCIT:C6410
NCIT:C3082	NCIT:C3083
NCIT:C3082	NCIT:C3132
NCIT:C3082	NCIT:C3892
NCIT:C3084	NCIT:C27510
NCIT:C3084	NCIT:C3800
NCIT:C3084	NCIT:C4494
NCIT:C3084	NCIT:C45475
NCIT:C3084	NCIT:C45476
NCIT:C3084	NCIT:C7526
NCIT:C3085	NCIT:C146987
NCIT:C3085	NCIT:C156343
NCIT:C3085	NCIT:C159211
NCIT:C3085	NCIT:C159680
NCIT:C3085	NCIT:C161581
NCIT:C3085	NCIT:C162503
NCIT:C3085	NCIT:C175497
NCIT:C3085	NCIT:C188251
NCIT:C3085	NCIT:C202647
NCIT:C3085	NCIT:C27018
NCIT:C3085	NCIT:C27506
NCIT:C3085	NCIT:C27507
NCIT:C3085	NCIT:C3086
NCIT:C3085	NCIT:C3633
NCIT:C3085	NCIT:C3635
NCIT:C3085	NCIT:C3841
NCIT:C3085	NCIT:C4296
NCIT:C3085	NCIT:C4298
NCIT:C3085	NCIT:C4562
NCIT:C3085	NCIT:C45749
NCIT:C3085	NCIT:C4868
NCIT:C3085	NCIT:C4905
NCIT:C3085	NCIT:C5353
NCIT:C3085	NCIT:C6477
NCIT:C3085	NCIT:C6525
NCIT:C3085	NCIT:C6555
NCIT:C3085	NCIT:C7004
NCIT:C3085	NCIT:C7457
NCIT:C3085	NCIT:C7741
NCIT:C3085	NCIT:C7744
NCIT:C3085	NCIT:C8540
NCIT:C3086	NCIT:C156344
NCIT:C3086	NCIT:C27777
NCIT:C3086	NCIT:C4546
NCIT:C3086	NCIT:C45750
NCIT:C3086	NCIT:C4750
NCIT:C3086	NCIT:C4921
NCIT:C3086	NCIT:C5395
NCIT:C3086	NCIT:C7053
NCIT:C3086	NCIT:C84621
NCIT:C3086	NCIT:C96839
NCIT:C3087	NCIT:C40396
NCIT:C3087	NCIT:C4300
NCIT:C3087	NCIT:C4301
NCIT:C3087	NCIT:C4492
NCIT:C3087	NCIT:C4527
NCIT:C3087	NCIT:C4547
NCIT:C3087	NCIT:C5386
NCIT:C3088	NCIT:C121671
NCIT:C3088	NCIT:C168718
NCIT:C3088	NCIT:C175499
NCIT:C3088	NCIT:C193455
NCIT:C3088	NCIT:C27512
NCIT:C3088	NCIT:C27513
NCIT:C3088	NCIT:C5384
NCIT:C3088	NCIT:C6479
NCIT:C3088	NCIT:C8708
NCIT:C3088	NCIT:C9031
NCIT:C3088	NCIT:C9040
NCIT:C3088	NCIT:C9174
NCIT:C3088	NCIT:C9275
NCIT:C3088	NCIT:C9426
NCIT:C3092	NCIT:C122412
NCIT:C3092	NCIT:C155307
NCIT:C3092	NCIT:C155310
NCIT:C3092	NCIT:C34383
NCIT:C3092	NCIT:C34675
NCIT:C3092	NCIT:C34676
NCIT:C3092	NCIT:C35069
NCIT:C3092	NCIT:C35287
NCIT:C3092	NCIT:C35344
NCIT:C3092	NCIT:C61237
NCIT:C3092	NCIT:C95534
NCIT:C3093	NCIT:C131739
NCIT:C3093	NCIT:C197822
NCIT:C3093	NCIT:C26721
NCIT:C3093	NCIT:C27146
NCIT:C3093	NCIT:C35345
NCIT:C3093	NCIT:C35440
NCIT:C3095	NCIT:C197980
NCIT:C3095	NCIT:C27015
NCIT:C3095	NCIT:C27029
NCIT:C3095	NCIT:C34684
NCIT:C3095	NCIT:C35124
NCIT:C3095	NCIT:C35331
NCIT:C3095	NCIT:C82978
NCIT:C3095	NCIT:C84445
NCIT:C3095	NCIT:C84446
NCIT:C3097	NCIT:C157781
NCIT:C3097	NCIT:C178903
NCIT:C3097	NCIT:C212171
NCIT:C3098	NCIT:C157782
NCIT:C3098	NCIT:C197873
NCIT:C3099	NCIT:C115132
NCIT:C3099	NCIT:C134515
NCIT:C3099	NCIT:C154091
NCIT:C3099	NCIT:C162450
NCIT:C3099	NCIT:C172709
NCIT:C3099	NCIT:C172710
NCIT:C3099	NCIT:C172712
NCIT:C3099	NCIT:C172713
NCIT:C3099	NCIT:C172714
NCIT:C3099	NCIT:C205301
NCIT:C3099	NCIT:C27345
NCIT:C3099	NCIT:C27388
NCIT:C3099	NCIT:C27635
NCIT:C3099	NCIT:C27686
NCIT:C3099	NCIT:C27922
NCIT:C3099	NCIT:C4131
NCIT:C3099	NCIT:C43627
NCIT:C3099	NCIT:C5754
NCIT:C3099	NCIT:C7691
NCIT:C3099	NCIT:C7955
NCIT:C3099	NCIT:C7956
NCIT:C3099	NCIT:C90510
NCIT:C3099	NCIT:C91228
NCIT:C3099	NCIT:C9264
NCIT:C3099	NCIT:C96788
NCIT:C3099	NCIT:C96789
NCIT:C3099	NCIT:C96790
NCIT:C3099	NCIT:C96791
NCIT:C3101	NCIT:C123158
NCIT:C3101	NCIT:C123229
NCIT:C3101	NCIT:C123261
NCIT:C3101	NCIT:C123262
NCIT:C3101	NCIT:C123263
NCIT:C3101	NCIT:C129734
NCIT:C3101	NCIT:C168217
NCIT:C3101	NCIT:C176696
NCIT:C3101	NCIT:C179667
NCIT:C3101	NCIT:C27579
NCIT:C3101	NCIT:C27871
NCIT:C3101	NCIT:C27872
NCIT:C3101	NCIT:C27873
NCIT:C3101	NCIT:C2975
NCIT:C3101	NCIT:C2976
NCIT:C3101	NCIT:C2993
NCIT:C3101	NCIT:C3040
NCIT:C3101	NCIT:C3266
NCIT:C3101	NCIT:C34470
NCIT:C3101	NCIT:C34634
NCIT:C3101	NCIT:C34651
NCIT:C3101	NCIT:C34760
NCIT:C3101	NCIT:C34806
NCIT:C3101	NCIT:C35064
NCIT:C3101	NCIT:C4924
NCIT:C3101	NCIT:C7757
NCIT:C3101	NCIT:C84672
NCIT:C3101	NCIT:C85865
NCIT:C3101	NCIT:C85866
NCIT:C3101	NCIT:C9460
NCIT:C3101	NCIT:C98829
NCIT:C3107	NCIT:C114483
NCIT:C3107	NCIT:C114929
NCIT:C3107	NCIT:C129806
NCIT:C3107	NCIT:C134175
NCIT:C3107	NCIT:C134177
NCIT:C3107	NCIT:C150701
NCIT:C3107	NCIT:C150702
NCIT:C3107	NCIT:C150703
NCIT:C3107	NCIT:C168983
NCIT:C3107	NCIT:C173486
NCIT:C3107	NCIT:C178607
NCIT:C3108	NCIT:C156801
NCIT:C3108	NCIT:C178904
NCIT:C3108	NCIT:C188280
NCIT:C3108	NCIT:C215353
NCIT:C3110	NCIT:C4293
NCIT:C3110	NCIT:C4871
NCIT:C3110	NCIT:C6985
NCIT:C3111	NCIT:C116347
NCIT:C3111	NCIT:C116382
NCIT:C3111	NCIT:C116383
NCIT:C3111	NCIT:C116384
NCIT:C3111	NCIT:C219812
NCIT:C3111	NCIT:C34501
NCIT:C3111	NCIT:C98803
NCIT:C3111	NCIT:C98876
NCIT:C3113	NCIT:C102532
NCIT:C3113	NCIT:C104373
NCIT:C3113	NCIT:C120169
NCIT:C3113	NCIT:C154222
NCIT:C3113	NCIT:C157458
NCIT:C3113	NCIT:C165504
NCIT:C3113	NCIT:C173662
NCIT:C3113	NCIT:C173663
NCIT:C3113	NCIT:C174407
NCIT:C3113	NCIT:C174549
NCIT:C3113	NCIT:C174556
NCIT:C3113	NCIT:C179551
NCIT:C3113	NCIT:C26458
NCIT:C3113	NCIT:C27877
NCIT:C3113	NCIT:C2897
NCIT:C3113	NCIT:C2905
NCIT:C3113	NCIT:C34977
NCIT:C3113	NCIT:C35408
NCIT:C3113	NCIT:C35840
NCIT:C3113	NCIT:C35845
NCIT:C3113	NCIT:C35855
NCIT:C3113	NCIT:C35861
NCIT:C3113	NCIT:C3989
NCIT:C3113	NCIT:C4559
NCIT:C3113	NCIT:C46100
NCIT:C3113	NCIT:C4804
NCIT:C3113	NCIT:C53296
NCIT:C3113	NCIT:C63929
NCIT:C3113	NCIT:C8355
NCIT:C3113	NCIT:C97080
NCIT:C3113	NCIT:C97082
NCIT:C3113	NCIT:C97083
NCIT:C3114	NCIT:C107101
NCIT:C3114	NCIT:C114345
NCIT:C3114	NCIT:C114346
NCIT:C3114	NCIT:C114476
NCIT:C3114	NCIT:C3115
NCIT:C3114	NCIT:C3116
NCIT:C3114	NCIT:C3432
NCIT:C3114	NCIT:C3668
NCIT:C3115	NCIT:C79718
NCIT:C3116	NCIT:C34400
NCIT:C3122	NCIT:C197913
NCIT:C3122	NCIT:C197914
NCIT:C3122	NCIT:C3503
NCIT:C3123	NCIT:C112836
NCIT:C3123	NCIT:C113145
NCIT:C3123	NCIT:C113146
NCIT:C3123	NCIT:C129635
NCIT:C3123	NCIT:C131813
NCIT:C3123	NCIT:C131852
NCIT:C3123	NCIT:C131860
NCIT:C3123	NCIT:C3071
NCIT:C3123	NCIT:C35171
NCIT:C3123	NCIT:C61469
NCIT:C3127	NCIT:C3596
NCIT:C3127	NCIT:C4424
NCIT:C3127	NCIT:C7190
NCIT:C3129	NCIT:C175539
NCIT:C3129	NCIT:C45918
NCIT:C3130	NCIT:C135092
NCIT:C3130	NCIT:C193425
NCIT:C3131	NCIT:C118844
NCIT:C3131	NCIT:C123729
NCIT:C3131	NCIT:C126290
NCIT:C3131	NCIT:C126291
NCIT:C3131	NCIT:C126292
NCIT:C3131	NCIT:C126293
NCIT:C3131	NCIT:C126294
NCIT:C3131	NCIT:C126296
NCIT:C3131	NCIT:C126336
NCIT:C3131	NCIT:C126337
NCIT:C3131	NCIT:C126338
NCIT:C3131	NCIT:C126339
NCIT:C3131	NCIT:C126344
NCIT:C3131	NCIT:C126349
NCIT:C3131	NCIT:C126877
NCIT:C3131	NCIT:C168591
NCIT:C3131	NCIT:C172099
NCIT:C3131	NCIT:C176596
NCIT:C3131	NCIT:C176597
NCIT:C3131	NCIT:C176598
NCIT:C3131	NCIT:C176599
NCIT:C3131	NCIT:C176630
NCIT:C3131	NCIT:C176791
NCIT:C3131	NCIT:C176799
NCIT:C3131	NCIT:C176800
NCIT:C3131	NCIT:C176805
NCIT:C3131	NCIT:C176808
NCIT:C3131	NCIT:C176817
NCIT:C3131	NCIT:C176821
NCIT:C3131	NCIT:C176825
NCIT:C3131	NCIT:C220693
NCIT:C3131	NCIT:C27145
NCIT:C3131	NCIT:C27871
NCIT:C3131	NCIT:C27873
NCIT:C3131	NCIT:C3037
NCIT:C3131	NCIT:C4691
NCIT:C3131	NCIT:C4799
NCIT:C3131	NCIT:C61244
NCIT:C3131	NCIT:C61246
NCIT:C3131	NCIT:C84783
NCIT:C3131	NCIT:C85073
NCIT:C3133	NCIT:C190248
NCIT:C3138	NCIT:C164676
NCIT:C3138	NCIT:C27110
NCIT:C3138	NCIT:C2952
NCIT:C3138	NCIT:C2965
NCIT:C3139	NCIT:C2935
NCIT:C3139	NCIT:C4869
NCIT:C3139	NCIT:C4965
NCIT:C3139	NCIT:C4966
NCIT:C3139	NCIT:C5280
NCIT:C3139	NCIT:C5414
NCIT:C3139	NCIT:C5802
NCIT:C3140	NCIT:C95598
NCIT:C3141	NCIT:C172857
NCIT:C3141	NCIT:C213870
NCIT:C3141	NCIT:C215201
NCIT:C3141	NCIT:C4432
NCIT:C3141	NCIT:C4572
NCIT:C3141	NCIT:C4609
NCIT:C3141	NCIT:C5695
NCIT:C3141	NCIT:C7658
NCIT:C3142	NCIT:C4554
NCIT:C3142	NCIT:C4555
NCIT:C3144	NCIT:C126342
NCIT:C3144	NCIT:C126343
NCIT:C3145	NCIT:C34346
NCIT:C3146	NCIT:C206179
NCIT:C3147	NCIT:C122925
NCIT:C3147	NCIT:C122926
NCIT:C3148	NCIT:C203799
NCIT:C3148	NCIT:C203800
NCIT:C3148	NCIT:C203801
NCIT:C3148	NCIT:C203802
NCIT:C3148	NCIT:C203803
NCIT:C3148	NCIT:C203804
NCIT:C3148	NCIT:C203806
NCIT:C3148	NCIT:C214968
NCIT:C3148	NCIT:C6080
NCIT:C3149	NCIT:C27600
NCIT:C3149	NCIT:C3150
NCIT:C3149	NCIT:C84448
NCIT:C3150	NCIT:C121955
NCIT:C3150	NCIT:C157743
NCIT:C3150	NCIT:C158046
NCIT:C3150	NCIT:C159222
NCIT:C3150	NCIT:C159227
NCIT:C3150	NCIT:C191394
NCIT:C3150	NCIT:C206389
NCIT:C3150	NCIT:C3888
NCIT:C3150	NCIT:C4524
NCIT:C3150	NCIT:C4778
NCIT:C3150	NCIT:C6563
NCIT:C3150	NCIT:C7548
NCIT:C3150	NCIT:C8404
NCIT:C3156	NCIT:C157733
NCIT:C3156	NCIT:C173397
NCIT:C3156	NCIT:C3601
NCIT:C3156	NCIT:C4425
NCIT:C3156	NCIT:C4426
NCIT:C3156	NCIT:C6023
NCIT:C3156	NCIT:C6793
NCIT:C3156	NCIT:C7484
NCIT:C3158	NCIT:C121571
NCIT:C3158	NCIT:C128047
NCIT:C3158	NCIT:C132147
NCIT:C3158	NCIT:C148294
NCIT:C3158	NCIT:C159670
NCIT:C3158	NCIT:C161641
NCIT:C3158	NCIT:C162306
NCIT:C3158	NCIT:C162495
NCIT:C3158	NCIT:C162585
NCIT:C3158	NCIT:C172951
NCIT:C3158	NCIT:C175505
NCIT:C3158	NCIT:C178220
NCIT:C3158	NCIT:C179926
NCIT:C3158	NCIT:C188063
NCIT:C3158	NCIT:C188254
NCIT:C3158	NCIT:C202853
NCIT:C3158	NCIT:C27494
NCIT:C3158	NCIT:C27495
NCIT:C3158	NCIT:C3700
NCIT:C3158	NCIT:C3701
NCIT:C3158	NCIT:C40128
NCIT:C3158	NCIT:C40318
NCIT:C3158	NCIT:C5186
NCIT:C3158	NCIT:C5234
NCIT:C3158	NCIT:C5364
NCIT:C3158	NCIT:C5387
NCIT:C3158	NCIT:C5526
NCIT:C3158	NCIT:C5667
NCIT:C3158	NCIT:C6183
NCIT:C3158	NCIT:C6326
NCIT:C3158	NCIT:C6340
NCIT:C3158	NCIT:C6619
NCIT:C3158	NCIT:C6999
NCIT:C3158	NCIT:C7154
NCIT:C3158	NCIT:C7810
NCIT:C3158	NCIT:C8093
NCIT:C3158	NCIT:C8813
NCIT:C3158	NCIT:C8814
NCIT:C3158	NCIT:C8815
NCIT:C3158	NCIT:C9389
NCIT:C3158	NCIT:C9428
NCIT:C3159	NCIT:C4070
NCIT:C3161	NCIT:C148425
NCIT:C3161	NCIT:C148426
NCIT:C3161	NCIT:C26814
NCIT:C3161	NCIT:C3172
NCIT:C3161	NCIT:C3180
NCIT:C3161	NCIT:C3483
NCIT:C3161	NCIT:C4982
NCIT:C3161	NCIT:C4989
NCIT:C3161	NCIT:C5440
NCIT:C3161	NCIT:C7296
NCIT:C3161	NCIT:C7539
NCIT:C3161	NCIT:C80683
NCIT:C3161	NCIT:C88156
NCIT:C3161	NCIT:C9277
NCIT:C3161	NCIT:C9300
NCIT:C3163	NCIT:C141206
NCIT:C3163	NCIT:C141208
NCIT:C3163	NCIT:C157624
NCIT:C3163	NCIT:C201960
NCIT:C3163	NCIT:C36272
NCIT:C3163	NCIT:C37202
NCIT:C3163	NCIT:C37205
NCIT:C3163	NCIT:C45264
NCIT:C3163	NCIT:C7176
NCIT:C3163	NCIT:C7300
NCIT:C3163	NCIT:C7886
NCIT:C3163	NCIT:C8645
NCIT:C3164	NCIT:C7964
NCIT:C3164	NCIT:C7971
NCIT:C3165	NCIT:C9141
NCIT:C3165	NCIT:C9144
NCIT:C3167	NCIT:C121973
NCIT:C3167	NCIT:C136488
NCIT:C3167	NCIT:C142810
NCIT:C3167	NCIT:C3168
NCIT:C3167	NCIT:C3183
NCIT:C3167	NCIT:C4967
NCIT:C3167	NCIT:C7177
NCIT:C3167	NCIT:C8644
NCIT:C3168	NCIT:C122614
NCIT:C3168	NCIT:C122624
NCIT:C3168	NCIT:C198030
NCIT:C3168	NCIT:C7784
NCIT:C3168	NCIT:C7953
NCIT:C3168	NCIT:C9140
NCIT:C3169	NCIT:C188031
NCIT:C3169	NCIT:C193426
NCIT:C3170	NCIT:C156731
NCIT:C3170	NCIT:C7965
NCIT:C3170	NCIT:C7972
NCIT:C3171	NCIT:C122687
NCIT:C3171	NCIT:C134319
NCIT:C3171	NCIT:C148427
NCIT:C3171	NCIT:C224900
NCIT:C3171	NCIT:C225325
NCIT:C3171	NCIT:C25765
NCIT:C3171	NCIT:C27753
NCIT:C3171	NCIT:C7600
NCIT:C3171	NCIT:C9154
NCIT:C3171	NCIT:C9160
NCIT:C3172	NCIT:C193431
NCIT:C3172	NCIT:C201127
NCIT:C3172	NCIT:C3169
NCIT:C3172	NCIT:C3171
NCIT:C3172	NCIT:C3174
NCIT:C3172	NCIT:C3176
NCIT:C3172	NCIT:C3177
NCIT:C3173	NCIT:C190786
NCIT:C3173	NCIT:C190787
NCIT:C3174	NCIT:C3173
NCIT:C3174	NCIT:C3175
NCIT:C3174	NCIT:C7303
NCIT:C3174	NCIT:C7320
NCIT:C3174	NCIT:C7885
NCIT:C3174	NCIT:C9070
NCIT:C3174	NCIT:C9110
NCIT:C3174	NCIT:C9111
NCIT:C3174	NCIT:C9128
NCIT:C3174	NCIT:C9129
NCIT:C3175	NCIT:C203904
NCIT:C3175	NCIT:C211682
NCIT:C3176	NCIT:C9129
NCIT:C3177	NCIT:C9128
NCIT:C3178	NCIT:C130035
NCIT:C3178	NCIT:C150048
NCIT:C3178	NCIT:C150049
NCIT:C3178	NCIT:C203443
NCIT:C3178	NCIT:C203444
NCIT:C3178	NCIT:C36060
NCIT:C3178	NCIT:C36061
NCIT:C3178	NCIT:C36062
NCIT:C3180	NCIT:C191432
NCIT:C3180	NCIT:C193433
NCIT:C3180	NCIT:C205632
NCIT:C3181	NCIT:C4752
NCIT:C3181	NCIT:C4753
NCIT:C3181	NCIT:C7297
NCIT:C3182	NCIT:C169107
NCIT:C3182	NCIT:C7968
NCIT:C3182	NCIT:C9155
NCIT:C3183	NCIT:C130043
NCIT:C3183	NCIT:C150131
NCIT:C3183	NCIT:C150510
NCIT:C3183	NCIT:C199174
NCIT:C3183	NCIT:C203469
NCIT:C3183	NCIT:C45739
NCIT:C3183	NCIT:C7953
NCIT:C3183	NCIT:C9142
NCIT:C3184	NCIT:C141283
NCIT:C3184	NCIT:C36265
NCIT:C3184	NCIT:C36266
NCIT:C3184	NCIT:C36268
NCIT:C3184	NCIT:C45272
NCIT:C3184	NCIT:C7178
NCIT:C3184	NCIT:C7179
NCIT:C3184	NCIT:C8251
NCIT:C3184	NCIT:C8657
NCIT:C3186	NCIT:C3187
NCIT:C3186	NCIT:C3509
NCIT:C3186	NCIT:C4679
NCIT:C3186	NCIT:C7745
NCIT:C3186	NCIT:C8390
NCIT:C3187	NCIT:C36262
NCIT:C3187	NCIT:C38383
NCIT:C3187	NCIT:C3951
NCIT:C3187	NCIT:C4694
NCIT:C3187	NCIT:C4695
NCIT:C3187	NCIT:C4696
NCIT:C3187	NCIT:C94837
NCIT:C3188	NCIT:C4212
NCIT:C3188	NCIT:C4213
NCIT:C3188	NCIT:C5231
NCIT:C3188	NCIT:C6356
NCIT:C3189	NCIT:C34777
NCIT:C3189	NCIT:C34778
NCIT:C3189	NCIT:C34779
NCIT:C3189	NCIT:C7406
NCIT:C3191	NCIT:C3591
NCIT:C3191	NCIT:C7485
NCIT:C3192	NCIT:C128270
NCIT:C3192	NCIT:C172945
NCIT:C3192	NCIT:C188250
NCIT:C3192	NCIT:C202646
NCIT:C3192	NCIT:C27475
NCIT:C3192	NCIT:C27530
NCIT:C3192	NCIT:C35419
NCIT:C3192	NCIT:C3702
NCIT:C3192	NCIT:C3733
NCIT:C3192	NCIT:C4249
NCIT:C3192	NCIT:C4251
NCIT:C3192	NCIT:C4616
NCIT:C3192	NCIT:C4647
NCIT:C3192	NCIT:C5063
NCIT:C3192	NCIT:C5101
NCIT:C3192	NCIT:C5451
NCIT:C3192	NCIT:C5989
NCIT:C3192	NCIT:C6384
NCIT:C3192	NCIT:C6498
NCIT:C3192	NCIT:C6503
NCIT:C3192	NCIT:C6599
NCIT:C3192	NCIT:C6644
NCIT:C3192	NCIT:C6719
NCIT:C3192	NCIT:C6741
NCIT:C3192	NCIT:C7180
NCIT:C3192	NCIT:C9502
NCIT:C3193	NCIT:C27486
NCIT:C3193	NCIT:C27487
NCIT:C3193	NCIT:C27488
NCIT:C3193	NCIT:C4392
NCIT:C3193	NCIT:C4701
NCIT:C3193	NCIT:C48899
NCIT:C3193	NCIT:C5431
NCIT:C3193	NCIT:C6504
NCIT:C3194	NCIT:C132148
NCIT:C3194	NCIT:C150594
NCIT:C3194	NCIT:C150606
NCIT:C3194	NCIT:C156279
NCIT:C3194	NCIT:C162493
NCIT:C3194	NCIT:C176989
NCIT:C3194	NCIT:C202611
NCIT:C3194	NCIT:C213538
NCIT:C3194	NCIT:C213540
NCIT:C3194	NCIT:C213546
NCIT:C3194	NCIT:C27781
NCIT:C3194	NCIT:C3704
NCIT:C3194	NCIT:C3705
NCIT:C3194	NCIT:C40321
NCIT:C3194	NCIT:C4253
NCIT:C3194	NCIT:C5187
NCIT:C3194	NCIT:C5488
NCIT:C3194	NCIT:C5615
NCIT:C3194	NCIT:C5705
NCIT:C3194	NCIT:C6185
NCIT:C3194	NCIT:C6419
NCIT:C3194	NCIT:C6614
NCIT:C3194	NCIT:C6973
NCIT:C3194	NCIT:C7598
NCIT:C3194	NCIT:C7811
NCIT:C3194	NCIT:C8091
NCIT:C3194	NCIT:C8816
NCIT:C3194	NCIT:C8817
NCIT:C3194	NCIT:C8818
NCIT:C3196	NCIT:C35442
NCIT:C3196	NCIT:C53550
NCIT:C3196	NCIT:C7103
NCIT:C3196	NCIT:C84428
NCIT:C3198	NCIT:C213849
NCIT:C3198	NCIT:C27557
NCIT:C3198	NCIT:C3200
NCIT:C3198	NCIT:C7435
NCIT:C3198	NCIT:C84472
NCIT:C3199	NCIT:C26722
NCIT:C3199	NCIT:C26976
NCIT:C3199	NCIT:C3348
NCIT:C3199	NCIT:C84475
NCIT:C3200	NCIT:C190095
NCIT:C3200	NCIT:C201978
NCIT:C3200	NCIT:C211514
NCIT:C3200	NCIT:C213902
NCIT:C3200	NCIT:C223194
NCIT:C3200	NCIT:C27710
NCIT:C3200	NCIT:C4454
NCIT:C3200	NCIT:C45612
NCIT:C3200	NCIT:C45636
NCIT:C3200	NCIT:C45638
NCIT:C3200	NCIT:C5665
NCIT:C3200	NCIT:C5668
NCIT:C3200	NCIT:C5670
NCIT:C3200	NCIT:C5671
NCIT:C3200	NCIT:C7377
NCIT:C3200	NCIT:C7436
NCIT:C3201	NCIT:C116798
NCIT:C3201	NCIT:C117104
NCIT:C3201	NCIT:C223663
NCIT:C3201	NCIT:C27171
NCIT:C3201	NCIT:C27196
NCIT:C3205	NCIT:C4490
NCIT:C3207	NCIT:C166151
NCIT:C3207	NCIT:C48829
NCIT:C3207	NCIT:C48830
NCIT:C3208	NCIT:C134154
NCIT:C3208	NCIT:C134157
NCIT:C3208	NCIT:C150678
NCIT:C3208	NCIT:C153172
NCIT:C3208	NCIT:C157657
NCIT:C3208	NCIT:C176994
NCIT:C3208	NCIT:C223944
NCIT:C3208	NCIT:C27268
NCIT:C3208	NCIT:C27699
NCIT:C3208	NCIT:C3211
NCIT:C3208	NCIT:C38661
NCIT:C3208	NCIT:C39578
NCIT:C3208	NCIT:C4938
NCIT:C3208	NCIT:C5165
NCIT:C3208	NCIT:C7185
NCIT:C3208	NCIT:C7258
NCIT:C3208	NCIT:C7587
NCIT:C3208	NCIT:C9357
NCIT:C3209	NCIT:C141255
NCIT:C3209	NCIT:C150589
NCIT:C3209	NCIT:C161603
NCIT:C3209	NCIT:C172359
NCIT:C3209	NCIT:C181211
NCIT:C3209	NCIT:C199467
NCIT:C3209	NCIT:C200669
NCIT:C3209	NCIT:C200684
NCIT:C3209	NCIT:C202926
NCIT:C3209	NCIT:C213737
NCIT:C3209	NCIT:C213744
NCIT:C3209	NCIT:C213749
NCIT:C3209	NCIT:C3460
NCIT:C3209	NCIT:C40377
NCIT:C3209	NCIT:C5007
NCIT:C3209	NCIT:C7218
NCIT:C3209	NCIT:C7254
NCIT:C3209	NCIT:C7264
NCIT:C3209	NCIT:C7307
NCIT:C3209	NCIT:C80297
NCIT:C3209	NCIT:C8858
NCIT:C3210	NCIT:C3463
NCIT:C3211	NCIT:C121930
NCIT:C3211	NCIT:C141140
NCIT:C3211	NCIT:C151957
NCIT:C3211	NCIT:C171037
NCIT:C3211	NCIT:C172371
NCIT:C3211	NCIT:C175470
NCIT:C3211	NCIT:C185753
NCIT:C3211	NCIT:C188114
NCIT:C3211	NCIT:C202923
NCIT:C3211	NCIT:C212064
NCIT:C3211	NCIT:C213753
NCIT:C3211	NCIT:C27693
NCIT:C3211	NCIT:C27762
NCIT:C3211	NCIT:C3457
NCIT:C3211	NCIT:C3466
NCIT:C3211	NCIT:C38161
NCIT:C3211	NCIT:C45687
NCIT:C3211	NCIT:C5051
NCIT:C3211	NCIT:C5181
NCIT:C3211	NCIT:C5534
NCIT:C3211	NCIT:C5684
NCIT:C3211	NCIT:C63532
NCIT:C3211	NCIT:C7215
NCIT:C3211	NCIT:C7294
NCIT:C3211	NCIT:C7704
NCIT:C3211	NCIT:C7706
NCIT:C3211	NCIT:C8594
NCIT:C3211	NCIT:C8701
NCIT:C3211	NCIT:C9184
NCIT:C3211	NCIT:C9251
NCIT:C3211	NCIT:C9360
NCIT:C3212	NCIT:C141256
NCIT:C3212	NCIT:C7305
NCIT:C3212	NCIT:C80307
NCIT:C3212	NCIT:C8604
NCIT:C3212	NCIT:C8652
NCIT:C3214	NCIT:C26714
NCIT:C3214	NCIT:C3154
NCIT:C3214	NCIT:C34431
NCIT:C3214	NCIT:C34731
NCIT:C3214	NCIT:C45428
NCIT:C3214	NCIT:C94694
NCIT:C3216	NCIT:C174551
NCIT:C3216	NCIT:C4365
NCIT:C3216	NCIT:C7541
NCIT:C3216	NCIT:C8555
NCIT:C3216	NCIT:C8601
NCIT:C3217	NCIT:C212107
NCIT:C3217	NCIT:C7138
NCIT:C3219	NCIT:C3540
NCIT:C3219	NCIT:C4414
NCIT:C3221	NCIT:C3549
NCIT:C3221	NCIT:C3604
NCIT:C3221	NCIT:C45639
NCIT:C3221	NCIT:C6437
NCIT:C3221	NCIT:C6601
NCIT:C3221	NCIT:C6624
NCIT:C3221	NCIT:C6637
NCIT:C3222	NCIT:C129436
NCIT:C3222	NCIT:C129439
NCIT:C3222	NCIT:C129447
NCIT:C3222	NCIT:C142856
NCIT:C3222	NCIT:C147111
NCIT:C3222	NCIT:C156039
NCIT:C3222	NCIT:C177725
NCIT:C3222	NCIT:C186521
NCIT:C3222	NCIT:C186522
NCIT:C3222	NCIT:C186523
NCIT:C3222	NCIT:C186524
NCIT:C3222	NCIT:C186525
NCIT:C3222	NCIT:C27237
NCIT:C3222	NCIT:C3706
NCIT:C3222	NCIT:C3997
NCIT:C3222	NCIT:C4011
NCIT:C3222	NCIT:C4956
NCIT:C3222	NCIT:C5401
NCIT:C3222	NCIT:C5402
NCIT:C3222	NCIT:C54039
NCIT:C3222	NCIT:C5405
NCIT:C3222	NCIT:C5407
NCIT:C3222	NCIT:C5588
NCIT:C3222	NCIT:C6904
NCIT:C3222	NCIT:C92625
NCIT:C3222	NCIT:C9497
NCIT:C3224	NCIT:C118828
NCIT:C3224	NCIT:C131506
NCIT:C3224	NCIT:C147983
NCIT:C3224	NCIT:C148517
NCIT:C3224	NCIT:C162547
NCIT:C3224	NCIT:C190239
NCIT:C3224	NCIT:C205125
NCIT:C3224	NCIT:C215044
NCIT:C3224	NCIT:C217198
NCIT:C3224	NCIT:C3510
NCIT:C3224	NCIT:C3802
NCIT:C3224	NCIT:C4228
NCIT:C3224	NCIT:C4236
NCIT:C3224	NCIT:C4237
NCIT:C3224	NCIT:C66756
NCIT:C3224	NCIT:C7087
NCIT:C3224	NCIT:C8410
NCIT:C3224	NCIT:C8711
NCIT:C3224	NCIT:C8925
NCIT:C3229	NCIT:C3230
NCIT:C3229	NCIT:C4628
NCIT:C3229	NCIT:C4660
NCIT:C3229	NCIT:C4958
NCIT:C3230	NCIT:C163006
NCIT:C3230	NCIT:C172953
NCIT:C3230	NCIT:C3707
NCIT:C3230	NCIT:C38936
NCIT:C3230	NCIT:C38937
NCIT:C3230	NCIT:C38938
NCIT:C3230	NCIT:C5274
NCIT:C3230	NCIT:C5294
NCIT:C3230	NCIT:C5305
NCIT:C3230	NCIT:C5306
NCIT:C3230	NCIT:C5312
NCIT:C3230	NCIT:C7051
NCIT:C3230	NCIT:C8264
NCIT:C3230	NCIT:C9093
NCIT:C3233	NCIT:C4267
NCIT:C3233	NCIT:C4268
NCIT:C3235	NCIT:C118675
NCIT:C3235	NCIT:C123433
NCIT:C3235	NCIT:C123435
NCIT:C3235	NCIT:C125593
NCIT:C3235	NCIT:C125597
NCIT:C3235	NCIT:C125661
NCIT:C3235	NCIT:C125663
NCIT:C3235	NCIT:C168987
NCIT:C3235	NCIT:C174440
NCIT:C3235	NCIT:C180851
NCIT:C3235	NCIT:C185238
NCIT:C3235	NCIT:C187986
NCIT:C3235	NCIT:C223239
NCIT:C3235	NCIT:C26798
NCIT:C3235	NCIT:C26836
NCIT:C3235	NCIT:C27120
NCIT:C3235	NCIT:C34570
NCIT:C3235	NCIT:C34650
NCIT:C3235	NCIT:C34709
NCIT:C3235	NCIT:C34816
NCIT:C3235	NCIT:C82892
NCIT:C3235	NCIT:C84403
NCIT:C3235	NCIT:C84524
NCIT:C3235	NCIT:C84774
NCIT:C3235	NCIT:C97045
NCIT:C3235	NCIT:C97089
NCIT:C3235	NCIT:C97093
NCIT:C3235	NCIT:C97095
NCIT:C3235	NCIT:C97096
NCIT:C3235	NCIT:C97099
NCIT:C3235	NCIT:C97327
NCIT:C3240	NCIT:C26818
NCIT:C3240	NCIT:C27641
NCIT:C3240	NCIT:C27650
NCIT:C3240	NCIT:C7425
NCIT:C3240	NCIT:C8989
NCIT:C3242	NCIT:C139008
NCIT:C3242	NCIT:C139009
NCIT:C3242	NCIT:C141393
NCIT:C3242	NCIT:C185149
NCIT:C3242	NCIT:C199392
NCIT:C3242	NCIT:C199418
NCIT:C3242	NCIT:C224864
NCIT:C3242	NCIT:C4734
NCIT:C3242	NCIT:C7024
NCIT:C3242	NCIT:C7025
NCIT:C3242	NCIT:C7149
NCIT:C3242	NCIT:C7242
NCIT:C3242	NCIT:C7765
NCIT:C3243	NCIT:C165675
NCIT:C3243	NCIT:C197875
NCIT:C3245	NCIT:C186485
NCIT:C3245	NCIT:C186486
NCIT:C3245	NCIT:C219861
NCIT:C3245	NCIT:C220630
NCIT:C3245	NCIT:C26711
NCIT:C3245	NCIT:C27107
NCIT:C3245	NCIT:C2886
NCIT:C3245	NCIT:C2967
NCIT:C3245	NCIT:C34428
NCIT:C3245	NCIT:C34891
NCIT:C3245	NCIT:C53658
NCIT:C3245	NCIT:C77201
NCIT:C3245	NCIT:C77212
NCIT:C3245	NCIT:C82981
NCIT:C3245	NCIT:C84642
NCIT:C3245	NCIT:C84891
NCIT:C3246	NCIT:C141143
NCIT:C3246	NCIT:C165783
NCIT:C3246	NCIT:C39644
NCIT:C3246	NCIT:C8686
NCIT:C3246	NCIT:C8687
NCIT:C3247	NCIT:C115153
NCIT:C3247	NCIT:C122686
NCIT:C3247	NCIT:C148362
NCIT:C3247	NCIT:C148363
NCIT:C3247	NCIT:C168742
NCIT:C3247	NCIT:C200389
NCIT:C3247	NCIT:C200390
NCIT:C3247	NCIT:C27280
NCIT:C3247	NCIT:C68744
NCIT:C3247	NCIT:C7168
NCIT:C3247	NCIT:C7506
NCIT:C3247	NCIT:C8253
NCIT:C3248	NCIT:C162424
NCIT:C3248	NCIT:C162425
NCIT:C3248	NCIT:C27701
NCIT:C3248	NCIT:C2862
NCIT:C3249	NCIT:C9158
NCIT:C3249	NCIT:C9380
NCIT:C3250	NCIT:C7961
NCIT:C3250	NCIT:C9381
NCIT:C3252	NCIT:C5483
NCIT:C3252	NCIT:C5502
NCIT:C3252	NCIT:C5607
NCIT:C3252	NCIT:C5852
NCIT:C3252	NCIT:C7131
NCIT:C3252	NCIT:C7605
NCIT:C3252	NCIT:C96516
NCIT:C3257	NCIT:C173352
NCIT:C3257	NCIT:C202979
NCIT:C3257	NCIT:C3595
NCIT:C3257	NCIT:C48316
NCIT:C3257	NCIT:C9321
NCIT:C3260	NCIT:C162820
NCIT:C3260	NCIT:C162825
NCIT:C3260	NCIT:C3156
NCIT:C3260	NCIT:C3313
NCIT:C3260	NCIT:C3325
NCIT:C3260	NCIT:C3414
NCIT:C3260	NCIT:C4884
NCIT:C3260	NCIT:C4940
NCIT:C3260	NCIT:C5589
NCIT:C3260	NCIT:C95048
NCIT:C3261	NCIT:C36263
NCIT:C3261	NCIT:C36264
NCIT:C3261	NCIT:C54297
NCIT:C3262	NCIT:C3263
NCIT:C3262	NCIT:C4741
NCIT:C3262	NCIT:C7062
NCIT:C3263	NCIT:C156482
NCIT:C3263	NCIT:C212119
NCIT:C3263	NCIT:C2910
NCIT:C3263	NCIT:C3010
NCIT:C3263	NCIT:C3030
NCIT:C3263	NCIT:C3052
NCIT:C3263	NCIT:C3077
NCIT:C3263	NCIT:C3268
NCIT:C3263	NCIT:C3355
NCIT:C3263	NCIT:C3372
NCIT:C3263	NCIT:C3406
NCIT:C3263	NCIT:C35813
NCIT:C3263	NCIT:C3810
NCIT:C3263	NCIT:C4784
NCIT:C3263	NCIT:C7337
NCIT:C3264	NCIT:C175225
NCIT:C3264	NCIT:C187995
NCIT:C3264	NCIT:C27291
NCIT:C3264	NCIT:C3267
NCIT:C3264	NCIT:C3716
NCIT:C3264	NCIT:C3717
NCIT:C3264	NCIT:C3728
NCIT:C3264	NCIT:C3808
NCIT:C3264	NCIT:C6569
NCIT:C3264	NCIT:C66806
NCIT:C3264	NCIT:C6990
NCIT:C3264	NCIT:C7063
NCIT:C3264	NCIT:C8997
NCIT:C3265	NCIT:C27209
NCIT:C3265	NCIT:C5291
NCIT:C3266	NCIT:C123317
NCIT:C3266	NCIT:C130202
NCIT:C3266	NCIT:C157461
NCIT:C3266	NCIT:C165470
NCIT:C3266	NCIT:C168742
NCIT:C3266	NCIT:C172639
NCIT:C3266	NCIT:C172989
NCIT:C3266	NCIT:C176588
NCIT:C3266	NCIT:C176628
NCIT:C3266	NCIT:C176729
NCIT:C3266	NCIT:C176906
NCIT:C3266	NCIT:C176908
NCIT:C3266	NCIT:C178379
NCIT:C3266	NCIT:C179915
NCIT:C3266	NCIT:C186592
NCIT:C3266	NCIT:C188259
NCIT:C3266	NCIT:C190373
NCIT:C3266	NCIT:C192671
NCIT:C3266	NCIT:C198681
NCIT:C3266	NCIT:C205541
NCIT:C3266	NCIT:C205923
NCIT:C3266	NCIT:C220636
NCIT:C3266	NCIT:C220637
NCIT:C3266	NCIT:C221404
NCIT:C3266	NCIT:C221405
NCIT:C3266	NCIT:C221720
NCIT:C3266	NCIT:C221743
NCIT:C3266	NCIT:C221744
NCIT:C3266	NCIT:C222055
NCIT:C3266	NCIT:C222059
NCIT:C3266	NCIT:C222065
NCIT:C3266	NCIT:C222250
NCIT:C3266	NCIT:C222251
NCIT:C3266	NCIT:C222307
NCIT:C3266	NCIT:C222308
NCIT:C3266	NCIT:C224847
NCIT:C3266	NCIT:C28244
NCIT:C3266	NCIT:C2892
NCIT:C3266	NCIT:C2903
NCIT:C3266	NCIT:C3324
NCIT:C3266	NCIT:C3335
NCIT:C3266	NCIT:C34415
NCIT:C3266	NCIT:C3447
NCIT:C3266	NCIT:C3448
NCIT:C3266	NCIT:C3476
NCIT:C3266	NCIT:C3718
NCIT:C3266	NCIT:C3938
NCIT:C3266	NCIT:C4461
NCIT:C3266	NCIT:C4705
NCIT:C3266	NCIT:C48287
NCIT:C3266	NCIT:C48300
NCIT:C3266	NCIT:C51302
NCIT:C3266	NCIT:C5183
NCIT:C3266	NCIT:C6557
NCIT:C3266	NCIT:C6729
NCIT:C3266	NCIT:C7584
NCIT:C3266	NCIT:C7754
NCIT:C3266	NCIT:C84348
NCIT:C3266	NCIT:C84630
NCIT:C3266	NCIT:C8493
NCIT:C3266	NCIT:C93268
NCIT:C3266	NCIT:C94810
NCIT:C3266	NCIT:C94830
NCIT:C3266	NCIT:C94831
NCIT:C3266	NCIT:C96520
NCIT:C3267	NCIT:C161607
NCIT:C3267	NCIT:C162489
NCIT:C3267	NCIT:C188038
NCIT:C3267	NCIT:C40236
NCIT:C3267	NCIT:C40407
NCIT:C3267	NCIT:C40443
NCIT:C3268	NCIT:C182030
NCIT:C3268	NCIT:C188950
NCIT:C3268	NCIT:C206692
NCIT:C3268	NCIT:C2963
NCIT:C3268	NCIT:C3321
NCIT:C3268	NCIT:C35562
NCIT:C3268	NCIT:C4788
NCIT:C3268	NCIT:C4789
NCIT:C3268	NCIT:C5119
NCIT:C3268	NCIT:C9293
NCIT:C3269	NCIT:C121677
NCIT:C3269	NCIT:C155780
NCIT:C3269	NCIT:C161639
NCIT:C3269	NCIT:C173143
NCIT:C3269	NCIT:C178245
NCIT:C3269	NCIT:C182029
NCIT:C3269	NCIT:C188213
NCIT:C3269	NCIT:C188992
NCIT:C3269	NCIT:C207079
NCIT:C3269	NCIT:C3276
NCIT:C3269	NCIT:C41430
NCIT:C3269	NCIT:C4655
NCIT:C3269	NCIT:C4724
NCIT:C3269	NCIT:C5321
NCIT:C3269	NCIT:C5413
NCIT:C3269	NCIT:C5434
NCIT:C3269	NCIT:C6556
NCIT:C3269	NCIT:C6557
NCIT:C3269	NCIT:C6969
NCIT:C3270	NCIT:C115225
NCIT:C3270	NCIT:C124270
NCIT:C3270	NCIT:C134153
NCIT:C3270	NCIT:C140671
NCIT:C3270	NCIT:C150281
NCIT:C3270	NCIT:C150620
NCIT:C3270	NCIT:C150622
NCIT:C3270	NCIT:C156101
NCIT:C3270	NCIT:C186547
NCIT:C3270	NCIT:C3789
NCIT:C3270	NCIT:C42046
NCIT:C3270	NCIT:C42047
NCIT:C3270	NCIT:C42048
NCIT:C3270	NCIT:C6591
NCIT:C3270	NCIT:C6638
NCIT:C3270	NCIT:C6639
NCIT:C3270	NCIT:C6640
NCIT:C3270	NCIT:C6641
NCIT:C3270	NCIT:C6956
NCIT:C3270	NCIT:C7836
NCIT:C3270	NCIT:C7837
NCIT:C3272	NCIT:C128451
NCIT:C3272	NCIT:C159682
NCIT:C3272	NCIT:C162587
NCIT:C3272	NCIT:C173144
NCIT:C3272	NCIT:C176415
NCIT:C3272	NCIT:C188995
NCIT:C3272	NCIT:C202860
NCIT:C3272	NCIT:C207078
NCIT:C3272	NCIT:C217746
NCIT:C3272	NCIT:C223351
NCIT:C3272	NCIT:C224695
NCIT:C3272	NCIT:C3797
NCIT:C3272	NCIT:C41426
NCIT:C3272	NCIT:C41427
NCIT:C3272	NCIT:C4328
NCIT:C3272	NCIT:C5145
NCIT:C3272	NCIT:C5359
NCIT:C3272	NCIT:C5704
NCIT:C3272	NCIT:C5746
NCIT:C3272	NCIT:C6558
NCIT:C3272	NCIT:C6631
NCIT:C3272	NCIT:C66841
NCIT:C3272	NCIT:C8426
NCIT:C3273	NCIT:C143014
NCIT:C3273	NCIT:C155985
NCIT:C3273	NCIT:C155986
NCIT:C3275	NCIT:C207062
NCIT:C3275	NCIT:C3666
NCIT:C3275	NCIT:C6559
NCIT:C3275	NCIT:C96436
NCIT:C3286	NCIT:C190152
NCIT:C3286	NCIT:C4306
NCIT:C3286	NCIT:C4313
NCIT:C3286	NCIT:C4812
NCIT:C3287	NCIT:C3711
NCIT:C3287	NCIT:C4309
NCIT:C3288	NCIT:C129318
NCIT:C3288	NCIT:C129319
NCIT:C3288	NCIT:C160737
NCIT:C3288	NCIT:C188470
NCIT:C3288	NCIT:C203284
NCIT:C3288	NCIT:C211956
NCIT:C3288	NCIT:C4014
NCIT:C3288	NCIT:C4045
NCIT:C3288	NCIT:C4535
NCIT:C3288	NCIT:C9377
NCIT:C3289	NCIT:C4988
NCIT:C3290	NCIT:C202620
NCIT:C3290	NCIT:C208455
NCIT:C3290	NCIT:C216257
NCIT:C3290	NCIT:C217094
NCIT:C3290	NCIT:C219710
NCIT:C3290	NCIT:C219759
NCIT:C3290	NCIT:C3562
NCIT:C3290	NCIT:C3620
NCIT:C3290	NCIT:C6408
NCIT:C3290	NCIT:C6778
NCIT:C3291	NCIT:C4604
NCIT:C3291	NCIT:C7398
NCIT:C3292	NCIT:C131861
NCIT:C3292	NCIT:C213475
NCIT:C3292	NCIT:C6717
NCIT:C3293	NCIT:C215374
NCIT:C3293	NCIT:C34876
NCIT:C3294	NCIT:C173899
NCIT:C3294	NCIT:C189020
NCIT:C3294	NCIT:C4308
NCIT:C3295	NCIT:C189024
NCIT:C3295	NCIT:C202260
NCIT:C3295	NCIT:C53455
NCIT:C3295	NCIT:C53457
NCIT:C3296	NCIT:C129569
NCIT:C3296	NCIT:C202252
NCIT:C3296	NCIT:C202253
NCIT:C3297	NCIT:C173898
NCIT:C3297	NCIT:C189021
NCIT:C3298	NCIT:C119996
NCIT:C3298	NCIT:C220118
NCIT:C3302	NCIT:C199643
NCIT:C3302	NCIT:C200067
NCIT:C3302	NCIT:C200069
NCIT:C3302	NCIT:C27817
NCIT:C3302	NCIT:C4027
NCIT:C3302	NCIT:C5598
NCIT:C3302	NCIT:C7728
NCIT:C3305	NCIT:C223530
NCIT:C3305	NCIT:C223542
NCIT:C3305	NCIT:C27031
NCIT:C3305	NCIT:C4445
NCIT:C3305	NCIT:C4612
NCIT:C3305	NCIT:C9005
NCIT:C3306	NCIT:C84637
NCIT:C3306	NCIT:C95436
NCIT:C3306	NCIT:C95437
NCIT:C3308	NCIT:C157125
NCIT:C3308	NCIT:C157126
NCIT:C3308	NCIT:C157246
NCIT:C3308	NCIT:C158401
NCIT:C3308	NCIT:C190074
NCIT:C3308	NCIT:C3309
NCIT:C3308	NCIT:C4216
NCIT:C3308	NCIT:C48314
NCIT:C3308	NCIT:C5329
NCIT:C3308	NCIT:C8559
NCIT:C3309	NCIT:C161612
NCIT:C3309	NCIT:C162490
NCIT:C3309	NCIT:C223235
NCIT:C3309	NCIT:C4217
NCIT:C3309	NCIT:C4219
NCIT:C3309	NCIT:C48576
NCIT:C3309	NCIT:C5326
NCIT:C3309	NCIT:C5327
NCIT:C3309	NCIT:C5466
NCIT:C3309	NCIT:C6410
NCIT:C3309	NCIT:C7046
NCIT:C3311	NCIT:C174504
NCIT:C3311	NCIT:C3155
NCIT:C3311	NCIT:C3981
NCIT:C3311	NCIT:C4350
NCIT:C3311	NCIT:C4685
NCIT:C3311	NCIT:C4686
NCIT:C3311	NCIT:C67235
NCIT:C3311	NCIT:C8966
NCIT:C3312	NCIT:C3670
NCIT:C3312	NCIT:C3920
NCIT:C3312	NCIT:C3921
NCIT:C3313	NCIT:C3630
NCIT:C3313	NCIT:C48285
NCIT:C3313	NCIT:C9322
NCIT:C3314	NCIT:C3525
NCIT:C3314	NCIT:C35416
NCIT:C3314	NCIT:C4770
NCIT:C3317	NCIT:C162574
NCIT:C3317	NCIT:C3489
NCIT:C3317	NCIT:C4596
NCIT:C3317	NCIT:C7547
NCIT:C3318	NCIT:C26755
NCIT:C3318	NCIT:C3388
NCIT:C3318	NCIT:C35263
NCIT:C3318	NCIT:C7923
NCIT:C3321	NCIT:C188951
NCIT:C3321	NCIT:C213862
NCIT:C3321	NCIT:C4479
NCIT:C3321	NCIT:C4961
NCIT:C3321	NCIT:C5112
NCIT:C3321	NCIT:C5822
NCIT:C3321	NCIT:C6911
NCIT:C3322	NCIT:C126357
NCIT:C3322	NCIT:C173164
NCIT:C3322	NCIT:C3538
NCIT:C3322	NCIT:C40024
NCIT:C3322	NCIT:C40338
NCIT:C3322	NCIT:C7633
NCIT:C3322	NCIT:C8612
NCIT:C3325	NCIT:C3127
NCIT:C3325	NCIT:C3257
NCIT:C3325	NCIT:C3291
NCIT:C3325	NCIT:C3597
NCIT:C3325	NCIT:C7545
NCIT:C3326	NCIT:C118822
NCIT:C3326	NCIT:C157128
NCIT:C3326	NCIT:C157248
NCIT:C3326	NCIT:C158402
NCIT:C3326	NCIT:C4220
NCIT:C3326	NCIT:C48305
NCIT:C3326	NCIT:C48306
NCIT:C3326	NCIT:C8045
NCIT:C3326	NCIT:C8047
NCIT:C3328	NCIT:C178507
NCIT:C3328	NCIT:C3573
NCIT:C3328	NCIT:C3631
NCIT:C3328	NCIT:C4659
NCIT:C3328	NCIT:C6756
NCIT:C3328	NCIT:C6965
NCIT:C3328	NCIT:C8274
NCIT:C3328	NCIT:C92624
NCIT:C3329	NCIT:C132296
NCIT:C3329	NCIT:C154520
NCIT:C3329	NCIT:C155767
NCIT:C3329	NCIT:C173345
NCIT:C3329	NCIT:C187086
NCIT:C3329	NCIT:C187087
NCIT:C3329	NCIT:C187088
NCIT:C3329	NCIT:C187096
NCIT:C3329	NCIT:C187135
NCIT:C3329	NCIT:C4348
NCIT:C3329	NCIT:C43541
NCIT:C3329	NCIT:C43542
NCIT:C3329	NCIT:C4536
NCIT:C3329	NCIT:C8388
NCIT:C3330	NCIT:C45921
NCIT:C3330	NCIT:C4769
NCIT:C3330	NCIT:C4782
NCIT:C3330	NCIT:C7157
NCIT:C3332	NCIT:C3547
NCIT:C3332	NCIT:C3603
NCIT:C3332	NCIT:C4457
NCIT:C3332	NCIT:C9351
NCIT:C3333	NCIT:C115163
NCIT:C3333	NCIT:C115297
NCIT:C3333	NCIT:C157971
NCIT:C3333	NCIT:C189013
NCIT:C3333	NCIT:C26704
NCIT:C3333	NCIT:C26710
NCIT:C3333	NCIT:C27006
NCIT:C3333	NCIT:C27197
NCIT:C3333	NCIT:C3334
NCIT:C3333	NCIT:C35360
NCIT:C3333	NCIT:C35361
NCIT:C3333	NCIT:C35396
NCIT:C3334	NCIT:C27863
NCIT:C3335	NCIT:C178826
NCIT:C3335	NCIT:C178827
NCIT:C3336	NCIT:C216938
NCIT:C3336	NCIT:C216939
NCIT:C3336	NCIT:C41232
NCIT:C3336	NCIT:C41233
NCIT:C3337	NCIT:C3374
NCIT:C3337	NCIT:C40200
NCIT:C3337	NCIT:C4435
NCIT:C3337	NCIT:C4693
NCIT:C3337	NCIT:C4948
NCIT:C3337	NCIT:C6170
NCIT:C3337	NCIT:C6182
NCIT:C3337	NCIT:C6857
NCIT:C3339	NCIT:C6728
NCIT:C3340	NCIT:C3256
NCIT:C3340	NCIT:C3337
NCIT:C3340	NCIT:C3440
NCIT:C3340	NCIT:C3521
NCIT:C3340	NCIT:C35516
NCIT:C3340	NCIT:C3662
NCIT:C3340	NCIT:C3664
NCIT:C3340	NCIT:C3948
NCIT:C3340	NCIT:C3978
NCIT:C3340	NCIT:C4530
NCIT:C3340	NCIT:C5971
NCIT:C3340	NCIT:C5988
NCIT:C3340	NCIT:C6034
NCIT:C3340	NCIT:C7068
NCIT:C3340	NCIT:C7486
NCIT:C3340	NCIT:C8311
NCIT:C3340	NCIT:C8372
NCIT:C3341	NCIT:C2917
NCIT:C3341	NCIT:C3186
NCIT:C3341	NCIT:C3646
NCIT:C3341	NCIT:C7422
NCIT:C3341	NCIT:C8355
NCIT:C3341	NCIT:C8366
NCIT:C3342	NCIT:C45931
NCIT:C3342	NCIT:C45932
NCIT:C3342	NCIT:C5962
NCIT:C3343	NCIT:C161045
NCIT:C3343	NCIT:C3613
NCIT:C3343	NCIT:C37268
NCIT:C3343	NCIT:C4064
NCIT:C3343	NCIT:C5545
NCIT:C3343	NCIT:C7378
NCIT:C3343	NCIT:C7574
NCIT:C3345	NCIT:C179179
NCIT:C3345	NCIT:C179180
NCIT:C3345	NCIT:C203946
NCIT:C3345	NCIT:C203948
NCIT:C3345	NCIT:C214843
NCIT:C3346	NCIT:C202121
NCIT:C3346	NCIT:C219787
NCIT:C3348	NCIT:C187206
NCIT:C3348	NCIT:C197860
NCIT:C3348	NCIT:C197944
NCIT:C3348	NCIT:C34571
NCIT:C3348	NCIT:C98895
NCIT:C3350	NCIT:C193420
NCIT:C3350	NCIT:C4774
NCIT:C3350	NCIT:C5546
NCIT:C3350	NCIT:C5698
NCIT:C3350	NCIT:C7418
NCIT:C3351	NCIT:C5618
NCIT:C3351	NCIT:C5619
NCIT:C3351	NCIT:C96465
NCIT:C3351	NCIT:C96480
NCIT:C3353	NCIT:C171551
NCIT:C3353	NCIT:C172378
NCIT:C3353	NCIT:C173483
NCIT:C3353	NCIT:C173484
NCIT:C3354	NCIT:C157971
NCIT:C3355	NCIT:C3200
NCIT:C3355	NCIT:C3419
NCIT:C3355	NCIT:C4571
NCIT:C3355	NCIT:C8531
NCIT:C3357	NCIT:C2859
NCIT:C3357	NCIT:C3537
NCIT:C3357	NCIT:C39741
NCIT:C3357	NCIT:C40337
NCIT:C3357	NCIT:C4447
NCIT:C3357	NCIT:C5328
NCIT:C3357	NCIT:C6447
NCIT:C3358	NCIT:C188983
NCIT:C3358	NCIT:C49166
NCIT:C3358	NCIT:C6739
NCIT:C3359	NCIT:C121654
NCIT:C3359	NCIT:C123735
NCIT:C3359	NCIT:C123736
NCIT:C3359	NCIT:C142851
NCIT:C3359	NCIT:C151983
NCIT:C3359	NCIT:C166414
NCIT:C3359	NCIT:C202263
NCIT:C3359	NCIT:C214845
NCIT:C3359	NCIT:C3749
NCIT:C3359	NCIT:C4258
NCIT:C3359	NCIT:C4259
NCIT:C3359	NCIT:C45759
NCIT:C3359	NCIT:C7705
NCIT:C3359	NCIT:C8824
NCIT:C3359	NCIT:C8971
NCIT:C3359	NCIT:C9130
NCIT:C3361	NCIT:C181078
NCIT:C3361	NCIT:C210141
NCIT:C3361	NCIT:C35691
NCIT:C3361	NCIT:C3811
NCIT:C3361	NCIT:C40393
NCIT:C3361	NCIT:C4407
NCIT:C3361	NCIT:C4409
NCIT:C3361	NCIT:C4600
NCIT:C3362	NCIT:C34759
NCIT:C3362	NCIT:C35003
NCIT:C3362	NCIT:C35004
NCIT:C3362	NCIT:C35005
NCIT:C3362	NCIT:C35006
NCIT:C3362	NCIT:C35007
NCIT:C3362	NCIT:C35185
NCIT:C3362	NCIT:C35269
NCIT:C3362	NCIT:C35270
NCIT:C3362	NCIT:C35721
NCIT:C3362	NCIT:C94370
NCIT:C3363	NCIT:C8409
NCIT:C3363	NCIT:C8525
NCIT:C3364	NCIT:C111915
NCIT:C3364	NCIT:C157917
NCIT:C3364	NCIT:C171146
NCIT:C3364	NCIT:C220031
NCIT:C3365	NCIT:C85197
NCIT:C3365	NCIT:C92950
NCIT:C3366	NCIT:C176999
NCIT:C3366	NCIT:C177000
NCIT:C3371	NCIT:C157995
NCIT:C3371	NCIT:C215188
NCIT:C3371	NCIT:C27555
NCIT:C3371	NCIT:C3372
NCIT:C3371	NCIT:C34656
NCIT:C3371	NCIT:C35254
NCIT:C3371	NCIT:C7614
NCIT:C3371	NCIT:C8957
NCIT:C3371	NCIT:C97174
NCIT:C3372	NCIT:C169100
NCIT:C3372	NCIT:C190123
NCIT:C3372	NCIT:C215190
NCIT:C3372	NCIT:C2896
NCIT:C3372	NCIT:C2920
NCIT:C3372	NCIT:C4380
NCIT:C3372	NCIT:C4475
NCIT:C3372	NCIT:C45240
NCIT:C3372	NCIT:C7161
NCIT:C3372	NCIT:C7342
NCIT:C3374	NCIT:C98919
NCIT:C3375	NCIT:C155790
NCIT:C3375	NCIT:C155792
NCIT:C3375	NCIT:C173845
NCIT:C3375	NCIT:C4676
NCIT:C3376	NCIT:C117287
NCIT:C3376	NCIT:C26754
NCIT:C3376	NCIT:C28286
NCIT:C3376	NCIT:C78346
NCIT:C3376	NCIT:C84489
NCIT:C3376	NCIT:C84781
NCIT:C3376	NCIT:C84800
NCIT:C3376	NCIT:C94836
NCIT:C3376	NCIT:C95071
NCIT:C3376	NCIT:C95079
NCIT:C3377	NCIT:C158636
NCIT:C3377	NCIT:C161045
NCIT:C3377	NCIT:C161637
NCIT:C3377	NCIT:C162492
NCIT:C3377	NCIT:C162574
NCIT:C3377	NCIT:C169100
NCIT:C3377	NCIT:C172852
NCIT:C3377	NCIT:C202623
NCIT:C3377	NCIT:C40126
NCIT:C3377	NCIT:C40179
NCIT:C3377	NCIT:C40216
NCIT:C3377	NCIT:C40265
NCIT:C3377	NCIT:C40316
NCIT:C3377	NCIT:C40392
NCIT:C3377	NCIT:C40406
NCIT:C3377	NCIT:C4242
NCIT:C3377	NCIT:C45612
NCIT:C3377	NCIT:C4867
NCIT:C3377	NCIT:C5244
NCIT:C3377	NCIT:C5449
NCIT:C3377	NCIT:C6570
NCIT:C3377	NCIT:C6637
NCIT:C3377	NCIT:C6781
NCIT:C3377	NCIT:C7148
NCIT:C3377	NCIT:C7653
NCIT:C3377	NCIT:C8964
NCIT:C3379	NCIT:C27453
NCIT:C3379	NCIT:C65190
NCIT:C3379	NCIT:C8006
NCIT:C3380	NCIT:C213563
NCIT:C3381	NCIT:C3572
NCIT:C3381	NCIT:C3627
NCIT:C3381	NCIT:C4534
NCIT:C3381	NCIT:C5423
NCIT:C3381	NCIT:C5428
NCIT:C3381	NCIT:C5443
NCIT:C3381	NCIT:C6935
NCIT:C3381	NCIT:C71024
NCIT:C3381	NCIT:C71699
NCIT:C3381	NCIT:C71703
NCIT:C3381	NCIT:C9234
NCIT:C3382	NCIT:C3019
NCIT:C3382	NCIT:C5135
NCIT:C3382	NCIT:C5155
NCIT:C3383	NCIT:C3539
NCIT:C3383	NCIT:C4902
NCIT:C3387	NCIT:C213872
NCIT:C3387	NCIT:C3599
NCIT:C3387	NCIT:C3955
NCIT:C3387	NCIT:C54094
NCIT:C3387	NCIT:C5487
NCIT:C3387	NCIT:C5696
NCIT:C3387	NCIT:C6448
NCIT:C3387	NCIT:C7699
NCIT:C3387	NCIT:C9331
NCIT:C3388	NCIT:C220085
NCIT:C3388	NCIT:C53646
NCIT:C3390	NCIT:C116715
NCIT:C3390	NCIT:C157937
NCIT:C3390	NCIT:C171560
NCIT:C3390	NCIT:C172674
NCIT:C3390	NCIT:C172675
NCIT:C3390	NCIT:C191433
NCIT:C3390	NCIT:C95802
NCIT:C3390	NCIT:C95803
NCIT:C3392	NCIT:C3527
NCIT:C3392	NCIT:C4601
NCIT:C3393	NCIT:C3526
NCIT:C3393	NCIT:C4891
NCIT:C3397	NCIT:C156041
NCIT:C3397	NCIT:C185935
NCIT:C3397	NCIT:C186343
NCIT:C3397	NCIT:C3328
NCIT:C3397	NCIT:C4874
NCIT:C3397	NCIT:C4963
NCIT:C3397	NCIT:C4964
NCIT:C3397	NCIT:C5125
NCIT:C3397	NCIT:C5960
NCIT:C3397	NCIT:C67559
NCIT:C3397	NCIT:C7048
NCIT:C3398	NCIT:C167366
NCIT:C3398	NCIT:C4810
NCIT:C3398	NCIT:C4879
NCIT:C3398	NCIT:C6796
NCIT:C3398	NCIT:C6798
NCIT:C3400	NCIT:C147102
NCIT:C3400	NCIT:C148296
NCIT:C3400	NCIT:C153074
NCIT:C3400	NCIT:C157737
NCIT:C3400	NCIT:C161034
NCIT:C3400	NCIT:C202883
NCIT:C3400	NCIT:C202884
NCIT:C3400	NCIT:C213591
NCIT:C3400	NCIT:C4279
NCIT:C3400	NCIT:C45631
NCIT:C3400	NCIT:C45696
NCIT:C3400	NCIT:C45756
NCIT:C3400	NCIT:C6534
NCIT:C3400	NCIT:C6618
NCIT:C3400	NCIT:C7817
NCIT:C3400	NCIT:C8089
NCIT:C3400	NCIT:C8825
NCIT:C3400	NCIT:C8826
NCIT:C3400	NCIT:C8827
NCIT:C3400	NCIT:C95624
NCIT:C3400	NCIT:C95899
NCIT:C3400	NCIT:C96845
NCIT:C3402	NCIT:C188976
NCIT:C3402	NCIT:C3401
NCIT:C3402	NCIT:C6532
NCIT:C3402	NCIT:C6535
NCIT:C3403	NCIT:C188013
NCIT:C3403	NCIT:C189045
NCIT:C3403	NCIT:C4286
NCIT:C3403	NCIT:C4287
NCIT:C3403	NCIT:C4289
NCIT:C3403	NCIT:C67107
NCIT:C3403	NCIT:C68626
NCIT:C3403	NCIT:C9013
NCIT:C3403	NCIT:C9014
NCIT:C3403	NCIT:C98291
NCIT:C34031	NCIT:C34035
NCIT:C34035	NCIT:C34036
NCIT:C34035	NCIT:C34037
NCIT:C34035	NCIT:C34040
NCIT:C34035	NCIT:C34045
NCIT:C34035	NCIT:C34048
NCIT:C34035	NCIT:C34049
NCIT:C34035	NCIT:C34050
NCIT:C34037	NCIT:C34038
NCIT:C34037	NCIT:C34039
NCIT:C3404	NCIT:C3612
NCIT:C3404	NCIT:C5053
NCIT:C3404	NCIT:C6358
NCIT:C3404	NCIT:C6360
NCIT:C3404	NCIT:C7251
NCIT:C3404	NCIT:C7322
NCIT:C3404	NCIT:C8591
NCIT:C34040	NCIT:C34041
NCIT:C34040	NCIT:C34042
NCIT:C34040	NCIT:C34043
NCIT:C34043	NCIT:C34044
NCIT:C34045	NCIT:C34047
NCIT:C34045	NCIT:C34056
NCIT:C3405	NCIT:C39952
NCIT:C3405	NCIT:C66989
NCIT:C34050	NCIT:C34051
NCIT:C34050	NCIT:C34052
NCIT:C34050	NCIT:C34053
NCIT:C34050	NCIT:C34054
NCIT:C3406	NCIT:C190090
NCIT:C3406	NCIT:C3081
NCIT:C3406	NCIT:C3200
NCIT:C3406	NCIT:C3221
NCIT:C3406	NCIT:C3332
NCIT:C3406	NCIT:C3412
NCIT:C3406	NCIT:C35749
NCIT:C3406	NCIT:C3576
NCIT:C3406	NCIT:C4565
NCIT:C3406	NCIT:C4929
NCIT:C3406	NCIT:C6411
NCIT:C3407	NCIT:C212969
NCIT:C3407	NCIT:C212972
NCIT:C3407	NCIT:C212975
NCIT:C3407	NCIT:C212977
NCIT:C3407	NCIT:C212978
NCIT:C3407	NCIT:C216940
NCIT:C3410	NCIT:C27175
NCIT:C3410	NCIT:C78634
NCIT:C3411	NCIT:C112006
NCIT:C3411	NCIT:C136345
NCIT:C3411	NCIT:C156268
NCIT:C3411	NCIT:C222533
NCIT:C3411	NCIT:C45638
NCIT:C3411	NCIT:C45639
NCIT:C3411	NCIT:C45706
NCIT:C3411	NCIT:C45707
NCIT:C3411	NCIT:C45708
NCIT:C3411	NCIT:C45709
NCIT:C3411	NCIT:C6453
NCIT:C3411	NCIT:C6454
NCIT:C3411	NCIT:C6885
NCIT:C3411	NCIT:C7114
NCIT:C3411	NCIT:C7386
NCIT:C3411	NCIT:C7612
NCIT:C3411	NCIT:C95048
NCIT:C3412	NCIT:C4458
NCIT:C3412	NCIT:C4962
NCIT:C3412	NCIT:C6450
NCIT:C3412	NCIT:C95044
NCIT:C3414	NCIT:C156268
NCIT:C3414	NCIT:C156349
NCIT:C3414	NCIT:C156406
NCIT:C3414	NCIT:C187273
NCIT:C3414	NCIT:C3628
NCIT:C3414	NCIT:C46068
NCIT:C3414	NCIT:C46101
NCIT:C3414	NCIT:C46124
NCIT:C3414	NCIT:C46125
NCIT:C3414	NCIT:C7510
NCIT:C3415	NCIT:C3502
NCIT:C3416	NCIT:C202898
NCIT:C3416	NCIT:C3592
NCIT:C3416	NCIT:C4400
NCIT:C3416	NCIT:C6062
NCIT:C3416	NCIT:C9345
NCIT:C3417	NCIT:C3594
NCIT:C3417	NCIT:C7404
NCIT:C3418	NCIT:C27865
NCIT:C3418	NCIT:C35396
NCIT:C3418	NCIT:C50454
NCIT:C3418	NCIT:C50503
NCIT:C3419	NCIT:C211515
NCIT:C3419	NCIT:C3602
NCIT:C3419	NCIT:C9346
NCIT:C3422	NCIT:C192105
NCIT:C3422	NCIT:C2948
NCIT:C3422	NCIT:C39934
NCIT:C3422	NCIT:C4699
NCIT:C3423	NCIT:C128415
NCIT:C3423	NCIT:C128416
NCIT:C3423	NCIT:C128417
NCIT:C3423	NCIT:C197981
NCIT:C3423	NCIT:C220218
NCIT:C3423	NCIT:C26895
NCIT:C3423	NCIT:C26896
NCIT:C3423	NCIT:C26897
NCIT:C3423	NCIT:C26898
NCIT:C3423	NCIT:C26899
NCIT:C3423	NCIT:C26958
NCIT:C3423	NCIT:C27076
NCIT:C3423	NCIT:C27347
NCIT:C3423	NCIT:C34575
NCIT:C3423	NCIT:C35086
NCIT:C3423	NCIT:C84888
NCIT:C3424	NCIT:C75122
NCIT:C3424	NCIT:C75331
NCIT:C3427	NCIT:C3617
NCIT:C3427	NCIT:C7543
NCIT:C3428	NCIT:C3619
NCIT:C3428	NCIT:C4378
NCIT:C3428	NCIT:C7507
NCIT:C3430	NCIT:C26903
NCIT:C3430	NCIT:C27148
NCIT:C3430	NCIT:C27599
NCIT:C3430	NCIT:C2900
NCIT:C3430	NCIT:C3149
NCIT:C3430	NCIT:C3431
NCIT:C3430	NCIT:C3675
NCIT:C3430	NCIT:C39840
NCIT:C3431	NCIT:C192666
NCIT:C3431	NCIT:C4893
NCIT:C3431	NCIT:C7046
NCIT:C3431	NCIT:C7514
NCIT:C3431	NCIT:C9297
NCIT:C3433	NCIT:C212102
NCIT:C3433	NCIT:C212103
NCIT:C3434	NCIT:C126975
NCIT:C3434	NCIT:C3511
NCIT:C3434	NCIT:C40162
NCIT:C3434	NCIT:C40163
NCIT:C3434	NCIT:C40164
NCIT:C3434	NCIT:C40165
NCIT:C3434	NCIT:C40166
NCIT:C3434	NCIT:C40167
NCIT:C3434	NCIT:C40168
NCIT:C3434	NCIT:C40170
NCIT:C3434	NCIT:C40172
NCIT:C3434	NCIT:C40173
NCIT:C3434	NCIT:C5356
NCIT:C34347	NCIT:C131621
NCIT:C34347	NCIT:C131622
NCIT:C34347	NCIT:C131623
NCIT:C34347	NCIT:C131624
NCIT:C34347	NCIT:C131625
NCIT:C34347	NCIT:C131626
NCIT:C34347	NCIT:C131627
NCIT:C34347	NCIT:C131628
NCIT:C34347	NCIT:C131629
NCIT:C34347	NCIT:C35345
NCIT:C34347	NCIT:C35440
NCIT:C34348	NCIT:C75034
NCIT:C34348	NCIT:C98873
NCIT:C34348	NCIT:C99099
NCIT:C34348	NCIT:C99100
NCIT:C3435	NCIT:C2940
NCIT:C3435	NCIT:C3552
NCIT:C3435	NCIT:C3609
NCIT:C3435	NCIT:C6300
NCIT:C34350	NCIT:C34349
NCIT:C34350	NCIT:C34351
NCIT:C34355	NCIT:C34500
NCIT:C34359	NCIT:C171201
NCIT:C34359	NCIT:C26880
NCIT:C3436	NCIT:C205057
NCIT:C3436	NCIT:C2949
NCIT:C3436	NCIT:C3142
NCIT:C3436	NCIT:C4364
NCIT:C3436	NCIT:C6104
NCIT:C3436	NCIT:C6105
NCIT:C34360	NCIT:C129301
NCIT:C34360	NCIT:C129302
NCIT:C34360	NCIT:C131423
NCIT:C34360	NCIT:C131426
NCIT:C34360	NCIT:C131442
NCIT:C34360	NCIT:C174439
NCIT:C34361	NCIT:C35166
NCIT:C34368	NCIT:C103920
NCIT:C34368	NCIT:C213643
NCIT:C34368	NCIT:C95504
NCIT:C34369	NCIT:C186787
NCIT:C34369	NCIT:C34409
NCIT:C34369	NCIT:C34425
NCIT:C3437	NCIT:C128112
NCIT:C3437	NCIT:C3610
NCIT:C3437	NCIT:C40242
NCIT:C3437	NCIT:C40250
NCIT:C3437	NCIT:C40265
NCIT:C3437	NCIT:C40274
NCIT:C3437	NCIT:C7410
NCIT:C34371	NCIT:C219799
NCIT:C34373	NCIT:C168749
NCIT:C34373	NCIT:C168750
NCIT:C34373	NCIT:C168751
NCIT:C34373	NCIT:C168752
NCIT:C34373	NCIT:C168753
NCIT:C34373	NCIT:C168754
NCIT:C34373	NCIT:C168755
NCIT:C34373	NCIT:C178411
NCIT:C34373	NCIT:C189922
NCIT:C34373	NCIT:C214854
NCIT:C34373	NCIT:C214855
NCIT:C34373	NCIT:C214856
NCIT:C34373	NCIT:C214857
NCIT:C34373	NCIT:C214858
NCIT:C34373	NCIT:C214859
NCIT:C34373	NCIT:C214871
NCIT:C34373	NCIT:C85027
NCIT:C34375	NCIT:C129699
NCIT:C34375	NCIT:C141366
NCIT:C34375	NCIT:C172823
NCIT:C34375	NCIT:C173643
NCIT:C34376	NCIT:C34377
NCIT:C34376	NCIT:C34379
NCIT:C34377	NCIT:C34853
NCIT:C34377	NCIT:C35525
NCIT:C34377	NCIT:C91782
NCIT:C34378	NCIT:C162611
NCIT:C34379	NCIT:C101218
NCIT:C34379	NCIT:C131649
NCIT:C34379	NCIT:C131652
NCIT:C34380	NCIT:C84484
NCIT:C34381	NCIT:C34382
NCIT:C34382	NCIT:C131677
NCIT:C34382	NCIT:C197817
NCIT:C34382	NCIT:C2871
NCIT:C34383	NCIT:C131682
NCIT:C34383	NCIT:C215360
NCIT:C3439	NCIT:C115149
NCIT:C3439	NCIT:C118298
NCIT:C3439	NCIT:C122572
NCIT:C3439	NCIT:C128421
NCIT:C3439	NCIT:C128422
NCIT:C3439	NCIT:C128423
NCIT:C3439	NCIT:C128439
NCIT:C3439	NCIT:C155872
NCIT:C3439	NCIT:C157973
NCIT:C3439	NCIT:C172342
NCIT:C3439	NCIT:C173570
NCIT:C3439	NCIT:C181757
NCIT:C3439	NCIT:C188271
NCIT:C3439	NCIT:C220016
NCIT:C3439	NCIT:C220128
NCIT:C3439	NCIT:C27108
NCIT:C3439	NCIT:C27184
NCIT:C3439	NCIT:C27219
NCIT:C3439	NCIT:C28182
NCIT:C3439	NCIT:C29888
NCIT:C3439	NCIT:C3108
NCIT:C3439	NCIT:C34396
NCIT:C3439	NCIT:C34528
NCIT:C3439	NCIT:C34849
NCIT:C3439	NCIT:C34924
NCIT:C3439	NCIT:C35027
NCIT:C3439	NCIT:C35124
NCIT:C3439	NCIT:C35374
NCIT:C3439	NCIT:C35547
NCIT:C3439	NCIT:C36066
NCIT:C3439	NCIT:C36170
NCIT:C3439	NCIT:C3899
NCIT:C3439	NCIT:C39292
NCIT:C3439	NCIT:C53482
NCIT:C3439	NCIT:C84695
NCIT:C3439	NCIT:C84883
NCIT:C3439	NCIT:C85051
NCIT:C3439	NCIT:C85192
NCIT:C3439	NCIT:C96406
NCIT:C3439	NCIT:C96411
NCIT:C34391	NCIT:C216200
NCIT:C34392	NCIT:C35172
NCIT:C34395	NCIT:C35410
NCIT:C34395	NCIT:C35411
NCIT:C34398	NCIT:C35543
NCIT:C34398	NCIT:C35768
NCIT:C34398	NCIT:C35769
NCIT:C34398	NCIT:C35770
NCIT:C34399	NCIT:C26847
NCIT:C34399	NCIT:C34581
NCIT:C34399	NCIT:C34653
NCIT:C34399	NCIT:C35062
NCIT:C34399	NCIT:C61281
NCIT:C34399	NCIT:C70549
NCIT:C34399	NCIT:C83506
NCIT:C34403	NCIT:C35771
NCIT:C34404	NCIT:C35447
NCIT:C34412	NCIT:C178412
NCIT:C34412	NCIT:C222346
NCIT:C34416	NCIT:C220614
NCIT:C34421	NCIT:C97069
NCIT:C34421	NCIT:C97070
NCIT:C34423	NCIT:C197849
NCIT:C34423	NCIT:C197889
NCIT:C34423	NCIT:C220145
NCIT:C34423	NCIT:C220146
NCIT:C34423	NCIT:C34424
NCIT:C34423	NCIT:C34805
NCIT:C34428	NCIT:C34429
NCIT:C3443	NCIT:C128294
NCIT:C3443	NCIT:C181905
NCIT:C3443	NCIT:C3611
NCIT:C3443	NCIT:C40283
NCIT:C3443	NCIT:C40292
NCIT:C3443	NCIT:C40303
NCIT:C3443	NCIT:C40316
NCIT:C3443	NCIT:C40328
NCIT:C3443	NCIT:C40335
NCIT:C3443	NCIT:C6434
NCIT:C3443	NCIT:C7502
NCIT:C34432	NCIT:C86969
NCIT:C34433	NCIT:C3248
NCIT:C34433	NCIT:C35370
NCIT:C34433	NCIT:C80693
NCIT:C34439	NCIT:C34600
NCIT:C34445	NCIT:C35386
NCIT:C34445	NCIT:C35387
NCIT:C34447	NCIT:C132012
NCIT:C34447	NCIT:C133252
NCIT:C34447	NCIT:C133709
NCIT:C34447	NCIT:C136427
NCIT:C34447	NCIT:C148152
NCIT:C34447	NCIT:C148153
NCIT:C34447	NCIT:C205621
NCIT:C34447	NCIT:C208484
NCIT:C34447	NCIT:C213320
NCIT:C34447	NCIT:C214954
NCIT:C34447	NCIT:C37290
NCIT:C34447	NCIT:C42690
NCIT:C34447	NCIT:C54283
NCIT:C34447	NCIT:C6092
NCIT:C34447	NCIT:C7991
NCIT:C34448	NCIT:C159507
NCIT:C34448	NCIT:C165468
NCIT:C34448	NCIT:C167382
NCIT:C34448	NCIT:C170924
NCIT:C34448	NCIT:C173735
NCIT:C34448	NCIT:C175279
NCIT:C34448	NCIT:C223955
NCIT:C34448	NCIT:C35831
NCIT:C34448	NCIT:C45543
NCIT:C34448	NCIT:C96848
NCIT:C34448	NCIT:C96888
NCIT:C34448	NCIT:C96939
NCIT:C34449	NCIT:C84773
NCIT:C3446	NCIT:C225003
NCIT:C34460	NCIT:C116903
NCIT:C34460	NCIT:C116904
NCIT:C34460	NCIT:C116905
NCIT:C34460	NCIT:C116906
NCIT:C34460	NCIT:C34781
NCIT:C34460	NCIT:C97168
NCIT:C34460	NCIT:C97169
NCIT:C34460	NCIT:C97177
NCIT:C34463	NCIT:C157977
NCIT:C34465	NCIT:C35146
NCIT:C34465	NCIT:C35152
NCIT:C34465	NCIT:C35332
NCIT:C34465	NCIT:C35578
NCIT:C34465	NCIT:C35592
NCIT:C34465	NCIT:C35792
NCIT:C34468	NCIT:C187280
NCIT:C34468	NCIT:C206549
NCIT:C34468	NCIT:C206550
NCIT:C34468	NCIT:C2949
NCIT:C34492	NCIT:C35388
NCIT:C34492	NCIT:C35389
NCIT:C34504	NCIT:C112189
NCIT:C34504	NCIT:C116815
NCIT:C34504	NCIT:C116818
NCIT:C34504	NCIT:C211942
NCIT:C34504	NCIT:C34506
NCIT:C34504	NCIT:C35195
NCIT:C34504	NCIT:C35197
NCIT:C34504	NCIT:C35616
NCIT:C34504	NCIT:C83508
NCIT:C34506	NCIT:C34353
NCIT:C3451	NCIT:C202966
NCIT:C3451	NCIT:C202967
NCIT:C3451	NCIT:C81772
NCIT:C34512	NCIT:C84795
NCIT:C34513	NCIT:C142805
NCIT:C34513	NCIT:C34512
NCIT:C34513	NCIT:C34651
NCIT:C34513	NCIT:C34793
NCIT:C34513	NCIT:C84721
NCIT:C3452	NCIT:C114770
NCIT:C3452	NCIT:C114771
NCIT:C3452	NCIT:C141367
NCIT:C3452	NCIT:C3965
NCIT:C3452	NCIT:C3966
NCIT:C3452	NCIT:C3967
NCIT:C3452	NCIT:C3968
NCIT:C3452	NCIT:C3969
NCIT:C34521	NCIT:C116819
NCIT:C34525	NCIT:C34522
NCIT:C34526	NCIT:C3243
NCIT:C34526	NCIT:C35797
NCIT:C34527	NCIT:C27062
NCIT:C34527	NCIT:C34526
NCIT:C34528	NCIT:C34683
NCIT:C34533	NCIT:C34358
NCIT:C34533	NCIT:C35191
NCIT:C34533	NCIT:C48801
NCIT:C34538	NCIT:C35668
NCIT:C34538	NCIT:C84457
NCIT:C34541	NCIT:C34542
NCIT:C34557	NCIT:C219972
NCIT:C3456	NCIT:C206471
NCIT:C3456	NCIT:C206472
NCIT:C34560	NCIT:C125598
NCIT:C34560	NCIT:C35795
NCIT:C34560	NCIT:C84653
NCIT:C34562	NCIT:C219913
NCIT:C34563	NCIT:C157158
NCIT:C34563	NCIT:C157577
NCIT:C34563	NCIT:C168729
NCIT:C34563	NCIT:C178413
NCIT:C34563	NCIT:C201596
NCIT:C34563	NCIT:C34564
NCIT:C34563	NCIT:C35527
NCIT:C34564	NCIT:C35437
NCIT:C34564	NCIT:C35438
NCIT:C34565	NCIT:C27723
NCIT:C34567	NCIT:C220202
NCIT:C34567	NCIT:C34370
NCIT:C34567	NCIT:C34674
NCIT:C34567	NCIT:C34928
NCIT:C34568	NCIT:C125696
NCIT:C34568	NCIT:C125697
NCIT:C34568	NCIT:C125698
NCIT:C34568	NCIT:C125699
NCIT:C34568	NCIT:C125700
NCIT:C34568	NCIT:C125701
NCIT:C34568	NCIT:C141423
NCIT:C34568	NCIT:C168975
NCIT:C3457	NCIT:C141243
NCIT:C3457	NCIT:C147948
NCIT:C3457	NCIT:C178541
NCIT:C3457	NCIT:C210124
NCIT:C3457	NCIT:C216069
NCIT:C3457	NCIT:C217099
NCIT:C3457	NCIT:C7056
NCIT:C3457	NCIT:C8841
NCIT:C3457	NCIT:C8842
NCIT:C3457	NCIT:C96053
NCIT:C34572	NCIT:C34573
NCIT:C34572	NCIT:C34575
NCIT:C34572	NCIT:C45692
NCIT:C3458	NCIT:C4736
NCIT:C3458	NCIT:C5005
NCIT:C3458	NCIT:C9109
NCIT:C34580	NCIT:C34578
NCIT:C34580	NCIT:C79551
NCIT:C34582	NCIT:C128355
NCIT:C34582	NCIT:C128356
NCIT:C34582	NCIT:C128357
NCIT:C34582	NCIT:C128358
NCIT:C34582	NCIT:C35432
NCIT:C34582	NCIT:C78265
NCIT:C34584	NCIT:C6856
NCIT:C34586	NCIT:C220094
NCIT:C34586	NCIT:C34587
NCIT:C34586	NCIT:C53657
NCIT:C34586	NCIT:C53658
NCIT:C34588	NCIT:C118172
NCIT:C34588	NCIT:C34628
NCIT:C34589	NCIT:C35067
NCIT:C3459	NCIT:C3210
NCIT:C3459	NCIT:C6819
NCIT:C3459	NCIT:C9108
NCIT:C34593	NCIT:C125383
NCIT:C34594	NCIT:C157841
NCIT:C34594	NCIT:C157842
NCIT:C34597	NCIT:C34472
NCIT:C3460	NCIT:C172314
NCIT:C3460	NCIT:C213743
NCIT:C3460	NCIT:C213752
NCIT:C3460	NCIT:C6859
NCIT:C3460	NCIT:C7191
NCIT:C3460	NCIT:C7192
NCIT:C3460	NCIT:C8073
NCIT:C3460	NCIT:C8119
NCIT:C3460	NCIT:C8132
NCIT:C3460	NCIT:C8145
NCIT:C3460	NCIT:C8158
NCIT:C34609	NCIT:C173926
NCIT:C34609	NCIT:C189033
NCIT:C34609	NCIT:C34610
NCIT:C34609	NCIT:C53971
NCIT:C3461	NCIT:C182034
NCIT:C3461	NCIT:C182035
NCIT:C3461	NCIT:C7249
NCIT:C3461	NCIT:C7263
NCIT:C3461	NCIT:C7873
NCIT:C3461	NCIT:C8285
NCIT:C3461	NCIT:C9079
NCIT:C34611	NCIT:C128360
NCIT:C34611	NCIT:C34612
NCIT:C3462	NCIT:C4735
NCIT:C3462	NCIT:C6816
NCIT:C3462	NCIT:C9098
NCIT:C34626	NCIT:C34473
NCIT:C3463	NCIT:C7871
NCIT:C3463	NCIT:C8296
NCIT:C34631	NCIT:C3048
NCIT:C34631	NCIT:C3909
NCIT:C34631	NCIT:C96717
NCIT:C34632	NCIT:C35330
NCIT:C34632	NCIT:C35374
NCIT:C34632	NCIT:C35483
NCIT:C34632	NCIT:C35590
NCIT:C34636	NCIT:C34474
NCIT:C34636	NCIT:C34637
NCIT:C3464	NCIT:C70588
NCIT:C3464	NCIT:C8075
NCIT:C3464	NCIT:C8120
NCIT:C3464	NCIT:C8133
NCIT:C3464	NCIT:C8146
NCIT:C34641	NCIT:C35394
NCIT:C34643	NCIT:C121210
NCIT:C34643	NCIT:C123140
NCIT:C34643	NCIT:C123141
NCIT:C34644	NCIT:C123039
NCIT:C34644	NCIT:C123055
NCIT:C34644	NCIT:C123056
NCIT:C34645	NCIT:C123023
NCIT:C34645	NCIT:C123057
NCIT:C34645	NCIT:C123059
NCIT:C34645	NCIT:C123060
NCIT:C34645	NCIT:C123061
NCIT:C34645	NCIT:C123062
NCIT:C34645	NCIT:C123063
NCIT:C34645	NCIT:C123064
NCIT:C34645	NCIT:C123065
NCIT:C34645	NCIT:C128144
NCIT:C34646	NCIT:C219966
NCIT:C34647	NCIT:C197943
NCIT:C3465	NCIT:C172309
NCIT:C3465	NCIT:C213741
NCIT:C3465	NCIT:C213750
NCIT:C3465	NCIT:C7220
NCIT:C3465	NCIT:C8071
NCIT:C3465	NCIT:C8116
NCIT:C3465	NCIT:C8129
NCIT:C3465	NCIT:C8142
NCIT:C3465	NCIT:C8155
NCIT:C34653	NCIT:C35065
NCIT:C34654	NCIT:C34655
NCIT:C34656	NCIT:C35784
NCIT:C34656	NCIT:C7367
NCIT:C34657	NCIT:C35384
NCIT:C34657	NCIT:C35385
NCIT:C34658	NCIT:C35227
NCIT:C34658	NCIT:C35324
NCIT:C3466	NCIT:C141247
NCIT:C3466	NCIT:C178547
NCIT:C3466	NCIT:C216071
NCIT:C3466	NCIT:C217102
NCIT:C3466	NCIT:C3468
NCIT:C3466	NCIT:C5182
NCIT:C3466	NCIT:C5254
NCIT:C3466	NCIT:C5409
NCIT:C3466	NCIT:C8663
NCIT:C3466	NCIT:C8664
NCIT:C3466	NCIT:C96054
NCIT:C3467	NCIT:C172442
NCIT:C3467	NCIT:C180374
NCIT:C3467	NCIT:C201080
NCIT:C3467	NCIT:C3246
NCIT:C3467	NCIT:C45339
NCIT:C3467	NCIT:C45340
NCIT:C3467	NCIT:C6860
NCIT:C3467	NCIT:C6918
NCIT:C3467	NCIT:C7805
NCIT:C3467	NCIT:C8938
NCIT:C3468	NCIT:C128697
NCIT:C3468	NCIT:C129600
NCIT:C3468	NCIT:C139005
NCIT:C3468	NCIT:C139288
NCIT:C3468	NCIT:C141272
NCIT:C3468	NCIT:C150495
NCIT:C3468	NCIT:C171300
NCIT:C3468	NCIT:C3184
NCIT:C3468	NCIT:C3467
NCIT:C3468	NCIT:C3720
NCIT:C3468	NCIT:C4340
NCIT:C3468	NCIT:C4684
NCIT:C3468	NCIT:C5637
NCIT:C3468	NCIT:C7252
NCIT:C3468	NCIT:C8459
NCIT:C3468	NCIT:C8688
NCIT:C3468	NCIT:C8689
NCIT:C3468	NCIT:C9265
NCIT:C34684	NCIT:C34352
NCIT:C34685	NCIT:C219961
NCIT:C34685	NCIT:C34686
NCIT:C34685	NCIT:C34687
NCIT:C34685	NCIT:C34689
NCIT:C34685	NCIT:C34690
NCIT:C34685	NCIT:C34693
NCIT:C34685	NCIT:C35641
NCIT:C34685	NCIT:C98700
NCIT:C34686	NCIT:C34728
NCIT:C34686	NCIT:C35090
NCIT:C34686	NCIT:C35122
NCIT:C34687	NCIT:C34688
NCIT:C34687	NCIT:C98893
NCIT:C34687	NCIT:C98945
NCIT:C34689	NCIT:C35209
NCIT:C34690	NCIT:C122786
NCIT:C34690	NCIT:C34691
NCIT:C34690	NCIT:C34692
NCIT:C34690	NCIT:C34728
NCIT:C34698	NCIT:C34485
NCIT:C3470	NCIT:C9259
NCIT:C34700	NCIT:C101041
NCIT:C34700	NCIT:C101074
NCIT:C34702	NCIT:C34838
NCIT:C34702	NCIT:C35805
NCIT:C34704	NCIT:C123416
NCIT:C34704	NCIT:C35637
NCIT:C34709	NCIT:C128114
NCIT:C34709	NCIT:C128806
NCIT:C34709	NCIT:C176014
NCIT:C34709	NCIT:C202076
NCIT:C34709	NCIT:C34704
NCIT:C34709	NCIT:C84771
NCIT:C3471	NCIT:C5051
NCIT:C3471	NCIT:C8284
NCIT:C3471	NCIT:C9279
NCIT:C3471	NCIT:C94797
NCIT:C3471	NCIT:C94798
NCIT:C3471	NCIT:C94799
NCIT:C3471	NCIT:C94800
NCIT:C34712	NCIT:C118423
NCIT:C34712	NCIT:C131429
NCIT:C34712	NCIT:C131430
NCIT:C34712	NCIT:C131812
NCIT:C34712	NCIT:C34713
NCIT:C34712	NCIT:C84645
NCIT:C34712	NCIT:C84671
NCIT:C34713	NCIT:C84772
NCIT:C3472	NCIT:C162694
NCIT:C3472	NCIT:C176795
NCIT:C3472	NCIT:C176804
NCIT:C3472	NCIT:C176823
NCIT:C3472	NCIT:C179188
NCIT:C3472	NCIT:C215361
NCIT:C3472	NCIT:C27070
NCIT:C3472	NCIT:C3895
NCIT:C3472	NCIT:C61238
NCIT:C3472	NCIT:C61239
NCIT:C3472	NCIT:C61240
NCIT:C34723	NCIT:C94332
NCIT:C34723	NCIT:C94333
NCIT:C34723	NCIT:C94334
NCIT:C34723	NCIT:C94335
NCIT:C34723	NCIT:C94336
NCIT:C3473	NCIT:C42080
NCIT:C3473	NCIT:C4533
NCIT:C3473	NCIT:C53686
NCIT:C3473	NCIT:C8405
NCIT:C3473	NCIT:C8568
NCIT:C34732	NCIT:C219923
NCIT:C34732	NCIT:C34614
NCIT:C34732	NCIT:C60785
NCIT:C34732	NCIT:C78239
NCIT:C34732	NCIT:C78256
NCIT:C34732	NCIT:C78352
NCIT:C34732	NCIT:C78396
NCIT:C34732	NCIT:C79713
NCIT:C34733	NCIT:C201588
NCIT:C34734	NCIT:C27030
NCIT:C34736	NCIT:C34476
NCIT:C34737	NCIT:C3142
NCIT:C34737	NCIT:C35618
NCIT:C3474	NCIT:C159681
NCIT:C3474	NCIT:C161582
NCIT:C3474	NCIT:C173405
NCIT:C3474	NCIT:C188998
NCIT:C3474	NCIT:C219710
NCIT:C3474	NCIT:C223175
NCIT:C3474	NCIT:C223350
NCIT:C3474	NCIT:C3252
NCIT:C3474	NCIT:C40328
NCIT:C3474	NCIT:C40400
NCIT:C3474	NCIT:C4336
NCIT:C3474	NCIT:C5360
NCIT:C3474	NCIT:C54094
NCIT:C3474	NCIT:C5617
NCIT:C3474	NCIT:C5700
NCIT:C3474	NCIT:C5912
NCIT:C3474	NCIT:C6601
NCIT:C3474	NCIT:C7017
NCIT:C34744	NCIT:C34590
NCIT:C34745	NCIT:C34746
NCIT:C34745	NCIT:C34748
NCIT:C34748	NCIT:C122927
NCIT:C34748	NCIT:C3147
NCIT:C34748	NCIT:C4702
NCIT:C34748	NCIT:C84693
NCIT:C34750	NCIT:C123171
NCIT:C34750	NCIT:C123172
NCIT:C34750	NCIT:C34751
NCIT:C34750	NCIT:C75464
NCIT:C34754	NCIT:C34755
NCIT:C34754	NCIT:C35325
NCIT:C34754	NCIT:C35489
NCIT:C34754	NCIT:C35518
NCIT:C34755	NCIT:C34756
NCIT:C34759	NCIT:C35181
NCIT:C34759	NCIT:C35182
NCIT:C34767	NCIT:C34768
NCIT:C34767	NCIT:C34771
NCIT:C34767	NCIT:C34936
NCIT:C34768	NCIT:C34769
NCIT:C34768	NCIT:C34770
NCIT:C34782	NCIT:C174184
NCIT:C34783	NCIT:C34684
NCIT:C34783	NCIT:C34782
NCIT:C34786	NCIT:C137957
NCIT:C34786	NCIT:C137959
NCIT:C34786	NCIT:C142894
NCIT:C34786	NCIT:C172094
NCIT:C34786	NCIT:C177534
NCIT:C34786	NCIT:C192195
NCIT:C34786	NCIT:C192202
NCIT:C34786	NCIT:C84559
NCIT:C34786	NCIT:C84793
NCIT:C34786	NCIT:C85049
NCIT:C34789	NCIT:C123115
NCIT:C34789	NCIT:C123116
NCIT:C34789	NCIT:C123117
NCIT:C34789	NCIT:C123118
NCIT:C34789	NCIT:C123119
NCIT:C34789	NCIT:C123120
NCIT:C34789	NCIT:C123121
NCIT:C34789	NCIT:C123122
NCIT:C34789	NCIT:C214849
NCIT:C34792	NCIT:C121184
NCIT:C34792	NCIT:C153296
NCIT:C34792	NCIT:C153297
NCIT:C34792	NCIT:C61276
NCIT:C34793	NCIT:C35478
NCIT:C34797	NCIT:C128372
NCIT:C34797	NCIT:C128373
NCIT:C34797	NCIT:C34426
NCIT:C34797	NCIT:C34798
NCIT:C34797	NCIT:C34799
NCIT:C34797	NCIT:C34800
NCIT:C3480	NCIT:C219749
NCIT:C3480	NCIT:C27552
NCIT:C3480	NCIT:C34967
NCIT:C3480	NCIT:C3950
NCIT:C34803	NCIT:C185042
NCIT:C34803	NCIT:C213598
NCIT:C34803	NCIT:C3728
NCIT:C34803	NCIT:C4437
NCIT:C34803	NCIT:C4949
NCIT:C34803	NCIT:C7927
NCIT:C34803	NCIT:C96846
NCIT:C34803	NCIT:C96847
NCIT:C34809	NCIT:C34477
NCIT:C3481	NCIT:C4805
NCIT:C3481	NCIT:C4806
NCIT:C34813	NCIT:C128375
NCIT:C34815	NCIT:C113338
NCIT:C34815	NCIT:C113341
NCIT:C34815	NCIT:C120164
NCIT:C34815	NCIT:C26829
NCIT:C34815	NCIT:C34559
NCIT:C34815	NCIT:C34719
NCIT:C34815	NCIT:C35219
NCIT:C34815	NCIT:C61443
NCIT:C34815	NCIT:C80099
NCIT:C34816	NCIT:C101334
NCIT:C34816	NCIT:C103968
NCIT:C34816	NCIT:C126738
NCIT:C34816	NCIT:C126746
NCIT:C34816	NCIT:C128119
NCIT:C34816	NCIT:C128187
NCIT:C34816	NCIT:C128190
NCIT:C34816	NCIT:C128193
NCIT:C34816	NCIT:C129975
NCIT:C34816	NCIT:C131084
NCIT:C34816	NCIT:C131638
NCIT:C34816	NCIT:C131640
NCIT:C34816	NCIT:C131641
NCIT:C34816	NCIT:C131643
NCIT:C34816	NCIT:C131645
NCIT:C34816	NCIT:C131649
NCIT:C34816	NCIT:C131652
NCIT:C34816	NCIT:C131849
NCIT:C34816	NCIT:C131851
NCIT:C34816	NCIT:C173571
NCIT:C34816	NCIT:C179570
NCIT:C34816	NCIT:C185235
NCIT:C34816	NCIT:C61250
NCIT:C34816	NCIT:C61257
NCIT:C34816	NCIT:C61272
NCIT:C34816	NCIT:C84594
NCIT:C34816	NCIT:C84598
NCIT:C34816	NCIT:C84672
NCIT:C34816	NCIT:C84720
NCIT:C34816	NCIT:C84723
NCIT:C34816	NCIT:C84761
NCIT:C34816	NCIT:C84785
NCIT:C34816	NCIT:C84813
NCIT:C34816	NCIT:C84907
NCIT:C34816	NCIT:C85005
NCIT:C34816	NCIT:C85029
NCIT:C34816	NCIT:C97090
NCIT:C34816	NCIT:C97091
NCIT:C34816	NCIT:C97092
NCIT:C34816	NCIT:C98842
NCIT:C34816	NCIT:C98910
NCIT:C34816	NCIT:C98933
NCIT:C34816	NCIT:C98944
NCIT:C34816	NCIT:C98986
NCIT:C34816	NCIT:C99037
NCIT:C34817	NCIT:C98805
NCIT:C34817	NCIT:C98898
NCIT:C3482	NCIT:C126465
NCIT:C3482	NCIT:C129828
NCIT:C3482	NCIT:C133839
NCIT:C3482	NCIT:C146893
NCIT:C3482	NCIT:C148128
NCIT:C3482	NCIT:C148130
NCIT:C3482	NCIT:C153171
NCIT:C3482	NCIT:C153202
NCIT:C3482	NCIT:C153238
NCIT:C3482	NCIT:C153315
NCIT:C3482	NCIT:C156769
NCIT:C3482	NCIT:C157638
NCIT:C3482	NCIT:C160297
NCIT:C3482	NCIT:C165537
NCIT:C3482	NCIT:C167203
NCIT:C3482	NCIT:C179654
NCIT:C3482	NCIT:C188076
NCIT:C3482	NCIT:C188077
NCIT:C3482	NCIT:C200062
NCIT:C3482	NCIT:C213275
NCIT:C3482	NCIT:C213276
NCIT:C3482	NCIT:C213280
NCIT:C3482	NCIT:C213281
NCIT:C3482	NCIT:C213282
NCIT:C3482	NCIT:C213367
NCIT:C3482	NCIT:C214847
NCIT:C3482	NCIT:C215187
NCIT:C3482	NCIT:C223843
NCIT:C3482	NCIT:C27381
NCIT:C3482	NCIT:C27408
NCIT:C3482	NCIT:C27469
NCIT:C3482	NCIT:C36082
NCIT:C3482	NCIT:C3693
NCIT:C3482	NCIT:C3812
NCIT:C3482	NCIT:C4104
NCIT:C3482	NCIT:C4124
NCIT:C3482	NCIT:C5628
NCIT:C3482	NCIT:C6334
NCIT:C3482	NCIT:C9276
NCIT:C3482	NCIT:C96767
NCIT:C34823	NCIT:C34577
NCIT:C3483	NCIT:C126351
NCIT:C3483	NCIT:C150043
NCIT:C3483	NCIT:C150044
NCIT:C3483	NCIT:C3163
NCIT:C3483	NCIT:C3175
NCIT:C3483	NCIT:C3178
NCIT:C3483	NCIT:C3179
NCIT:C3483	NCIT:C3181
NCIT:C3483	NCIT:C3519
NCIT:C3483	NCIT:C4563
NCIT:C3483	NCIT:C4664
NCIT:C3483	NCIT:C7401
NCIT:C3483	NCIT:C7402
NCIT:C3483	NCIT:C8647
NCIT:C34830	NCIT:C171602
NCIT:C34830	NCIT:C178417
NCIT:C34830	NCIT:C191478
NCIT:C34830	NCIT:C191479
NCIT:C34830	NCIT:C34449
NCIT:C34830	NCIT:C34462
NCIT:C34830	NCIT:C53653
NCIT:C34830	NCIT:C53654
NCIT:C34830	NCIT:C62798
NCIT:C34830	NCIT:C84673
NCIT:C34830	NCIT:C85181
NCIT:C34831	NCIT:C128380
NCIT:C34831	NCIT:C128381
NCIT:C34831	NCIT:C177425
NCIT:C34831	NCIT:C35206
NCIT:C34831	NCIT:C35786
NCIT:C34837	NCIT:C34500
NCIT:C3484	NCIT:C40391
NCIT:C3484	NCIT:C5198
NCIT:C3484	NCIT:C5199
NCIT:C3484	NCIT:C5205
NCIT:C34841	NCIT:C178082
NCIT:C34841	NCIT:C35513
NCIT:C34841	NCIT:C35517
NCIT:C34843	NCIT:C114477
NCIT:C34843	NCIT:C114583
NCIT:C34843	NCIT:C114838
NCIT:C34843	NCIT:C120887
NCIT:C34843	NCIT:C120888
NCIT:C34843	NCIT:C120902
NCIT:C34843	NCIT:C120905
NCIT:C34843	NCIT:C123013
NCIT:C34843	NCIT:C123024
NCIT:C34843	NCIT:C123025
NCIT:C34843	NCIT:C123027
NCIT:C34843	NCIT:C123028
NCIT:C34843	NCIT:C123029
NCIT:C34843	NCIT:C123033
NCIT:C34843	NCIT:C123035
NCIT:C34843	NCIT:C123036
NCIT:C34843	NCIT:C123196
NCIT:C34843	NCIT:C123197
NCIT:C34843	NCIT:C123199
NCIT:C34843	NCIT:C123201
NCIT:C34843	NCIT:C123203
NCIT:C34843	NCIT:C217028
NCIT:C34843	NCIT:C37308
NCIT:C34843	NCIT:C4757
NCIT:C34843	NCIT:C5110
NCIT:C34845	NCIT:C122795
NCIT:C34845	NCIT:C122796
NCIT:C34845	NCIT:C122797
NCIT:C34845	NCIT:C122798
NCIT:C34845	NCIT:C122799
NCIT:C34845	NCIT:C122800
NCIT:C34845	NCIT:C122801
NCIT:C34845	NCIT:C122802
NCIT:C34845	NCIT:C122803
NCIT:C34845	NCIT:C123067
NCIT:C34845	NCIT:C123068
NCIT:C34845	NCIT:C123069
NCIT:C34845	NCIT:C123070
NCIT:C34845	NCIT:C123071
NCIT:C34845	NCIT:C123072
NCIT:C34845	NCIT:C123073
NCIT:C34845	NCIT:C123074
NCIT:C34845	NCIT:C123075
NCIT:C34845	NCIT:C123076
NCIT:C34845	NCIT:C123077
NCIT:C34845	NCIT:C123078
NCIT:C34845	NCIT:C123079
NCIT:C34845	NCIT:C123080
NCIT:C34845	NCIT:C123081
NCIT:C34845	NCIT:C123082
NCIT:C34845	NCIT:C123083
NCIT:C34845	NCIT:C123084
NCIT:C34845	NCIT:C123085
NCIT:C34845	NCIT:C123086
NCIT:C34845	NCIT:C123087
NCIT:C34845	NCIT:C123088
NCIT:C34845	NCIT:C123089
NCIT:C34845	NCIT:C123090
NCIT:C34845	NCIT:C123091
NCIT:C34845	NCIT:C123092
NCIT:C34845	NCIT:C123093
NCIT:C34845	NCIT:C123094
NCIT:C34845	NCIT:C123095
NCIT:C34845	NCIT:C123096
NCIT:C34845	NCIT:C123097
NCIT:C34845	NCIT:C123098
NCIT:C34845	NCIT:C123099
NCIT:C34845	NCIT:C123100
NCIT:C34845	NCIT:C123101
NCIT:C34845	NCIT:C123102
NCIT:C34845	NCIT:C123103
NCIT:C34845	NCIT:C123104
NCIT:C34845	NCIT:C123105
NCIT:C34845	NCIT:C123106
NCIT:C34845	NCIT:C123124
NCIT:C34845	NCIT:C128110
NCIT:C34845	NCIT:C35214
NCIT:C34845	NCIT:C35215
NCIT:C34845	NCIT:C35216
NCIT:C34845	NCIT:C35337
NCIT:C34845	NCIT:C35533
NCIT:C34845	NCIT:C35534
NCIT:C34845	NCIT:C35535
NCIT:C34845	NCIT:C35536
NCIT:C34845	NCIT:C35537
NCIT:C34845	NCIT:C35540
NCIT:C34848	NCIT:C3389
NCIT:C34853	NCIT:C219798
NCIT:C34853	NCIT:C34607
NCIT:C34854	NCIT:C176930
NCIT:C34854	NCIT:C176931
NCIT:C34854	NCIT:C176932
NCIT:C34854	NCIT:C176933
NCIT:C34854	NCIT:C176934
NCIT:C34854	NCIT:C176935
NCIT:C34854	NCIT:C176936
NCIT:C34854	NCIT:C176937
NCIT:C34854	NCIT:C176938
NCIT:C34854	NCIT:C177119
NCIT:C34854	NCIT:C177120
NCIT:C34854	NCIT:C177121
NCIT:C34854	NCIT:C75459
NCIT:C3486	NCIT:C81854
NCIT:C3486	NCIT:C81855
NCIT:C34861	NCIT:C34862
NCIT:C34863	NCIT:C34864
NCIT:C34864	NCIT:C84577
NCIT:C34864	NCIT:C84808
NCIT:C34868	NCIT:C34869
NCIT:C34868	NCIT:C34871
NCIT:C34868	NCIT:C34872
NCIT:C3487	NCIT:C4969
NCIT:C3487	NCIT:C7232
NCIT:C34870	NCIT:C35100
NCIT:C34870	NCIT:C35102
NCIT:C34877	NCIT:C34878
NCIT:C34879	NCIT:C35313
NCIT:C34880	NCIT:C215849
NCIT:C34880	NCIT:C34766
NCIT:C34880	NCIT:C34841
NCIT:C34880	NCIT:C35476
NCIT:C34880	NCIT:C63707
NCIT:C34880	NCIT:C63924
NCIT:C34882	NCIT:C197951
NCIT:C34882	NCIT:C197952
NCIT:C34882	NCIT:C197953
NCIT:C34882	NCIT:C197954
NCIT:C34882	NCIT:C197955
NCIT:C34882	NCIT:C197956
NCIT:C34882	NCIT:C197957
NCIT:C34882	NCIT:C197958
NCIT:C34882	NCIT:C197959
NCIT:C34882	NCIT:C197960
NCIT:C34882	NCIT:C34985
NCIT:C34885	NCIT:C128386
NCIT:C34885	NCIT:C219786
NCIT:C34885	NCIT:C34886
NCIT:C34885	NCIT:C84354
NCIT:C3489	NCIT:C162579
NCIT:C3489	NCIT:C162583
NCIT:C3489	NCIT:C162586
NCIT:C3489	NCIT:C162587
NCIT:C3489	NCIT:C162590
NCIT:C3489	NCIT:C162592
NCIT:C3489	NCIT:C192221
NCIT:C34897	NCIT:C34894
NCIT:C34897	NCIT:C34895
NCIT:C34897	NCIT:C34896
NCIT:C34899	NCIT:C34898
NCIT:C3490	NCIT:C156088
NCIT:C3490	NCIT:C213376
NCIT:C3490	NCIT:C4042
NCIT:C3490	NCIT:C4588
NCIT:C3490	NCIT:C5876
NCIT:C3490	NCIT:C5877
NCIT:C3490	NCIT:C5878
NCIT:C3490	NCIT:C5879
NCIT:C3490	NCIT:C8014
NCIT:C34907	NCIT:C84939
NCIT:C34908	NCIT:C34907
NCIT:C34908	NCIT:C84389
NCIT:C34908	NCIT:C85003
NCIT:C34909	NCIT:C34910
NCIT:C34909	NCIT:C82865
NCIT:C3491	NCIT:C4594
NCIT:C3491	NCIT:C5543
NCIT:C34910	NCIT:C183153
NCIT:C34912	NCIT:C34923
NCIT:C34913	NCIT:C34914
NCIT:C34915	NCIT:C114837
NCIT:C34915	NCIT:C128404
NCIT:C34915	NCIT:C128405
NCIT:C34915	NCIT:C128406
NCIT:C34915	NCIT:C181767
NCIT:C34915	NCIT:C191595
NCIT:C34915	NCIT:C7753
NCIT:C34915	NCIT:C78246
NCIT:C34918	NCIT:C34354
NCIT:C34918	NCIT:C35326
NCIT:C34919	NCIT:C220015
NCIT:C34922	NCIT:C219911
NCIT:C34922	NCIT:C34904
NCIT:C34922	NCIT:C88413
NCIT:C34922	NCIT:C92630
NCIT:C34922	NCIT:C92631
NCIT:C34922	NCIT:C92632
NCIT:C34922	NCIT:C92633
NCIT:C34922	NCIT:C92634
NCIT:C34922	NCIT:C92635
NCIT:C34922	NCIT:C92636
NCIT:C34922	NCIT:C92637
NCIT:C34922	NCIT:C92638
NCIT:C34928	NCIT:C35322
NCIT:C34928	NCIT:C35323
NCIT:C3493	NCIT:C133254
NCIT:C3493	NCIT:C136494
NCIT:C3493	NCIT:C136713
NCIT:C3493	NCIT:C136714
NCIT:C3493	NCIT:C136719
NCIT:C3493	NCIT:C156092
NCIT:C3493	NCIT:C173331
NCIT:C3493	NCIT:C190953
NCIT:C3493	NCIT:C213321
NCIT:C3493	NCIT:C45504
NCIT:C3493	NCIT:C45507
NCIT:C3493	NCIT:C5014
NCIT:C3493	NCIT:C6686
NCIT:C34940	NCIT:C35132
NCIT:C34942	NCIT:C112844
NCIT:C34942	NCIT:C112845
NCIT:C34943	NCIT:C85021
NCIT:C34943	NCIT:C87167
NCIT:C34945	NCIT:C128715
NCIT:C34945	NCIT:C92761
NCIT:C34945	NCIT:C92921
NCIT:C34945	NCIT:C92945
NCIT:C34945	NCIT:C92946
NCIT:C3495	NCIT:C5520
NCIT:C34952	NCIT:C195501
NCIT:C34952	NCIT:C197922
NCIT:C34953	NCIT:C128408
NCIT:C34953	NCIT:C128409
NCIT:C34953	NCIT:C157785
NCIT:C34953	NCIT:C3418
NCIT:C34953	NCIT:C34493
NCIT:C34953	NCIT:C34767
NCIT:C34953	NCIT:C34797
NCIT:C34953	NCIT:C35720
NCIT:C34953	NCIT:C4076
NCIT:C34953	NCIT:C50450
NCIT:C34953	NCIT:C84541
NCIT:C34953	NCIT:C84581
NCIT:C34953	NCIT:C84583
NCIT:C34953	NCIT:C84629
NCIT:C34956	NCIT:C35188
NCIT:C34956	NCIT:C35190
NCIT:C34956	NCIT:C35390
NCIT:C34965	NCIT:C123038
NCIT:C34965	NCIT:C123215
NCIT:C34965	NCIT:C123216
NCIT:C34965	NCIT:C34964
NCIT:C34966	NCIT:C98952
NCIT:C34967	NCIT:C219748
NCIT:C3497	NCIT:C5662
NCIT:C3497	NCIT:C5663
NCIT:C34974	NCIT:C61236
NCIT:C34974	NCIT:C70548
NCIT:C34978	NCIT:C34436
NCIT:C34978	NCIT:C34456
NCIT:C34978	NCIT:C35192
NCIT:C34978	NCIT:C35193
NCIT:C34979	NCIT:C123330
NCIT:C34979	NCIT:C202070
NCIT:C34979	NCIT:C34919
NCIT:C3498	NCIT:C189288
NCIT:C3498	NCIT:C7291
NCIT:C34980	NCIT:C34978
NCIT:C34980	NCIT:C34981
NCIT:C34981	NCIT:C118859
NCIT:C34981	NCIT:C35341
NCIT:C34982	NCIT:C101036
NCIT:C34985	NCIT:C35200
NCIT:C34985	NCIT:C35201
NCIT:C34985	NCIT:C35202
NCIT:C34986	NCIT:C34479
NCIT:C34986	NCIT:C34988
NCIT:C34986	NCIT:C78599
NCIT:C34986	NCIT:C79532
NCIT:C3499	NCIT:C4791
NCIT:C3499	NCIT:C4792
NCIT:C34991	NCIT:C128410
NCIT:C34991	NCIT:C34976
NCIT:C34991	NCIT:C84688
NCIT:C34991	NCIT:C84689
NCIT:C34995	NCIT:C34996
NCIT:C34995	NCIT:C34997
NCIT:C34995	NCIT:C35441
NCIT:C34995	NCIT:C35589
NCIT:C34995	NCIT:C35807
NCIT:C34998	NCIT:C34855
NCIT:C3500	NCIT:C220039
NCIT:C3500	NCIT:C27212
NCIT:C3500	NCIT:C27953
NCIT:C35000	NCIT:C34457
NCIT:C35000	NCIT:C35001
NCIT:C35000	NCIT:C35002
NCIT:C35000	NCIT:C35362
NCIT:C35000	NCIT:C35363
NCIT:C35000	NCIT:C35364
NCIT:C35000	NCIT:C35365
NCIT:C35000	NCIT:C39294
NCIT:C35007	NCIT:C35183
NCIT:C35007	NCIT:C35184
NCIT:C3501	NCIT:C118633
NCIT:C3501	NCIT:C125388
NCIT:C3501	NCIT:C156360
NCIT:C3501	NCIT:C170433
NCIT:C3501	NCIT:C220039
NCIT:C3502	NCIT:C155957
NCIT:C3502	NCIT:C155958
NCIT:C3502	NCIT:C187261
NCIT:C3502	NCIT:C190060
NCIT:C3502	NCIT:C4160
NCIT:C3502	NCIT:C4161
NCIT:C3502	NCIT:C46115
NCIT:C3502	NCIT:C46116
NCIT:C3502	NCIT:C46118
NCIT:C3502	NCIT:C46119
NCIT:C3502	NCIT:C46122
NCIT:C3502	NCIT:C46123
NCIT:C3502	NCIT:C6042
NCIT:C35020	NCIT:C34486
NCIT:C35023	NCIT:C197917
NCIT:C35023	NCIT:C197918
NCIT:C35024	NCIT:C128411
NCIT:C35024	NCIT:C128434
NCIT:C35024	NCIT:C34597
NCIT:C35024	NCIT:C34626
NCIT:C35024	NCIT:C34809
NCIT:C35024	NCIT:C35031
NCIT:C35024	NCIT:C35151
NCIT:C35025	NCIT:C112181
NCIT:C35025	NCIT:C34457
NCIT:C35025	NCIT:C34544
NCIT:C35025	NCIT:C34629
NCIT:C35025	NCIT:C34768
NCIT:C35025	NCIT:C34936
NCIT:C35025	NCIT:C34998
NCIT:C35025	NCIT:C35072
NCIT:C35025	NCIT:C35073
NCIT:C35025	NCIT:C35099
NCIT:C35025	NCIT:C35619
NCIT:C35025	NCIT:C35620
NCIT:C35025	NCIT:C35777
NCIT:C35025	NCIT:C78606
NCIT:C35025	NCIT:C99087
NCIT:C35025	NCIT:C99088
NCIT:C35027	NCIT:C34365
NCIT:C35027	NCIT:C35028
NCIT:C35029	NCIT:C2958
NCIT:C35029	NCIT:C35091
NCIT:C35029	NCIT:C35791
NCIT:C35029	NCIT:C41341
NCIT:C35031	NCIT:C34480
NCIT:C35033	NCIT:C219970
NCIT:C35034	NCIT:C35593
NCIT:C35038	NCIT:C122576
NCIT:C35038	NCIT:C188353
NCIT:C35038	NCIT:C35036
NCIT:C35038	NCIT:C99087
NCIT:C35039	NCIT:C34852
NCIT:C3504	NCIT:C26764
NCIT:C3504	NCIT:C3012
NCIT:C3504	NCIT:C3013
NCIT:C3504	NCIT:C40159
NCIT:C35040	NCIT:C219997
NCIT:C35040	NCIT:C220056
NCIT:C35040	NCIT:C34596
NCIT:C35040	NCIT:C34601
NCIT:C35040	NCIT:C34716
NCIT:C35040	NCIT:C42086
NCIT:C35046	NCIT:C101321
NCIT:C35046	NCIT:C103170
NCIT:C35046	NCIT:C103183
NCIT:C35046	NCIT:C7698
NCIT:C35046	NCIT:C87101
NCIT:C35046	NCIT:C98998
NCIT:C35046	NCIT:C99258
NCIT:C35050	NCIT:C50704
NCIT:C35055	NCIT:C128412
NCIT:C35055	NCIT:C128413
NCIT:C35055	NCIT:C128414
NCIT:C35055	NCIT:C197854
NCIT:C35055	NCIT:C35056
NCIT:C35055	NCIT:C84649
NCIT:C35055	NCIT:C84935
NCIT:C35056	NCIT:C128371
NCIT:C35056	NCIT:C128430
NCIT:C35061	NCIT:C101197
NCIT:C35061	NCIT:C35481
NCIT:C35061	NCIT:C98848
NCIT:C35069	NCIT:C173642
NCIT:C35069	NCIT:C220180
NCIT:C35069	NCIT:C34368
NCIT:C35069	NCIT:C34375
NCIT:C35069	NCIT:C81288
NCIT:C35069	NCIT:C95538
NCIT:C3507	NCIT:C152105
NCIT:C3507	NCIT:C176593
NCIT:C3507	NCIT:C176594
NCIT:C3507	NCIT:C176595
NCIT:C3507	NCIT:C176600
NCIT:C3507	NCIT:C178942
NCIT:C3507	NCIT:C181652
NCIT:C3507	NCIT:C26736
NCIT:C3507	NCIT:C27204
NCIT:C3507	NCIT:C2889
NCIT:C3507	NCIT:C3114
NCIT:C3507	NCIT:C3131
NCIT:C3507	NCIT:C4859
NCIT:C3507	NCIT:C95992
NCIT:C35071	NCIT:C35828
NCIT:C35071	NCIT:C35829
NCIT:C35074	NCIT:C27236
NCIT:C35074	NCIT:C96220
NCIT:C35077	NCIT:C3286
NCIT:C35077	NCIT:C34530
NCIT:C35077	NCIT:C35597
NCIT:C35077	NCIT:C35779
NCIT:C35079	NCIT:C3419
NCIT:C35079	NCIT:C35753
NCIT:C35080	NCIT:C187703
NCIT:C35080	NCIT:C98948
NCIT:C3509	NCIT:C3151
NCIT:C3509	NCIT:C3152
NCIT:C3509	NCIT:C3663
NCIT:C3509	NCIT:C3976
NCIT:C35095	NCIT:C101320
NCIT:C35095	NCIT:C116313
NCIT:C35096	NCIT:C219873
NCIT:C3510	NCIT:C137645
NCIT:C3510	NCIT:C148245
NCIT:C3510	NCIT:C150544
NCIT:C3510	NCIT:C155305
NCIT:C3510	NCIT:C156072
NCIT:C3510	NCIT:C165497
NCIT:C3510	NCIT:C178518
NCIT:C3510	NCIT:C190240
NCIT:C3510	NCIT:C190280
NCIT:C3510	NCIT:C204840
NCIT:C3510	NCIT:C204864
NCIT:C3510	NCIT:C205129
NCIT:C3510	NCIT:C213774
NCIT:C3510	NCIT:C27919
NCIT:C3510	NCIT:C27920
NCIT:C3510	NCIT:C4225
NCIT:C3510	NCIT:C4227
NCIT:C3510	NCIT:C4232
NCIT:C3510	NCIT:C4240
NCIT:C3510	NCIT:C4358
NCIT:C3510	NCIT:C4633
NCIT:C3510	NCIT:C48607
NCIT:C3510	NCIT:C48612
NCIT:C3510	NCIT:C48613
NCIT:C3510	NCIT:C54662
NCIT:C3510	NCIT:C54663
NCIT:C3510	NCIT:C66753
NCIT:C3510	NCIT:C7089
NCIT:C3510	NCIT:C7361
NCIT:C3510	NCIT:C8498
NCIT:C3510	NCIT:C90514
NCIT:C3510	NCIT:C9097
NCIT:C3510	NCIT:C91231
NCIT:C35106	NCIT:C172051
NCIT:C35107	NCIT:C103185
NCIT:C35107	NCIT:C120188
NCIT:C35107	NCIT:C98885
NCIT:C35107	NCIT:C98923
NCIT:C35107	NCIT:C99009
NCIT:C35107	NCIT:C99010
NCIT:C35108	NCIT:C114377
NCIT:C35108	NCIT:C35339
NCIT:C35108	NCIT:C35340
NCIT:C35108	NCIT:C35722
NCIT:C35109	NCIT:C119989
NCIT:C35109	NCIT:C34736
NCIT:C35117	NCIT:C157888
NCIT:C35117	NCIT:C220103
NCIT:C35117	NCIT:C26912
NCIT:C35117	NCIT:C35218
NCIT:C35117	NCIT:C35254
NCIT:C35117	NCIT:C35442
NCIT:C35117	NCIT:C35626
NCIT:C35117	NCIT:C35740
NCIT:C35117	NCIT:C36196
NCIT:C35117	NCIT:C7388
NCIT:C35117	NCIT:C8301
NCIT:C35117	NCIT:C84476
NCIT:C35117	NCIT:C84492
NCIT:C3512	NCIT:C136486
NCIT:C3512	NCIT:C136490
NCIT:C3512	NCIT:C136709
NCIT:C3512	NCIT:C136710
NCIT:C3512	NCIT:C155908
NCIT:C3512	NCIT:C174510
NCIT:C3512	NCIT:C179209
NCIT:C3512	NCIT:C183109
NCIT:C3512	NCIT:C190954
NCIT:C3512	NCIT:C202130
NCIT:C3512	NCIT:C2923
NCIT:C3512	NCIT:C45509
NCIT:C3512	NCIT:C45512
NCIT:C3512	NCIT:C45514
NCIT:C3512	NCIT:C6699
NCIT:C3512	NCIT:C8757
NCIT:C35124	NCIT:C197890
NCIT:C35124	NCIT:C3096
NCIT:C35124	NCIT:C3097
NCIT:C35124	NCIT:C3098
NCIT:C35124	NCIT:C82979
NCIT:C35124	NCIT:C89782
NCIT:C35126	NCIT:C35275
NCIT:C35126	NCIT:C35342
NCIT:C35126	NCIT:C53534
NCIT:C35129	NCIT:C131684
NCIT:C35129	NCIT:C34418
NCIT:C35129	NCIT:C85221
NCIT:C3513	NCIT:C118812
NCIT:C3513	NCIT:C128563
NCIT:C3513	NCIT:C133399
NCIT:C3513	NCIT:C156073
NCIT:C3513	NCIT:C166171
NCIT:C3513	NCIT:C171604
NCIT:C3513	NCIT:C205298
NCIT:C3513	NCIT:C205311
NCIT:C3513	NCIT:C27421
NCIT:C3513	NCIT:C27422
NCIT:C3513	NCIT:C3999
NCIT:C3513	NCIT:C4024
NCIT:C3513	NCIT:C4025
NCIT:C3513	NCIT:C5342
NCIT:C3513	NCIT:C5343
NCIT:C3513	NCIT:C90500
NCIT:C3513	NCIT:C91221
NCIT:C3513	NCIT:C95619
NCIT:C3513	NCIT:C95621
NCIT:C35131	NCIT:C34697
NCIT:C35136	NCIT:C148074
NCIT:C35136	NCIT:C35070
NCIT:C35136	NCIT:C50724
NCIT:C35136	NCIT:C84496
NCIT:C35142	NCIT:C34376
NCIT:C35145	NCIT:C78178
NCIT:C35146	NCIT:C96169
NCIT:C35150	NCIT:C34471
NCIT:C35150	NCIT:C35301
NCIT:C35151	NCIT:C34472
NCIT:C35151	NCIT:C34473
NCIT:C35151	NCIT:C34477
NCIT:C35151	NCIT:C34480
NCIT:C35152	NCIT:C35579
NCIT:C3516	NCIT:C189029
NCIT:C35163	NCIT:C219817
NCIT:C35169	NCIT:C180633
NCIT:C35169	NCIT:C26857
NCIT:C35169	NCIT:C34945
NCIT:C35169	NCIT:C40445
NCIT:C35169	NCIT:C9243
NCIT:C35169	NCIT:C97077
NCIT:C3517	NCIT:C141224
NCIT:C3517	NCIT:C8063
NCIT:C3517	NCIT:C8832
NCIT:C3517	NCIT:C8833
NCIT:C3517	NCIT:C9127
NCIT:C35170	NCIT:C187279
NCIT:C35170	NCIT:C219856
NCIT:C35170	NCIT:C34538
NCIT:C35170	NCIT:C34980
NCIT:C35170	NCIT:C35479
NCIT:C35172	NCIT:C222344
NCIT:C35173	NCIT:C34475
NCIT:C35173	NCIT:C35217
NCIT:C35174	NCIT:C128419
NCIT:C35174	NCIT:C35121
NCIT:C35178	NCIT:C214895
NCIT:C35178	NCIT:C214896
NCIT:C3518	NCIT:C141223
NCIT:C3518	NCIT:C27807
NCIT:C3518	NCIT:C67171
NCIT:C3518	NCIT:C7165
NCIT:C3518	NCIT:C7166
NCIT:C3518	NCIT:C8062
NCIT:C3518	NCIT:C8837
NCIT:C3518	NCIT:C8838
NCIT:C3518	NCIT:C9126
NCIT:C35180	NCIT:C133402
NCIT:C35180	NCIT:C133413
NCIT:C35180	NCIT:C133447
NCIT:C35180	NCIT:C133519
NCIT:C35180	NCIT:C133550
NCIT:C35180	NCIT:C133564
NCIT:C35180	NCIT:C133647
NCIT:C35180	NCIT:C133654
NCIT:C35180	NCIT:C133795
NCIT:C35180	NCIT:C133894
NCIT:C35180	NCIT:C134118
NCIT:C35180	NCIT:C134182
NCIT:C35180	NCIT:C134663
NCIT:C35180	NCIT:C134865
NCIT:C35180	NCIT:C134914
NCIT:C35180	NCIT:C207706
NCIT:C35180	NCIT:C3637
NCIT:C35180	NCIT:C4439
NCIT:C35180	NCIT:C4593
NCIT:C35180	NCIT:C4892
NCIT:C35180	NCIT:C5729
NCIT:C35180	NCIT:C67493
NCIT:C35180	NCIT:C7678
NCIT:C35180	NCIT:C7788
NCIT:C35180	NCIT:C7794
NCIT:C35180	NCIT:C8932
NCIT:C35180	NCIT:C89771
NCIT:C35185	NCIT:C35181
NCIT:C35185	NCIT:C35183
NCIT:C3519	NCIT:C193414
NCIT:C3519	NCIT:C213017
NCIT:C35194	NCIT:C162399
NCIT:C35194	NCIT:C164155
NCIT:C35194	NCIT:C168587
NCIT:C35194	NCIT:C179299
NCIT:C35194	NCIT:C192089
NCIT:C35194	NCIT:C206110
NCIT:C35194	NCIT:C212886
NCIT:C35194	NCIT:C85045
NCIT:C35195	NCIT:C211943
NCIT:C35195	NCIT:C211945
NCIT:C35195	NCIT:C34353
NCIT:C35195	NCIT:C34505
NCIT:C35195	NCIT:C35704
NCIT:C35196	NCIT:C34543
NCIT:C35197	NCIT:C211944
NCIT:C35197	NCIT:C211946
NCIT:C35197	NCIT:C34508
NCIT:C35198	NCIT:C219755
NCIT:C35198	NCIT:C219756
NCIT:C3520	NCIT:C132260
NCIT:C3520	NCIT:C162469
NCIT:C3520	NCIT:C193432
NCIT:C3520	NCIT:C202914
NCIT:C3520	NCIT:C206205
NCIT:C3520	NCIT:C209277
NCIT:C3520	NCIT:C223532
NCIT:C3520	NCIT:C35815
NCIT:C3520	NCIT:C35816
NCIT:C3520	NCIT:C45741
NCIT:C3520	NCIT:C5370
NCIT:C3520	NCIT:C5527
NCIT:C3520	NCIT:C7008
NCIT:C35206	NCIT:C35202
NCIT:C35206	NCIT:C97055
NCIT:C35209	NCIT:C35639
NCIT:C35210	NCIT:C35329
NCIT:C35212	NCIT:C34356
NCIT:C35213	NCIT:C35587
NCIT:C35218	NCIT:C162578
NCIT:C35218	NCIT:C162579
NCIT:C35218	NCIT:C162581
NCIT:C35218	NCIT:C162592
NCIT:C35218	NCIT:C6377
NCIT:C3522	NCIT:C82970
NCIT:C35228	NCIT:C34379
NCIT:C35228	NCIT:C35262
NCIT:C35228	NCIT:C84646
NCIT:C3524	NCIT:C8407
NCIT:C3525	NCIT:C156280
NCIT:C3525	NCIT:C213517
NCIT:C3525	NCIT:C213654
NCIT:C3525	NCIT:C5945
NCIT:C3525	NCIT:C6791
NCIT:C35254	NCIT:C35198
NCIT:C35254	NCIT:C5354
NCIT:C35259	NCIT:C3008
NCIT:C35259	NCIT:C34467
NCIT:C3526	NCIT:C5944
NCIT:C3526	NCIT:C8396
NCIT:C35261	NCIT:C123725
NCIT:C35261	NCIT:C131867
NCIT:C35263	NCIT:C53646
NCIT:C35268	NCIT:C35652
NCIT:C35268	NCIT:C35653
NCIT:C3527	NCIT:C8397
NCIT:C35270	NCIT:C35182
NCIT:C35270	NCIT:C35184
NCIT:C35271	NCIT:C197942
NCIT:C35271	NCIT:C34647
NCIT:C35274	NCIT:C220019
NCIT:C35274	NCIT:C34912
NCIT:C35277	NCIT:C180730
NCIT:C35277	NCIT:C219975
NCIT:C35279	NCIT:C100070
NCIT:C35279	NCIT:C38003
NCIT:C35279	NCIT:C98886
NCIT:C3528	NCIT:C8394
NCIT:C35281	NCIT:C158970
NCIT:C35284	NCIT:C34926
NCIT:C35284	NCIT:C35140
NCIT:C35284	NCIT:C35273
NCIT:C35284	NCIT:C35413
NCIT:C35284	NCIT:C35426
NCIT:C35284	NCIT:C35492
NCIT:C35284	NCIT:C35614
NCIT:C35284	NCIT:C35670
NCIT:C35284	NCIT:C85490
NCIT:C3529	NCIT:C35177
NCIT:C3529	NCIT:C8395
NCIT:C35296	NCIT:C217401
NCIT:C35296	NCIT:C220100
NCIT:C35296	NCIT:C34856
NCIT:C3530	NCIT:C3528
NCIT:C3530	NCIT:C3529
NCIT:C3530	NCIT:C6749
NCIT:C3530	NCIT:C8463
NCIT:C35302	NCIT:C171553
NCIT:C35302	NCIT:C26761
NCIT:C35302	NCIT:C34576
NCIT:C35302	NCIT:C34579
NCIT:C35302	NCIT:C34823
NCIT:C35302	NCIT:C35383
NCIT:C35302	NCIT:C35796
NCIT:C35302	NCIT:C84762
NCIT:C35302	NCIT:C85171
NCIT:C35313	NCIT:C34874
NCIT:C35313	NCIT:C34999
NCIT:C35317	NCIT:C100020
NCIT:C35317	NCIT:C100023
NCIT:C35317	NCIT:C101253
NCIT:C35317	NCIT:C101254
NCIT:C35317	NCIT:C102954
NCIT:C35317	NCIT:C34391
NCIT:C35317	NCIT:C34398
NCIT:C35317	NCIT:C34399
NCIT:C35317	NCIT:C3444
NCIT:C35317	NCIT:C35318
NCIT:C35317	NCIT:C38146
NCIT:C35317	NCIT:C99704
NCIT:C35317	NCIT:C99997
NCIT:C35318	NCIT:C34773
NCIT:C35318	NCIT:C34978
NCIT:C35318	NCIT:C35123
NCIT:C35318	NCIT:C35793
NCIT:C35318	NCIT:C78533
NCIT:C35318	NCIT:C93024
NCIT:C3532	NCIT:C150027
NCIT:C3532	NCIT:C150029
NCIT:C35322	NCIT:C219873
NCIT:C35330	NCIT:C27052
NCIT:C35331	NCIT:C157781
NCIT:C35331	NCIT:C157782
NCIT:C35331	NCIT:C157783
NCIT:C35331	NCIT:C3096
NCIT:C35331	NCIT:C34352
NCIT:C35335	NCIT:C27167
NCIT:C35337	NCIT:C121198
NCIT:C35337	NCIT:C121200
NCIT:C35337	NCIT:C123045
NCIT:C35337	NCIT:C123046
NCIT:C35337	NCIT:C123047
NCIT:C35337	NCIT:C123048
NCIT:C35337	NCIT:C123049
NCIT:C35337	NCIT:C128145
NCIT:C35338	NCIT:C35605
NCIT:C35342	NCIT:C215170
NCIT:C35342	NCIT:C6262
NCIT:C35345	NCIT:C131666
NCIT:C35346	NCIT:C26821
NCIT:C35346	NCIT:C35497
NCIT:C35346	NCIT:C99091
NCIT:C3535	NCIT:C150037
NCIT:C3535	NCIT:C152036
NCIT:C3536	NCIT:C3908
NCIT:C3537	NCIT:C136410
NCIT:C3537	NCIT:C179463
NCIT:C3537	NCIT:C213768
NCIT:C3537	NCIT:C4832
NCIT:C3537	NCIT:C7352
NCIT:C3537	NCIT:C7353
NCIT:C3537	NCIT:C9338
NCIT:C35370	NCIT:C35501
NCIT:C35373	NCIT:C128410
NCIT:C35373	NCIT:C128425
NCIT:C35373	NCIT:C128426
NCIT:C35373	NCIT:C128427
NCIT:C35373	NCIT:C34971
NCIT:C35373	NCIT:C34976
NCIT:C35373	NCIT:C84689
NCIT:C35374	NCIT:C35591
NCIT:C35374	NCIT:C35624
NCIT:C35374	NCIT:C35660
NCIT:C3538	NCIT:C126356
NCIT:C3538	NCIT:C159507
NCIT:C3538	NCIT:C179562
NCIT:C3538	NCIT:C183137
NCIT:C3538	NCIT:C217655
NCIT:C3538	NCIT:C40022
NCIT:C3538	NCIT:C4583
NCIT:C3538	NCIT:C9350
NCIT:C3539	NCIT:C185041
NCIT:C3539	NCIT:C185151
NCIT:C3539	NCIT:C225331
NCIT:C3539	NCIT:C48873
NCIT:C3539	NCIT:C7292
NCIT:C3539	NCIT:C7296
NCIT:C3539	NCIT:C80308
NCIT:C35393	NCIT:C220153
NCIT:C35393	NCIT:C34566
NCIT:C35393	NCIT:C35172
NCIT:C3540	NCIT:C9332
NCIT:C35408	NCIT:C3506
NCIT:C35408	NCIT:C35838
NCIT:C3541	NCIT:C6065
NCIT:C3541	NCIT:C6237
NCIT:C3541	NCIT:C6238
NCIT:C35411	NCIT:C34682
NCIT:C35412	NCIT:C128418
NCIT:C35416	NCIT:C4650
NCIT:C35416	NCIT:C5945
NCIT:C35417	NCIT:C128807
NCIT:C35417	NCIT:C134514
NCIT:C35417	NCIT:C134755
NCIT:C35417	NCIT:C148432
NCIT:C35417	NCIT:C156908
NCIT:C35417	NCIT:C172252
NCIT:C35417	NCIT:C174247
NCIT:C35417	NCIT:C41617
NCIT:C35417	NCIT:C41618
NCIT:C35417	NCIT:C41619
NCIT:C35417	NCIT:C41620
NCIT:C35417	NCIT:C43848
NCIT:C35417	NCIT:C96804
NCIT:C35417	NCIT:C96805
NCIT:C35417	NCIT:C96949
NCIT:C3542	NCIT:C6067
NCIT:C35420	NCIT:C34362
NCIT:C35420	NCIT:C34363
NCIT:C35420	NCIT:C34927
NCIT:C35420	NCIT:C35284
NCIT:C35427	NCIT:C139565
NCIT:C3543	NCIT:C6066
NCIT:C35432	NCIT:C35201
NCIT:C35436	NCIT:C34453
NCIT:C3544	NCIT:C4923
NCIT:C35440	NCIT:C131663
NCIT:C35442	NCIT:C26793
NCIT:C35442	NCIT:C3869
NCIT:C35442	NCIT:C4438
NCIT:C35442	NCIT:C96841
NCIT:C35442	NCIT:C96842
NCIT:C35442	NCIT:C96844
NCIT:C35442	NCIT:C96846
NCIT:C35444	NCIT:C128143
NCIT:C3545	NCIT:C4836
NCIT:C3545	NCIT:C5973
NCIT:C35458	NCIT:C21129
NCIT:C35458	NCIT:C21131
NCIT:C35458	NCIT:C3479
NCIT:C35458	NCIT:C3894
NCIT:C35458	NCIT:C93040
NCIT:C3546	NCIT:C5972
NCIT:C35466	NCIT:C61231
NCIT:C35468	NCIT:C34794
NCIT:C35469	NCIT:C131649
NCIT:C3547	NCIT:C188055
NCIT:C3547	NCIT:C188063
NCIT:C3547	NCIT:C213155
NCIT:C3547	NCIT:C213601
NCIT:C3547	NCIT:C3579
NCIT:C3547	NCIT:C45687
NCIT:C3547	NCIT:C45695
NCIT:C3547	NCIT:C45696
NCIT:C3547	NCIT:C7376
NCIT:C35470	NCIT:C27927
NCIT:C35470	NCIT:C34868
NCIT:C35470	NCIT:C35029
NCIT:C35470	NCIT:C35046
NCIT:C35470	NCIT:C35074
NCIT:C35470	NCIT:C35458
NCIT:C35470	NCIT:C97250
NCIT:C35470	NCIT:C99753
NCIT:C35472	NCIT:C131630
NCIT:C35475	NCIT:C34913
NCIT:C35475	NCIT:C34917
NCIT:C35476	NCIT:C34404
NCIT:C35476	NCIT:C35226
NCIT:C3548	NCIT:C4568
NCIT:C3548	NCIT:C4569
NCIT:C3548	NCIT:C4570
NCIT:C3548	NCIT:C4889
NCIT:C3548	NCIT:C5362
NCIT:C3548	NCIT:C5368
NCIT:C3548	NCIT:C5370
NCIT:C3548	NCIT:C5371
NCIT:C3548	NCIT:C5392
NCIT:C3548	NCIT:C7723
NCIT:C35481	NCIT:C34900
NCIT:C35481	NCIT:C99113
NCIT:C35482	NCIT:C34369
NCIT:C35483	NCIT:C35036
NCIT:C35483	NCIT:C35162
NCIT:C3549	NCIT:C183374
NCIT:C3549	NCIT:C213491
NCIT:C3549	NCIT:C3578
NCIT:C3549	NCIT:C45738
NCIT:C3549	NCIT:C45741
NCIT:C3549	NCIT:C6446
NCIT:C3549	NCIT:C6627
NCIT:C3549	NCIT:C6628
NCIT:C3549	NCIT:C6633
NCIT:C3549	NCIT:C6642
NCIT:C35497	NCIT:C35812
NCIT:C35497	NCIT:C3636
NCIT:C3550	NCIT:C9112
NCIT:C35501	NCIT:C27262
NCIT:C35501	NCIT:C27912
NCIT:C35501	NCIT:C3172
NCIT:C35501	NCIT:C3247
NCIT:C35501	NCIT:C4345
NCIT:C35501	NCIT:C4582
NCIT:C35501	NCIT:C7064
NCIT:C35501	NCIT:C7066
NCIT:C35503	NCIT:C180523
NCIT:C35503	NCIT:C34632
NCIT:C35503	NCIT:C78169
NCIT:C35503	NCIT:C78174
NCIT:C35503	NCIT:C78235
NCIT:C35503	NCIT:C78277
NCIT:C35503	NCIT:C78306
NCIT:C35503	NCIT:C78312
NCIT:C35503	NCIT:C78339
NCIT:C35503	NCIT:C78359
NCIT:C35503	NCIT:C78517
NCIT:C35503	NCIT:C78618
NCIT:C35503	NCIT:C80513
NCIT:C35506	NCIT:C4855
NCIT:C35506	NCIT:C9466
NCIT:C35513	NCIT:C35447
NCIT:C35516	NCIT:C3909
NCIT:C35516	NCIT:C3954
NCIT:C35516	NCIT:C3957
NCIT:C35516	NCIT:C4057
NCIT:C35516	NCIT:C4083
NCIT:C35516	NCIT:C5679
NCIT:C35516	NCIT:C96475
NCIT:C3552	NCIT:C223978
NCIT:C3552	NCIT:C5385
NCIT:C3552	NCIT:C61574
NCIT:C3552	NCIT:C9311
NCIT:C35522	NCIT:C34917
NCIT:C35527	NCIT:C116718
NCIT:C35527	NCIT:C116719
NCIT:C35527	NCIT:C197907
NCIT:C35527	NCIT:C35437
NCIT:C3553	NCIT:C9269
NCIT:C35531	NCIT:C99034
NCIT:C3554	NCIT:C7453
NCIT:C35543	NCIT:C96186
NCIT:C35544	NCIT:C191418
NCIT:C35544	NCIT:C27996
NCIT:C35544	NCIT:C34829
NCIT:C35544	NCIT:C34830
NCIT:C35544	NCIT:C34831
NCIT:C35544	NCIT:C53652
NCIT:C35549	NCIT:C119751
NCIT:C3555	NCIT:C8546
NCIT:C3555	NCIT:C8893
NCIT:C35550	NCIT:C113671
NCIT:C35555	NCIT:C5949
NCIT:C35561	NCIT:C121944
NCIT:C35561	NCIT:C122658
NCIT:C35561	NCIT:C122660
NCIT:C35561	NCIT:C122663
NCIT:C35561	NCIT:C157461
NCIT:C35561	NCIT:C205541
NCIT:C35561	NCIT:C220627
NCIT:C35561	NCIT:C220634
NCIT:C35561	NCIT:C220688
NCIT:C35561	NCIT:C3213
NCIT:C35561	NCIT:C3335
NCIT:C35561	NCIT:C48627
NCIT:C35561	NCIT:C75466
NCIT:C35561	NCIT:C84630
NCIT:C35561	NCIT:C84652
NCIT:C35561	NCIT:C84905
NCIT:C35562	NCIT:C3787
NCIT:C35562	NCIT:C4972
NCIT:C3557	NCIT:C9362
NCIT:C35574	NCIT:C35556
NCIT:C35574	NCIT:C36098
NCIT:C35576	NCIT:C34444
NCIT:C35578	NCIT:C35579
NCIT:C35578	NCIT:C96169
NCIT:C3558	NCIT:C192120
NCIT:C3558	NCIT:C8544
NCIT:C35589	NCIT:C220220
NCIT:C3559	NCIT:C179466
NCIT:C35593	NCIT:C34502
NCIT:C35596	NCIT:C118306
NCIT:C35596	NCIT:C172328
NCIT:C35596	NCIT:C202161
NCIT:C35596	NCIT:C85055
NCIT:C35597	NCIT:C85059
NCIT:C35599	NCIT:C34360
NCIT:C35599	NCIT:C35261
NCIT:C3560	NCIT:C156283
NCIT:C3560	NCIT:C179464
NCIT:C3560	NCIT:C6389
NCIT:C3560	NCIT:C7361
NCIT:C3561	NCIT:C7371
NCIT:C35616	NCIT:C211945
NCIT:C35616	NCIT:C211946
NCIT:C35619	NCIT:C34696
NCIT:C3562	NCIT:C118828
NCIT:C3562	NCIT:C208472
NCIT:C3562	NCIT:C208484
NCIT:C3562	NCIT:C213613
NCIT:C3562	NCIT:C216259
NCIT:C3562	NCIT:C217021
NCIT:C3562	NCIT:C219761
NCIT:C3562	NCIT:C6095
NCIT:C3562	NCIT:C6244
NCIT:C3562	NCIT:C8556
NCIT:C35621	NCIT:C34648
NCIT:C35621	NCIT:C35431
NCIT:C35625	NCIT:C140264
NCIT:C35625	NCIT:C35194
NCIT:C3563	NCIT:C175279
NCIT:C3563	NCIT:C175329
NCIT:C3563	NCIT:C175480
NCIT:C3563	NCIT:C6129
NCIT:C35635	NCIT:C34444
NCIT:C3564	NCIT:C174403
NCIT:C3564	NCIT:C174496
NCIT:C3564	NCIT:C175432
NCIT:C3564	NCIT:C175502
NCIT:C3564	NCIT:C4550
NCIT:C35641	NCIT:C35639
NCIT:C35641	NCIT:C35640
NCIT:C35641	NCIT:C35642
NCIT:C35648	NCIT:C165171
NCIT:C35648	NCIT:C8641
NCIT:C3565	NCIT:C4552
NCIT:C3565	NCIT:C4553
NCIT:C3565	NCIT:C4579
NCIT:C3566	NCIT:C175464
NCIT:C3566	NCIT:C4561
NCIT:C3566	NCIT:C8554
NCIT:C35664	NCIT:C219880
NCIT:C35664	NCIT:C35116
NCIT:C35664	NCIT:C35170
NCIT:C35664	NCIT:C35618
NCIT:C35669	NCIT:C78540
NCIT:C35675	NCIT:C7926
NCIT:C35676	NCIT:C7649
NCIT:C3568	NCIT:C153837
NCIT:C3568	NCIT:C153845
NCIT:C3568	NCIT:C155772
NCIT:C3568	NCIT:C155781
NCIT:C3568	NCIT:C162993
NCIT:C3568	NCIT:C175550
NCIT:C3568	NCIT:C187207
NCIT:C3568	NCIT:C3813
NCIT:C3568	NCIT:C4318
NCIT:C3568	NCIT:C4533
NCIT:C3568	NCIT:C4769
NCIT:C3568	NCIT:C4954
NCIT:C3568	NCIT:C4964
NCIT:C3568	NCIT:C4966
NCIT:C3568	NCIT:C5115
NCIT:C3568	NCIT:C5154
NCIT:C3568	NCIT:C5403
NCIT:C3568	NCIT:C5442
NCIT:C3568	NCIT:C5817
NCIT:C3568	NCIT:C7008
NCIT:C35686	NCIT:C150672
NCIT:C35686	NCIT:C27233
NCIT:C35686	NCIT:C27936
NCIT:C35686	NCIT:C4991
NCIT:C35689	NCIT:C175431
NCIT:C35689	NCIT:C175482
NCIT:C35689	NCIT:C44960
NCIT:C3569	NCIT:C115201
NCIT:C3569	NCIT:C3222
NCIT:C3569	NCIT:C5270
NCIT:C35690	NCIT:C175432
NCIT:C35690	NCIT:C9184
NCIT:C35691	NCIT:C35416
NCIT:C35691	NCIT:C40409
NCIT:C35691	NCIT:C8025
NCIT:C35692	NCIT:C35693
NCIT:C35697	NCIT:C181714
NCIT:C3570	NCIT:C5097
NCIT:C3570	NCIT:C7446
NCIT:C3570	NCIT:C8550
NCIT:C3570	NCIT:C94764
NCIT:C35702	NCIT:C173576
NCIT:C35702	NCIT:C201781
NCIT:C35702	NCIT:C201786
NCIT:C35703	NCIT:C210717
NCIT:C35703	NCIT:C5956
NCIT:C3571	NCIT:C170941
NCIT:C3571	NCIT:C4539
NCIT:C3571	NCIT:C4768
NCIT:C3571	NCIT:C6995
NCIT:C35714	NCIT:C27558
NCIT:C35714	NCIT:C35288
NCIT:C35714	NCIT:C35715
NCIT:C35714	NCIT:C35717
NCIT:C35714	NCIT:C35806
NCIT:C35719	NCIT:C121207
NCIT:C35719	NCIT:C26764
NCIT:C35719	NCIT:C27615
NCIT:C35719	NCIT:C34697
NCIT:C35719	NCIT:C34968
NCIT:C35719	NCIT:C35621
NCIT:C35719	NCIT:C35720
NCIT:C35719	NCIT:C3889
NCIT:C35719	NCIT:C50791
NCIT:C35719	NCIT:C78512
NCIT:C35719	NCIT:C78526
NCIT:C35719	NCIT:C78716
NCIT:C35719	NCIT:C83816
NCIT:C35719	NCIT:C84353
NCIT:C3572	NCIT:C186494
NCIT:C3572	NCIT:C215130
NCIT:C3572	NCIT:C4585
NCIT:C3572	NCIT:C5152
NCIT:C3572	NCIT:C5157
NCIT:C3572	NCIT:C5158
NCIT:C3572	NCIT:C5406
NCIT:C3572	NCIT:C8605
NCIT:C35720	NCIT:C35083
NCIT:C35720	NCIT:C35176
NCIT:C35720	NCIT:C35405
NCIT:C35720	NCIT:C35406
NCIT:C35720	NCIT:C35588
NCIT:C35723	NCIT:C173344
NCIT:C35723	NCIT:C3257
NCIT:C35729	NCIT:C111643
NCIT:C35729	NCIT:C112117
NCIT:C35729	NCIT:C35377
NCIT:C35729	NCIT:C84477
NCIT:C35729	NCIT:C95834
NCIT:C35729	NCIT:C99024
NCIT:C35729	NCIT:C99058
NCIT:C35729	NCIT:C99060
NCIT:C35729	NCIT:C99137
NCIT:C3573	NCIT:C6767
NCIT:C3573	NCIT:C9344
NCIT:C35730	NCIT:C35621
NCIT:C35730	NCIT:C92950
NCIT:C35731	NCIT:C116365
NCIT:C35731	NCIT:C116367
NCIT:C35731	NCIT:C26739
NCIT:C35731	NCIT:C26973
NCIT:C35731	NCIT:C26974
NCIT:C35731	NCIT:C27643
NCIT:C35731	NCIT:C27644
NCIT:C35731	NCIT:C27645
NCIT:C35731	NCIT:C34662
NCIT:C35731	NCIT:C34663
NCIT:C35731	NCIT:C34664
NCIT:C35731	NCIT:C35583
NCIT:C35731	NCIT:C50668
NCIT:C35733	NCIT:C118722
NCIT:C35733	NCIT:C34545
NCIT:C35733	NCIT:C34546
NCIT:C35733	NCIT:C34547
NCIT:C35733	NCIT:C35024
NCIT:C35733	NCIT:C78329
NCIT:C35733	NCIT:C78434
NCIT:C35733	NCIT:C78531
NCIT:C35735	NCIT:C173650
NCIT:C35740	NCIT:C112117
NCIT:C35740	NCIT:C114754
NCIT:C35740	NCIT:C177547
NCIT:C35740	NCIT:C197892
NCIT:C35740	NCIT:C197941
NCIT:C35740	NCIT:C219789
NCIT:C35740	NCIT:C26759
NCIT:C35740	NCIT:C26891
NCIT:C35740	NCIT:C2938
NCIT:C35740	NCIT:C3207
NCIT:C35740	NCIT:C35136
NCIT:C35740	NCIT:C35212
NCIT:C35740	NCIT:C35279
NCIT:C35740	NCIT:C35317
NCIT:C35740	NCIT:C35338
NCIT:C35740	NCIT:C35531
NCIT:C35740	NCIT:C35595
NCIT:C35740	NCIT:C35610
NCIT:C35740	NCIT:C35664
NCIT:C35740	NCIT:C35844
NCIT:C35740	NCIT:C45479
NCIT:C35740	NCIT:C4796
NCIT:C35740	NCIT:C50616
NCIT:C35740	NCIT:C84895
NCIT:C35740	NCIT:C99938
NCIT:C35741	NCIT:C111649
NCIT:C35741	NCIT:C165532
NCIT:C35741	NCIT:C168128
NCIT:C35741	NCIT:C183144
NCIT:C35741	NCIT:C26732
NCIT:C35741	NCIT:C27044
NCIT:C35741	NCIT:C34478
NCIT:C35741	NCIT:C34582
NCIT:C35741	NCIT:C34786
NCIT:C35741	NCIT:C34882
NCIT:C35741	NCIT:C34940
NCIT:C35741	NCIT:C35544
NCIT:C35741	NCIT:C35589
NCIT:C35741	NCIT:C45525
NCIT:C35741	NCIT:C45745
NCIT:C35741	NCIT:C45746
NCIT:C35741	NCIT:C50481
NCIT:C35741	NCIT:C50577
NCIT:C35741	NCIT:C50625
NCIT:C35741	NCIT:C62244
NCIT:C35741	NCIT:C6740
NCIT:C35741	NCIT:C71060
NCIT:C35741	NCIT:C78245
NCIT:C35741	NCIT:C78246
NCIT:C35741	NCIT:C84478
NCIT:C35741	NCIT:C95834
NCIT:C35741	NCIT:C98922
NCIT:C35741	NCIT:C99538
NCIT:C35741	NCIT:C99542
NCIT:C35742	NCIT:C26826
NCIT:C35742	NCIT:C26859
NCIT:C35742	NCIT:C26962
NCIT:C35742	NCIT:C3079
NCIT:C35742	NCIT:C3198
NCIT:C35742	NCIT:C3406
NCIT:C35742	NCIT:C35743
NCIT:C35742	NCIT:C35745
NCIT:C35742	NCIT:C35746
NCIT:C35743	NCIT:C27557
NCIT:C35743	NCIT:C27563
NCIT:C35743	NCIT:C27671
NCIT:C35743	NCIT:C27801
NCIT:C35743	NCIT:C35741
NCIT:C35743	NCIT:C35747
NCIT:C35743	NCIT:C35752
NCIT:C35744	NCIT:C35751
NCIT:C35744	NCIT:C6730
NCIT:C35745	NCIT:C35744
NCIT:C35745	NCIT:C35752
NCIT:C35745	NCIT:C4929
NCIT:C35746	NCIT:C35747
NCIT:C35746	NCIT:C35749
NCIT:C35747	NCIT:C27333
NCIT:C35747	NCIT:C35307
NCIT:C35749	NCIT:C35748
NCIT:C35749	NCIT:C35750
NCIT:C3575	NCIT:C168973
NCIT:C3575	NCIT:C190070
NCIT:C3575	NCIT:C215678
NCIT:C3575	NCIT:C215715
NCIT:C3575	NCIT:C215797
NCIT:C35750	NCIT:C35419
NCIT:C35752	NCIT:C35751
NCIT:C35753	NCIT:C122784
NCIT:C35753	NCIT:C35376
NCIT:C35753	NCIT:C35754
NCIT:C35753	NCIT:C78643
NCIT:C35753	NCIT:C98629
NCIT:C35753	NCIT:C98634
NCIT:C35755	NCIT:C148023
NCIT:C35755	NCIT:C157816
NCIT:C35755	NCIT:C171198
NCIT:C35755	NCIT:C27557
NCIT:C35755	NCIT:C35753
NCIT:C35755	NCIT:C85195
NCIT:C35755	NCIT:C85196
NCIT:C35755	NCIT:C97173
NCIT:C35755	NCIT:C99232
NCIT:C3576	NCIT:C142781
NCIT:C3576	NCIT:C155919
NCIT:C3576	NCIT:C176862
NCIT:C3576	NCIT:C179420
NCIT:C3576	NCIT:C183115
NCIT:C3576	NCIT:C190098
NCIT:C3576	NCIT:C216138
NCIT:C3576	NCIT:C3547
NCIT:C3576	NCIT:C3548
NCIT:C3576	NCIT:C3549
NCIT:C3576	NCIT:C45625
NCIT:C3576	NCIT:C4567
NCIT:C3576	NCIT:C4580
NCIT:C3576	NCIT:C4962
NCIT:C3576	NCIT:C7377
NCIT:C35760	NCIT:C206552
NCIT:C35760	NCIT:C2883
NCIT:C35760	NCIT:C35225
NCIT:C35760	NCIT:C35761
NCIT:C35760	NCIT:C35762
NCIT:C35760	NCIT:C63709
NCIT:C35762	NCIT:C35763
NCIT:C35764	NCIT:C34366
NCIT:C35765	NCIT:C3739
NCIT:C35768	NCIT:C197845
NCIT:C35768	NCIT:C197846
NCIT:C35768	NCIT:C34459
NCIT:C35768	NCIT:C35505
NCIT:C35768	NCIT:C35767
NCIT:C35769	NCIT:C35767
NCIT:C3577	NCIT:C185321
NCIT:C3577	NCIT:C225330
NCIT:C3577	NCIT:C27408
NCIT:C35772	NCIT:C114830
NCIT:C35772	NCIT:C35010
NCIT:C35772	NCIT:C35129
NCIT:C35772	NCIT:C85220
NCIT:C35772	NCIT:C99108
NCIT:C35774	NCIT:C26718
NCIT:C35774	NCIT:C34421
NCIT:C35774	NCIT:C34916
NCIT:C35774	NCIT:C84619
NCIT:C35775	NCIT:C174556
NCIT:C35775	NCIT:C174562
NCIT:C35775	NCIT:C219859
NCIT:C35775	NCIT:C4364
NCIT:C35775	NCIT:C4559
NCIT:C35776	NCIT:C26909
NCIT:C35776	NCIT:C35618
NCIT:C35778	NCIT:C27430
NCIT:C35778	NCIT:C27735
NCIT:C35778	NCIT:C5806
NCIT:C35778	NCIT:C5811
NCIT:C35779	NCIT:C173927
NCIT:C35779	NCIT:C202219
NCIT:C35779	NCIT:C3287
NCIT:C35779	NCIT:C34529
NCIT:C35779	NCIT:C35596
NCIT:C35779	NCIT:C35598
NCIT:C35779	NCIT:C35658
NCIT:C35779	NCIT:C36069
NCIT:C35779	NCIT:C63743
NCIT:C35780	NCIT:C174498
NCIT:C35780	NCIT:C6102
NCIT:C35780	NCIT:C6119
NCIT:C35781	NCIT:C174506
NCIT:C35781	NCIT:C35782
NCIT:C35781	NCIT:C35783
NCIT:C35784	NCIT:C206080
NCIT:C35784	NCIT:C34720
NCIT:C35784	NCIT:C50575
NCIT:C35784	NCIT:C84894
NCIT:C35784	NCIT:C94408
NCIT:C3579	NCIT:C27384
NCIT:C35790	NCIT:C220054
NCIT:C35796	NCIT:C171554
NCIT:C35796	NCIT:C84535
NCIT:C35797	NCIT:C84623
NCIT:C35799	NCIT:C122806
NCIT:C35799	NCIT:C35587
NCIT:C3580	NCIT:C185156
NCIT:C3580	NCIT:C213510
NCIT:C3580	NCIT:C214892
NCIT:C3580	NCIT:C36082
NCIT:C3580	NCIT:C4881
NCIT:C35803	NCIT:C173761
NCIT:C35803	NCIT:C35373
NCIT:C35805	NCIT:C34374
NCIT:C35805	NCIT:C35175
NCIT:C35805	NCIT:C35366
NCIT:C35812	NCIT:C27500
NCIT:C35812	NCIT:C4904
NCIT:C35813	NCIT:C208293
NCIT:C35813	NCIT:C27134
NCIT:C35813	NCIT:C3383
NCIT:C35813	NCIT:C35370
NCIT:C35813	NCIT:C35497
NCIT:C35814	NCIT:C26323
NCIT:C35814	NCIT:C27274
NCIT:C35814	NCIT:C34433
NCIT:C35814	NCIT:C35346
NCIT:C35814	NCIT:C35813
NCIT:C35814	NCIT:C35823
NCIT:C35815	NCIT:C146883
NCIT:C35815	NCIT:C35817
NCIT:C35815	NCIT:C35818
NCIT:C35815	NCIT:C35819
NCIT:C35823	NCIT:C200530
NCIT:C35823	NCIT:C3383
NCIT:C35831	NCIT:C35832
NCIT:C35839	NCIT:C35834
NCIT:C35839	NCIT:C35835
NCIT:C35839	NCIT:C35836
NCIT:C3584	NCIT:C3581
NCIT:C3584	NCIT:C3582
NCIT:C3584	NCIT:C3583
NCIT:C3584	NCIT:C8057
NCIT:C3584	NCIT:C9034
NCIT:C35844	NCIT:C27104
NCIT:C35845	NCIT:C5593
NCIT:C35845	NCIT:C95609
NCIT:C35850	NCIT:C126465
NCIT:C35850	NCIT:C151907
NCIT:C35850	NCIT:C160980
NCIT:C35850	NCIT:C162569
NCIT:C35850	NCIT:C165174
NCIT:C35850	NCIT:C173087
NCIT:C35850	NCIT:C173588
NCIT:C35850	NCIT:C175348
NCIT:C35850	NCIT:C210815
NCIT:C35850	NCIT:C213333
NCIT:C35850	NCIT:C213477
NCIT:C35850	NCIT:C214991
NCIT:C35850	NCIT:C215426
NCIT:C35850	NCIT:C215427
NCIT:C35850	NCIT:C34447
NCIT:C35850	NCIT:C54262
NCIT:C35850	NCIT:C54293
NCIT:C35850	NCIT:C6077
NCIT:C35850	NCIT:C7624
NCIT:C35850	NCIT:C9272
NCIT:C35850	NCIT:C9315
NCIT:C35855	NCIT:C173474
NCIT:C35861	NCIT:C45667
NCIT:C35870	NCIT:C179410
NCIT:C35870	NCIT:C4020
NCIT:C35870	NCIT:C4021
NCIT:C35870	NCIT:C53953
NCIT:C35870	NCIT:C6590
NCIT:C35871	NCIT:C4835
NCIT:C35871	NCIT:C8776
NCIT:C35873	NCIT:C9113
NCIT:C35875	NCIT:C180922
NCIT:C35875	NCIT:C180923
NCIT:C35875	NCIT:C7779
NCIT:C35876	NCIT:C7703
NCIT:C3591	NCIT:C4372
NCIT:C3592	NCIT:C201880
NCIT:C3592	NCIT:C202861
NCIT:C3592	NCIT:C202877
NCIT:C3592	NCIT:C4408
NCIT:C3592	NCIT:C6063
NCIT:C3592	NCIT:C7734
NCIT:C3593	NCIT:C5913
NCIT:C3594	NCIT:C5989
NCIT:C3595	NCIT:C27479
NCIT:C3595	NCIT:C6034
NCIT:C3595	NCIT:C6037
NCIT:C3596	NCIT:C4886
NCIT:C3597	NCIT:C3595
NCIT:C3597	NCIT:C3596
NCIT:C3597	NCIT:C4604
NCIT:C3598	NCIT:C217665
NCIT:C3598	NCIT:C3866
NCIT:C3598	NCIT:C4057
NCIT:C3598	NCIT:C5701
NCIT:C3598	NCIT:C5702
NCIT:C3598	NCIT:C5703
NCIT:C3598	NCIT:C5704
NCIT:C3598	NCIT:C95622
NCIT:C3599	NCIT:C27438
NCIT:C3599	NCIT:C5260
NCIT:C3599	NCIT:C5483
NCIT:C3599	NCIT:C95901
NCIT:C3600	NCIT:C4775
NCIT:C3600	NCIT:C5339
NCIT:C3600	NCIT:C7725
NCIT:C3601	NCIT:C173399
NCIT:C3601	NCIT:C173406
NCIT:C3601	NCIT:C173412
NCIT:C3601	NCIT:C4427
NCIT:C3601	NCIT:C4605
NCIT:C3601	NCIT:C7742
NCIT:C3601	NCIT:C8414
NCIT:C3602	NCIT:C6049
NCIT:C36025	NCIT:C118421
NCIT:C36025	NCIT:C129327
NCIT:C36025	NCIT:C154496
NCIT:C36025	NCIT:C167335
NCIT:C36025	NCIT:C27004
NCIT:C36025	NCIT:C3058
NCIT:C36025	NCIT:C3720
NCIT:C36025	NCIT:C39920
NCIT:C36025	NCIT:C4049
NCIT:C36025	NCIT:C4051
NCIT:C36025	NCIT:C4326
NCIT:C36025	NCIT:C4717
NCIT:C36025	NCIT:C6952
NCIT:C36025	NCIT:C6959
NCIT:C36025	NCIT:C7446
NCIT:C36025	NCIT:C9477
NCIT:C36028	NCIT:C167354
NCIT:C36028	NCIT:C40374
NCIT:C36028	NCIT:C65178
NCIT:C36028	NCIT:C7326
NCIT:C3603	NCIT:C183277
NCIT:C3603	NCIT:C4499
NCIT:C3603	NCIT:C6644
NCIT:C36030	NCIT:C27248
NCIT:C36030	NCIT:C2945
NCIT:C36030	NCIT:C3516
NCIT:C36030	NCIT:C3738
NCIT:C36030	NCIT:C3740
NCIT:C36030	NCIT:C7812
NCIT:C36031	NCIT:C8429
NCIT:C36031	NCIT:C92624
NCIT:C36035	NCIT:C121955
NCIT:C36035	NCIT:C126598
NCIT:C36035	NCIT:C156034
NCIT:C36035	NCIT:C176009
NCIT:C36035	NCIT:C2854
NCIT:C36035	NCIT:C3502
NCIT:C36035	NCIT:C66850
NCIT:C36035	NCIT:C7504
NCIT:C36035	NCIT:C8054
NCIT:C36037	NCIT:C4952
NCIT:C36037	NCIT:C8323
NCIT:C36037	NCIT:C8576
NCIT:C36037	NCIT:C9176
NCIT:C3604	NCIT:C6445
NCIT:C3604	NCIT:C6593
NCIT:C3604	NCIT:C6631
NCIT:C3604	NCIT:C6632
NCIT:C3604	NCIT:C6643
NCIT:C36041	NCIT:C36039
NCIT:C36041	NCIT:C36040
NCIT:C36041	NCIT:C36046
NCIT:C36046	NCIT:C36042
NCIT:C36046	NCIT:C36045
NCIT:C36049	NCIT:C210978
NCIT:C3605	NCIT:C45749
NCIT:C3605	NCIT:C45754
NCIT:C3605	NCIT:C4607
NCIT:C3605	NCIT:C4608
NCIT:C3605	NCIT:C5357
NCIT:C3605	NCIT:C5358
NCIT:C3605	NCIT:C5359
NCIT:C3605	NCIT:C5389
NCIT:C3605	NCIT:C6741
NCIT:C3605	NCIT:C6947
NCIT:C3605	NCIT:C8535
NCIT:C36050	NCIT:C210979
NCIT:C36052	NCIT:C210977
NCIT:C36055	NCIT:C198827
NCIT:C36055	NCIT:C198831
NCIT:C36055	NCIT:C198834
NCIT:C36055	NCIT:C198839
NCIT:C36055	NCIT:C198841
NCIT:C36055	NCIT:C36056
NCIT:C36055	NCIT:C36057
NCIT:C36055	NCIT:C36058
NCIT:C36055	NCIT:C38377
NCIT:C36067	NCIT:C35286
NCIT:C36067	NCIT:C35634
NCIT:C36069	NCIT:C35522
NCIT:C36069	NCIT:C78639
NCIT:C3607	NCIT:C128053
NCIT:C3607	NCIT:C34584
NCIT:C3607	NCIT:C40215
NCIT:C3607	NCIT:C40227
NCIT:C3607	NCIT:C40240
NCIT:C3607	NCIT:C6342
NCIT:C36070	NCIT:C35503
NCIT:C36070	NCIT:C35669
NCIT:C36071	NCIT:C35602
NCIT:C36071	NCIT:C35603
NCIT:C36075	NCIT:C168986
NCIT:C36075	NCIT:C178613
NCIT:C36075	NCIT:C186663
NCIT:C36075	NCIT:C202971
NCIT:C36075	NCIT:C212192
NCIT:C36075	NCIT:C212193
NCIT:C36076	NCIT:C192663
NCIT:C36076	NCIT:C4913
NCIT:C36076	NCIT:C67561
NCIT:C36076	NCIT:C8561
NCIT:C36077	NCIT:C134742
NCIT:C36077	NCIT:C134743
NCIT:C36077	NCIT:C185068
NCIT:C36077	NCIT:C185069
NCIT:C36077	NCIT:C212895
NCIT:C36078	NCIT:C35262
NCIT:C3608	NCIT:C127071
NCIT:C3608	NCIT:C27250
NCIT:C3608	NCIT:C3434
NCIT:C3608	NCIT:C4262
NCIT:C3608	NCIT:C4894
NCIT:C3608	NCIT:C6335
NCIT:C3608	NCIT:C6433
NCIT:C36080	NCIT:C160230
NCIT:C36080	NCIT:C160238
NCIT:C36081	NCIT:C160231
NCIT:C36081	NCIT:C160239
NCIT:C36082	NCIT:C36303
NCIT:C36082	NCIT:C36305
NCIT:C36082	NCIT:C36308
NCIT:C36083	NCIT:C27942
NCIT:C36083	NCIT:C36090
NCIT:C36085	NCIT:C176010
NCIT:C36085	NCIT:C176012
NCIT:C36085	NCIT:C36084
NCIT:C36085	NCIT:C7439
NCIT:C3609	NCIT:C3607
NCIT:C3609	NCIT:C3608
NCIT:C36090	NCIT:C3863
NCIT:C36090	NCIT:C4190
NCIT:C36095	NCIT:C180861
NCIT:C36095	NCIT:C180869
NCIT:C36095	NCIT:C40203
NCIT:C36095	NCIT:C40205
NCIT:C36095	NCIT:C40206
NCIT:C36097	NCIT:C223992
NCIT:C36099	NCIT:C40267
NCIT:C3610	NCIT:C128079
NCIT:C3610	NCIT:C128113
NCIT:C3610	NCIT:C40255
NCIT:C3610	NCIT:C40273
NCIT:C3610	NCIT:C40275
NCIT:C3610	NCIT:C40281
NCIT:C3610	NCIT:C45445
NCIT:C3610	NCIT:C6372
NCIT:C3610	NCIT:C6373
NCIT:C3610	NCIT:C6374
NCIT:C36102	NCIT:C148024
NCIT:C3611	NCIT:C128240
NCIT:C3611	NCIT:C128242
NCIT:C3611	NCIT:C128270
NCIT:C3611	NCIT:C128272
NCIT:C3611	NCIT:C139548
NCIT:C3611	NCIT:C181906
NCIT:C3611	NCIT:C181925
NCIT:C3611	NCIT:C181926
NCIT:C3611	NCIT:C181942
NCIT:C3611	NCIT:C200207
NCIT:C3611	NCIT:C40301
NCIT:C3611	NCIT:C40302
NCIT:C3611	NCIT:C40311
NCIT:C3611	NCIT:C40312
NCIT:C3611	NCIT:C40314
NCIT:C3611	NCIT:C40322
NCIT:C3611	NCIT:C40324
NCIT:C3611	NCIT:C40326
NCIT:C3611	NCIT:C40327
NCIT:C3611	NCIT:C40330
NCIT:C3611	NCIT:C40331
NCIT:C3611	NCIT:C40332
NCIT:C3611	NCIT:C45446
NCIT:C3611	NCIT:C6375
NCIT:C3611	NCIT:C6376
NCIT:C3611	NCIT:C8418
NCIT:C3612	NCIT:C192116
NCIT:C3612	NCIT:C39951
NCIT:C3612	NCIT:C6355
NCIT:C3612	NCIT:C6522
NCIT:C3613	NCIT:C161581
NCIT:C3613	NCIT:C161606
NCIT:C3613	NCIT:C2897
NCIT:C3613	NCIT:C3972
NCIT:C3613	NCIT:C5532
NCIT:C3613	NCIT:C5544
NCIT:C3614	NCIT:C162483
NCIT:C3614	NCIT:C162488
NCIT:C3614	NCIT:C6382
NCIT:C3615	NCIT:C6387
NCIT:C3616	NCIT:C4528
NCIT:C3617	NCIT:C4530
NCIT:C3617	NCIT:C6160
NCIT:C3617	NCIT:C6161
NCIT:C3617	NCIT:C6162
NCIT:C36170	NCIT:C34395
NCIT:C36170	NCIT:C35174
NCIT:C36170	NCIT:C35412
NCIT:C36170	NCIT:C36171
NCIT:C36173	NCIT:C118754
NCIT:C36173	NCIT:C34973
NCIT:C36173	NCIT:C35108
NCIT:C36173	NCIT:C50655
NCIT:C36173	NCIT:C78570
NCIT:C36173	NCIT:C78571
NCIT:C3618	NCIT:C159674
NCIT:C3618	NCIT:C159680
NCIT:C3618	NCIT:C159682
NCIT:C3618	NCIT:C39834
NCIT:C3618	NCIT:C39858
NCIT:C3618	NCIT:C6178
NCIT:C3618	NCIT:C7414
NCIT:C3619	NCIT:C39872
NCIT:C3619	NCIT:C4532
NCIT:C3619	NCIT:C5061
NCIT:C3619	NCIT:C6169
NCIT:C3619	NCIT:C6171
NCIT:C36192	NCIT:C35377
NCIT:C36192	NCIT:C99029
NCIT:C36196	NCIT:C35298
NCIT:C36196	NCIT:C36065
NCIT:C3620	NCIT:C208469
NCIT:C3620	NCIT:C217744
NCIT:C3620	NCIT:C217745
NCIT:C3620	NCIT:C217746
NCIT:C3620	NCIT:C219760
NCIT:C3620	NCIT:C4548
NCIT:C3620	NCIT:C6245
NCIT:C36201	NCIT:C35674
NCIT:C36201	NCIT:C36200
NCIT:C36204	NCIT:C35568
NCIT:C36204	NCIT:C36203
NCIT:C36206	NCIT:C7755
NCIT:C36206	NCIT:C96052
NCIT:C36207	NCIT:C164253
NCIT:C36207	NCIT:C217665
NCIT:C36207	NCIT:C2942
NCIT:C36207	NCIT:C3758
NCIT:C36207	NCIT:C3764
NCIT:C36207	NCIT:C38458
NCIT:C36207	NCIT:C4133
NCIT:C36207	NCIT:C4143
NCIT:C36207	NCIT:C43550
NCIT:C36207	NCIT:C5340
NCIT:C36207	NCIT:C5673
NCIT:C36207	NCIT:C65193
NCIT:C36207	NCIT:C7399
NCIT:C36207	NCIT:C7699
NCIT:C36207	NCIT:C7720
NCIT:C36207	NCIT:C96414
NCIT:C3621	NCIT:C175264
NCIT:C3621	NCIT:C175272
NCIT:C3621	NCIT:C175291
NCIT:C3621	NCIT:C4542
NCIT:C3622	NCIT:C174388
NCIT:C3622	NCIT:C175494
NCIT:C3622	NCIT:C175495
NCIT:C3622	NCIT:C175497
NCIT:C3622	NCIT:C175498
NCIT:C3622	NCIT:C212097
NCIT:C3622	NCIT:C213097
NCIT:C3622	NCIT:C217092
NCIT:C3622	NCIT:C217740
NCIT:C3622	NCIT:C6224
NCIT:C3624	NCIT:C174550
NCIT:C3624	NCIT:C4921
NCIT:C3624	NCIT:C66812
NCIT:C3625	NCIT:C174501
NCIT:C3625	NCIT:C188956
NCIT:C3625	NCIT:C4562
NCIT:C36255	NCIT:C4968
NCIT:C36260	NCIT:C157614
NCIT:C36260	NCIT:C213036
NCIT:C36262	NCIT:C3722
NCIT:C36262	NCIT:C3881
NCIT:C36262	NCIT:C3886
NCIT:C36262	NCIT:C7743
NCIT:C36263	NCIT:C114831
NCIT:C36263	NCIT:C127155
NCIT:C36263	NCIT:C132854
NCIT:C36263	NCIT:C146858
NCIT:C36263	NCIT:C150597
NCIT:C36263	NCIT:C152076
NCIT:C36263	NCIT:C153279
NCIT:C36263	NCIT:C153323
NCIT:C36263	NCIT:C154608
NCIT:C36263	NCIT:C155852
NCIT:C36263	NCIT:C155919
NCIT:C36263	NCIT:C156101
NCIT:C36263	NCIT:C156793
NCIT:C36263	NCIT:C157774
NCIT:C36263	NCIT:C161583
NCIT:C36263	NCIT:C162255
NCIT:C36263	NCIT:C162594
NCIT:C36263	NCIT:C165252
NCIT:C36263	NCIT:C166181
NCIT:C36263	NCIT:C168669
NCIT:C36263	NCIT:C170467
NCIT:C36263	NCIT:C170728
NCIT:C36263	NCIT:C170811
NCIT:C36263	NCIT:C170828
NCIT:C36263	NCIT:C170924
NCIT:C36263	NCIT:C176862
NCIT:C36263	NCIT:C183304
NCIT:C36263	NCIT:C192662
NCIT:C36263	NCIT:C213768
NCIT:C36263	NCIT:C215398
NCIT:C36263	NCIT:C215678
NCIT:C36263	NCIT:C215797
NCIT:C36263	NCIT:C219038
NCIT:C36263	NCIT:C223845
NCIT:C36263	NCIT:C27292
NCIT:C36263	NCIT:C27470
NCIT:C36263	NCIT:C3482
NCIT:C36263	NCIT:C3580
NCIT:C36263	NCIT:C35933
NCIT:C36263	NCIT:C4582
NCIT:C36263	NCIT:C4586
NCIT:C36263	NCIT:C4887
NCIT:C36263	NCIT:C4904
NCIT:C36263	NCIT:C5629
NCIT:C36263	NCIT:C7511
NCIT:C36263	NCIT:C8524
NCIT:C36263	NCIT:C8547
NCIT:C36263	NCIT:C8566
NCIT:C36263	NCIT:C8615
NCIT:C36263	NCIT:C8925
NCIT:C36263	NCIT:C9270
NCIT:C36264	NCIT:C35759
NCIT:C36264	NCIT:C40173
NCIT:C3627	NCIT:C4619
NCIT:C3627	NCIT:C5145
NCIT:C3627	NCIT:C6808
NCIT:C3628	NCIT:C156340
NCIT:C3628	NCIT:C156342
NCIT:C3628	NCIT:C156346
NCIT:C3628	NCIT:C3502
NCIT:C36287	NCIT:C176717
NCIT:C36287	NCIT:C185902
NCIT:C36287	NCIT:C220109
NCIT:C36287	NCIT:C27298
NCIT:C36287	NCIT:C2849
NCIT:C36287	NCIT:C3045
NCIT:C36287	NCIT:C34616
NCIT:C36287	NCIT:C34658
NCIT:C36287	NCIT:C34685
NCIT:C36287	NCIT:C34836
NCIT:C36287	NCIT:C35096
NCIT:C36287	NCIT:C35268
NCIT:C36287	NCIT:C35296
NCIT:C36287	NCIT:C36173
NCIT:C36287	NCIT:C78488
NCIT:C36287	NCIT:C78503
NCIT:C36287	NCIT:C87083
NCIT:C3629	NCIT:C188250
NCIT:C3629	NCIT:C188251
NCIT:C3629	NCIT:C188252
NCIT:C3629	NCIT:C188253
NCIT:C3629	NCIT:C4895
NCIT:C3629	NCIT:C9004
NCIT:C3630	NCIT:C156757
NCIT:C36303	NCIT:C153226
NCIT:C36304	NCIT:C213284
NCIT:C36304	NCIT:C213286
NCIT:C36304	NCIT:C213287
NCIT:C3631	NCIT:C6754
NCIT:C3631	NCIT:C6966
NCIT:C36310	NCIT:C167344
NCIT:C36310	NCIT:C3482
NCIT:C36310	NCIT:C43344
NCIT:C36310	NCIT:C4397
NCIT:C36310	NCIT:C5117
NCIT:C36310	NCIT:C7496
NCIT:C36310	NCIT:C7497
NCIT:C36310	NCIT:C79949
NCIT:C36312	NCIT:C114819
NCIT:C36312	NCIT:C177895
NCIT:C36312	NCIT:C179429
NCIT:C36312	NCIT:C199210
NCIT:C36312	NCIT:C199211
NCIT:C36312	NCIT:C68659
NCIT:C3633	NCIT:C5432
NCIT:C3633	NCIT:C7739
NCIT:C3635	NCIT:C223349
NCIT:C3635	NCIT:C3869
NCIT:C3635	NCIT:C5481
NCIT:C3635	NCIT:C8541
NCIT:C3638	NCIT:C4594
NCIT:C3640	NCIT:C2906
NCIT:C3640	NCIT:C5893
NCIT:C3641	NCIT:C176503
NCIT:C3641	NCIT:C176580
NCIT:C3641	NCIT:C2924
NCIT:C3641	NCIT:C4018
NCIT:C3641	NCIT:C4195
NCIT:C3646	NCIT:C126469
NCIT:C3646	NCIT:C158622
NCIT:C3646	NCIT:C167366
NCIT:C3646	NCIT:C178255
NCIT:C3646	NCIT:C187284
NCIT:C3646	NCIT:C192124
NCIT:C3646	NCIT:C192127
NCIT:C3646	NCIT:C201978
NCIT:C3646	NCIT:C202851
NCIT:C3646	NCIT:C27497
NCIT:C3646	NCIT:C27880
NCIT:C3646	NCIT:C27897
NCIT:C3646	NCIT:C39905
NCIT:C3646	NCIT:C40024
NCIT:C3646	NCIT:C40106
NCIT:C3646	NCIT:C4524
NCIT:C3646	NCIT:C4711
NCIT:C3646	NCIT:C4783
NCIT:C3646	NCIT:C54000
NCIT:C3646	NCIT:C5716
NCIT:C3646	NCIT:C7182
NCIT:C3646	NCIT:C7503
NCIT:C3657	NCIT:C85044
NCIT:C3662	NCIT:C2939
NCIT:C3662	NCIT:C6433
NCIT:C3664	NCIT:C128061
NCIT:C3664	NCIT:C4948
NCIT:C3666	NCIT:C35824
NCIT:C3666	NCIT:C4075
NCIT:C3669	NCIT:C34952
NCIT:C3674	NCIT:C3053
NCIT:C3674	NCIT:C3054
NCIT:C3674	NCIT:C36076
NCIT:C3674	NCIT:C3794
NCIT:C3674	NCIT:C5241
NCIT:C3674	NCIT:C7335
NCIT:C3674	NCIT:C7617
NCIT:C3675	NCIT:C26796
NCIT:C3675	NCIT:C26927
NCIT:C3677	NCIT:C156483
NCIT:C3677	NCIT:C156713
NCIT:C3677	NCIT:C173932
NCIT:C3677	NCIT:C190573
NCIT:C3677	NCIT:C2896
NCIT:C3677	NCIT:C36264
NCIT:C3677	NCIT:C3636
NCIT:C3677	NCIT:C3762
NCIT:C3677	NCIT:C4092
NCIT:C3677	NCIT:C4274
NCIT:C3677	NCIT:C4505
NCIT:C3677	NCIT:C4565
NCIT:C3677	NCIT:C4780
NCIT:C3677	NCIT:C4787
NCIT:C3677	NCIT:C4789
NCIT:C3677	NCIT:C4902
NCIT:C3677	NCIT:C53684
NCIT:C3677	NCIT:C6449
NCIT:C3677	NCIT:C8531
NCIT:C3677	NCIT:C8539
NCIT:C3677	NCIT:C9303
NCIT:C3678	NCIT:C213335
NCIT:C3679	NCIT:C126409
NCIT:C3679	NCIT:C175267
NCIT:C3679	NCIT:C188181
NCIT:C3679	NCIT:C201839
NCIT:C3679	NCIT:C27849
NCIT:C3679	NCIT:C39884
NCIT:C3679	NCIT:C40366
NCIT:C3679	NCIT:C46093
NCIT:C3679	NCIT:C4946
NCIT:C3679	NCIT:C62194
NCIT:C3680	NCIT:C160974
NCIT:C3680	NCIT:C162973
NCIT:C3680	NCIT:C201124
NCIT:C3680	NCIT:C39895
NCIT:C3680	NCIT:C5142
NCIT:C3680	NCIT:C5904
NCIT:C3680	NCIT:C96891
NCIT:C3685	NCIT:C209395
NCIT:C3685	NCIT:C7127
NCIT:C3686	NCIT:C200313
NCIT:C3686	NCIT:C35738
NCIT:C3686	NCIT:C5932
NCIT:C3686	NCIT:C5950
NCIT:C3686	NCIT:C5979
NCIT:C3686	NCIT:C6845
NCIT:C3686	NCIT:C6847
NCIT:C3692	NCIT:C162562
NCIT:C3692	NCIT:C215425
NCIT:C3692	NCIT:C215427
NCIT:C3692	NCIT:C27422
NCIT:C3692	NCIT:C35718
NCIT:C3692	NCIT:C43538
NCIT:C3692	NCIT:C43556
NCIT:C3692	NCIT:C43591
NCIT:C3692	NCIT:C4450
NCIT:C3692	NCIT:C5476
NCIT:C3692	NCIT:C5597
NCIT:C3692	NCIT:C5722
NCIT:C3692	NCIT:C5780
NCIT:C3692	NCIT:C6159
NCIT:C3692	NCIT:C6168
NCIT:C3692	NCIT:C63622
NCIT:C3692	NCIT:C8100
NCIT:C3692	NCIT:C9167
NCIT:C3692	NCIT:C96529
NCIT:C3692	NCIT:C96792
NCIT:C3693	NCIT:C168666
NCIT:C3693	NCIT:C27382
NCIT:C3693	NCIT:C27383
NCIT:C3693	NCIT:C27384
NCIT:C3693	NCIT:C27385
NCIT:C3693	NCIT:C3870
NCIT:C3696	NCIT:C114785
NCIT:C3696	NCIT:C71017
NCIT:C3697	NCIT:C115263
NCIT:C3697	NCIT:C124269
NCIT:C3698	NCIT:C5800
NCIT:C3699	NCIT:C214850
NCIT:C3699	NCIT:C45752
NCIT:C3700	NCIT:C40174
NCIT:C3701	NCIT:C40175
NCIT:C3702	NCIT:C178604
NCIT:C3702	NCIT:C6997
NCIT:C3703	NCIT:C170476
NCIT:C3704	NCIT:C150592
NCIT:C3704	NCIT:C150593
NCIT:C3704	NCIT:C150598
NCIT:C3704	NCIT:C150607
NCIT:C3704	NCIT:C164070
NCIT:C3704	NCIT:C213547
NCIT:C3704	NCIT:C219557
NCIT:C3705	NCIT:C170473
NCIT:C3705	NCIT:C182025
NCIT:C3705	NCIT:C182028
NCIT:C3705	NCIT:C193459
NCIT:C3705	NCIT:C213545
NCIT:C3705	NCIT:C219559
NCIT:C3707	NCIT:C5275
NCIT:C3707	NCIT:C5279
NCIT:C3708	NCIT:C114777
NCIT:C3708	NCIT:C121618
NCIT:C3708	NCIT:C121619
NCIT:C3708	NCIT:C128112
NCIT:C3708	NCIT:C128294
NCIT:C3708	NCIT:C180879
NCIT:C3708	NCIT:C3873
NCIT:C3708	NCIT:C3918
NCIT:C3708	NCIT:C40130
NCIT:C3708	NCIT:C4925
NCIT:C3708	NCIT:C6449
NCIT:C3708	NCIT:C7928
NCIT:C3708	NCIT:C8591
NCIT:C3709	NCIT:C164255
NCIT:C3709	NCIT:C192122
NCIT:C3709	NCIT:C2916
NCIT:C3709	NCIT:C3422
NCIT:C3709	NCIT:C3473
NCIT:C3709	NCIT:C3784
NCIT:C3709	NCIT:C3792
NCIT:C3709	NCIT:C40141
NCIT:C3709	NCIT:C4092
NCIT:C3709	NCIT:C4381
NCIT:C3709	NCIT:C6450
NCIT:C3709	NCIT:C6783
NCIT:C3709	NCIT:C7106
NCIT:C3709	NCIT:C7113
NCIT:C3709	NCIT:C7132
NCIT:C3709	NCIT:C7342
NCIT:C3709	NCIT:C7644
NCIT:C3709	NCIT:C8366
NCIT:C3709	NCIT:C8429
NCIT:C3712	NCIT:C173476
NCIT:C3712	NCIT:C191740
NCIT:C3712	NCIT:C4355
NCIT:C3712	NCIT:C4369
NCIT:C3712	NCIT:C45573
NCIT:C3712	NCIT:C5344
NCIT:C3712	NCIT:C6037
NCIT:C3712	NCIT:C6038
NCIT:C3712	NCIT:C6224
NCIT:C3712	NCIT:C6342
NCIT:C3712	NCIT:C6374
NCIT:C3712	NCIT:C6376
NCIT:C3712	NCIT:C65165
NCIT:C3712	NCIT:C7742
NCIT:C3712	NCIT:C96554
NCIT:C3713	NCIT:C128637
NCIT:C3713	NCIT:C65198
NCIT:C3713	NCIT:C7363
NCIT:C3713	NCIT:C9009
NCIT:C3714	NCIT:C162722
NCIT:C3714	NCIT:C167379
NCIT:C3714	NCIT:C181971
NCIT:C3714	NCIT:C213519
NCIT:C3714	NCIT:C219757
NCIT:C3714	NCIT:C27472
NCIT:C3714	NCIT:C27473
NCIT:C3714	NCIT:C5059
NCIT:C3714	NCIT:C7944
NCIT:C3714	NCIT:C8095
NCIT:C3714	NCIT:C8799
NCIT:C3714	NCIT:C8800
NCIT:C3715	NCIT:C2864
NCIT:C3716	NCIT:C173565
NCIT:C3716	NCIT:C221716
NCIT:C3716	NCIT:C27294
NCIT:C3716	NCIT:C27295
NCIT:C3716	NCIT:C6963
NCIT:C3716	NCIT:C9341
NCIT:C3717	NCIT:C162488
NCIT:C3718	NCIT:C122804
NCIT:C37193	NCIT:C129598
NCIT:C37193	NCIT:C188460
NCIT:C37193	NCIT:C37195
NCIT:C37194	NCIT:C129599
NCIT:C37194	NCIT:C37196
NCIT:C37195	NCIT:C181047
NCIT:C37195	NCIT:C181048
NCIT:C37196	NCIT:C200050
NCIT:C3720	NCIT:C139012
NCIT:C3720	NCIT:C141284
NCIT:C3720	NCIT:C166179
NCIT:C3720	NCIT:C166180
NCIT:C3720	NCIT:C188082
NCIT:C3720	NCIT:C27367
NCIT:C3720	NCIT:C37193
NCIT:C3720	NCIT:C37194
NCIT:C3720	NCIT:C39674
NCIT:C3720	NCIT:C39675
NCIT:C3720	NCIT:C39676
NCIT:C3720	NCIT:C5322
NCIT:C3720	NCIT:C5636
NCIT:C3720	NCIT:C6860
NCIT:C3720	NCIT:C7206
NCIT:C3720	NCIT:C7207
NCIT:C3720	NCIT:C7208
NCIT:C3720	NCIT:C8658
NCIT:C3720	NCIT:C9250
NCIT:C3720	NCIT:C9470
NCIT:C37201	NCIT:C37202
NCIT:C37201	NCIT:C37203
NCIT:C37204	NCIT:C37205
NCIT:C37204	NCIT:C37206
NCIT:C3721	NCIT:C139014
NCIT:C3721	NCIT:C139015
NCIT:C3721	NCIT:C139017
NCIT:C3721	NCIT:C7197
NCIT:C3721	NCIT:C7198
NCIT:C3721	NCIT:C7199
NCIT:C37212	NCIT:C190027
NCIT:C3722	NCIT:C3952
NCIT:C3723	NCIT:C3205
NCIT:C3723	NCIT:C6524
NCIT:C3723	NCIT:C8373
NCIT:C3725	NCIT:C38153
NCIT:C3725	NCIT:C4370
NCIT:C37257	NCIT:C48614
NCIT:C3726	NCIT:C179925
NCIT:C3726	NCIT:C40231
NCIT:C3726	NCIT:C6338
NCIT:C3726	NCIT:C6895
NCIT:C37261	NCIT:C150367
NCIT:C37261	NCIT:C150368
NCIT:C37261	NCIT:C150369
NCIT:C37263	NCIT:C37264
NCIT:C37263	NCIT:C37265
NCIT:C37266	NCIT:C140418
NCIT:C37266	NCIT:C3644
NCIT:C3727	NCIT:C118630
NCIT:C3727	NCIT:C159248
NCIT:C3727	NCIT:C174402
NCIT:C3727	NCIT:C213477
NCIT:C3727	NCIT:C215423
NCIT:C3727	NCIT:C27421
NCIT:C3727	NCIT:C40361
NCIT:C3727	NCIT:C43535
NCIT:C3727	NCIT:C43589
NCIT:C3727	NCIT:C54250
NCIT:C3727	NCIT:C5474
NCIT:C3727	NCIT:C5538
NCIT:C3727	NCIT:C5721
NCIT:C3727	NCIT:C5778
NCIT:C3727	NCIT:C6458
NCIT:C3727	NCIT:C7356
NCIT:C3727	NCIT:C9133
NCIT:C3727	NCIT:C97046
NCIT:C3728	NCIT:C142854
NCIT:C3728	NCIT:C161838
NCIT:C3728	NCIT:C189923
NCIT:C3728	NCIT:C189927
NCIT:C3728	NCIT:C189929
NCIT:C3728	NCIT:C192216
NCIT:C3728	NCIT:C213350
NCIT:C3728	NCIT:C213351
NCIT:C3728	NCIT:C7097
NCIT:C3728	NCIT:C8641
NCIT:C3728	NCIT:C8642
NCIT:C3728	NCIT:C8643
NCIT:C3729	NCIT:C121787
NCIT:C3729	NCIT:C123848
NCIT:C3729	NCIT:C146861
NCIT:C3729	NCIT:C165723
NCIT:C3729	NCIT:C167346
NCIT:C3729	NCIT:C173094
NCIT:C3729	NCIT:C3267
NCIT:C3729	NCIT:C34448
NCIT:C3729	NCIT:C37265
NCIT:C3729	NCIT:C3756
NCIT:C3729	NCIT:C40035
NCIT:C3729	NCIT:C40228
NCIT:C3729	NCIT:C40276
NCIT:C3729	NCIT:C4275
NCIT:C3729	NCIT:C4397
NCIT:C3729	NCIT:C6311
NCIT:C3729	NCIT:C6347
NCIT:C3729	NCIT:C66777
NCIT:C3729	NCIT:C6959
NCIT:C3729	NCIT:C7016
NCIT:C3729	NCIT:C7683
NCIT:C3729	NCIT:C8025
NCIT:C3729	NCIT:C8114
NCIT:C3729	NCIT:C9010
NCIT:C3729	NCIT:C9474
NCIT:C3729	NCIT:C97058
NCIT:C37290	NCIT:C126751
NCIT:C37290	NCIT:C129873
NCIT:C37290	NCIT:C201746
NCIT:C37290	NCIT:C201747
NCIT:C37290	NCIT:C54334
NCIT:C37290	NCIT:C54360
NCIT:C3730	NCIT:C3726
NCIT:C3730	NCIT:C40035
NCIT:C3730	NCIT:C8975
NCIT:C3730	NCIT:C8984
NCIT:C3730	NCIT:C9474
NCIT:C37308	NCIT:C202604
NCIT:C37308	NCIT:C205635
NCIT:C37308	NCIT:C26918
NCIT:C37308	NCIT:C38145
NCIT:C37308	NCIT:C45434
NCIT:C37308	NCIT:C45435
NCIT:C3733	NCIT:C129538
NCIT:C3733	NCIT:C170478
NCIT:C3733	NCIT:C176255
NCIT:C3733	NCIT:C7449
NCIT:C3734	NCIT:C27485
NCIT:C3734	NCIT:C38151
NCIT:C3734	NCIT:C3888
NCIT:C3737	NCIT:C129534
NCIT:C3737	NCIT:C27374
NCIT:C3737	NCIT:C27375
NCIT:C3737	NCIT:C53493
NCIT:C3738	NCIT:C121931
NCIT:C3738	NCIT:C121933
NCIT:C3738	NCIT:C27477
NCIT:C3739	NCIT:C129549
NCIT:C3739	NCIT:C188974
NCIT:C3739	NCIT:C217740
NCIT:C3739	NCIT:C53963
NCIT:C3739	NCIT:C6492
NCIT:C3739	NCIT:C6801
NCIT:C3740	NCIT:C173900
NCIT:C3742	NCIT:C176943
NCIT:C3742	NCIT:C176944
NCIT:C3742	NCIT:C207047
NCIT:C3742	NCIT:C207048
NCIT:C3743	NCIT:C139547
NCIT:C3743	NCIT:C2977
NCIT:C3743	NCIT:C39812
NCIT:C3743	NCIT:C40405
NCIT:C3744	NCIT:C176045
NCIT:C3744	NCIT:C189339
NCIT:C3744	NCIT:C4271
NCIT:C3744	NCIT:C4272
NCIT:C3744	NCIT:C4273
NCIT:C3744	NCIT:C5194
NCIT:C3745	NCIT:C161585
NCIT:C3745	NCIT:C180979
NCIT:C3745	NCIT:C180980
NCIT:C3745	NCIT:C207033
NCIT:C3745	NCIT:C223048
NCIT:C3745	NCIT:C27370
NCIT:C3745	NCIT:C27371
NCIT:C3746	NCIT:C165671
NCIT:C3746	NCIT:C178459
NCIT:C3746	NCIT:C178465
NCIT:C3746	NCIT:C180546
NCIT:C3746	NCIT:C213485
NCIT:C3746	NCIT:C3737
NCIT:C3746	NCIT:C4023
NCIT:C3746	NCIT:C8300
NCIT:C3747	NCIT:C49110
NCIT:C3747	NCIT:C49111
NCIT:C3747	NCIT:C49115
NCIT:C3748	NCIT:C3958
NCIT:C3748	NCIT:C40170
NCIT:C3748	NCIT:C4518
NCIT:C3749	NCIT:C123731
NCIT:C3749	NCIT:C123732
NCIT:C3749	NCIT:C128273
NCIT:C3749	NCIT:C142880
NCIT:C3749	NCIT:C142881
NCIT:C3749	NCIT:C159669
NCIT:C3749	NCIT:C188070
NCIT:C3749	NCIT:C213586
NCIT:C3749	NCIT:C213588
NCIT:C3749	NCIT:C27492
NCIT:C3749	NCIT:C27493
NCIT:C3749	NCIT:C6247
NCIT:C3749	NCIT:C7958
NCIT:C3750	NCIT:C156273
NCIT:C3750	NCIT:C156276
NCIT:C3750	NCIT:C156277
NCIT:C3750	NCIT:C164078
NCIT:C3750	NCIT:C173809
NCIT:C3750	NCIT:C188034
NCIT:C3750	NCIT:C40225
NCIT:C3750	NCIT:C40320
NCIT:C3750	NCIT:C7943
NCIT:C3750	NCIT:C8092
NCIT:C3750	NCIT:C8796
NCIT:C3750	NCIT:C8797
NCIT:C3750	NCIT:C8798
NCIT:C3751	NCIT:C178217
NCIT:C3751	NCIT:C179359
NCIT:C3751	NCIT:C202851
NCIT:C3751	NCIT:C3158
NCIT:C3751	NCIT:C40176
NCIT:C3751	NCIT:C4480
NCIT:C3751	NCIT:C6510
NCIT:C3752	NCIT:C123847
NCIT:C3752	NCIT:C6341
NCIT:C3752	NCIT:C8108
NCIT:C3752	NCIT:C8880
NCIT:C3754	NCIT:C39911
NCIT:C3754	NCIT:C39985
NCIT:C3756	NCIT:C6351
NCIT:C3756	NCIT:C6442
NCIT:C3758	NCIT:C96758
NCIT:C3758	NCIT:C96759
NCIT:C3758	NCIT:C96760
NCIT:C3758	NCIT:C96761
NCIT:C3759	NCIT:C27393
NCIT:C3759	NCIT:C48447
NCIT:C3759	NCIT:C5932
NCIT:C3759	NCIT:C6042
NCIT:C3760	NCIT:C214974
NCIT:C3760	NCIT:C43342
NCIT:C3760	NCIT:C7565
NCIT:C3761	NCIT:C215001
NCIT:C3761	NCIT:C40311
NCIT:C3762	NCIT:C126331
NCIT:C3762	NCIT:C162476
NCIT:C3762	NCIT:C27250
NCIT:C3762	NCIT:C40129
NCIT:C3762	NCIT:C4499
NCIT:C3762	NCIT:C48319
NCIT:C3762	NCIT:C7354
NCIT:C3762	NCIT:C92187
NCIT:C3764	NCIT:C4135
NCIT:C3764	NCIT:C96478
NCIT:C3765	NCIT:C6536
NCIT:C3766	NCIT:C162566
NCIT:C3766	NCIT:C191768
NCIT:C3766	NCIT:C192142
NCIT:C3766	NCIT:C222815
NCIT:C3766	NCIT:C27414
NCIT:C3766	NCIT:C4033
NCIT:C3766	NCIT:C40365
NCIT:C3766	NCIT:C40368
NCIT:C3766	NCIT:C43605
NCIT:C3766	NCIT:C43848
NCIT:C3766	NCIT:C46094
NCIT:C3766	NCIT:C46096
NCIT:C3766	NCIT:C54664
NCIT:C3766	NCIT:C5754
NCIT:C3766	NCIT:C5775
NCIT:C3768	NCIT:C175290
NCIT:C3768	NCIT:C40367
NCIT:C3768	NCIT:C5596
NCIT:C3768	NCIT:C7977
NCIT:C3768	NCIT:C8013
NCIT:C3769	NCIT:C158421
NCIT:C3769	NCIT:C158610
NCIT:C3769	NCIT:C165260
NCIT:C3769	NCIT:C191769
NCIT:C3769	NCIT:C199146
NCIT:C3769	NCIT:C199149
NCIT:C3769	NCIT:C215411
NCIT:C3769	NCIT:C8943
NCIT:C3770	NCIT:C115433
NCIT:C3770	NCIT:C137862
NCIT:C3770	NCIT:C153075
NCIT:C3770	NCIT:C153079
NCIT:C3770	NCIT:C95582
NCIT:C3770	NCIT:C95583
NCIT:C3771	NCIT:C4018
NCIT:C3771	NCIT:C76328
NCIT:C3771	NCIT:C7950
NCIT:C3772	NCIT:C175339
NCIT:C3772	NCIT:C180878
NCIT:C3772	NCIT:C190272
NCIT:C3772	NCIT:C192223
NCIT:C3772	NCIT:C38762
NCIT:C3772	NCIT:C4472
NCIT:C3772	NCIT:C45544
NCIT:C3772	NCIT:C5166
NCIT:C3772	NCIT:C5343
NCIT:C3772	NCIT:C5862
NCIT:C3772	NCIT:C5908
NCIT:C3772	NCIT:C6018
NCIT:C3772	NCIT:C6091
NCIT:C3772	NCIT:C6457
NCIT:C3772	NCIT:C8177
NCIT:C3772	NCIT:C9463
NCIT:C3773	NCIT:C155869
NCIT:C3773	NCIT:C165253
NCIT:C3773	NCIT:C165742
NCIT:C3773	NCIT:C172806
NCIT:C3773	NCIT:C191977
NCIT:C3773	NCIT:C3915
NCIT:C3773	NCIT:C45569
NCIT:C3773	NCIT:C6875
NCIT:C3774	NCIT:C179208
NCIT:C3774	NCIT:C41619
NCIT:C3774	NCIT:C43543
NCIT:C3774	NCIT:C43554
NCIT:C3774	NCIT:C43586
NCIT:C3774	NCIT:C45514
NCIT:C3774	NCIT:C5175
NCIT:C3774	NCIT:C5250
NCIT:C3774	NCIT:C5535
NCIT:C3774	NCIT:C5720
NCIT:C3774	NCIT:C5745
NCIT:C3774	NCIT:C5776
NCIT:C3774	NCIT:C6163
NCIT:C3774	NCIT:C6656
NCIT:C3774	NCIT:C66717
NCIT:C3775	NCIT:C167381
NCIT:C3775	NCIT:C199637
NCIT:C3775	NCIT:C200062
NCIT:C3775	NCIT:C200065
NCIT:C3775	NCIT:C40310
NCIT:C3775	NCIT:C4114
NCIT:C3775	NCIT:C43326
NCIT:C3775	NCIT:C6938
NCIT:C3776	NCIT:C192128
NCIT:C3776	NCIT:C4026
NCIT:C3776	NCIT:C40354
NCIT:C3776	NCIT:C41246
NCIT:C3776	NCIT:C5511
NCIT:C3776	NCIT:C65204
NCIT:C3777	NCIT:C65204
NCIT:C3777	NCIT:C8377
NCIT:C3778	NCIT:C192125
NCIT:C3778	NCIT:C5724
NCIT:C3778	NCIT:C7978
NCIT:C3778	NCIT:C8377
NCIT:C3779	NCIT:C160818
NCIT:C3779	NCIT:C191679
NCIT:C3779	NCIT:C40289
NCIT:C3779	NCIT:C4452
NCIT:C3779	NCIT:C54342
NCIT:C3780	NCIT:C35735
NCIT:C3780	NCIT:C3779
NCIT:C3780	NCIT:C3878
NCIT:C3780	NCIT:C4107
NCIT:C3780	NCIT:C43537
NCIT:C3780	NCIT:C43590
NCIT:C3780	NCIT:C4450
NCIT:C3780	NCIT:C5161
NCIT:C3780	NCIT:C5651
NCIT:C3780	NCIT:C65173
NCIT:C3780	NCIT:C6875
NCIT:C3781	NCIT:C165465
NCIT:C3781	NCIT:C201742
NCIT:C3781	NCIT:C201743
NCIT:C3781	NCIT:C27420
NCIT:C3781	NCIT:C27678
NCIT:C3781	NCIT:C39832
NCIT:C3781	NCIT:C39874
NCIT:C3781	NCIT:C40190
NCIT:C3781	NCIT:C6325
NCIT:C3781	NCIT:C6383
NCIT:C3781	NCIT:C6982
NCIT:C3781	NCIT:C7470
NCIT:C3781	NCIT:C8174
NCIT:C3781	NCIT:C8188
NCIT:C3782	NCIT:C4630
NCIT:C3782	NCIT:C7346
NCIT:C3782	NCIT:C7670
NCIT:C3782	NCIT:C7673
NCIT:C3783	NCIT:C126476
NCIT:C3783	NCIT:C192123
NCIT:C3783	NCIT:C4177
NCIT:C3783	NCIT:C4180
NCIT:C3783	NCIT:C4511
NCIT:C3783	NCIT:C5712
NCIT:C3784	NCIT:C156767
NCIT:C3784	NCIT:C5950
NCIT:C3785	NCIT:C35834
NCIT:C3785	NCIT:C3863
NCIT:C3786	NCIT:C192144
NCIT:C3786	NCIT:C3762
NCIT:C3786	NCIT:C3765
NCIT:C3786	NCIT:C4456
NCIT:C3786	NCIT:C7633
NCIT:C3786	NCIT:C7635
NCIT:C3786	NCIT:C9351
NCIT:C37864	NCIT:C201054
NCIT:C37864	NCIT:C39574
NCIT:C37864	NCIT:C39577
NCIT:C37869	NCIT:C138013
NCIT:C37869	NCIT:C138014
NCIT:C37869	NCIT:C37870
NCIT:C3787	NCIT:C3059
NCIT:C3787	NCIT:C4747
NCIT:C3787	NCIT:C67155
NCIT:C3787	NCIT:C6965
NCIT:C3787	NCIT:C7061
NCIT:C3787	NCIT:C92624
NCIT:C3788	NCIT:C27362
NCIT:C3788	NCIT:C27363
NCIT:C3789	NCIT:C115384
NCIT:C3789	NCIT:C155772
NCIT:C3789	NCIT:C173174
NCIT:C3789	NCIT:C203511
NCIT:C3789	NCIT:C213636
NCIT:C3789	NCIT:C5435
NCIT:C3789	NCIT:C6853
NCIT:C3789	NCIT:C6854
NCIT:C3790	NCIT:C124271
NCIT:C3790	NCIT:C173530
NCIT:C3790	NCIT:C173531
NCIT:C3790	NCIT:C42057
NCIT:C3790	NCIT:C42058
NCIT:C3790	NCIT:C6594
NCIT:C3790	NCIT:C92629
NCIT:C37913	NCIT:C50749
NCIT:C3792	NCIT:C2929
NCIT:C3792	NCIT:C40195
NCIT:C3792	NCIT:C40242
NCIT:C3792	NCIT:C40283
NCIT:C3792	NCIT:C4742
NCIT:C3792	NCIT:C5028
NCIT:C3792	NCIT:C8334
NCIT:C3793	NCIT:C175334
NCIT:C3793	NCIT:C202583
NCIT:C3793	NCIT:C35835
NCIT:C3793	NCIT:C6192
NCIT:C3793	NCIT:C65165
NCIT:C3793	NCIT:C6871
NCIT:C3794	NCIT:C156943
NCIT:C3794	NCIT:C3070
NCIT:C3794	NCIT:C3188
NCIT:C3794	NCIT:C39950
NCIT:C3794	NCIT:C39976
NCIT:C3794	NCIT:C4862
NCIT:C3794	NCIT:C6358
NCIT:C3794	NCIT:C67561
NCIT:C3795	NCIT:C115623
NCIT:C3796	NCIT:C114968
NCIT:C3796	NCIT:C131209
NCIT:C3796	NCIT:C163962
NCIT:C3796	NCIT:C171013
NCIT:C3796	NCIT:C223621
NCIT:C3796	NCIT:C68701
NCIT:C3797	NCIT:C179423
NCIT:C37979	NCIT:C93045
NCIT:C37979	NCIT:C98979
NCIT:C3798	NCIT:C128050
NCIT:C3798	NCIT:C155987
NCIT:C3798	NCIT:C162584
NCIT:C3798	NCIT:C164312
NCIT:C3798	NCIT:C164313
NCIT:C3798	NCIT:C164314
NCIT:C3798	NCIT:C164316
NCIT:C3798	NCIT:C172624
NCIT:C3798	NCIT:C188064
NCIT:C3798	NCIT:C188073
NCIT:C3798	NCIT:C202878
NCIT:C3798	NCIT:C224696
NCIT:C3798	NCIT:C4748
NCIT:C3798	NCIT:C5367
NCIT:C3798	NCIT:C6560
NCIT:C3798	NCIT:C6561
NCIT:C3798	NCIT:C6626
NCIT:C3798	NCIT:C7814
NCIT:C3798	NCIT:C8094
NCIT:C3798	NCIT:C8822
NCIT:C3798	NCIT:C8823
NCIT:C3798	NCIT:C9026
NCIT:C3798	NCIT:C9030
NCIT:C3798	NCIT:C92185
NCIT:C3798	NCIT:C92186
NCIT:C3798	NCIT:C92647
NCIT:C3799	NCIT:C177323
NCIT:C3799	NCIT:C201129
NCIT:C3799	NCIT:C27256
NCIT:C3799	NCIT:C27257
NCIT:C3799	NCIT:C27478
NCIT:C3799	NCIT:C27479
NCIT:C3800	NCIT:C114923
NCIT:C3800	NCIT:C114926
NCIT:C3800	NCIT:C121941
NCIT:C3800	NCIT:C129536
NCIT:C3800	NCIT:C146858
NCIT:C3800	NCIT:C146988
NCIT:C3800	NCIT:C162581
NCIT:C3800	NCIT:C168723
NCIT:C3800	NCIT:C177552
NCIT:C3800	NCIT:C177553
NCIT:C3800	NCIT:C202655
NCIT:C3800	NCIT:C207025
NCIT:C3800	NCIT:C4453
NCIT:C3800	NCIT:C45695
NCIT:C3800	NCIT:C5362
NCIT:C3800	NCIT:C96846
NCIT:C38003	NCIT:C197946
NCIT:C38003	NCIT:C3410
NCIT:C38003	NCIT:C78558
NCIT:C3801	NCIT:C157450
NCIT:C3801	NCIT:C7007
NCIT:C38011	NCIT:C215369
NCIT:C3802	NCIT:C213201
NCIT:C3802	NCIT:C4633
NCIT:C38029	NCIT:C111646
NCIT:C3803	NCIT:C174452
NCIT:C3803	NCIT:C190283
NCIT:C3803	NCIT:C204910
NCIT:C3803	NCIT:C208328
NCIT:C3803	NCIT:C40240
NCIT:C3803	NCIT:C40282
NCIT:C3803	NCIT:C40332
NCIT:C3803	NCIT:C4241
NCIT:C3803	NCIT:C4496
NCIT:C3804	NCIT:C190287
NCIT:C3804	NCIT:C204789
NCIT:C3804	NCIT:C208328
NCIT:C3804	NCIT:C4229
NCIT:C3808	NCIT:C142849
NCIT:C3808	NCIT:C142858
NCIT:C3808	NCIT:C170828
NCIT:C3808	NCIT:C170829
NCIT:C3808	NCIT:C6586
NCIT:C3808	NCIT:C6906
NCIT:C3808	NCIT:C8715
NCIT:C3809	NCIT:C126771
NCIT:C3809	NCIT:C128041
NCIT:C3809	NCIT:C156485
NCIT:C3809	NCIT:C157130
NCIT:C3809	NCIT:C157131
NCIT:C3809	NCIT:C157743
NCIT:C3809	NCIT:C157758
NCIT:C3809	NCIT:C162460
NCIT:C3809	NCIT:C168973
NCIT:C3809	NCIT:C188218
NCIT:C3809	NCIT:C188222
NCIT:C3809	NCIT:C190075
NCIT:C3809	NCIT:C27721
NCIT:C3809	NCIT:C3308
NCIT:C3809	NCIT:C3773
NCIT:C3809	NCIT:C5169
NCIT:C3809	NCIT:C5237
NCIT:C3809	NCIT:C5545
NCIT:C3809	NCIT:C5670
NCIT:C3810	NCIT:C166354
NCIT:C3810	NCIT:C188963
NCIT:C3810	NCIT:C3055
NCIT:C3810	NCIT:C3377
NCIT:C3810	NCIT:C53684
NCIT:C3810	NCIT:C7059
NCIT:C3810	NCIT:C9118
NCIT:C38109	NCIT:C27538
NCIT:C38109	NCIT:C4346
NCIT:C3811	NCIT:C173690
NCIT:C3811	NCIT:C177721
NCIT:C3811	NCIT:C35675
NCIT:C3811	NCIT:C35837
NCIT:C3811	NCIT:C4410
NCIT:C3811	NCIT:C4762
NCIT:C3811	NCIT:C8025
NCIT:C3811	NCIT:C9272
NCIT:C3812	NCIT:C162595
NCIT:C3812	NCIT:C163975
NCIT:C3812	NCIT:C170961
NCIT:C3812	NCIT:C4039
NCIT:C3812	NCIT:C8099
NCIT:C3812	NCIT:C8100
NCIT:C3812	NCIT:C9181
NCIT:C3813	NCIT:C155786
NCIT:C3813	NCIT:C179206
NCIT:C3813	NCIT:C187211
NCIT:C3813	NCIT:C36301
NCIT:C3813	NCIT:C36304
NCIT:C3813	NCIT:C5057
NCIT:C3813	NCIT:C5816
NCIT:C3813	NCIT:C8550
NCIT:C3814	NCIT:C173916
NCIT:C3814	NCIT:C185039
NCIT:C3814	NCIT:C5399
NCIT:C3814	NCIT:C5400
NCIT:C3814	NCIT:C94754
NCIT:C38150	NCIT:C121790
NCIT:C38150	NCIT:C121791
NCIT:C38150	NCIT:C121792
NCIT:C38150	NCIT:C142783
NCIT:C38150	NCIT:C159673
NCIT:C38150	NCIT:C189000
NCIT:C38150	NCIT:C193458
NCIT:C38150	NCIT:C207262
NCIT:C38150	NCIT:C3204
NCIT:C38150	NCIT:C3725
NCIT:C38150	NCIT:C3734
NCIT:C38150	NCIT:C38154
NCIT:C38150	NCIT:C40180
NCIT:C38151	NCIT:C158032
NCIT:C38156	NCIT:C38157
NCIT:C38156	NCIT:C38158
NCIT:C38159	NCIT:C213805
NCIT:C38159	NCIT:C38160
NCIT:C38159	NCIT:C80290
NCIT:C38160	NCIT:C9016
NCIT:C38161	NCIT:C172844
NCIT:C38161	NCIT:C172850
NCIT:C38161	NCIT:C206293
NCIT:C38161	NCIT:C213744
NCIT:C38161	NCIT:C213746
NCIT:C38161	NCIT:C27235
NCIT:C38161	NCIT:C4339
NCIT:C38161	NCIT:C5688
NCIT:C38161	NCIT:C5766
NCIT:C38161	NCIT:C5789
NCIT:C38162	NCIT:C213745
NCIT:C38162	NCIT:C38161
NCIT:C38162	NCIT:C38163
NCIT:C38162	NCIT:C4636
NCIT:C38162	NCIT:C4949
NCIT:C38162	NCIT:C5513
NCIT:C38162	NCIT:C5687
NCIT:C38162	NCIT:C5714
NCIT:C38162	NCIT:C5734
NCIT:C38162	NCIT:C96952
NCIT:C38163	NCIT:C213747
NCIT:C38163	NCIT:C5638
NCIT:C38163	NCIT:C5689
NCIT:C38164	NCIT:C39905
NCIT:C38164	NCIT:C4064
NCIT:C38164	NCIT:C4596
NCIT:C3817	NCIT:C173085
NCIT:C3817	NCIT:C173104
NCIT:C3819	NCIT:C133731
NCIT:C3819	NCIT:C133732
NCIT:C3819	NCIT:C158962
NCIT:C3819	NCIT:C158963
NCIT:C3819	NCIT:C158964
NCIT:C3819	NCIT:C199391
NCIT:C3819	NCIT:C206389
NCIT:C3819	NCIT:C8299
NCIT:C3826	NCIT:C5681
NCIT:C3826	NCIT:C7034
NCIT:C3826	NCIT:C96052
NCIT:C3827	NCIT:C176253
NCIT:C3827	NCIT:C202613
NCIT:C3827	NCIT:C4729
NCIT:C3827	NCIT:C48961
NCIT:C3828	NCIT:C114987
NCIT:C3828	NCIT:C213914
NCIT:C3828	NCIT:C213916
NCIT:C3828	NCIT:C213917
NCIT:C3829	NCIT:C3401
NCIT:C3829	NCIT:C34467
NCIT:C3829	NCIT:C6525
NCIT:C3829	NCIT:C6532
NCIT:C3830	NCIT:C173897
NCIT:C3830	NCIT:C189025
NCIT:C3830	NCIT:C6714
NCIT:C38342	NCIT:C113664
NCIT:C38342	NCIT:C113665
NCIT:C38342	NCIT:C113667
NCIT:C38342	NCIT:C41249
NCIT:C38342	NCIT:C41251
NCIT:C38342	NCIT:C5726
NCIT:C38342	NCIT:C95508
NCIT:C38342	NCIT:C95510
NCIT:C38342	NCIT:C95512
NCIT:C3841	NCIT:C190019
NCIT:C3841	NCIT:C206690
NCIT:C3842	NCIT:C39858
NCIT:C3842	NCIT:C4528
NCIT:C3842	NCIT:C5061
NCIT:C3842	NCIT:C6160
NCIT:C3842	NCIT:C6192
NCIT:C3844	NCIT:C134660
NCIT:C3844	NCIT:C162753
NCIT:C3844	NCIT:C162754
NCIT:C3844	NCIT:C175214
NCIT:C3844	NCIT:C212898
NCIT:C3844	NCIT:C4008
NCIT:C3844	NCIT:C5838
NCIT:C3844	NCIT:C7356
NCIT:C3844	NCIT:C7649
NCIT:C3844	NCIT:C7890
NCIT:C3844	NCIT:C90512
NCIT:C3844	NCIT:C91229
NCIT:C3844	NCIT:C9166
NCIT:C3844	NCIT:C9167
NCIT:C3844	NCIT:C9170
NCIT:C3844	NCIT:C96888
NCIT:C3844	NCIT:C96919
NCIT:C3844	NCIT:C96927
NCIT:C38458	NCIT:C43549
NCIT:C38458	NCIT:C5674
NCIT:C38458	NCIT:C96466
NCIT:C3850	NCIT:C173813
NCIT:C3850	NCIT:C210165
NCIT:C3850	NCIT:C5721
NCIT:C3850	NCIT:C5722
NCIT:C3850	NCIT:C8294
NCIT:C38504	NCIT:C27021
NCIT:C38504	NCIT:C27053
NCIT:C38504	NCIT:C27147
NCIT:C3853	NCIT:C26887
NCIT:C3853	NCIT:C78170
NCIT:C3853	NCIT:C78313
NCIT:C3853	NCIT:C78409
NCIT:C3853	NCIT:C78613
NCIT:C3853	NCIT:C79575
NCIT:C3860	NCIT:C175437
NCIT:C3860	NCIT:C185071
NCIT:C3860	NCIT:C5777
NCIT:C3860	NCIT:C5778
NCIT:C3860	NCIT:C5780
NCIT:C3860	NCIT:C5862
NCIT:C3860	NCIT:C7109
NCIT:C3860	NCIT:C7891
NCIT:C3860	NCIT:C7892
NCIT:C3860	NCIT:C7893
NCIT:C3860	NCIT:C7975
NCIT:C3860	NCIT:C8640
NCIT:C3860	NCIT:C96939
NCIT:C3860	NCIT:C96956
NCIT:C3860	NCIT:C96959
NCIT:C3862	NCIT:C176503
NCIT:C3862	NCIT:C176504
NCIT:C3862	NCIT:C36106
NCIT:C3863	NCIT:C27944
NCIT:C3863	NCIT:C36087
NCIT:C3863	NCIT:C36088
NCIT:C3863	NCIT:C36089
NCIT:C3863	NCIT:C5201
NCIT:C3864	NCIT:C128171
NCIT:C3864	NCIT:C172682
NCIT:C3864	NCIT:C216212
NCIT:C3864	NCIT:C43577
NCIT:C3864	NCIT:C96464
NCIT:C3864	NCIT:C96479
NCIT:C3867	NCIT:C115429
NCIT:C3867	NCIT:C139983
NCIT:C3867	NCIT:C152047
NCIT:C3867	NCIT:C156063
NCIT:C3867	NCIT:C157621
NCIT:C3867	NCIT:C160873
NCIT:C3867	NCIT:C170969
NCIT:C3867	NCIT:C40104
NCIT:C3867	NCIT:C40455
NCIT:C3867	NCIT:C6265
NCIT:C3867	NCIT:C6278
NCIT:C3867	NCIT:C6281
NCIT:C3867	NCIT:C6282
NCIT:C3867	NCIT:C90499
NCIT:C3867	NCIT:C91219
NCIT:C3868	NCIT:C123906
NCIT:C3868	NCIT:C128460
NCIT:C3868	NCIT:C211871
NCIT:C3868	NCIT:C211872
NCIT:C3868	NCIT:C211873
NCIT:C3868	NCIT:C27716
NCIT:C3868	NCIT:C27792
NCIT:C3868	NCIT:C27793
NCIT:C3868	NCIT:C3486
NCIT:C3868	NCIT:C35778
NCIT:C3868	NCIT:C53998
NCIT:C3868	NCIT:C53999
NCIT:C3868	NCIT:C54000
NCIT:C3869	NCIT:C190019
NCIT:C3869	NCIT:C96839
NCIT:C3869	NCIT:C96840
NCIT:C3871	NCIT:C132816
NCIT:C3871	NCIT:C148434
NCIT:C3871	NCIT:C156079
NCIT:C3871	NCIT:C165176
NCIT:C3871	NCIT:C167265
NCIT:C3871	NCIT:C173340
NCIT:C3871	NCIT:C190276
NCIT:C3871	NCIT:C203013
NCIT:C3871	NCIT:C213364
NCIT:C3871	NCIT:C222756
NCIT:C3871	NCIT:C90522
NCIT:C3871	NCIT:C91244
NCIT:C3871	NCIT:C9240
NCIT:C3872	NCIT:C4270
NCIT:C3872	NCIT:C4746
NCIT:C3872	NCIT:C9459
NCIT:C3873	NCIT:C4514
NCIT:C3873	NCIT:C4516
NCIT:C3873	NCIT:C8110
NCIT:C3873	NCIT:C8588
NCIT:C38733	NCIT:C38771
NCIT:C38733	NCIT:C38772
NCIT:C3874	NCIT:C153620
NCIT:C3874	NCIT:C41246
NCIT:C3874	NCIT:C5724
NCIT:C3874	NCIT:C5727
NCIT:C3875	NCIT:C186494
NCIT:C3875	NCIT:C186495
NCIT:C3875	NCIT:C222258
NCIT:C3875	NCIT:C27399
NCIT:C38752	NCIT:C38737
NCIT:C38752	NCIT:C38743
NCIT:C38752	NCIT:C38744
NCIT:C38752	NCIT:C38745
NCIT:C38754	NCIT:C38733
NCIT:C38754	NCIT:C38752
NCIT:C38759	NCIT:C156255
NCIT:C38759	NCIT:C162687
NCIT:C38759	NCIT:C178902
NCIT:C38759	NCIT:C34726
NCIT:C38762	NCIT:C38763
NCIT:C38766	NCIT:C27191
NCIT:C38766	NCIT:C35829
NCIT:C3877	NCIT:C189057
NCIT:C3877	NCIT:C192107
NCIT:C3877	NCIT:C35711
NCIT:C3877	NCIT:C39936
NCIT:C3877	NCIT:C6353
NCIT:C3877	NCIT:C6355
NCIT:C3877	NCIT:C6540
NCIT:C38771	NCIT:C38740
NCIT:C38771	NCIT:C38748
NCIT:C38771	NCIT:C38751
NCIT:C38771	NCIT:C38755
NCIT:C38772	NCIT:C38739
NCIT:C38772	NCIT:C38749
NCIT:C38772	NCIT:C38756
NCIT:C3878	NCIT:C140999
NCIT:C3878	NCIT:C141000
NCIT:C3878	NCIT:C153624
NCIT:C3878	NCIT:C170831
NCIT:C3878	NCIT:C170832
NCIT:C3878	NCIT:C170833
NCIT:C3878	NCIT:C46008
NCIT:C3878	NCIT:C7906
NCIT:C3879	NCIT:C123905
NCIT:C3879	NCIT:C141041
NCIT:C3879	NCIT:C141042
NCIT:C3879	NCIT:C153623
NCIT:C3879	NCIT:C162706
NCIT:C3879	NCIT:C163974
NCIT:C3879	NCIT:C180404
NCIT:C3879	NCIT:C210125
NCIT:C3879	NCIT:C210129
NCIT:C3879	NCIT:C4193
NCIT:C3879	NCIT:C46098
NCIT:C3879	NCIT:C46099
NCIT:C3880	NCIT:C215046
NCIT:C3886	NCIT:C3952
NCIT:C3888	NCIT:C158032
NCIT:C3888	NCIT:C191391
NCIT:C3888	NCIT:C6565
NCIT:C3889	NCIT:C220048
NCIT:C3889	NCIT:C27866
NCIT:C3889	NCIT:C34359
NCIT:C3891	NCIT:C118712
NCIT:C3891	NCIT:C118713
NCIT:C38936	NCIT:C193417
NCIT:C38936	NCIT:C211882
NCIT:C38936	NCIT:C4329
NCIT:C38936	NCIT:C4330
NCIT:C38936	NCIT:C4331
NCIT:C38936	NCIT:C4332
NCIT:C38936	NCIT:C4333
NCIT:C38936	NCIT:C4718
NCIT:C38936	NCIT:C4720
NCIT:C38936	NCIT:C4721
NCIT:C38936	NCIT:C5133
NCIT:C38936	NCIT:C6907
NCIT:C38936	NCIT:C71299
NCIT:C38936	NCIT:C71300
NCIT:C38937	NCIT:C219625
NCIT:C38937	NCIT:C4722
NCIT:C38937	NCIT:C4723
NCIT:C38937	NCIT:C6908
NCIT:C38937	NCIT:C71301
NCIT:C38937	NCIT:C71304
NCIT:C38938	NCIT:C213648
NCIT:C38938	NCIT:C219626
NCIT:C38938	NCIT:C3904
NCIT:C38938	NCIT:C4051
NCIT:C38938	NCIT:C6909
NCIT:C38938	NCIT:C71303
NCIT:C38938	NCIT:C71305
NCIT:C3894	NCIT:C205836
NCIT:C3894	NCIT:C34445
NCIT:C3894	NCIT:C34492
NCIT:C3894	NCIT:C34657
NCIT:C3894	NCIT:C34694
NCIT:C3894	NCIT:C54203
NCIT:C3895	NCIT:C171267
NCIT:C3895	NCIT:C171268
NCIT:C3898	NCIT:C123394
NCIT:C3898	NCIT:C141260
NCIT:C3898	NCIT:C172844
NCIT:C3898	NCIT:C181910
NCIT:C3898	NCIT:C202924
NCIT:C3898	NCIT:C213788
NCIT:C3898	NCIT:C213789
NCIT:C3898	NCIT:C35688
NCIT:C3898	NCIT:C39878
NCIT:C3898	NCIT:C45380
NCIT:C3898	NCIT:C5089
NCIT:C3898	NCIT:C5090
NCIT:C3898	NCIT:C5264
NCIT:C3898	NCIT:C95991
NCIT:C3899	NCIT:C84747
NCIT:C3901	NCIT:C190286
NCIT:C3901	NCIT:C204787
NCIT:C3903	NCIT:C115195
NCIT:C3903	NCIT:C115250
NCIT:C3903	NCIT:C4050
NCIT:C3903	NCIT:C6959
NCIT:C3903	NCIT:C8271
NCIT:C3903	NCIT:C8272
NCIT:C3904	NCIT:C5270
NCIT:C3904	NCIT:C8293
NCIT:C3908	NCIT:C134863
NCIT:C3908	NCIT:C134864
NCIT:C3908	NCIT:C165172
NCIT:C3908	NCIT:C171326
NCIT:C3908	NCIT:C175436
NCIT:C3908	NCIT:C224862
NCIT:C3908	NCIT:C27417
NCIT:C3908	NCIT:C27418
NCIT:C3908	NCIT:C27419
NCIT:C3908	NCIT:C6650
NCIT:C3908	NCIT:C95984
NCIT:C3908	NCIT:C95986
NCIT:C3909	NCIT:C7417
NCIT:C3909	NCIT:C7720
NCIT:C3915	NCIT:C156457
NCIT:C3915	NCIT:C158911
NCIT:C3915	NCIT:C183127
NCIT:C3915	NCIT:C191853
NCIT:C3915	NCIT:C192014
NCIT:C3915	NCIT:C4917
NCIT:C3917	NCIT:C128073
NCIT:C3917	NCIT:C139657
NCIT:C3917	NCIT:C156065
NCIT:C3917	NCIT:C174509
NCIT:C3917	NCIT:C175434
NCIT:C3917	NCIT:C180915
NCIT:C3917	NCIT:C40260
NCIT:C3917	NCIT:C40261
NCIT:C3917	NCIT:C40262
NCIT:C3917	NCIT:C40264
NCIT:C3917	NCIT:C7860
NCIT:C3917	NCIT:C7981
NCIT:C3917	NCIT:C90347
NCIT:C3917	NCIT:C91204
NCIT:C3918	NCIT:C127077
NCIT:C3918	NCIT:C147005
NCIT:C3918	NCIT:C159227
NCIT:C3918	NCIT:C189045
NCIT:C3918	NCIT:C202977
NCIT:C3918	NCIT:C223542
NCIT:C3918	NCIT:C45636
NCIT:C3918	NCIT:C45761
NCIT:C3918	NCIT:C5461
NCIT:C3918	NCIT:C6437
NCIT:C3918	NCIT:C6447
NCIT:C3918	NCIT:C6448
NCIT:C3918	NCIT:C6751
NCIT:C3918	NCIT:C8881
NCIT:C3918	NCIT:C96849
NCIT:C3935	NCIT:C4709
NCIT:C3937	NCIT:C3924
NCIT:C3937	NCIT:C3945
NCIT:C3937	NCIT:C4088
NCIT:C3937	NCIT:C4393
NCIT:C3937	NCIT:C4674
NCIT:C3937	NCIT:C7582
NCIT:C3937	NCIT:C7583
NCIT:C3937	NCIT:C8371
NCIT:C3938	NCIT:C40463
NCIT:C3938	NCIT:C40464
NCIT:C3940	NCIT:C212097
NCIT:C3940	NCIT:C212098
NCIT:C3944	NCIT:C204976
NCIT:C3944	NCIT:C4234
NCIT:C3944	NCIT:C4498
NCIT:C3944	NCIT:C66754
NCIT:C3944	NCIT:C66755
NCIT:C3948	NCIT:C4693
NCIT:C3954	NCIT:C7699
NCIT:C3954	NCIT:C95767
NCIT:C3955	NCIT:C27436
NCIT:C3955	NCIT:C27437
NCIT:C3957	NCIT:C4435
NCIT:C3957	NCIT:C96554
NCIT:C3957	NCIT:C96693
NCIT:C39574	NCIT:C201052
NCIT:C39574	NCIT:C201053
NCIT:C3959	NCIT:C2899
NCIT:C3959	NCIT:C3196
NCIT:C3959	NCIT:C7655
NCIT:C3959	NCIT:C8614
NCIT:C3959	NCIT:C96853
NCIT:C39644	NCIT:C35464
NCIT:C39644	NCIT:C35685
NCIT:C39644	NCIT:C35794
NCIT:C39658	NCIT:C202116
NCIT:C39658	NCIT:C39659
NCIT:C39658	NCIT:C62580
NCIT:C39749	NCIT:C27838
NCIT:C39749	NCIT:C40152
NCIT:C39749	NCIT:C8028
NCIT:C39750	NCIT:C125890
NCIT:C39750	NCIT:C129293
NCIT:C39750	NCIT:C129296
NCIT:C39750	NCIT:C132902
NCIT:C39750	NCIT:C154335
NCIT:C39750	NCIT:C182019
NCIT:C39750	NCIT:C185178
NCIT:C39750	NCIT:C185180
NCIT:C39750	NCIT:C3796
NCIT:C39750	NCIT:C4325
NCIT:C39755	NCIT:C27397
NCIT:C39755	NCIT:C39753
NCIT:C39755	NCIT:C39758
NCIT:C3978	NCIT:C6857
NCIT:C39783	NCIT:C213038
NCIT:C39784	NCIT:C174023
NCIT:C39784	NCIT:C174026
NCIT:C39789	NCIT:C36260
NCIT:C39789	NCIT:C39790
NCIT:C39789	NCIT:C51302
NCIT:C39789	NCIT:C9222
NCIT:C3981	NCIT:C5420
NCIT:C39819	NCIT:C157770
NCIT:C39823	NCIT:C157751
NCIT:C39824	NCIT:C157766
NCIT:C39824	NCIT:C39825
NCIT:C39824	NCIT:C39826
NCIT:C39827	NCIT:C157768
NCIT:C39828	NCIT:C157754
NCIT:C39829	NCIT:C157769
NCIT:C39831	NCIT:C158382
NCIT:C39831	NCIT:C27884
NCIT:C39831	NCIT:C39858
NCIT:C39832	NCIT:C39833
NCIT:C39840	NCIT:C66851
NCIT:C39842	NCIT:C39843
NCIT:C39842	NCIT:C39844
NCIT:C39842	NCIT:C39845
NCIT:C39844	NCIT:C169043
NCIT:C39850	NCIT:C6149
NCIT:C39850	NCIT:C6193
NCIT:C39850	NCIT:C7517
NCIT:C39850	NCIT:C7518
NCIT:C39851	NCIT:C126307
NCIT:C39851	NCIT:C150513
NCIT:C39851	NCIT:C158586
NCIT:C39851	NCIT:C165702
NCIT:C39851	NCIT:C177531
NCIT:C39851	NCIT:C180609
NCIT:C39851	NCIT:C188032
NCIT:C39851	NCIT:C205286
NCIT:C39851	NCIT:C27634
NCIT:C39851	NCIT:C27885
NCIT:C39851	NCIT:C39844
NCIT:C39851	NCIT:C7383
NCIT:C39852	NCIT:C27883
NCIT:C39852	NCIT:C39854
NCIT:C39852	NCIT:C4030
NCIT:C39853	NCIT:C164252
NCIT:C39853	NCIT:C191678
NCIT:C39853	NCIT:C191679
NCIT:C39853	NCIT:C191680
NCIT:C39853	NCIT:C191681
NCIT:C39853	NCIT:C191682
NCIT:C39853	NCIT:C191683
NCIT:C39853	NCIT:C191684
NCIT:C39853	NCIT:C191685
NCIT:C39853	NCIT:C191686
NCIT:C39853	NCIT:C191687
NCIT:C39853	NCIT:C191688
NCIT:C39853	NCIT:C191725
NCIT:C39853	NCIT:C191728
NCIT:C39853	NCIT:C191730
NCIT:C39853	NCIT:C191734
NCIT:C39853	NCIT:C217731
NCIT:C39853	NCIT:C27885
NCIT:C39853	NCIT:C39879
NCIT:C39854	NCIT:C158374
NCIT:C39854	NCIT:C191672
NCIT:C39854	NCIT:C3842
NCIT:C39854	NCIT:C4116
NCIT:C39857	NCIT:C39831
NCIT:C39857	NCIT:C7383
NCIT:C39858	NCIT:C39859
NCIT:C39863	NCIT:C180947
NCIT:C39863	NCIT:C180948
NCIT:C39867	NCIT:C39864
NCIT:C39867	NCIT:C39865
NCIT:C39867	NCIT:C39868
NCIT:C39867	NCIT:C39869
NCIT:C39867	NCIT:C39870
NCIT:C39870	NCIT:C39900
NCIT:C39879	NCIT:C217732
NCIT:C39879	NCIT:C217733
NCIT:C39879	NCIT:C6156
NCIT:C39879	NCIT:C6157
NCIT:C39879	NCIT:C6186
NCIT:C3989	NCIT:C188027
NCIT:C3989	NCIT:C188028
NCIT:C3989	NCIT:C188029
NCIT:C3989	NCIT:C6032
NCIT:C3989	NCIT:C6033
NCIT:C39898	NCIT:C39900
NCIT:C39898	NCIT:C39901
NCIT:C3990	NCIT:C84783
NCIT:C39903	NCIT:C158656
NCIT:C39903	NCIT:C158664
NCIT:C39903	NCIT:C186455
NCIT:C39904	NCIT:C39905
NCIT:C39904	NCIT:C5524
NCIT:C39908	NCIT:C161636
NCIT:C39908	NCIT:C161637
NCIT:C39908	NCIT:C161643
NCIT:C39908	NCIT:C161644
NCIT:C3991	NCIT:C101200
NCIT:C3991	NCIT:C27869
NCIT:C3991	NCIT:C99111
NCIT:C39915	NCIT:C3877
NCIT:C39915	NCIT:C6341
NCIT:C39915	NCIT:C7328
NCIT:C39915	NCIT:C7733
NCIT:C39915	NCIT:C8000
NCIT:C3992	NCIT:C5624
NCIT:C3992	NCIT:C7433
NCIT:C39921	NCIT:C39922
NCIT:C39934	NCIT:C192106
NCIT:C39934	NCIT:C7733
NCIT:C39949	NCIT:C162966
NCIT:C39949	NCIT:C39951
NCIT:C39949	NCIT:C39952
NCIT:C3995	NCIT:C7696
NCIT:C39950	NCIT:C3405
NCIT:C39950	NCIT:C39949
NCIT:C39950	NCIT:C7290
NCIT:C39954	NCIT:C3872
NCIT:C39954	NCIT:C39953
NCIT:C39955	NCIT:C39956
NCIT:C39955	NCIT:C8955
NCIT:C39958	NCIT:C3558
NCIT:C39958	NCIT:C3614
NCIT:C39959	NCIT:C159250
NCIT:C3996	NCIT:C150566
NCIT:C3996	NCIT:C150588
NCIT:C39966	NCIT:C2880
NCIT:C39966	NCIT:C39977
NCIT:C39966	NCIT:C7133
NCIT:C39968	NCIT:C39972
NCIT:C3997	NCIT:C198474
NCIT:C3997	NCIT:C209371
NCIT:C3997	NCIT:C209372
NCIT:C3997	NCIT:C6774
NCIT:C39970	NCIT:C126322
NCIT:C39970	NCIT:C39972
NCIT:C39970	NCIT:C39973
NCIT:C39971	NCIT:C126322
NCIT:C39976	NCIT:C4672
NCIT:C39976	NCIT:C67006
NCIT:C39976	NCIT:C67012
NCIT:C39976	NCIT:C7133
NCIT:C39979	NCIT:C39980
NCIT:C39979	NCIT:C39981
NCIT:C3998	NCIT:C162442
NCIT:C39986	NCIT:C102870
NCIT:C39986	NCIT:C8106
NCIT:C39986	NCIT:C8114
NCIT:C3999	NCIT:C8627
NCIT:C3999	NCIT:C8633
NCIT:C39990	NCIT:C8739
NCIT:C39990	NCIT:C8740
NCIT:C39990	NCIT:C8741
NCIT:C39990	NCIT:C8742
NCIT:C39991	NCIT:C6549
NCIT:C39992	NCIT:C39993
NCIT:C39992	NCIT:C39995
NCIT:C39992	NCIT:C7283
NCIT:C39992	NCIT:C8111
NCIT:C39992	NCIT:C8112
NCIT:C39997	NCIT:C39998
NCIT:C39997	NCIT:C39999
NCIT:C39999	NCIT:C40004
NCIT:C40000	NCIT:C40001
NCIT:C40000	NCIT:C40002
NCIT:C40003	NCIT:C40004
NCIT:C40003	NCIT:C40005
NCIT:C40006	NCIT:C40007
NCIT:C40006	NCIT:C40008
NCIT:C40009	NCIT:C40010
NCIT:C40009	NCIT:C40011
NCIT:C4001	NCIT:C158751
NCIT:C4001	NCIT:C181787
NCIT:C4001	NCIT:C8607
NCIT:C40016	NCIT:C40017
NCIT:C40016	NCIT:C40018
NCIT:C40016	NCIT:C40019
NCIT:C40016	NCIT:C40020
NCIT:C4002	NCIT:C162470
NCIT:C4002	NCIT:C185041
NCIT:C4002	NCIT:C185042
NCIT:C4002	NCIT:C185043
NCIT:C4002	NCIT:C185044
NCIT:C4002	NCIT:C193418
NCIT:C4002	NCIT:C202973
NCIT:C4002	NCIT:C223534
NCIT:C40022	NCIT:C115441
NCIT:C40022	NCIT:C140003
NCIT:C40022	NCIT:C140004
NCIT:C40022	NCIT:C152046
NCIT:C40022	NCIT:C157622
NCIT:C40022	NCIT:C160872
NCIT:C40022	NCIT:C162562
NCIT:C40022	NCIT:C162564
NCIT:C40022	NCIT:C167203
NCIT:C40022	NCIT:C170733
NCIT:C40022	NCIT:C170973
NCIT:C40023	NCIT:C126353
NCIT:C40023	NCIT:C126354
NCIT:C40023	NCIT:C156453
NCIT:C40023	NCIT:C171019
NCIT:C40023	NCIT:C171020
NCIT:C40023	NCIT:C171021
NCIT:C40023	NCIT:C7695
NCIT:C40025	NCIT:C67092
NCIT:C40025	NCIT:C7550
NCIT:C40026	NCIT:C40025
NCIT:C40026	NCIT:C40033
NCIT:C40026	NCIT:C40051
NCIT:C40026	NCIT:C40077
NCIT:C40026	NCIT:C4908
NCIT:C40028	NCIT:C40029
NCIT:C40031	NCIT:C40032
NCIT:C40033	NCIT:C40034
NCIT:C40033	NCIT:C5243
NCIT:C40035	NCIT:C40034
NCIT:C40035	NCIT:C40079
NCIT:C40035	NCIT:C67092
NCIT:C40036	NCIT:C122586
NCIT:C40036	NCIT:C40037
NCIT:C40036	NCIT:C40038
NCIT:C40036	NCIT:C66775
NCIT:C40039	NCIT:C40040
NCIT:C40039	NCIT:C4512
NCIT:C4004	NCIT:C153319
NCIT:C4004	NCIT:C154221
NCIT:C4004	NCIT:C154622
NCIT:C4004	NCIT:C165628
NCIT:C4004	NCIT:C167074
NCIT:C4004	NCIT:C192203
NCIT:C4004	NCIT:C198918
NCIT:C4004	NCIT:C43527
NCIT:C4004	NCIT:C9159
NCIT:C40040	NCIT:C40041
NCIT:C4005	NCIT:C114451
NCIT:C4005	NCIT:C114926
NCIT:C4005	NCIT:C148029
NCIT:C4005	NCIT:C162702
NCIT:C4005	NCIT:C162703
NCIT:C4005	NCIT:C188453
NCIT:C4005	NCIT:C188981
NCIT:C4005	NCIT:C189032
NCIT:C4005	NCIT:C189269
NCIT:C4005	NCIT:C189870
NCIT:C4005	NCIT:C190070
NCIT:C4005	NCIT:C190098
NCIT:C4005	NCIT:C190121
NCIT:C4005	NCIT:C190125
NCIT:C4005	NCIT:C190575
NCIT:C4005	NCIT:C190578
NCIT:C4005	NCIT:C190623
NCIT:C4005	NCIT:C198027
NCIT:C4005	NCIT:C209277
NCIT:C4005	NCIT:C221716
NCIT:C4005	NCIT:C43223
NCIT:C4005	NCIT:C4989
NCIT:C4005	NCIT:C5165
NCIT:C4005	NCIT:C5640
NCIT:C4005	NCIT:C6541
NCIT:C4005	NCIT:C6586
NCIT:C4005	NCIT:C68744
NCIT:C4005	NCIT:C82339
NCIT:C4005	NCIT:C9233
NCIT:C40051	NCIT:C7979
NCIT:C40051	NCIT:C9192
NCIT:C40065	NCIT:C40063
NCIT:C40065	NCIT:C40066
NCIT:C40069	NCIT:C27289
NCIT:C4007	NCIT:C5337
NCIT:C4007	NCIT:C7231
NCIT:C40072	NCIT:C27287
NCIT:C40072	NCIT:C40075
NCIT:C40076	NCIT:C40077
NCIT:C40076	NCIT:C40080
NCIT:C40076	NCIT:C40084
NCIT:C40077	NCIT:C40078
NCIT:C40077	NCIT:C40079
NCIT:C40078	NCIT:C153618
NCIT:C40078	NCIT:C170944
NCIT:C40078	NCIT:C178680
NCIT:C40078	NCIT:C213136
NCIT:C40078	NCIT:C215214
NCIT:C40078	NCIT:C7980
NCIT:C40080	NCIT:C40081
NCIT:C40081	NCIT:C126308
NCIT:C40081	NCIT:C40083
NCIT:C40084	NCIT:C40085
NCIT:C40085	NCIT:C40086
NCIT:C40090	NCIT:C178669
NCIT:C40090	NCIT:C178671
NCIT:C40090	NCIT:C213145
NCIT:C40093	NCIT:C179207
NCIT:C40099	NCIT:C126449
NCIT:C40099	NCIT:C126456
NCIT:C4010	NCIT:C188949
NCIT:C40101	NCIT:C126479
NCIT:C40101	NCIT:C213446
NCIT:C40101	NCIT:C213448
NCIT:C40101	NCIT:C27838
NCIT:C40101	NCIT:C3778
NCIT:C40101	NCIT:C40023
NCIT:C40101	NCIT:C40099
NCIT:C40101	NCIT:C40152
NCIT:C40101	NCIT:C40201
NCIT:C40101	NCIT:C4182
NCIT:C40101	NCIT:C7550
NCIT:C40102	NCIT:C179738
NCIT:C40102	NCIT:C40099
NCIT:C40102	NCIT:C40107
NCIT:C40102	NCIT:C40113
NCIT:C40103	NCIT:C178668
NCIT:C40103	NCIT:C178670
NCIT:C40104	NCIT:C170757
NCIT:C40104	NCIT:C178674
NCIT:C40105	NCIT:C126449
NCIT:C40106	NCIT:C40107
NCIT:C40106	NCIT:C40108
NCIT:C40106	NCIT:C40110
NCIT:C40109	NCIT:C40103
NCIT:C40109	NCIT:C40108
NCIT:C40111	NCIT:C40110
NCIT:C40111	NCIT:C40115
NCIT:C40111	NCIT:C40124
NCIT:C40111	NCIT:C6279
NCIT:C40113	NCIT:C40114
NCIT:C4012	NCIT:C8752
NCIT:C4012	NCIT:C8756
NCIT:C4012	NCIT:C8762
NCIT:C40124	NCIT:C199462
NCIT:C40124	NCIT:C207057
NCIT:C40124	NCIT:C211521
NCIT:C40126	NCIT:C40125
NCIT:C40126	NCIT:C40127
NCIT:C40126	NCIT:C40128
NCIT:C4013	NCIT:C152077
NCIT:C4013	NCIT:C152078
NCIT:C4013	NCIT:C162594
NCIT:C4013	NCIT:C164198
NCIT:C4013	NCIT:C170467
NCIT:C4013	NCIT:C173097
NCIT:C4013	NCIT:C190121
NCIT:C4013	NCIT:C202625
NCIT:C4013	NCIT:C202914
NCIT:C4013	NCIT:C202921
NCIT:C4013	NCIT:C202973
NCIT:C4013	NCIT:C202983
NCIT:C4013	NCIT:C213903
NCIT:C4013	NCIT:C214952
NCIT:C4013	NCIT:C216139
NCIT:C4013	NCIT:C216960
NCIT:C4013	NCIT:C3562
NCIT:C4013	NCIT:C35850
NCIT:C4013	NCIT:C3811
NCIT:C4013	NCIT:C4769
NCIT:C4013	NCIT:C4940
NCIT:C4013	NCIT:C9316
NCIT:C4013	NCIT:C9337
NCIT:C40130	NCIT:C40131
NCIT:C40133	NCIT:C126493
NCIT:C40133	NCIT:C126498
NCIT:C40133	NCIT:C179927
NCIT:C40133	NCIT:C179928
NCIT:C40133	NCIT:C179931
NCIT:C40135	NCIT:C126479
NCIT:C40135	NCIT:C40137
NCIT:C40135	NCIT:C40138
NCIT:C40135	NCIT:C40139
NCIT:C4014	NCIT:C9376
NCIT:C40141	NCIT:C179548
NCIT:C40141	NCIT:C179927
NCIT:C40144	NCIT:C165290
NCIT:C40144	NCIT:C165291
NCIT:C40144	NCIT:C222638
NCIT:C40144	NCIT:C40149
NCIT:C40144	NCIT:C40150
NCIT:C40144	NCIT:C40151
NCIT:C40145	NCIT:C40144
NCIT:C40145	NCIT:C6287
NCIT:C40148	NCIT:C199156
NCIT:C4015	NCIT:C133504
NCIT:C4015	NCIT:C175220
NCIT:C4015	NCIT:C213367
NCIT:C4015	NCIT:C3813
NCIT:C4015	NCIT:C3814
NCIT:C4015	NCIT:C4585
NCIT:C4015	NCIT:C87797
NCIT:C40153	NCIT:C155819
NCIT:C40153	NCIT:C158379
NCIT:C40153	NCIT:C175599
NCIT:C40154	NCIT:C165284
NCIT:C40154	NCIT:C165288
NCIT:C40154	NCIT:C222643
NCIT:C40156	NCIT:C155817
NCIT:C40156	NCIT:C165298
NCIT:C40156	NCIT:C198705
NCIT:C40157	NCIT:C34519
NCIT:C40157	NCIT:C6992
NCIT:C40157	NCIT:C6993
NCIT:C4016	NCIT:C121933
NCIT:C4016	NCIT:C121941
NCIT:C4016	NCIT:C136610
NCIT:C4016	NCIT:C136612
NCIT:C4016	NCIT:C150524
NCIT:C4016	NCIT:C150525
NCIT:C4016	NCIT:C155790
NCIT:C4016	NCIT:C187448
NCIT:C4016	NCIT:C190578
NCIT:C4016	NCIT:C215033
NCIT:C4016	NCIT:C215184
NCIT:C4016	NCIT:C3580
NCIT:C4016	NCIT:C35871
NCIT:C4016	NCIT:C6620
NCIT:C4016	NCIT:C6724
NCIT:C4016	NCIT:C7644
NCIT:C4016	NCIT:C7812
NCIT:C4016	NCIT:C9312
NCIT:C4017	NCIT:C2924
NCIT:C4017	NCIT:C4194
NCIT:C4017	NCIT:C76326
NCIT:C40176	NCIT:C3434
NCIT:C40176	NCIT:C40177
NCIT:C40176	NCIT:C6340
NCIT:C40177	NCIT:C180540
NCIT:C40177	NCIT:C180541
NCIT:C40177	NCIT:C180542
NCIT:C40179	NCIT:C180545
NCIT:C40179	NCIT:C40176
NCIT:C40179	NCIT:C40178
NCIT:C40179	NCIT:C40180
NCIT:C40179	NCIT:C40217
NCIT:C40179	NCIT:C6339
NCIT:C4018	NCIT:C137839
NCIT:C4018	NCIT:C175949
NCIT:C4018	NCIT:C175950
NCIT:C40180	NCIT:C127071
NCIT:C40180	NCIT:C127072
NCIT:C40181	NCIT:C6311
NCIT:C40181	NCIT:C6335
NCIT:C40183	NCIT:C179743
NCIT:C40184	NCIT:C40183
NCIT:C40184	NCIT:C7105
NCIT:C40192	NCIT:C40191
NCIT:C40192	NCIT:C40194
NCIT:C40195	NCIT:C4028
NCIT:C40195	NCIT:C6342
NCIT:C40195	NCIT:C7346
NCIT:C40195	NCIT:C8421
NCIT:C40196	NCIT:C40199
NCIT:C40197	NCIT:C40198
NCIT:C40197	NCIT:C7347
NCIT:C40210	NCIT:C180860
NCIT:C40210	NCIT:C34584
NCIT:C40210	NCIT:C40215
NCIT:C40210	NCIT:C4029
NCIT:C40210	NCIT:C7673
NCIT:C40216	NCIT:C128053
NCIT:C40216	NCIT:C128054
NCIT:C40216	NCIT:C40218
NCIT:C40217	NCIT:C127005
NCIT:C40217	NCIT:C40219
NCIT:C40217	NCIT:C4262
NCIT:C40217	NCIT:C8972
NCIT:C40218	NCIT:C40222
NCIT:C40218	NCIT:C40224
NCIT:C40219	NCIT:C126998
NCIT:C40219	NCIT:C139882
NCIT:C40219	NCIT:C40223
NCIT:C4022	NCIT:C165535
NCIT:C4022	NCIT:C175435
NCIT:C4022	NCIT:C179427
NCIT:C4022	NCIT:C8781
NCIT:C4022	NCIT:C8782
NCIT:C4022	NCIT:C8783
NCIT:C4022	NCIT:C8784
NCIT:C40226	NCIT:C40227
NCIT:C40226	NCIT:C40228
NCIT:C40227	NCIT:C40230
NCIT:C40227	NCIT:C40231
NCIT:C40228	NCIT:C223981
NCIT:C40228	NCIT:C40229
NCIT:C40231	NCIT:C40232
NCIT:C40231	NCIT:C40233
NCIT:C40231	NCIT:C40234
NCIT:C4024	NCIT:C133442
NCIT:C4024	NCIT:C133443
NCIT:C4024	NCIT:C150029
NCIT:C4024	NCIT:C150032
NCIT:C4024	NCIT:C150037
NCIT:C4024	NCIT:C156075
NCIT:C4024	NCIT:C171606
NCIT:C4024	NCIT:C171608
NCIT:C4024	NCIT:C27420
NCIT:C4024	NCIT:C27680
NCIT:C4024	NCIT:C27928
NCIT:C4024	NCIT:C7032
NCIT:C4024	NCIT:C8633
NCIT:C4024	NCIT:C95608
NCIT:C4024	NCIT:C95610
NCIT:C4024	NCIT:C95611
NCIT:C4024	NCIT:C95612
NCIT:C40241	NCIT:C27622
NCIT:C40241	NCIT:C2939
NCIT:C40241	NCIT:C2940
NCIT:C40242	NCIT:C180915
NCIT:C40242	NCIT:C4521
NCIT:C40242	NCIT:C4947
NCIT:C40242	NCIT:C6374
NCIT:C4025	NCIT:C133400
NCIT:C4025	NCIT:C133411
NCIT:C4025	NCIT:C150027
NCIT:C4025	NCIT:C150031
NCIT:C4025	NCIT:C152036
NCIT:C4025	NCIT:C156074
NCIT:C4025	NCIT:C173162
NCIT:C4025	NCIT:C176892
NCIT:C4025	NCIT:C198615
NCIT:C4025	NCIT:C222802
NCIT:C4025	NCIT:C8627
NCIT:C40250	NCIT:C40255
NCIT:C40250	NCIT:C40256
NCIT:C40250	NCIT:C7981
NCIT:C40252	NCIT:C180945
NCIT:C40252	NCIT:C180946
NCIT:C40256	NCIT:C40258
NCIT:C40256	NCIT:C40259
NCIT:C40260	NCIT:C181028
NCIT:C40265	NCIT:C128079
NCIT:C40265	NCIT:C181936
NCIT:C40265	NCIT:C181940
NCIT:C40265	NCIT:C40269
NCIT:C40265	NCIT:C40273
NCIT:C40265	NCIT:C45445
NCIT:C40265	NCIT:C6372
NCIT:C40265	NCIT:C6373
NCIT:C40265	NCIT:C7737
NCIT:C40268	NCIT:C35556
NCIT:C40268	NCIT:C40267
NCIT:C40269	NCIT:C40271
NCIT:C40269	NCIT:C40272
NCIT:C40274	NCIT:C40275
NCIT:C40274	NCIT:C40276
NCIT:C40275	NCIT:C40280
NCIT:C40276	NCIT:C40277
NCIT:C40276	NCIT:C40278
NCIT:C40276	NCIT:C40279
NCIT:C4028	NCIT:C136649
NCIT:C4028	NCIT:C153388
NCIT:C4028	NCIT:C174025
NCIT:C4028	NCIT:C180839
NCIT:C4028	NCIT:C180841
NCIT:C4028	NCIT:C181034
NCIT:C4028	NCIT:C27676
NCIT:C4028	NCIT:C36094
NCIT:C4028	NCIT:C40187
NCIT:C4028	NCIT:C40188
NCIT:C4028	NCIT:C40189
NCIT:C4028	NCIT:C40190
NCIT:C4028	NCIT:C40193
NCIT:C4028	NCIT:C7347
NCIT:C40281	NCIT:C40282
NCIT:C40283	NCIT:C4052
NCIT:C40283	NCIT:C4382
NCIT:C40283	NCIT:C4756
NCIT:C40283	NCIT:C6375
NCIT:C40283	NCIT:C6376
NCIT:C4029	NCIT:C127915
NCIT:C4029	NCIT:C136651
NCIT:C4029	NCIT:C153389
NCIT:C4029	NCIT:C174029
NCIT:C4029	NCIT:C180848
NCIT:C4029	NCIT:C180870
NCIT:C4029	NCIT:C181036
NCIT:C4029	NCIT:C27677
NCIT:C4029	NCIT:C36095
NCIT:C4029	NCIT:C36096
NCIT:C4029	NCIT:C4520
NCIT:C40292	NCIT:C128240
NCIT:C40292	NCIT:C200207
NCIT:C40292	NCIT:C40299
NCIT:C40292	NCIT:C40300
NCIT:C40292	NCIT:C40301
NCIT:C40292	NCIT:C40312
NCIT:C40292	NCIT:C6380
NCIT:C4030	NCIT:C126109
NCIT:C4030	NCIT:C150364
NCIT:C4030	NCIT:C150521
NCIT:C4030	NCIT:C157631
NCIT:C4030	NCIT:C180606
NCIT:C4030	NCIT:C213296
NCIT:C4030	NCIT:C39851
NCIT:C4030	NCIT:C39853
NCIT:C4030	NCIT:C39898
NCIT:C4030	NCIT:C4116
NCIT:C4030	NCIT:C6166
NCIT:C4030	NCIT:C7716
NCIT:C40303	NCIT:C128240
NCIT:C40303	NCIT:C40304
NCIT:C40303	NCIT:C40309
NCIT:C40303	NCIT:C40311
NCIT:C40303	NCIT:C40312
NCIT:C40303	NCIT:C40314
NCIT:C40304	NCIT:C128164
NCIT:C40305	NCIT:C40306
NCIT:C4031	NCIT:C157750
NCIT:C4031	NCIT:C203411
NCIT:C4031	NCIT:C27768
NCIT:C4031	NCIT:C39832
NCIT:C4031	NCIT:C39845
NCIT:C4031	NCIT:C4994
NCIT:C4031	NCIT:C8902
NCIT:C4031	NCIT:C8903
NCIT:C4031	NCIT:C8904
NCIT:C4031	NCIT:C8905
NCIT:C4031	NCIT:C8906
NCIT:C40310	NCIT:C199636
NCIT:C40310	NCIT:C200060
NCIT:C40310	NCIT:C200066
NCIT:C40310	NCIT:C206119
NCIT:C40310	NCIT:C43340
NCIT:C40310	NCIT:C43341
NCIT:C40315	NCIT:C114970
NCIT:C40315	NCIT:C156038
NCIT:C40315	NCIT:C211955
NCIT:C40315	NCIT:C215126
NCIT:C40316	NCIT:C128270
NCIT:C40316	NCIT:C128272
NCIT:C40316	NCIT:C181925
NCIT:C40316	NCIT:C181926
NCIT:C40316	NCIT:C181935
NCIT:C40316	NCIT:C181939
NCIT:C40316	NCIT:C181942
NCIT:C40316	NCIT:C40317
NCIT:C40316	NCIT:C40322
NCIT:C40316	NCIT:C40324
NCIT:C40316	NCIT:C40326
NCIT:C40316	NCIT:C40327
NCIT:C40316	NCIT:C45446
NCIT:C40317	NCIT:C176515
NCIT:C40317	NCIT:C181938
NCIT:C40317	NCIT:C181944
NCIT:C40317	NCIT:C181971
NCIT:C40317	NCIT:C181977
NCIT:C40317	NCIT:C40318
NCIT:C40317	NCIT:C40320
NCIT:C40317	NCIT:C40321
NCIT:C4032	NCIT:C159542
NCIT:C4032	NCIT:C203406
NCIT:C4032	NCIT:C203409
NCIT:C4032	NCIT:C39835
NCIT:C4032	NCIT:C39836
NCIT:C4032	NCIT:C39837
NCIT:C4032	NCIT:C39838
NCIT:C4032	NCIT:C39839
NCIT:C4032	NCIT:C39843
NCIT:C4032	NCIT:C4995
NCIT:C4032	NCIT:C6163
NCIT:C4032	NCIT:C6179
NCIT:C4032	NCIT:C8894
NCIT:C4032	NCIT:C8895
NCIT:C4032	NCIT:C8896
NCIT:C4032	NCIT:C8897
NCIT:C4032	NCIT:C8898
NCIT:C4033	NCIT:C153590
NCIT:C4033	NCIT:C162768
NCIT:C4033	NCIT:C164236
NCIT:C4033	NCIT:C165449
NCIT:C4033	NCIT:C205309
NCIT:C4033	NCIT:C223010
NCIT:C4033	NCIT:C35851
NCIT:C4033	NCIT:C35852
NCIT:C4033	NCIT:C35853
NCIT:C4033	NCIT:C35854
NCIT:C4033	NCIT:C36260
NCIT:C4033	NCIT:C36261
NCIT:C40335	NCIT:C128289
NCIT:C40335	NCIT:C40329
NCIT:C40338	NCIT:C40339
NCIT:C40338	NCIT:C40340
NCIT:C4034	NCIT:C8245
NCIT:C40345	NCIT:C7325
NCIT:C40345	NCIT:C7329
NCIT:C40347	NCIT:C212899
NCIT:C40347	NCIT:C40361
NCIT:C40347	NCIT:C6393
NCIT:C4035	NCIT:C123903
NCIT:C4035	NCIT:C126409
NCIT:C4035	NCIT:C126410
NCIT:C4035	NCIT:C126594
NCIT:C4035	NCIT:C140960
NCIT:C4035	NCIT:C140976
NCIT:C4035	NCIT:C153621
NCIT:C4035	NCIT:C156034
NCIT:C4035	NCIT:C156045
NCIT:C4035	NCIT:C156050
NCIT:C4035	NCIT:C156100
NCIT:C4035	NCIT:C165608
NCIT:C4035	NCIT:C174570
NCIT:C4035	NCIT:C187644
NCIT:C4035	NCIT:C35558
NCIT:C4035	NCIT:C35830
NCIT:C4035	NCIT:C37304
NCIT:C4035	NCIT:C46004
NCIT:C4035	NCIT:C46092
NCIT:C4035	NCIT:C46093
NCIT:C4035	NCIT:C46094
NCIT:C4035	NCIT:C46095
NCIT:C4035	NCIT:C7427
NCIT:C4036	NCIT:C130037
NCIT:C4036	NCIT:C27726
NCIT:C40361	NCIT:C40362
NCIT:C40364	NCIT:C47847
NCIT:C40364	NCIT:C47848
NCIT:C40367	NCIT:C153568
NCIT:C4037	NCIT:C214945
NCIT:C4037	NCIT:C214946
NCIT:C4038	NCIT:C176705
NCIT:C4038	NCIT:C176706
NCIT:C4038	NCIT:C177243
NCIT:C4038	NCIT:C177246
NCIT:C4038	NCIT:C45550
NCIT:C4038	NCIT:C45551
NCIT:C40382	NCIT:C40383
NCIT:C40382	NCIT:C40384
NCIT:C40382	NCIT:C40408
NCIT:C40382	NCIT:C62210
NCIT:C40385	NCIT:C40386
NCIT:C40385	NCIT:C40387
NCIT:C40385	NCIT:C40388
NCIT:C40389	NCIT:C40385
NCIT:C40389	NCIT:C40395
NCIT:C40389	NCIT:C6899
NCIT:C4039	NCIT:C170962
NCIT:C40392	NCIT:C142828
NCIT:C40392	NCIT:C189001
NCIT:C40392	NCIT:C40389
NCIT:C40392	NCIT:C40393
NCIT:C40392	NCIT:C6581
NCIT:C40392	NCIT:C7442
NCIT:C40392	NCIT:C7596
NCIT:C40393	NCIT:C35700
NCIT:C40393	NCIT:C5978
NCIT:C4040	NCIT:C8175
NCIT:C40401	NCIT:C40402
NCIT:C40401	NCIT:C40403
NCIT:C40401	NCIT:C40404
NCIT:C40405	NCIT:C3744
NCIT:C40405	NCIT:C7575
NCIT:C40406	NCIT:C176253
NCIT:C40406	NCIT:C179218
NCIT:C40406	NCIT:C40389
NCIT:C40406	NCIT:C40397
NCIT:C40406	NCIT:C40398
NCIT:C40406	NCIT:C40399
NCIT:C40406	NCIT:C40400
NCIT:C40406	NCIT:C4647
NCIT:C40406	NCIT:C4670
NCIT:C40406	NCIT:C5209
NCIT:C40407	NCIT:C219660
NCIT:C40407	NCIT:C27730
NCIT:C40407	NCIT:C38158
NCIT:C40407	NCIT:C6180
NCIT:C40407	NCIT:C6951
NCIT:C40407	NCIT:C6952
NCIT:C40407	NCIT:C7840
NCIT:C40407	NCIT:C7841
NCIT:C40407	NCIT:C7842
NCIT:C40407	NCIT:C7843
NCIT:C40407	NCIT:C7844
NCIT:C40407	NCIT:C7845
NCIT:C40407	NCIT:C8496
NCIT:C40407	NCIT:C9146
NCIT:C40407	NCIT:C9147
NCIT:C40407	NCIT:C9148
NCIT:C40407	NCIT:C9149
NCIT:C40409	NCIT:C173114
NCIT:C40409	NCIT:C173412
NCIT:C40409	NCIT:C173575
NCIT:C40409	NCIT:C190161
NCIT:C40409	NCIT:C35759
NCIT:C40409	NCIT:C4650
NCIT:C40409	NCIT:C6242
NCIT:C4041	NCIT:C129873
NCIT:C40410	NCIT:C5975
NCIT:C40410	NCIT:C5976
NCIT:C4042	NCIT:C156091
NCIT:C40423	NCIT:C4385
NCIT:C40425	NCIT:C173341
NCIT:C40425	NCIT:C173342
NCIT:C40425	NCIT:C4675
NCIT:C40427	NCIT:C173167
NCIT:C40427	NCIT:C183144
NCIT:C40427	NCIT:C216256
NCIT:C40427	NCIT:C3438
NCIT:C40427	NCIT:C40424
NCIT:C40427	NCIT:C40426
NCIT:C40427	NCIT:C53973
NCIT:C4043	NCIT:C148382
NCIT:C4043	NCIT:C150212
NCIT:C4043	NCIT:C172646
NCIT:C4043	NCIT:C201743
NCIT:C4043	NCIT:C201746
NCIT:C4043	NCIT:C201748
NCIT:C4043	NCIT:C201749
NCIT:C4043	NCIT:C205617
NCIT:C4043	NCIT:C205618
NCIT:C4043	NCIT:C213317
NCIT:C4043	NCIT:C4943
NCIT:C4043	NCIT:C6048
NCIT:C4043	NCIT:C8185
NCIT:C4043	NCIT:C8232
NCIT:C4043	NCIT:C8233
NCIT:C4043	NCIT:C8234
NCIT:C4043	NCIT:C8235
NCIT:C4043	NCIT:C8236
NCIT:C40439	NCIT:C189334
NCIT:C40439	NCIT:C27391
NCIT:C4044	NCIT:C148383
NCIT:C4044	NCIT:C150213
NCIT:C4044	NCIT:C172645
NCIT:C4044	NCIT:C205615
NCIT:C4044	NCIT:C205616
NCIT:C4044	NCIT:C4945
NCIT:C4044	NCIT:C54334
NCIT:C4044	NCIT:C54335
NCIT:C4044	NCIT:C54336
NCIT:C4044	NCIT:C54337
NCIT:C4044	NCIT:C6121
NCIT:C4044	NCIT:C8186
NCIT:C4044	NCIT:C8187
NCIT:C4044	NCIT:C8188
NCIT:C4044	NCIT:C8237
NCIT:C4044	NCIT:C8239
NCIT:C4044	NCIT:C8241
NCIT:C4044	NCIT:C8243
NCIT:C4044	NCIT:C8245
NCIT:C4045	NCIT:C114773
NCIT:C4045	NCIT:C115371
NCIT:C4045	NCIT:C211967
NCIT:C4046	NCIT:C27700
NCIT:C4046	NCIT:C3471
NCIT:C4046	NCIT:C3992
NCIT:C4046	NCIT:C5047
NCIT:C4046	NCIT:C5052
NCIT:C4047	NCIT:C179220
NCIT:C4047	NCIT:C201975
NCIT:C4047	NCIT:C201976
NCIT:C4047	NCIT:C203283
NCIT:C4047	NCIT:C215125
NCIT:C4047	NCIT:C4048
NCIT:C4047	NCIT:C71016
NCIT:C4048	NCIT:C115372
NCIT:C4048	NCIT:C27081
NCIT:C4049	NCIT:C124293
NCIT:C4049	NCIT:C160912
NCIT:C4049	NCIT:C160913
NCIT:C4049	NCIT:C8269
NCIT:C4050	NCIT:C114974
NCIT:C4050	NCIT:C129323
NCIT:C4050	NCIT:C167082
NCIT:C4051	NCIT:C179223
NCIT:C4051	NCIT:C27307
NCIT:C4051	NCIT:C8275
NCIT:C4051	NCIT:C8605
NCIT:C4052	NCIT:C128167
NCIT:C4052	NCIT:C174199
NCIT:C4052	NCIT:C174200
NCIT:C4052	NCIT:C174201
NCIT:C4052	NCIT:C181902
NCIT:C4052	NCIT:C181903
NCIT:C4052	NCIT:C185304
NCIT:C4052	NCIT:C213311
NCIT:C4052	NCIT:C27679
NCIT:C4052	NCIT:C40284
NCIT:C4052	NCIT:C40285
NCIT:C4052	NCIT:C40286
NCIT:C4052	NCIT:C40289
NCIT:C4052	NCIT:C40293
NCIT:C4052	NCIT:C6383
NCIT:C4057	NCIT:C5344
NCIT:C4057	NCIT:C5699
NCIT:C4060	NCIT:C126310
NCIT:C4060	NCIT:C40075
NCIT:C4060	NCIT:C4511
NCIT:C4060	NCIT:C4512
NCIT:C4063	NCIT:C214799
NCIT:C4063	NCIT:C215429
NCIT:C4063	NCIT:C4883
NCIT:C4063	NCIT:C5349
NCIT:C4063	NCIT:C6514
NCIT:C4064	NCIT:C5541
NCIT:C4064	NCIT:C5542
NCIT:C4065	NCIT:C3215
NCIT:C4065	NCIT:C3453
NCIT:C4065	NCIT:C3488
NCIT:C4065	NCIT:C3988
NCIT:C4065	NCIT:C4387
NCIT:C4065	NCIT:C6790
NCIT:C4065	NCIT:C8439
NCIT:C4065	NCIT:C8440
NCIT:C4065	NCIT:C8441
NCIT:C4065	NCIT:C8442
NCIT:C4065	NCIT:C8443
NCIT:C4065	NCIT:C8444
NCIT:C4071	NCIT:C3651
NCIT:C4071	NCIT:C4478
NCIT:C4071	NCIT:C5489
NCIT:C4072	NCIT:C185381
NCIT:C4072	NCIT:C198678
NCIT:C4072	NCIT:C40253
NCIT:C4072	NCIT:C40254
NCIT:C4073	NCIT:C4334
NCIT:C4073	NCIT:C8312
NCIT:C4074	NCIT:C141263
NCIT:C4074	NCIT:C7248
NCIT:C4074	NCIT:C8926
NCIT:C4074	NCIT:C8927
NCIT:C4076	NCIT:C27868
NCIT:C4083	NCIT:C5682
NCIT:C4083	NCIT:C7033
NCIT:C4083	NCIT:C7417
NCIT:C4083	NCIT:C96416
NCIT:C4089	NCIT:C4135
NCIT:C4090	NCIT:C121933
NCIT:C4090	NCIT:C3779
NCIT:C4090	NCIT:C4325
NCIT:C4090	NCIT:C6535
NCIT:C4090	NCIT:C8380
NCIT:C4092	NCIT:C157748
NCIT:C4092	NCIT:C2854
NCIT:C4092	NCIT:C34584
NCIT:C4092	NCIT:C35833
NCIT:C4092	NCIT:C3686
NCIT:C4092	NCIT:C40018
NCIT:C4092	NCIT:C40116
NCIT:C4092	NCIT:C40299
NCIT:C4092	NCIT:C40300
NCIT:C4092	NCIT:C40301
NCIT:C4092	NCIT:C40382
NCIT:C4092	NCIT:C4192
NCIT:C4092	NCIT:C4455
NCIT:C4092	NCIT:C4510
NCIT:C4092	NCIT:C4526
NCIT:C4092	NCIT:C4621
NCIT:C4092	NCIT:C4742
NCIT:C4092	NCIT:C5978
NCIT:C4092	NCIT:C7341
NCIT:C4092	NCIT:C7440
NCIT:C4092	NCIT:C8961
NCIT:C4092	NCIT:C95470
NCIT:C4094	NCIT:C43625
NCIT:C4094	NCIT:C45542
NCIT:C4094	NCIT:C5161
NCIT:C40970	NCIT:C7930
NCIT:C4102	NCIT:C128060
NCIT:C4102	NCIT:C164248
NCIT:C4102	NCIT:C201748
NCIT:C4102	NCIT:C213295
NCIT:C4102	NCIT:C3781
NCIT:C4102	NCIT:C40192
NCIT:C4102	NCIT:C45502
NCIT:C4102	NCIT:C54335
NCIT:C4102	NCIT:C65164
NCIT:C4102	NCIT:C6983
NCIT:C4104	NCIT:C143013
NCIT:C4104	NCIT:C148153
NCIT:C4104	NCIT:C153388
NCIT:C4104	NCIT:C154321
NCIT:C4104	NCIT:C156075
NCIT:C4104	NCIT:C156092
NCIT:C4104	NCIT:C157750
NCIT:C4104	NCIT:C162653
NCIT:C4104	NCIT:C169103
NCIT:C4104	NCIT:C170779
NCIT:C4104	NCIT:C174201
NCIT:C4104	NCIT:C181031
NCIT:C4104	NCIT:C182111
NCIT:C4104	NCIT:C188112
NCIT:C4104	NCIT:C188113
NCIT:C4104	NCIT:C190771
NCIT:C4104	NCIT:C213314
NCIT:C4104	NCIT:C213315
NCIT:C4104	NCIT:C222640
NCIT:C4104	NCIT:C224811
NCIT:C4104	NCIT:C4829
NCIT:C4104	NCIT:C5178
NCIT:C4104	NCIT:C8099
NCIT:C4105	NCIT:C27542
NCIT:C4105	NCIT:C27543
NCIT:C4105	NCIT:C40187
NCIT:C4105	NCIT:C40243
NCIT:C4105	NCIT:C40284
NCIT:C4105	NCIT:C40357
NCIT:C4105	NCIT:C4459
NCIT:C4105	NCIT:C45502
NCIT:C4105	NCIT:C45503
NCIT:C4105	NCIT:C45504
NCIT:C4105	NCIT:C45507
NCIT:C4105	NCIT:C54283
NCIT:C4105	NCIT:C65179
NCIT:C4106	NCIT:C159246
NCIT:C4106	NCIT:C212113
NCIT:C4106	NCIT:C213321
NCIT:C4106	NCIT:C40359
NCIT:C4106	NCIT:C4460
NCIT:C4106	NCIT:C54337
NCIT:C4107	NCIT:C159252
NCIT:C4107	NCIT:C165467
NCIT:C4107	NCIT:C175344
NCIT:C4107	NCIT:C191678
NCIT:C4107	NCIT:C224861
NCIT:C4107	NCIT:C35736
NCIT:C4107	NCIT:C39885
NCIT:C4107	NCIT:C40193
NCIT:C4107	NCIT:C45519
NCIT:C4107	NCIT:C54341
NCIT:C4107	NCIT:C68610
NCIT:C4107	NCIT:C7998
NCIT:C4107	NCIT:C8023
NCIT:C4113	NCIT:C215008
NCIT:C4113	NCIT:C27521
NCIT:C4113	NCIT:C27522
NCIT:C4116	NCIT:C140361
NCIT:C4116	NCIT:C213363
NCIT:C4116	NCIT:C39850
NCIT:C4116	NCIT:C65181
NCIT:C41162	NCIT:C19260
NCIT:C4117	NCIT:C164251
NCIT:C4117	NCIT:C164256
NCIT:C4117	NCIT:C54345
NCIT:C4117	NCIT:C6835
NCIT:C4117	NCIT:C6871
NCIT:C4120	NCIT:C164252
NCIT:C4121	NCIT:C54244
NCIT:C4121	NCIT:C7266
NCIT:C4123	NCIT:C133894
NCIT:C4123	NCIT:C134914
NCIT:C4123	NCIT:C136486
NCIT:C4123	NCIT:C4144
NCIT:C4123	NCIT:C5729
NCIT:C4123	NCIT:C6877
NCIT:C4123	NCIT:C7678
NCIT:C4123	NCIT:C7679
NCIT:C4123	NCIT:C8376
NCIT:C4123	NCIT:C8758
NCIT:C4123	NCIT:C8894
NCIT:C41233	NCIT:C200605
NCIT:C41233	NCIT:C206086
NCIT:C4124	NCIT:C150577
NCIT:C4124	NCIT:C150595
NCIT:C4124	NCIT:C153319
NCIT:C4124	NCIT:C153389
NCIT:C4124	NCIT:C154091
NCIT:C4124	NCIT:C155908
NCIT:C4124	NCIT:C156070
NCIT:C4124	NCIT:C156074
NCIT:C4124	NCIT:C159556
NCIT:C4124	NCIT:C160782
NCIT:C4124	NCIT:C161048
NCIT:C4124	NCIT:C165698
NCIT:C4124	NCIT:C168978
NCIT:C4124	NCIT:C170944
NCIT:C4124	NCIT:C170972
NCIT:C4124	NCIT:C171016
NCIT:C4124	NCIT:C173979
NCIT:C4124	NCIT:C174046
NCIT:C4124	NCIT:C182104
NCIT:C4124	NCIT:C183244
NCIT:C4124	NCIT:C185381
NCIT:C4124	NCIT:C199665
NCIT:C4124	NCIT:C200060
NCIT:C4124	NCIT:C200067
NCIT:C4124	NCIT:C203406
NCIT:C4124	NCIT:C211519
NCIT:C4124	NCIT:C213368
NCIT:C4124	NCIT:C213371
NCIT:C4124	NCIT:C213914
NCIT:C4124	NCIT:C222831
NCIT:C4124	NCIT:C223844
NCIT:C4124	NCIT:C27185
NCIT:C4124	NCIT:C3345
NCIT:C4124	NCIT:C4039
NCIT:C4124	NCIT:C66717
NCIT:C4124	NCIT:C8933
NCIT:C4124	NCIT:C8934
NCIT:C4124	NCIT:C8942
NCIT:C4124	NCIT:C8943
NCIT:C4124	NCIT:C8944
NCIT:C4124	NCIT:C8945
NCIT:C4124	NCIT:C9044
NCIT:C41247	NCIT:C41246
NCIT:C41247	NCIT:C95488
NCIT:C41248	NCIT:C5724
NCIT:C41248	NCIT:C95470
NCIT:C4126	NCIT:C116316
NCIT:C4126	NCIT:C128166
NCIT:C4126	NCIT:C136710
NCIT:C4126	NCIT:C180536
NCIT:C4126	NCIT:C180946
NCIT:C4126	NCIT:C183314
NCIT:C4126	NCIT:C203376
NCIT:C4126	NCIT:C213375
NCIT:C4126	NCIT:C27415
NCIT:C4126	NCIT:C39835
NCIT:C4126	NCIT:C40203
NCIT:C4126	NCIT:C43604
NCIT:C4126	NCIT:C9157
NCIT:C4127	NCIT:C9159
NCIT:C4129	NCIT:C4130
NCIT:C4129	NCIT:C5851
NCIT:C4129	NCIT:C96835
NCIT:C4129	NCIT:C96836
NCIT:C4129	NCIT:C96838
NCIT:C4130	NCIT:C96946
NCIT:C4130	NCIT:C96947
NCIT:C4131	NCIT:C114992
NCIT:C4131	NCIT:C154078
NCIT:C4131	NCIT:C154082
NCIT:C4131	NCIT:C162602
NCIT:C4131	NCIT:C188887
NCIT:C4131	NCIT:C189932
NCIT:C4133	NCIT:C27456
NCIT:C4133	NCIT:C43546
NCIT:C4133	NCIT:C43552
NCIT:C4133	NCIT:C5850
NCIT:C4133	NCIT:C6659
NCIT:C4133	NCIT:C7036
NCIT:C41353	NCIT:C41352
NCIT:C41353	NCIT:C41354
NCIT:C4136	NCIT:C4134
NCIT:C4137	NCIT:C39897
NCIT:C4137	NCIT:C46095
NCIT:C4137	NCIT:C5616
NCIT:C4137	NCIT:C5651
NCIT:C4137	NCIT:C66933
NCIT:C4137	NCIT:C6870
NCIT:C4141	NCIT:C8376
NCIT:C4142	NCIT:C172699
NCIT:C4142	NCIT:C27846
NCIT:C4142	NCIT:C40208
NCIT:C4143	NCIT:C27412
NCIT:C4143	NCIT:C43547
NCIT:C4143	NCIT:C43553
NCIT:C4143	NCIT:C5675
NCIT:C4143	NCIT:C7037
NCIT:C4143	NCIT:C96811
NCIT:C41430	NCIT:C156340
NCIT:C41430	NCIT:C156944
NCIT:C41430	NCIT:C159221
NCIT:C41430	NCIT:C162502
NCIT:C41430	NCIT:C162586
NCIT:C41430	NCIT:C176414
NCIT:C41430	NCIT:C202876
NCIT:C41430	NCIT:C217745
NCIT:C41430	NCIT:C223177
NCIT:C41430	NCIT:C223347
NCIT:C41430	NCIT:C224694
NCIT:C41430	NCIT:C27476
NCIT:C41430	NCIT:C5323
NCIT:C41430	NCIT:C5358
NCIT:C41430	NCIT:C5418
NCIT:C41430	NCIT:C5421
NCIT:C41430	NCIT:C5569
NCIT:C41430	NCIT:C5703
NCIT:C41430	NCIT:C6162
NCIT:C41430	NCIT:C6643
NCIT:C41430	NCIT:C6718
NCIT:C41430	NCIT:C92182
NCIT:C41430	NCIT:C95901
NCIT:C41430	NCIT:C96512
NCIT:C4145	NCIT:C4144
NCIT:C4146	NCIT:C153595
NCIT:C4146	NCIT:C155951
NCIT:C4146	NCIT:C171580
NCIT:C4146	NCIT:C201839
NCIT:C4146	NCIT:C201953
NCIT:C4146	NCIT:C213954
NCIT:C4146	NCIT:C27888
NCIT:C4146	NCIT:C27889
NCIT:C4151	NCIT:C4165
NCIT:C4151	NCIT:C46119
NCIT:C4151	NCIT:C7567
NCIT:C4151	NCIT:C7993
NCIT:C4152	NCIT:C40365
NCIT:C4153	NCIT:C40368
NCIT:C4157	NCIT:C4167
NCIT:C4157	NCIT:C7994
NCIT:C4159	NCIT:C46118
NCIT:C4159	NCIT:C48283
NCIT:C4168	NCIT:C205459
NCIT:C4168	NCIT:C27527
NCIT:C4168	NCIT:C43342
NCIT:C4168	NCIT:C6088
NCIT:C4169	NCIT:C215031
NCIT:C4169	NCIT:C40308
NCIT:C4169	NCIT:C4176
NCIT:C4169	NCIT:C5141
NCIT:C4170	NCIT:C5193
NCIT:C4171	NCIT:C128240
NCIT:C4171	NCIT:C96699
NCIT:C4172	NCIT:C215005
NCIT:C4174	NCIT:C214977
NCIT:C4177	NCIT:C4183
NCIT:C4178	NCIT:C4183
NCIT:C4178	NCIT:C4186
NCIT:C4179	NCIT:C121955
NCIT:C4179	NCIT:C2974
NCIT:C4179	NCIT:C35834
NCIT:C4179	NCIT:C3777
NCIT:C4180	NCIT:C4183
NCIT:C4180	NCIT:C7278
NCIT:C4181	NCIT:C7279
NCIT:C4182	NCIT:C6882
NCIT:C4182	NCIT:C7695
NCIT:C4182	NCIT:C8377
NCIT:C4184	NCIT:C4186
NCIT:C4188	NCIT:C176005
NCIT:C4188	NCIT:C201124
NCIT:C4190	NCIT:C176011
NCIT:C4190	NCIT:C5139
NCIT:C4194	NCIT:C153587
NCIT:C4194	NCIT:C175585
NCIT:C4194	NCIT:C40349
NCIT:C4194	NCIT:C40350
NCIT:C4194	NCIT:C40351
NCIT:C4194	NCIT:C40365
NCIT:C4194	NCIT:C40366
NCIT:C4194	NCIT:C40368
NCIT:C4194	NCIT:C40369
NCIT:C4194	NCIT:C5161
NCIT:C4194	NCIT:C66719
NCIT:C4194	NCIT:C6987
NCIT:C4194	NCIT:C7362
NCIT:C4194	NCIT:C9119
NCIT:C4194	NCIT:C9132
NCIT:C4197	NCIT:C3768
NCIT:C4197	NCIT:C4196
NCIT:C4199	NCIT:C175288
NCIT:C4199	NCIT:C35701
NCIT:C4199	NCIT:C45545
NCIT:C4200	NCIT:C5163
NCIT:C4200	NCIT:C9169
NCIT:C4201	NCIT:C40360
NCIT:C4203	NCIT:C6263
NCIT:C4203	NCIT:C6264
NCIT:C4204	NCIT:C189289
NCIT:C4205	NCIT:C8403
NCIT:C42057	NCIT:C124273
NCIT:C42057	NCIT:C157243
NCIT:C42058	NCIT:C124274
NCIT:C42058	NCIT:C157244
NCIT:C42058	NCIT:C42059
NCIT:C42058	NCIT:C42060
NCIT:C4207	NCIT:C39947
NCIT:C4207	NCIT:C7289
NCIT:C42080	NCIT:C124291
NCIT:C42080	NCIT:C124292
NCIT:C42080	NCIT:C5800
NCIT:C4210	NCIT:C39973
NCIT:C4213	NCIT:C39942
NCIT:C4215	NCIT:C3202
NCIT:C4215	NCIT:C39979
NCIT:C4215	NCIT:C5231
NCIT:C4216	NCIT:C141128
NCIT:C4216	NCIT:C190071
NCIT:C4216	NCIT:C3326
NCIT:C4216	NCIT:C48576
NCIT:C4217	NCIT:C190072
NCIT:C4217	NCIT:C2932
NCIT:C4217	NCIT:C3061
NCIT:C4217	NCIT:C4218
NCIT:C4217	NCIT:C45743
NCIT:C4217	NCIT:C6409
NCIT:C4219	NCIT:C3574
NCIT:C4219	NCIT:C4623
NCIT:C4219	NCIT:C5392
NCIT:C4219	NCIT:C6413
NCIT:C4219	NCIT:C6416
NCIT:C4220	NCIT:C157129
NCIT:C4220	NCIT:C160853
NCIT:C4220	NCIT:C92184
NCIT:C4221	NCIT:C175661
NCIT:C4221	NCIT:C175662
NCIT:C4221	NCIT:C175664
NCIT:C4222	NCIT:C5350
NCIT:C4222	NCIT:C6750
NCIT:C4228	NCIT:C7089
NCIT:C4228	NCIT:C7090
NCIT:C4231	NCIT:C190285
NCIT:C4231	NCIT:C204788
NCIT:C4236	NCIT:C188079
NCIT:C4236	NCIT:C35780
NCIT:C4237	NCIT:C37257
NCIT:C4237	NCIT:C4238
NCIT:C4237	NCIT:C4239
NCIT:C4237	NCIT:C7986
NCIT:C4238	NCIT:C7987
NCIT:C4239	NCIT:C7988
NCIT:C4242	NCIT:C128270
NCIT:C4242	NCIT:C162503
NCIT:C4242	NCIT:C162590
NCIT:C4242	NCIT:C172945
NCIT:C4242	NCIT:C181925
NCIT:C4242	NCIT:C200524
NCIT:C4242	NCIT:C200533
NCIT:C4242	NCIT:C202624
NCIT:C4242	NCIT:C27127
NCIT:C4242	NCIT:C27438
NCIT:C4242	NCIT:C3829
NCIT:C4242	NCIT:C40381
NCIT:C4242	NCIT:C4262
NCIT:C4242	NCIT:C4616
NCIT:C4242	NCIT:C4647
NCIT:C4242	NCIT:C4882
NCIT:C4242	NCIT:C5063
NCIT:C4242	NCIT:C5353
NCIT:C4242	NCIT:C53998
NCIT:C4242	NCIT:C5657
NCIT:C4242	NCIT:C5751
NCIT:C4242	NCIT:C5856
NCIT:C4242	NCIT:C6384
NCIT:C4242	NCIT:C6571
NCIT:C4242	NCIT:C6587
NCIT:C4242	NCIT:C6593
NCIT:C4242	NCIT:C6757
NCIT:C4242	NCIT:C6801
NCIT:C4242	NCIT:C7147
NCIT:C4242	NCIT:C7442
NCIT:C4242	NCIT:C81854
NCIT:C4243	NCIT:C4334
NCIT:C4246	NCIT:C207408
NCIT:C4246	NCIT:C207409
NCIT:C4246	NCIT:C207410
NCIT:C4246	NCIT:C207411
NCIT:C4246	NCIT:C207447
NCIT:C4246	NCIT:C207448
NCIT:C4246	NCIT:C27545
NCIT:C4246	NCIT:C27546
NCIT:C4247	NCIT:C114541
NCIT:C4247	NCIT:C114749
NCIT:C4247	NCIT:C129566
NCIT:C4247	NCIT:C148295
NCIT:C4247	NCIT:C150610
NCIT:C4247	NCIT:C150611
NCIT:C4247	NCIT:C151985
NCIT:C4247	NCIT:C161038
NCIT:C4247	NCIT:C162589
NCIT:C4247	NCIT:C173808
NCIT:C4247	NCIT:C202901
NCIT:C4247	NCIT:C213523
NCIT:C4247	NCIT:C217176
NCIT:C4247	NCIT:C45755
NCIT:C4247	NCIT:C4926
NCIT:C4247	NCIT:C6497
NCIT:C4247	NCIT:C8380
NCIT:C4247	NCIT:C8795
NCIT:C4248	NCIT:C3194
NCIT:C4248	NCIT:C4502
NCIT:C4248	NCIT:C5566
NCIT:C4248	NCIT:C7630
NCIT:C4249	NCIT:C128271
NCIT:C4252	NCIT:C148299
NCIT:C4252	NCIT:C148300
NCIT:C4252	NCIT:C168724
NCIT:C4252	NCIT:C9401
NCIT:C4252	NCIT:C9402
NCIT:C4254	NCIT:C170475
NCIT:C4256	NCIT:C40163
NCIT:C4257	NCIT:C40167
NCIT:C4258	NCIT:C27369
NCIT:C4258	NCIT:C7959
NCIT:C42589	NCIT:C3497
NCIT:C4259	NCIT:C7960
NCIT:C42598	NCIT:C134119
NCIT:C42598	NCIT:C207707
NCIT:C4260	NCIT:C27480
NCIT:C4260	NCIT:C6518
NCIT:C4263	NCIT:C179562
NCIT:C4263	NCIT:C40063
NCIT:C4263	NCIT:C40222
NCIT:C4263	NCIT:C40223
NCIT:C4263	NCIT:C40271
NCIT:C4265	NCIT:C190023
NCIT:C4267	NCIT:C84256
NCIT:C4268	NCIT:C7947
NCIT:C4268	NCIT:C8097
NCIT:C42690	NCIT:C115057
NCIT:C42690	NCIT:C115058
NCIT:C42690	NCIT:C115059
NCIT:C42690	NCIT:C115060
NCIT:C42690	NCIT:C115442
NCIT:C42690	NCIT:C205619
NCIT:C42690	NCIT:C205620
NCIT:C42690	NCIT:C4042
NCIT:C42690	NCIT:C4833
NCIT:C4270	NCIT:C153818
NCIT:C4270	NCIT:C183126
NCIT:C42700	NCIT:C113238
NCIT:C42700	NCIT:C113239
NCIT:C42700	NCIT:C223999
NCIT:C42700	NCIT:C36097
NCIT:C42700	NCIT:C9180
NCIT:C4274	NCIT:C181906
NCIT:C4274	NCIT:C5196
NCIT:C4274	NCIT:C5532
NCIT:C4275	NCIT:C128165
NCIT:C4275	NCIT:C193453
NCIT:C4275	NCIT:C4504
NCIT:C4275	NCIT:C5531
NCIT:C4277	NCIT:C213592
NCIT:C4279	NCIT:C213593
NCIT:C4279	NCIT:C45632
NCIT:C4279	NCIT:C45698
NCIT:C4279	NCIT:C45757
NCIT:C4282	NCIT:C168805
NCIT:C4282	NCIT:C173607
NCIT:C4282	NCIT:C45665
NCIT:C4286	NCIT:C123834
NCIT:C4286	NCIT:C6353
NCIT:C4286	NCIT:C8111
NCIT:C4286	NCIT:C8884
NCIT:C4287	NCIT:C39995
NCIT:C4289	NCIT:C177774
NCIT:C4289	NCIT:C35711
NCIT:C4289	NCIT:C4291
NCIT:C4289	NCIT:C7015
NCIT:C4290	NCIT:C123848
NCIT:C4290	NCIT:C146861
NCIT:C4290	NCIT:C213597
NCIT:C4290	NCIT:C3756
NCIT:C4290	NCIT:C6347
NCIT:C4290	NCIT:C66777
NCIT:C4290	NCIT:C7016
NCIT:C4290	NCIT:C8114
NCIT:C4290	NCIT:C9010
NCIT:C4298	NCIT:C202652
NCIT:C4298	NCIT:C5211
NCIT:C4298	NCIT:C5396
NCIT:C4298	NCIT:C7393
NCIT:C4300	NCIT:C27499
NCIT:C4300	NCIT:C5352
NCIT:C4300	NCIT:C6597
NCIT:C4300	NCIT:C6950
NCIT:C4301	NCIT:C4493
NCIT:C4301	NCIT:C4544
NCIT:C4301	NCIT:C5365
NCIT:C4301	NCIT:C6608
NCIT:C4301	NCIT:C7946
NCIT:C4301	NCIT:C8090
NCIT:C4301	NCIT:C8709
NCIT:C4301	NCIT:C8710
NCIT:C4301	NCIT:C9254
NCIT:C4301	NCIT:C9392
NCIT:C4301	NCIT:C9425
NCIT:C4306	NCIT:C173819
NCIT:C4306	NCIT:C3710
NCIT:C4306	NCIT:C4308
NCIT:C4306	NCIT:C4310
NCIT:C4306	NCIT:C4314
NCIT:C4306	NCIT:C4316
NCIT:C4306	NCIT:C54301
NCIT:C4306	NCIT:C54319
NCIT:C4306	NCIT:C54323
NCIT:C4306	NCIT:C66800
NCIT:C4306	NCIT:C7111
NCIT:C4306	NCIT:C7112
NCIT:C4306	NCIT:C7452
NCIT:C4306	NCIT:C7501
NCIT:C4306	NCIT:C8422
NCIT:C4310	NCIT:C190156
NCIT:C4313	NCIT:C190154
NCIT:C4313	NCIT:C202061
NCIT:C4313	NCIT:C27396
NCIT:C4313	NCIT:C39755
NCIT:C4313	NCIT:C39756
NCIT:C4313	NCIT:C54297
NCIT:C4313	NCIT:C7111
NCIT:C4314	NCIT:C202077
NCIT:C4314	NCIT:C4315
NCIT:C4316	NCIT:C190155
NCIT:C4318	NCIT:C114969
NCIT:C4318	NCIT:C179221
NCIT:C4318	NCIT:C41842
NCIT:C4318	NCIT:C41843
NCIT:C4320	NCIT:C114972
NCIT:C4321	NCIT:C114964
NCIT:C4321	NCIT:C129272
NCIT:C4322	NCIT:C114963
NCIT:C4323	NCIT:C114971
NCIT:C4323	NCIT:C156041
NCIT:C4323	NCIT:C156042
NCIT:C4324	NCIT:C188929
NCIT:C4324	NCIT:C188930
NCIT:C4324	NCIT:C84347
NCIT:C4325	NCIT:C114966
NCIT:C4325	NCIT:C157600
NCIT:C4325	NCIT:C176998
NCIT:C4325	NCIT:C68702
NCIT:C4326	NCIT:C129321
NCIT:C4326	NCIT:C129322
NCIT:C4326	NCIT:C142862
NCIT:C4326	NCIT:C156120
NCIT:C4326	NCIT:C169074
NCIT:C4326	NCIT:C5447
NCIT:C4326	NCIT:C8270
NCIT:C43263	NCIT:C129637
NCIT:C43263	NCIT:C129735
NCIT:C43263	NCIT:C84919
NCIT:C43263	NCIT:C84933
NCIT:C43277	NCIT:C3217
NCIT:C43277	NCIT:C3218
NCIT:C43277	NCIT:C3433
NCIT:C43310	NCIT:C167381
NCIT:C43310	NCIT:C167382
NCIT:C43310	NCIT:C4114
NCIT:C43310	NCIT:C43326
NCIT:C43310	NCIT:C43327
NCIT:C43324	NCIT:C43315
NCIT:C43324	NCIT:C43316
NCIT:C43336	NCIT:C214978
NCIT:C43340	NCIT:C174404
NCIT:C43341	NCIT:C160978
NCIT:C43341	NCIT:C206121
NCIT:C43341	NCIT:C40309
NCIT:C43341	NCIT:C40369
NCIT:C43342	NCIT:C214975
NCIT:C43345	NCIT:C43346
NCIT:C43345	NCIT:C43347
NCIT:C43345	NCIT:C43349
NCIT:C4336	NCIT:C5484
NCIT:C4336	NCIT:C5614
NCIT:C4337	NCIT:C141257
NCIT:C4337	NCIT:C161604
NCIT:C4337	NCIT:C199481
NCIT:C4337	NCIT:C200685
NCIT:C4337	NCIT:C202925
NCIT:C4337	NCIT:C217100
NCIT:C4337	NCIT:C27440
NCIT:C4337	NCIT:C27441
NCIT:C4337	NCIT:C39747
NCIT:C4337	NCIT:C45266
NCIT:C4337	NCIT:C7229
NCIT:C4337	NCIT:C7306
NCIT:C4337	NCIT:C8489
NCIT:C4337	NCIT:C8862
NCIT:C4337	NCIT:C96505
NCIT:C4340	NCIT:C154333
NCIT:C4340	NCIT:C188459
NCIT:C4340	NCIT:C200073
NCIT:C4340	NCIT:C200074
NCIT:C4340	NCIT:C225039
NCIT:C4340	NCIT:C7205
NCIT:C4340	NCIT:C9339
NCIT:C4341	NCIT:C141258
NCIT:C4341	NCIT:C143085
NCIT:C4341	NCIT:C172360
NCIT:C4341	NCIT:C3898
NCIT:C4341	NCIT:C4663
NCIT:C4341	NCIT:C68684
NCIT:C4341	NCIT:C8863
NCIT:C4342	NCIT:C129602
NCIT:C4342	NCIT:C138025
NCIT:C4342	NCIT:C138026
NCIT:C4342	NCIT:C183121
NCIT:C4342	NCIT:C45214
NCIT:C4343	NCIT:C7176
NCIT:C4343	NCIT:C7177
NCIT:C4344	NCIT:C193410
NCIT:C4345	NCIT:C166142
NCIT:C4345	NCIT:C170911
NCIT:C4345	NCIT:C198555
NCIT:C4345	NCIT:C216260
NCIT:C4345	NCIT:C27350
NCIT:C4345	NCIT:C3174
NCIT:C4345	NCIT:C3179
NCIT:C4345	NCIT:C4563
NCIT:C4347	NCIT:C115202
NCIT:C4347	NCIT:C8387
NCIT:C4347	NCIT:C9191
NCIT:C4348	NCIT:C121678
NCIT:C4348	NCIT:C121721
NCIT:C4348	NCIT:C154429
NCIT:C4348	NCIT:C45924
NCIT:C4349	NCIT:C160819
NCIT:C4349	NCIT:C162116
NCIT:C4349	NCIT:C162155
NCIT:C4349	NCIT:C162442
NCIT:C4349	NCIT:C208027
NCIT:C4349	NCIT:C213374
NCIT:C4349	NCIT:C213378
NCIT:C4349	NCIT:C213480
NCIT:C4349	NCIT:C220570
NCIT:C4349	NCIT:C38760
NCIT:C4349	NCIT:C45429
NCIT:C4349	NCIT:C5543
NCIT:C4349	NCIT:C60641
NCIT:C4349	NCIT:C7966
NCIT:C4349	NCIT:C7967
NCIT:C4349	NCIT:C9452
NCIT:C4349	NCIT:C9453
NCIT:C4349	NCIT:C9454
NCIT:C4349	NCIT:C96486
NCIT:C4349	NCIT:C96489
NCIT:C4349	NCIT:C96492
NCIT:C43527	NCIT:C27131
NCIT:C43527	NCIT:C27765
NCIT:C43527	NCIT:C43529
NCIT:C43527	NCIT:C5247
NCIT:C43527	NCIT:C5248
NCIT:C43527	NCIT:C5472
NCIT:C43527	NCIT:C5473
NCIT:C43527	NCIT:C65194
NCIT:C43527	NCIT:C67526
NCIT:C43527	NCIT:C9157
NCIT:C43527	NCIT:C95743
NCIT:C43527	NCIT:C95747
NCIT:C43527	NCIT:C95748
NCIT:C43534	NCIT:C27417
NCIT:C43535	NCIT:C27418
NCIT:C43538	NCIT:C27419
NCIT:C4354	NCIT:C214774
NCIT:C4354	NCIT:C214974
NCIT:C4354	NCIT:C214977
NCIT:C4354	NCIT:C214978
NCIT:C4354	NCIT:C215001
NCIT:C4354	NCIT:C215002
NCIT:C4354	NCIT:C215003
NCIT:C4354	NCIT:C215005
NCIT:C4354	NCIT:C215007
NCIT:C4354	NCIT:C215008
NCIT:C4354	NCIT:C217739
NCIT:C4354	NCIT:C217741
NCIT:C4354	NCIT:C219755
NCIT:C4354	NCIT:C3880
NCIT:C4354	NCIT:C4355
NCIT:C4354	NCIT:C4356
NCIT:C43541	NCIT:C121678
NCIT:C43541	NCIT:C121679
NCIT:C43542	NCIT:C121720
NCIT:C43542	NCIT:C121721
NCIT:C43550	NCIT:C43546
NCIT:C43550	NCIT:C43547
NCIT:C43550	NCIT:C43549
NCIT:C43550	NCIT:C5510
NCIT:C43550	NCIT:C5512
NCIT:C43550	NCIT:C96415
NCIT:C43551	NCIT:C5338
NCIT:C43558	NCIT:C153579
NCIT:C43558	NCIT:C162274
NCIT:C43558	NCIT:C5511
NCIT:C4356	NCIT:C214775
NCIT:C4357	NCIT:C219748
NCIT:C43584	NCIT:C43592
NCIT:C43584	NCIT:C43593
NCIT:C43585	NCIT:C162273
NCIT:C43585	NCIT:C43592
NCIT:C43585	NCIT:C7966
NCIT:C43585	NCIT:C7973
NCIT:C43586	NCIT:C43593
NCIT:C43586	NCIT:C7967
NCIT:C43586	NCIT:C9168
NCIT:C43587	NCIT:C60639
NCIT:C43587	NCIT:C6761
NCIT:C43588	NCIT:C5490
NCIT:C43588	NCIT:C5554
NCIT:C43589	NCIT:C43594
NCIT:C43589	NCIT:C5491
NCIT:C43590	NCIT:C60640
NCIT:C43590	NCIT:C60641
NCIT:C43591	NCIT:C7100
NCIT:C43591	NCIT:C7974
NCIT:C4360	NCIT:C3563
NCIT:C4360	NCIT:C3621
NCIT:C43606	NCIT:C43607
NCIT:C43606	NCIT:C43609
NCIT:C4361	NCIT:C3565
NCIT:C4361	NCIT:C3623
NCIT:C4361	NCIT:C6093
NCIT:C43625	NCIT:C114993
NCIT:C43627	NCIT:C43625
NCIT:C4364	NCIT:C4766
NCIT:C4364	NCIT:C4779
NCIT:C4364	NCIT:C66806
NCIT:C4373	NCIT:C36205
NCIT:C4373	NCIT:C7034
NCIT:C4373	NCIT:C7035
NCIT:C4375	NCIT:C122923
NCIT:C4376	NCIT:C26808
NCIT:C4376	NCIT:C9438
NCIT:C4378	NCIT:C3561
NCIT:C4378	NCIT:C4532
NCIT:C4380	NCIT:C3560
NCIT:C4380	NCIT:C3615
NCIT:C4381	NCIT:C179548
NCIT:C4381	NCIT:C3872
NCIT:C4381	NCIT:C40026
NCIT:C4381	NCIT:C40076
NCIT:C4381	NCIT:C4508
NCIT:C4381	NCIT:C4510
NCIT:C4381	NCIT:C4783
NCIT:C4381	NCIT:C5242
NCIT:C4381	NCIT:C6257
NCIT:C4381	NCIT:C8430
NCIT:C4381	NCIT:C8431
NCIT:C4390	NCIT:C4372
NCIT:C4396	NCIT:C4220
NCIT:C4396	NCIT:C4827
NCIT:C4396	NCIT:C7646
NCIT:C4396	NCIT:C9276
NCIT:C4397	NCIT:C40410
NCIT:C4397	NCIT:C6804
NCIT:C4400	NCIT:C3524
NCIT:C4400	NCIT:C4408
NCIT:C4401	NCIT:C3593
NCIT:C4401	NCIT:C9318
NCIT:C4402	NCIT:C3530
NCIT:C4402	NCIT:C4599
NCIT:C4403	NCIT:C6212
NCIT:C4403	NCIT:C6844
NCIT:C4404	NCIT:C35698
NCIT:C4404	NCIT:C6210
NCIT:C4404	NCIT:C6211
NCIT:C4405	NCIT:C4406
NCIT:C4405	NCIT:C9320
NCIT:C4406	NCIT:C202609
NCIT:C4406	NCIT:C5819
NCIT:C4407	NCIT:C3314
NCIT:C4407	NCIT:C3392
NCIT:C4407	NCIT:C3393
NCIT:C4407	NCIT:C4762
NCIT:C4407	NCIT:C4771
NCIT:C4409	NCIT:C180880
NCIT:C4409	NCIT:C4410
NCIT:C4409	NCIT:C4411
NCIT:C4410	NCIT:C5955
NCIT:C4410	NCIT:C5957
NCIT:C4412	NCIT:C174022
NCIT:C4412	NCIT:C174033
NCIT:C4412	NCIT:C4602
NCIT:C4412	NCIT:C4765
NCIT:C4412	NCIT:C6085
NCIT:C4412	NCIT:C6834
NCIT:C4413	NCIT:C202992
NCIT:C4413	NCIT:C4603
NCIT:C4413	NCIT:C4918
NCIT:C4414	NCIT:C6839
NCIT:C4416	NCIT:C3541
NCIT:C4416	NCIT:C4417
NCIT:C4416	NCIT:C5309
NCIT:C4417	NCIT:C6836
NCIT:C4419	NCIT:C3542
NCIT:C4419	NCIT:C4420
NCIT:C4420	NCIT:C6837
NCIT:C4422	NCIT:C6838
NCIT:C4424	NCIT:C3531
NCIT:C4424	NCIT:C4886
NCIT:C4425	NCIT:C3544
NCIT:C4425	NCIT:C4605
NCIT:C4426	NCIT:C3546
NCIT:C4426	NCIT:C4427
NCIT:C4427	NCIT:C6026
NCIT:C4431	NCIT:C8400
NCIT:C4432	NCIT:C213855
NCIT:C4432	NCIT:C27462
NCIT:C4432	NCIT:C2995
NCIT:C4432	NCIT:C3130
NCIT:C4432	NCIT:C3600
NCIT:C4432	NCIT:C4443
NCIT:C4432	NCIT:C5340
NCIT:C4432	NCIT:C5803
NCIT:C4432	NCIT:C5811
NCIT:C4432	NCIT:C7523
NCIT:C4432	NCIT:C8401
NCIT:C4433	NCIT:C203386
NCIT:C4433	NCIT:C4772
NCIT:C4433	NCIT:C5520
NCIT:C4433	NCIT:C9329
NCIT:C4434	NCIT:C43550
NCIT:C4434	NCIT:C4773
NCIT:C4434	NCIT:C60709
NCIT:C4434	NCIT:C9333
NCIT:C4434	NCIT:C96418
NCIT:C4436	NCIT:C157623
NCIT:C4436	NCIT:C158101
NCIT:C4436	NCIT:C208025
NCIT:C4436	NCIT:C27324
NCIT:C4436	NCIT:C27325
NCIT:C4436	NCIT:C27326
NCIT:C4436	NCIT:C27769
NCIT:C4436	NCIT:C35417
NCIT:C4436	NCIT:C8265
NCIT:C4437	NCIT:C213546
NCIT:C4437	NCIT:C27096
NCIT:C4437	NCIT:C4438
NCIT:C4437	NCIT:C5756
NCIT:C4437	NCIT:C5832
NCIT:C4437	NCIT:C5833
NCIT:C4437	NCIT:C5834
NCIT:C4437	NCIT:C96844
NCIT:C4437	NCIT:C96845
NCIT:C4438	NCIT:C190020
NCIT:C4440	NCIT:C7129
NCIT:C4441	NCIT:C4776
NCIT:C4441	NCIT:C5851
NCIT:C4441	NCIT:C5857
NCIT:C4441	NCIT:C7124
NCIT:C4441	NCIT:C7483
NCIT:C4441	NCIT:C96942
NCIT:C4441	NCIT:C96954
NCIT:C4443	NCIT:C3536
NCIT:C4443	NCIT:C95909
NCIT:C4443	NCIT:C95980
NCIT:C4445	NCIT:C200227
NCIT:C4445	NCIT:C223350
NCIT:C4445	NCIT:C41248
NCIT:C4445	NCIT:C5716
NCIT:C4445	NCIT:C7430
NCIT:C4445	NCIT:C95505
NCIT:C4447	NCIT:C3629
NCIT:C4447	NCIT:C5427
NCIT:C4448	NCIT:C201742
NCIT:C4448	NCIT:C201747
NCIT:C4448	NCIT:C3639
NCIT:C4450	NCIT:C136493
NCIT:C4450	NCIT:C208359
NCIT:C4450	NCIT:C4451
NCIT:C4450	NCIT:C6685
NCIT:C4450	NCIT:C6876
NCIT:C4450	NCIT:C7266
NCIT:C4450	NCIT:C8753
NCIT:C4454	NCIT:C133091
NCIT:C4454	NCIT:C142784
NCIT:C4454	NCIT:C142829
NCIT:C4454	NCIT:C190621
NCIT:C4454	NCIT:C223176
NCIT:C4454	NCIT:C223177
NCIT:C4454	NCIT:C3497
NCIT:C4454	NCIT:C4455
NCIT:C4454	NCIT:C45629
NCIT:C4454	NCIT:C4888
NCIT:C4454	NCIT:C5063
NCIT:C4454	NCIT:C5657
NCIT:C4454	NCIT:C5658
NCIT:C4454	NCIT:C5660
NCIT:C4454	NCIT:C8295
NCIT:C4455	NCIT:C183045
NCIT:C4455	NCIT:C3494
NCIT:C4455	NCIT:C4140
NCIT:C4455	NCIT:C45603
NCIT:C4455	NCIT:C45604
NCIT:C4455	NCIT:C5656
NCIT:C4455	NCIT:C5664
NCIT:C4456	NCIT:C150535
NCIT:C4456	NCIT:C154442
NCIT:C4456	NCIT:C154443
NCIT:C4456	NCIT:C162477
NCIT:C4456	NCIT:C165252
NCIT:C4456	NCIT:C223046
NCIT:C4456	NCIT:C27926
NCIT:C4456	NCIT:C40444
NCIT:C4456	NCIT:C7376
NCIT:C4456	NCIT:C7631
NCIT:C4456	NCIT:C7866
NCIT:C4456	NCIT:C8420
NCIT:C4456	NCIT:C9239
NCIT:C4456	NCIT:C9350
NCIT:C4457	NCIT:C213601
NCIT:C4458	NCIT:C45710
NCIT:C4459	NCIT:C222823
NCIT:C4459	NCIT:C222824
NCIT:C4460	NCIT:C222821
NCIT:C4460	NCIT:C222822
NCIT:C4463	NCIT:C3363
NCIT:C4463	NCIT:C3398
NCIT:C4463	NCIT:C4573
NCIT:C4463	NCIT:C4615
NCIT:C4463	NCIT:C7367
NCIT:C4474	NCIT:C215002
NCIT:C4475	NCIT:C207262
NCIT:C4475	NCIT:C207263
NCIT:C4475	NCIT:C4246
NCIT:C4475	NCIT:C4479
NCIT:C4475	NCIT:C4480
NCIT:C4475	NCIT:C4491
NCIT:C4475	NCIT:C4574
NCIT:C4475	NCIT:C4634
NCIT:C4475	NCIT:C5277
NCIT:C4475	NCIT:C5354
NCIT:C4475	NCIT:C5566
NCIT:C4475	NCIT:C7158
NCIT:C4475	NCIT:C7749
NCIT:C4479	NCIT:C121680
NCIT:C4479	NCIT:C128451
NCIT:C4479	NCIT:C172621
NCIT:C4479	NCIT:C172624
NCIT:C4479	NCIT:C207083
NCIT:C4479	NCIT:C4481
NCIT:C4479	NCIT:C5569
NCIT:C4479	NCIT:C5617
NCIT:C4480	NCIT:C4482
NCIT:C4480	NCIT:C4484
NCIT:C4482	NCIT:C43332
NCIT:C4482	NCIT:C4483
NCIT:C4488	NCIT:C206686
NCIT:C4488	NCIT:C3927
NCIT:C4488	NCIT:C7751
NCIT:C4488	NCIT:C7752
NCIT:C4489	NCIT:C153626
NCIT:C4489	NCIT:C217178
NCIT:C4489	NCIT:C217179
NCIT:C4489	NCIT:C219756
NCIT:C4489	NCIT:C27719
NCIT:C4489	NCIT:C40379
NCIT:C4491	NCIT:C36079
NCIT:C4491	NCIT:C6750
NCIT:C4492	NCIT:C4493
NCIT:C4494	NCIT:C207025
NCIT:C4494	NCIT:C207026
NCIT:C4494	NCIT:C207028
NCIT:C4494	NCIT:C27511
NCIT:C44959	NCIT:C34873
NCIT:C4497	NCIT:C82864
NCIT:C4502	NCIT:C181925
NCIT:C4502	NCIT:C27483
NCIT:C4502	NCIT:C27489
NCIT:C4502	NCIT:C3192
NCIT:C4502	NCIT:C3193
NCIT:C4502	NCIT:C4255
NCIT:C4503	NCIT:C167189
NCIT:C4503	NCIT:C206118
NCIT:C4503	NCIT:C36106
NCIT:C4503	NCIT:C36107
NCIT:C4505	NCIT:C176253
NCIT:C4505	NCIT:C176414
NCIT:C4505	NCIT:C176415
NCIT:C4505	NCIT:C190574
NCIT:C4505	NCIT:C3848
NCIT:C4505	NCIT:C3863
NCIT:C4505	NCIT:C40381
NCIT:C4505	NCIT:C40382
NCIT:C4505	NCIT:C40397
NCIT:C4505	NCIT:C40399
NCIT:C4505	NCIT:C4620
NCIT:C4505	NCIT:C4647
NCIT:C4505	NCIT:C5144
NCIT:C4505	NCIT:C5193
NCIT:C4505	NCIT:C5196
NCIT:C4505	NCIT:C5197
NCIT:C4505	NCIT:C5353
NCIT:C4505	NCIT:C54658
NCIT:C4508	NCIT:C179259
NCIT:C4508	NCIT:C40090
NCIT:C4508	NCIT:C7282
NCIT:C4509	NCIT:C170754
NCIT:C4509	NCIT:C172234
NCIT:C4509	NCIT:C172235
NCIT:C4509	NCIT:C178683
NCIT:C4509	NCIT:C213149
NCIT:C4510	NCIT:C40039
NCIT:C4510	NCIT:C40072
NCIT:C4510	NCIT:C40084
NCIT:C4510	NCIT:C4060
NCIT:C4510	NCIT:C4746
NCIT:C4510	NCIT:C7282
NCIT:C4510	NCIT:C7313
NCIT:C4511	NCIT:C7278
NCIT:C4514	NCIT:C198444
NCIT:C4514	NCIT:C39986
NCIT:C4514	NCIT:C39995
NCIT:C4514	NCIT:C4291
NCIT:C4514	NCIT:C68629
NCIT:C4514	NCIT:C8083
NCIT:C4514	NCIT:C8084
NCIT:C4514	NCIT:C8085
NCIT:C4514	NCIT:C8086
NCIT:C4514	NCIT:C8087
NCIT:C4515	NCIT:C39991
NCIT:C4515	NCIT:C40442
NCIT:C4515	NCIT:C8730
NCIT:C4515	NCIT:C8731
NCIT:C4515	NCIT:C8732
NCIT:C4515	NCIT:C8733
NCIT:C4516	NCIT:C8112
NCIT:C45161	NCIT:C119036
NCIT:C45161	NCIT:C119037
NCIT:C45161	NCIT:C119038
NCIT:C45161	NCIT:C119039
NCIT:C4517	NCIT:C40112
NCIT:C4517	NCIT:C40113
NCIT:C4517	NCIT:C40116
NCIT:C4517	NCIT:C40127
NCIT:C4517	NCIT:C40129
NCIT:C4518	NCIT:C5356
NCIT:C4519	NCIT:C136650
NCIT:C4519	NCIT:C153390
NCIT:C4519	NCIT:C174027
NCIT:C4519	NCIT:C206202
NCIT:C4519	NCIT:C40212
NCIT:C45193	NCIT:C203667
NCIT:C45193	NCIT:C203669
NCIT:C45193	NCIT:C45194
NCIT:C45193	NCIT:C45214
NCIT:C45193	NCIT:C45215
NCIT:C45193	NCIT:C45216
NCIT:C45194	NCIT:C138027
NCIT:C45194	NCIT:C138028
NCIT:C4520	NCIT:C180845
NCIT:C4520	NCIT:C180846
NCIT:C45202	NCIT:C188970
NCIT:C45202	NCIT:C223914
NCIT:C45202	NCIT:C223918
NCIT:C45202	NCIT:C45203
NCIT:C45202	NCIT:C45210
NCIT:C4521	NCIT:C4644
NCIT:C4521	NCIT:C7663
NCIT:C45219	NCIT:C36080
NCIT:C45219	NCIT:C36081
NCIT:C45219	NCIT:C45231
NCIT:C4523	NCIT:C40345
NCIT:C45230	NCIT:C211669
NCIT:C45230	NCIT:C62241
NCIT:C45230	NCIT:C62277
NCIT:C45230	NCIT:C62279
NCIT:C45230	NCIT:C66818
NCIT:C45230	NCIT:C7340
NCIT:C45238	NCIT:C45241
NCIT:C45238	NCIT:C45242
NCIT:C45238	NCIT:C5631
NCIT:C45240	NCIT:C168980
NCIT:C45240	NCIT:C171101
NCIT:C45240	NCIT:C206204
NCIT:C45240	NCIT:C45238
NCIT:C45240	NCIT:C45249
NCIT:C45240	NCIT:C45250
NCIT:C45240	NCIT:C88156
NCIT:C45249	NCIT:C168651
NCIT:C45249	NCIT:C185155
NCIT:C45249	NCIT:C206305
NCIT:C45249	NCIT:C45264
NCIT:C45249	NCIT:C45266
NCIT:C45249	NCIT:C45267
NCIT:C45249	NCIT:C7218
NCIT:C4525	NCIT:C154496
NCIT:C4525	NCIT:C157737
NCIT:C4525	NCIT:C159205
NCIT:C4525	NCIT:C159206
NCIT:C4525	NCIT:C159208
NCIT:C4525	NCIT:C4264
NCIT:C4525	NCIT:C6181
NCIT:C4525	NCIT:C6183
NCIT:C4525	NCIT:C6185
NCIT:C4525	NCIT:C7726
NCIT:C45250	NCIT:C139023
NCIT:C45250	NCIT:C206377
NCIT:C45250	NCIT:C206378
NCIT:C45250	NCIT:C206394
NCIT:C45250	NCIT:C3467
NCIT:C45250	NCIT:C45268
NCIT:C45250	NCIT:C45271
NCIT:C45250	NCIT:C45272
NCIT:C45250	NCIT:C45366
NCIT:C45250	NCIT:C7195
NCIT:C45256	NCIT:C220229
NCIT:C45256	NCIT:C50587
NCIT:C4526	NCIT:C8960
NCIT:C4527	NCIT:C6950
NCIT:C4528	NCIT:C6187
NCIT:C45327	NCIT:C199676
NCIT:C45327	NCIT:C199677
NCIT:C4533	NCIT:C179226
NCIT:C4533	NCIT:C4715
NCIT:C45339	NCIT:C191823
NCIT:C45339	NCIT:C191824
NCIT:C4534	NCIT:C215130
NCIT:C4534	NCIT:C3875
NCIT:C4534	NCIT:C4535
NCIT:C4534	NCIT:C4641
NCIT:C45340	NCIT:C191818
NCIT:C45340	NCIT:C191820
NCIT:C4536	NCIT:C163956
NCIT:C4536	NCIT:C163959
NCIT:C4536	NCIT:C5962
NCIT:C4536	NCIT:C5963
NCIT:C4536	NCIT:C5964
NCIT:C4536	NCIT:C5965
NCIT:C4537	NCIT:C215127
NCIT:C4537	NCIT:C6769
NCIT:C4537	NCIT:C7531
NCIT:C45372	NCIT:C34862
NCIT:C45372	NCIT:C50593
NCIT:C45372	NCIT:C50617
NCIT:C45372	NCIT:C83508
NCIT:C45372	NCIT:C83813
NCIT:C4538	NCIT:C213648
NCIT:C4538	NCIT:C5304
NCIT:C4541	NCIT:C175267
NCIT:C4541	NCIT:C175290
NCIT:C4541	NCIT:C215835
NCIT:C4541	NCIT:C215836
NCIT:C4541	NCIT:C215878
NCIT:C4541	NCIT:C215880
NCIT:C45429	NCIT:C27413
NCIT:C4543	NCIT:C6246
NCIT:C4543	NCIT:C6247
NCIT:C4547	NCIT:C4544
NCIT:C4547	NCIT:C5352
NCIT:C45473	NCIT:C27510
NCIT:C45474	NCIT:C121668
NCIT:C45474	NCIT:C27511
NCIT:C45474	NCIT:C45475
NCIT:C45474	NCIT:C45476
NCIT:C45474	NCIT:C7526
NCIT:C45475	NCIT:C207028
NCIT:C45475	NCIT:C207030
NCIT:C45479	NCIT:C165704
NCIT:C45479	NCIT:C3477
NCIT:C45479	NCIT:C4391
NCIT:C45481	NCIT:C168177
NCIT:C45481	NCIT:C219881
NCIT:C45481	NCIT:C28194
NCIT:C45481	NCIT:C3481
NCIT:C45481	NCIT:C3724
NCIT:C45481	NCIT:C3840
NCIT:C45481	NCIT:C3943
NCIT:C45481	NCIT:C45483
NCIT:C45481	NCIT:C84724
NCIT:C45481	NCIT:C97087
NCIT:C4549	NCIT:C174390
NCIT:C4549	NCIT:C174398
NCIT:C4549	NCIT:C212110
NCIT:C4549	NCIT:C212111
NCIT:C4549	NCIT:C212112
NCIT:C4549	NCIT:C212113
NCIT:C4549	NCIT:C212114
NCIT:C4549	NCIT:C212849
NCIT:C4550	NCIT:C182127
NCIT:C4550	NCIT:C204981
NCIT:C4550	NCIT:C213200
NCIT:C4550	NCIT:C213201
NCIT:C4550	NCIT:C213202
NCIT:C4550	NCIT:C214942
NCIT:C4550	NCIT:C214944
NCIT:C45508	NCIT:C65197
NCIT:C4551	NCIT:C174416
NCIT:C4551	NCIT:C174418
NCIT:C4551	NCIT:C174426
NCIT:C4551	NCIT:C174452
NCIT:C4551	NCIT:C174493
NCIT:C4551	NCIT:C204978
NCIT:C4551	NCIT:C213112
NCIT:C45525	NCIT:C50517
NCIT:C45525	NCIT:C50628
NCIT:C45525	NCIT:C50709
NCIT:C45525	NCIT:C50796
NCIT:C45525	NCIT:C50797
NCIT:C45525	NCIT:C78446
NCIT:C45525	NCIT:C78579
NCIT:C45525	NCIT:C78649
NCIT:C45525	NCIT:C78650
NCIT:C45525	NCIT:C99545
NCIT:C4554	NCIT:C175467
NCIT:C4554	NCIT:C6103
NCIT:C4554	NCIT:C9088
NCIT:C45540	NCIT:C3732
NCIT:C45540	NCIT:C4452
NCIT:C45540	NCIT:C45541
NCIT:C45540	NCIT:C45542
NCIT:C45540	NCIT:C45543
NCIT:C4555	NCIT:C4556
NCIT:C45569	NCIT:C192018
NCIT:C45569	NCIT:C192797
NCIT:C45569	NCIT:C4917
NCIT:C45569	NCIT:C5672
NCIT:C45569	NCIT:C7591
NCIT:C4557	NCIT:C215120
NCIT:C4558	NCIT:C35783
NCIT:C4558	NCIT:C6117
NCIT:C4558	NCIT:C6118
NCIT:C4558	NCIT:C6119
NCIT:C45605	NCIT:C183121
NCIT:C4561	NCIT:C169085
NCIT:C4561	NCIT:C35782
NCIT:C4561	NCIT:C6099
NCIT:C4561	NCIT:C6100
NCIT:C4561	NCIT:C6102
NCIT:C4561	NCIT:C6865
NCIT:C45612	NCIT:C142783
NCIT:C45612	NCIT:C142823
NCIT:C45612	NCIT:C142828
NCIT:C45612	NCIT:C223175
NCIT:C45612	NCIT:C39740
NCIT:C45612	NCIT:C45629
NCIT:C45612	NCIT:C45630
NCIT:C45612	NCIT:C4860
NCIT:C45612	NCIT:C5063
NCIT:C45612	NCIT:C5276
NCIT:C45612	NCIT:C5657
NCIT:C45612	NCIT:C5658
NCIT:C45612	NCIT:C5660
NCIT:C45625	NCIT:C5669
NCIT:C45626	NCIT:C211861
NCIT:C45631	NCIT:C45632
NCIT:C45631	NCIT:C45633
NCIT:C45636	NCIT:C45637
NCIT:C4565	NCIT:C190620
NCIT:C4565	NCIT:C35750
NCIT:C4565	NCIT:C3603
NCIT:C4565	NCIT:C3604
NCIT:C4565	NCIT:C3605
NCIT:C4565	NCIT:C4454
NCIT:C4565	NCIT:C4458
NCIT:C4565	NCIT:C8529
NCIT:C4565	NCIT:C8536
NCIT:C45655	NCIT:C168804
NCIT:C45655	NCIT:C173606
NCIT:C45655	NCIT:C27779
NCIT:C45655	NCIT:C45663
NCIT:C4566	NCIT:C7454
NCIT:C45662	NCIT:C173616
NCIT:C45663	NCIT:C173617
NCIT:C45665	NCIT:C173618
NCIT:C4567	NCIT:C147098
NCIT:C4567	NCIT:C147104
NCIT:C4567	NCIT:C183136
NCIT:C4567	NCIT:C45762
NCIT:C4567	NCIT:C7631
NCIT:C4567	NCIT:C7753
NCIT:C45687	NCIT:C183135
NCIT:C45687	NCIT:C213788
NCIT:C45687	NCIT:C45691
NCIT:C4569	NCIT:C215387
NCIT:C4569	NCIT:C45759
NCIT:C45696	NCIT:C45697
NCIT:C45696	NCIT:C45698
NCIT:C4571	NCIT:C156885
NCIT:C4571	NCIT:C7377
NCIT:C4571	NCIT:C9346
NCIT:C45716	NCIT:C142781
NCIT:C45716	NCIT:C160297
NCIT:C45716	NCIT:C160301
NCIT:C45716	NCIT:C173087
NCIT:C45716	NCIT:C190277
NCIT:C45716	NCIT:C205357
NCIT:C4572	NCIT:C213152
NCIT:C4572	NCIT:C213745
NCIT:C4572	NCIT:C215202
NCIT:C4572	NCIT:C7523
NCIT:C4572	NCIT:C96063
NCIT:C45722	NCIT:C115444
NCIT:C4573	NCIT:C3775
NCIT:C4573	NCIT:C43310
NCIT:C4573	NCIT:C4810
NCIT:C4573	NCIT:C8409
NCIT:C45738	NCIT:C45739
NCIT:C45738	NCIT:C45740
NCIT:C4574	NCIT:C172624
NCIT:C4574	NCIT:C206435
NCIT:C4574	NCIT:C27529
NCIT:C4574	NCIT:C5585
NCIT:C4574	NCIT:C5614
NCIT:C45741	NCIT:C146883
NCIT:C45744	NCIT:C95044
NCIT:C45749	NCIT:C45750
NCIT:C45749	NCIT:C45751
NCIT:C45749	NCIT:C45752
NCIT:C4575	NCIT:C5375
NCIT:C4575	NCIT:C5377
NCIT:C4575	NCIT:C5379
NCIT:C4575	NCIT:C5380
NCIT:C4575	NCIT:C5383
NCIT:C45756	NCIT:C45757
NCIT:C45756	NCIT:C45758
NCIT:C4576	NCIT:C205746
NCIT:C45761	NCIT:C147103
NCIT:C45761	NCIT:C147104
NCIT:C45761	NCIT:C147106
NCIT:C45762	NCIT:C27385
NCIT:C4577	NCIT:C185371
NCIT:C4577	NCIT:C185471
NCIT:C4577	NCIT:C205745
NCIT:C4577	NCIT:C213284
NCIT:C4577	NCIT:C4970
NCIT:C4577	NCIT:C5123
NCIT:C4577	NCIT:C5151
NCIT:C4577	NCIT:C7611
NCIT:C4580	NCIT:C155873
NCIT:C4580	NCIT:C6711
NCIT:C4580	NCIT:C6712
NCIT:C4580	NCIT:C6724
NCIT:C4580	NCIT:C8408
NCIT:C4580	NCIT:C8530
NCIT:C4581	NCIT:C7426
NCIT:C4581	NCIT:C8411
NCIT:C4583	NCIT:C179654
NCIT:C4583	NCIT:C179657
NCIT:C45835	NCIT:C190714
NCIT:C45835	NCIT:C222479
NCIT:C45835	NCIT:C45838
NCIT:C45835	NCIT:C45841
NCIT:C45837	NCIT:C28333
NCIT:C45837	NCIT:C45834
NCIT:C45837	NCIT:C45838
NCIT:C45837	NCIT:C95585
NCIT:C45840	NCIT:C45841
NCIT:C45840	NCIT:C95595
NCIT:C45840	NCIT:C95596
NCIT:C45840	NCIT:C95597
NCIT:C45840	NCIT:C95598
NCIT:C45840	NCIT:C95599
NCIT:C45843	NCIT:C6878
NCIT:C45843	NCIT:C6879
NCIT:C45843	NCIT:C95460
NCIT:C4586	NCIT:C174496
NCIT:C4586	NCIT:C174507
NCIT:C4586	NCIT:C8555
NCIT:C4587	NCIT:C6052
NCIT:C4588	NCIT:C5893
NCIT:C4590	NCIT:C6039
NCIT:C45915	NCIT:C121152
NCIT:C45915	NCIT:C121153
NCIT:C45916	NCIT:C154504
NCIT:C45916	NCIT:C154505
NCIT:C45921	NCIT:C155304
NCIT:C45921	NCIT:C3329
NCIT:C45921	NCIT:C7912
NCIT:C45922	NCIT:C2856
NCIT:C45922	NCIT:C2857
NCIT:C45922	NCIT:C4147
NCIT:C45922	NCIT:C4148
NCIT:C45922	NCIT:C4149
NCIT:C45922	NCIT:C4150
NCIT:C45922	NCIT:C6780
NCIT:C4595	NCIT:C157573
NCIT:C4595	NCIT:C172706
NCIT:C4595	NCIT:C43598
NCIT:C4595	NCIT:C7490
NCIT:C4596	NCIT:C162539
NCIT:C4596	NCIT:C162541
NCIT:C4596	NCIT:C7666
NCIT:C4596	NCIT:C7667
NCIT:C4598	NCIT:C27478
NCIT:C4598	NCIT:C4831
NCIT:C4599	NCIT:C4403
NCIT:C4599	NCIT:C4404
NCIT:C4600	NCIT:C173659
NCIT:C4600	NCIT:C173680
NCIT:C4600	NCIT:C173681
NCIT:C4600	NCIT:C173682
NCIT:C4600	NCIT:C173687
NCIT:C4600	NCIT:C184295
NCIT:C4600	NCIT:C201770
NCIT:C4600	NCIT:C2854
NCIT:C4600	NCIT:C35833
NCIT:C4600	NCIT:C35839
NCIT:C4600	NCIT:C4411
NCIT:C4600	NCIT:C4771
NCIT:C4600	NCIT:C5978
NCIT:C4602	NCIT:C202582
NCIT:C4603	NCIT:C164256
NCIT:C4603	NCIT:C4369
NCIT:C4604	NCIT:C173575
NCIT:C4604	NCIT:C214903
NCIT:C4604	NCIT:C5988
NCIT:C4604	NCIT:C6038
NCIT:C46068	NCIT:C126409
NCIT:C46068	NCIT:C46093
NCIT:C46068	NCIT:C4946
NCIT:C46068	NCIT:C6042
NCIT:C4607	NCIT:C215383
NCIT:C4607	NCIT:C45752
NCIT:C4607	NCIT:C6739
NCIT:C46073	NCIT:C200087
NCIT:C4608	NCIT:C3695
NCIT:C4608	NCIT:C7748
NCIT:C46083	NCIT:C160587
NCIT:C46083	NCIT:C162756
NCIT:C46083	NCIT:C220186
NCIT:C46083	NCIT:C27101
NCIT:C46084	NCIT:C78444
NCIT:C4609	NCIT:C215212
NCIT:C4609	NCIT:C3600
NCIT:C46098	NCIT:C46103
NCIT:C46099	NCIT:C173637
NCIT:C46099	NCIT:C173638
NCIT:C4610	NCIT:C2894
NCIT:C4610	NCIT:C4774
NCIT:C4610	NCIT:C5677
NCIT:C4610	NCIT:C5678
NCIT:C4610	NCIT:C96512
NCIT:C4610	NCIT:C96513
NCIT:C4610	NCIT:C96514
NCIT:C4610	NCIT:C96516
NCIT:C46100	NCIT:C35407
NCIT:C46100	NCIT:C46101
NCIT:C46100	NCIT:C46102
NCIT:C46104	NCIT:C187992
NCIT:C46104	NCIT:C187993
NCIT:C46105	NCIT:C190064
NCIT:C4611	NCIT:C139546
NCIT:C4611	NCIT:C5607
NCIT:C4611	NCIT:C5608
NCIT:C4611	NCIT:C96554
NCIT:C4611	NCIT:C96699
NCIT:C4612	NCIT:C223347
NCIT:C4612	NCIT:C223348
NCIT:C4612	NCIT:C223349
NCIT:C4612	NCIT:C223351
NCIT:C4612	NCIT:C223352
NCIT:C4612	NCIT:C95470
NCIT:C4612	NCIT:C95559
NCIT:C4614	NCIT:C4355
NCIT:C4615	NCIT:C167370
NCIT:C4615	NCIT:C27520
NCIT:C4615	NCIT:C4879
NCIT:C4615	NCIT:C7580
NCIT:C4615	NCIT:C8525
NCIT:C4616	NCIT:C170474
NCIT:C4616	NCIT:C170478
NCIT:C4616	NCIT:C217741
NCIT:C4621	NCIT:C156757
NCIT:C4621	NCIT:C190600
NCIT:C4621	NCIT:C3502
NCIT:C4621	NCIT:C9003
NCIT:C4624	NCIT:C217289
NCIT:C4627	NCIT:C129807
NCIT:C4627	NCIT:C153823
NCIT:C4627	NCIT:C153842
NCIT:C4627	NCIT:C185037
NCIT:C4627	NCIT:C203310
NCIT:C4627	NCIT:C212063
NCIT:C4627	NCIT:C3572
NCIT:C4627	NCIT:C4015
NCIT:C4627	NCIT:C4628
NCIT:C4627	NCIT:C4717
NCIT:C4627	NCIT:C4822
NCIT:C4627	NCIT:C5114
NCIT:C4627	NCIT:C54099
NCIT:C4627	NCIT:C5440
NCIT:C4627	NCIT:C5448
NCIT:C4627	NCIT:C62332
NCIT:C4627	NCIT:C6758
NCIT:C4627	NCIT:C6990
NCIT:C4627	NCIT:C7541
NCIT:C4627	NCIT:C92629
NCIT:C4628	NCIT:C27383
NCIT:C4628	NCIT:C38938
NCIT:C4628	NCIT:C4073
NCIT:C4628	NCIT:C5446
NCIT:C4628	NCIT:C8506
NCIT:C4628	NCIT:C92652
NCIT:C4628	NCIT:C94756
NCIT:C4630	NCIT:C40196
NCIT:C4630	NCIT:C7674
NCIT:C4634	NCIT:C172632
NCIT:C4634	NCIT:C4683
NCIT:C4634	NCIT:C49025
NCIT:C4634	NCIT:C6806
NCIT:C4636	NCIT:C27235
NCIT:C4636	NCIT:C5638
NCIT:C4637	NCIT:C4638
NCIT:C4637	NCIT:C6424
NCIT:C4637	NCIT:C96160
NCIT:C4637	NCIT:C96543
NCIT:C4638	NCIT:C4935
NCIT:C4638	NCIT:C6425
NCIT:C4638	NCIT:C6429
NCIT:C4638	NCIT:C95982
NCIT:C4640	NCIT:C188079
NCIT:C4641	NCIT:C201976
NCIT:C4642	NCIT:C147901
NCIT:C4642	NCIT:C191198
NCIT:C4642	NCIT:C5148
NCIT:C4642	NCIT:C5149
NCIT:C4642	NCIT:C9375
NCIT:C4646	NCIT:C27246
NCIT:C4646	NCIT:C40442
NCIT:C4646	NCIT:C6278
NCIT:C4646	NCIT:C8893
NCIT:C4647	NCIT:C176255
NCIT:C4648	NCIT:C201878
NCIT:C4648	NCIT:C213305
NCIT:C4648	NCIT:C213323
NCIT:C4648	NCIT:C8169
NCIT:C4648	NCIT:C8182
NCIT:C4649	NCIT:C4941
NCIT:C4649	NCIT:C8170
NCIT:C4651	NCIT:C4281
NCIT:C4651	NCIT:C4567
NCIT:C4651	NCIT:C45761
NCIT:C4651	NCIT:C8536
NCIT:C4652	NCIT:C4653
NCIT:C4652	NCIT:C5558
NCIT:C4652	NCIT:C6080
NCIT:C4652	NCIT:C6807
NCIT:C4653	NCIT:C6081
NCIT:C4656	NCIT:C155776
NCIT:C4656	NCIT:C27307
NCIT:C4656	NCIT:C4719
NCIT:C4656	NCIT:C5133
NCIT:C4656	NCIT:C5270
NCIT:C4656	NCIT:C5272
NCIT:C4656	NCIT:C5273
NCIT:C4656	NCIT:C5291
NCIT:C4656	NCIT:C5587
NCIT:C4656	NCIT:C6253
NCIT:C4656	NCIT:C6775
NCIT:C4656	NCIT:C7048
NCIT:C4656	NCIT:C9374
NCIT:C4659	NCIT:C6753
NCIT:C4659	NCIT:C6767
NCIT:C4660	NCIT:C155784
NCIT:C4660	NCIT:C92652
NCIT:C4661	NCIT:C115253
NCIT:C4661	NCIT:C186649
NCIT:C4661	NCIT:C205069
NCIT:C4663	NCIT:C217336
NCIT:C4663	NCIT:C5095
NCIT:C4663	NCIT:C5096
NCIT:C4664	NCIT:C180985
NCIT:C4664	NCIT:C180986
NCIT:C4664	NCIT:C39584
NCIT:C4664	NCIT:C39586
NCIT:C4664	NCIT:C7302
NCIT:C4665	NCIT:C172289
NCIT:C4665	NCIT:C200738
NCIT:C4665	NCIT:C3180
NCIT:C4665	NCIT:C3242
NCIT:C4665	NCIT:C7240
NCIT:C4665	NCIT:C7813
NCIT:C4665	NCIT:C9349
NCIT:C4666	NCIT:C213290
NCIT:C4666	NCIT:C222814
NCIT:C4666	NCIT:C222818
NCIT:C4669	NCIT:C156277
NCIT:C4669	NCIT:C159667
NCIT:C4669	NCIT:C159670
NCIT:C4669	NCIT:C159671
NCIT:C4670	NCIT:C170727
NCIT:C4670	NCIT:C5184
NCIT:C4670	NCIT:C5185
NCIT:C4670	NCIT:C5186
NCIT:C4670	NCIT:C5187
NCIT:C4670	NCIT:C5189
NCIT:C4670	NCIT:C5190
NCIT:C4671	NCIT:C138023
NCIT:C4671	NCIT:C138024
NCIT:C4671	NCIT:C5181
NCIT:C4672	NCIT:C39944
NCIT:C4672	NCIT:C6522
NCIT:C4672	NCIT:C6523
NCIT:C4673	NCIT:C126111
NCIT:C4673	NCIT:C141445
NCIT:C4673	NCIT:C173683
NCIT:C4676	NCIT:C155791
NCIT:C4676	NCIT:C155793
NCIT:C4676	NCIT:C5272
NCIT:C4679	NCIT:C3935
NCIT:C4683	NCIT:C177325
NCIT:C4683	NCIT:C27547
NCIT:C4683	NCIT:C38105
NCIT:C4683	NCIT:C38106
NCIT:C4683	NCIT:C4700
NCIT:C4683	NCIT:C49104
NCIT:C4683	NCIT:C9430
NCIT:C4684	NCIT:C115154
NCIT:C4684	NCIT:C141296
NCIT:C4684	NCIT:C162468
NCIT:C4684	NCIT:C173172
NCIT:C4684	NCIT:C213799
NCIT:C4684	NCIT:C45268
NCIT:C4684	NCIT:C5026
NCIT:C4684	NCIT:C68692
NCIT:C4684	NCIT:C8669
NCIT:C4691	NCIT:C119990
NCIT:C4691	NCIT:C119991
NCIT:C4691	NCIT:C119992
NCIT:C4691	NCIT:C119993
NCIT:C4691	NCIT:C9468
NCIT:C4691	NCIT:C9469
NCIT:C4699	NCIT:C140032
NCIT:C4699	NCIT:C180634
NCIT:C4699	NCIT:C3757
NCIT:C4699	NCIT:C4646
NCIT:C4699	NCIT:C6390
NCIT:C4699	NCIT:C6900
NCIT:C4699	NCIT:C7887
NCIT:C4699	NCIT:C9176
NCIT:C4699	NCIT:C9177
NCIT:C4699	NCIT:C9178
NCIT:C4711	NCIT:C4177
NCIT:C4711	NCIT:C4178
NCIT:C4712	NCIT:C4200
NCIT:C4712	NCIT:C4201
NCIT:C4712	NCIT:C4202
NCIT:C4712	NCIT:C7683
NCIT:C4715	NCIT:C124292
NCIT:C4716	NCIT:C173815
NCIT:C4716	NCIT:C188984
NCIT:C4717	NCIT:C160914
NCIT:C4717	NCIT:C160915
NCIT:C4722	NCIT:C5287
NCIT:C4722	NCIT:C5295
NCIT:C4722	NCIT:C5301
NCIT:C4723	NCIT:C179224
NCIT:C4723	NCIT:C6852
NCIT:C4726	NCIT:C162612
NCIT:C4726	NCIT:C188948
NCIT:C4726	NCIT:C188949
NCIT:C4727	NCIT:C213824
NCIT:C4727	NCIT:C213849
NCIT:C4727	NCIT:C213850
NCIT:C4727	NCIT:C213853
NCIT:C4727	NCIT:C27696
NCIT:C4727	NCIT:C7232
NCIT:C4727	NCIT:C7234
NCIT:C4731	NCIT:C116381
NCIT:C4731	NCIT:C118711
NCIT:C4731	NCIT:C119734
NCIT:C4731	NCIT:C125389
NCIT:C4731	NCIT:C156348
NCIT:C4731	NCIT:C26748
NCIT:C4731	NCIT:C26951
NCIT:C4731	NCIT:C27025
NCIT:C4731	NCIT:C27033
NCIT:C4731	NCIT:C27055
NCIT:C4731	NCIT:C27187
NCIT:C4731	NCIT:C27221
NCIT:C4731	NCIT:C27301
NCIT:C4731	NCIT:C27338
NCIT:C4731	NCIT:C27595
NCIT:C4731	NCIT:C27596
NCIT:C4731	NCIT:C28155
NCIT:C4731	NCIT:C35098
NCIT:C4731	NCIT:C70938
NCIT:C4731	NCIT:C84553
NCIT:C4731	NCIT:C84728
NCIT:C4733	NCIT:C36205
NCIT:C4733	NCIT:C5519
NCIT:C4733	NCIT:C7755
NCIT:C4737	NCIT:C141295
NCIT:C4737	NCIT:C39610
NCIT:C4737	NCIT:C8680
NCIT:C4737	NCIT:C8681
NCIT:C4741	NCIT:C27134
NCIT:C4741	NCIT:C35562
NCIT:C4741	NCIT:C3708
NCIT:C4741	NCIT:C3709
NCIT:C4741	NCIT:C3786
NCIT:C4741	NCIT:C7058
NCIT:C4741	NCIT:C7059
NCIT:C4742	NCIT:C203968
NCIT:C4742	NCIT:C203969
NCIT:C4742	NCIT:C26913
NCIT:C4742	NCIT:C27087
NCIT:C4742	NCIT:C2964
NCIT:C4742	NCIT:C3712
NCIT:C4742	NCIT:C3940
NCIT:C4744	NCIT:C4624
NCIT:C4747	NCIT:C129424
NCIT:C4747	NCIT:C129427
NCIT:C4747	NCIT:C129431
NCIT:C4747	NCIT:C179229
NCIT:C4747	NCIT:C180378
NCIT:C4747	NCIT:C180532
NCIT:C4747	NCIT:C185935
NCIT:C4747	NCIT:C203302
NCIT:C4747	NCIT:C203308
NCIT:C4747	NCIT:C224959
NCIT:C4747	NCIT:C3788
NCIT:C4747	NCIT:C3791
NCIT:C4747	NCIT:C4717
NCIT:C4747	NCIT:C4738
NCIT:C4747	NCIT:C6934
NCIT:C4747	NCIT:C7372
NCIT:C4747	NCIT:C92554
NCIT:C4747	NCIT:C92555
NCIT:C4747	NCIT:C9476
NCIT:C4747	NCIT:C9505
NCIT:C4748	NCIT:C6630
NCIT:C4748	NCIT:C6910
NCIT:C4750	NCIT:C172206
NCIT:C4751	NCIT:C190281
NCIT:C4752	NCIT:C150133
NCIT:C4752	NCIT:C157691
NCIT:C4752	NCIT:C206378
NCIT:C4752	NCIT:C36270
NCIT:C4752	NCIT:C36271
NCIT:C4752	NCIT:C7298
NCIT:C4753	NCIT:C157697
NCIT:C4753	NCIT:C158081
NCIT:C4753	NCIT:C7299
NCIT:C4755	NCIT:C121846
NCIT:C4755	NCIT:C2946
NCIT:C4755	NCIT:C8592
NCIT:C4756	NCIT:C128142
NCIT:C4756	NCIT:C37272
NCIT:C4756	NCIT:C4522
NCIT:C4756	NCIT:C89445
NCIT:C4758	NCIT:C150130
NCIT:C4758	NCIT:C185152
NCIT:C4758	NCIT:C225328
NCIT:C4758	NCIT:C96767
NCIT:C4762	NCIT:C3525
NCIT:C4762	NCIT:C3526
NCIT:C4762	NCIT:C3527
NCIT:C4762	NCIT:C5902
NCIT:C4762	NCIT:C5907
NCIT:C4762	NCIT:C5981
NCIT:C4762	NCIT:C5983
NCIT:C4763	NCIT:C150031
NCIT:C4763	NCIT:C150032
NCIT:C4765	NCIT:C188115
NCIT:C4765	NCIT:C6089
NCIT:C4766	NCIT:C174561
NCIT:C4766	NCIT:C175466
NCIT:C4766	NCIT:C4557
NCIT:C4766	NCIT:C4558
NCIT:C4766	NCIT:C8553
NCIT:C4767	NCIT:C3216
NCIT:C4767	NCIT:C3564
NCIT:C4767	NCIT:C3565
NCIT:C4767	NCIT:C35690
NCIT:C4767	NCIT:C4586
NCIT:C4767	NCIT:C6079
NCIT:C4767	NCIT:C6105
NCIT:C4767	NCIT:C8562
NCIT:C4767	NCIT:C92186
NCIT:C4769	NCIT:C155304
NCIT:C4769	NCIT:C155796
NCIT:C4769	NCIT:C4536
NCIT:C4769	NCIT:C6805
NCIT:C4770	NCIT:C173684
NCIT:C4770	NCIT:C173688
NCIT:C4770	NCIT:C4650
NCIT:C4770	NCIT:C5393
NCIT:C4770	NCIT:C5397
NCIT:C4770	NCIT:C5949
NCIT:C4770	NCIT:C5982
NCIT:C4770	NCIT:C66865
NCIT:C4770	NCIT:C6847
NCIT:C4771	NCIT:C4601
NCIT:C4771	NCIT:C4770
NCIT:C4771	NCIT:C4891
NCIT:C4773	NCIT:C43576
NCIT:C4773	NCIT:C5514
NCIT:C4774	NCIT:C5551
NCIT:C4774	NCIT:C5552
NCIT:C4775	NCIT:C170725
NCIT:C4776	NCIT:C7128
NCIT:C4777	NCIT:C161643
NCIT:C4777	NCIT:C192140
NCIT:C4777	NCIT:C3489
NCIT:C4777	NCIT:C3612
NCIT:C4777	NCIT:C3613
NCIT:C4778	NCIT:C157748
NCIT:C4778	NCIT:C159209
NCIT:C4778	NCIT:C159211
NCIT:C4778	NCIT:C159214
NCIT:C4778	NCIT:C159221
NCIT:C4778	NCIT:C190608
NCIT:C4778	NCIT:C191391
NCIT:C4778	NCIT:C3616
NCIT:C4778	NCIT:C37264
NCIT:C4778	NCIT:C4162
NCIT:C4778	NCIT:C4526
NCIT:C4778	NCIT:C5100
NCIT:C4778	NCIT:C5101
NCIT:C4778	NCIT:C8383
NCIT:C4779	NCIT:C174500
NCIT:C4779	NCIT:C174560
NCIT:C4779	NCIT:C4560
NCIT:C4779	NCIT:C66807
NCIT:C4780	NCIT:C175223
NCIT:C4780	NCIT:C3622
NCIT:C4780	NCIT:C3623
NCIT:C4780	NCIT:C3624
NCIT:C4780	NCIT:C6104
NCIT:C4780	NCIT:C92182
NCIT:C4781	NCIT:C2964
NCIT:C4781	NCIT:C4963
NCIT:C4781	NCIT:C4965
NCIT:C4781	NCIT:C5116
NCIT:C4781	NCIT:C5798
NCIT:C4781	NCIT:C7739
NCIT:C4781	NCIT:C8405
NCIT:C4783	NCIT:C115352
NCIT:C4783	NCIT:C158616
NCIT:C4783	NCIT:C179251
NCIT:C4783	NCIT:C179259
NCIT:C4783	NCIT:C40036
NCIT:C4783	NCIT:C40080
NCIT:C4783	NCIT:C5226
NCIT:C4783	NCIT:C9459
NCIT:C4783	NCIT:C94821
NCIT:C4783	NCIT:C94822
NCIT:C4783	NCIT:C94824
NCIT:C4783	NCIT:C94825
NCIT:C4784	NCIT:C114940
NCIT:C4784	NCIT:C3081
NCIT:C4784	NCIT:C5348
NCIT:C4784	NCIT:C7388
NCIT:C47857	NCIT:C153588
NCIT:C47857	NCIT:C3301
NCIT:C47857	NCIT:C47858
NCIT:C47857	NCIT:C7951
NCIT:C47858	NCIT:C4019
NCIT:C4786	NCIT:C219791
NCIT:C4786	NCIT:C2866
NCIT:C4786	NCIT:C34523
NCIT:C4786	NCIT:C34524
NCIT:C4786	NCIT:C34525
NCIT:C4786	NCIT:C84719
NCIT:C4786	NCIT:C84826
NCIT:C4787	NCIT:C190580
NCIT:C4787	NCIT:C190592
NCIT:C4787	NCIT:C3598
NCIT:C4787	NCIT:C3599
NCIT:C4787	NCIT:C4440
NCIT:C4787	NCIT:C4609
NCIT:C4787	NCIT:C4612
NCIT:C4787	NCIT:C4773
NCIT:C4787	NCIT:C4776
NCIT:C4787	NCIT:C7741
NCIT:C4788	NCIT:C190623
NCIT:C4788	NCIT:C3571
NCIT:C4788	NCIT:C4627
NCIT:C4788	NCIT:C4961
NCIT:C4788	NCIT:C6963
NCIT:C4788	NCIT:C8547
NCIT:C4789	NCIT:C121681
NCIT:C4789	NCIT:C121686
NCIT:C4789	NCIT:C188049
NCIT:C4789	NCIT:C190622
NCIT:C4789	NCIT:C193416
NCIT:C4789	NCIT:C213862
NCIT:C4789	NCIT:C3252
NCIT:C4789	NCIT:C3269
NCIT:C4789	NCIT:C67156
NCIT:C4793	NCIT:C4950
NCIT:C4793	NCIT:C5499
NCIT:C4793	NCIT:C5515
NCIT:C4794	NCIT:C181205
NCIT:C4794	NCIT:C5684
NCIT:C4796	NCIT:C3122
NCIT:C4798	NCIT:C115352
NCIT:C4798	NCIT:C115432
NCIT:C4798	NCIT:C115445
NCIT:C4798	NCIT:C128460
NCIT:C4798	NCIT:C128637
NCIT:C4798	NCIT:C134172
NCIT:C4798	NCIT:C155875
NCIT:C4798	NCIT:C157130
NCIT:C4798	NCIT:C182030
NCIT:C4798	NCIT:C188180
NCIT:C4798	NCIT:C4813
NCIT:C4798	NCIT:C7577
NCIT:C4798	NCIT:C7887
NCIT:C4798	NCIT:C7934
NCIT:C4799	NCIT:C26931
NCIT:C4799	NCIT:C27141
NCIT:C4799	NCIT:C27870
NCIT:C4799	NCIT:C3822
NCIT:C4800	NCIT:C174539
NCIT:C4800	NCIT:C3216
NCIT:C4800	NCIT:C3624
NCIT:C4800	NCIT:C39783
NCIT:C4800	NCIT:C7061
NCIT:C4801	NCIT:C170941
NCIT:C4801	NCIT:C175496
NCIT:C4801	NCIT:C215142
NCIT:C4801	NCIT:C4537
NCIT:C4801	NCIT:C4538
NCIT:C4802	NCIT:C122653
NCIT:C4802	NCIT:C125695
NCIT:C4802	NCIT:C133085
NCIT:C4802	NCIT:C140267
NCIT:C4802	NCIT:C168756
NCIT:C4802	NCIT:C214862
NCIT:C4802	NCIT:C214863
NCIT:C4802	NCIT:C214864
NCIT:C4802	NCIT:C27059
NCIT:C4802	NCIT:C34373
NCIT:C4802	NCIT:C34460
NCIT:C4802	NCIT:C34526
NCIT:C4802	NCIT:C4786
NCIT:C4802	NCIT:C75487
NCIT:C4802	NCIT:C79593
NCIT:C4802	NCIT:C82341
NCIT:C4802	NCIT:C82342
NCIT:C4802	NCIT:C85008
NCIT:C4802	NCIT:C85028
NCIT:C4802	NCIT:C97073
NCIT:C4803	NCIT:C27323
NCIT:C4803	NCIT:C7889
NCIT:C4803	NCIT:C9352
NCIT:C4804	NCIT:C5195
NCIT:C4804	NCIT:C54183
NCIT:C4804	NCIT:C9492
NCIT:C4807	NCIT:C4959
NCIT:C4807	NCIT:C4960
NCIT:C4807	NCIT:C5269
NCIT:C4807	NCIT:C5302
NCIT:C4810	NCIT:C167346
NCIT:C4810	NCIT:C40304
NCIT:C4810	NCIT:C5559
NCIT:C4810	NCIT:C6800
NCIT:C4810	NCIT:C6938
NCIT:C4812	NCIT:C173720
NCIT:C4812	NCIT:C173735
NCIT:C4812	NCIT:C173738
NCIT:C4813	NCIT:C127153
NCIT:C4813	NCIT:C131500
NCIT:C4813	NCIT:C131501
NCIT:C4813	NCIT:C132853
NCIT:C4813	NCIT:C142849
NCIT:C4813	NCIT:C148302
NCIT:C4813	NCIT:C148510
NCIT:C4813	NCIT:C150524
NCIT:C4813	NCIT:C150536
NCIT:C4813	NCIT:C150545
NCIT:C4813	NCIT:C152077
NCIT:C4813	NCIT:C154608
NCIT:C4813	NCIT:C155973
NCIT:C4813	NCIT:C162702
NCIT:C4813	NCIT:C170726
NCIT:C4813	NCIT:C177724
NCIT:C4813	NCIT:C179463
NCIT:C4813	NCIT:C179465
NCIT:C4813	NCIT:C206292
NCIT:C4813	NCIT:C214789
NCIT:C4813	NCIT:C223134
NCIT:C4813	NCIT:C27295
NCIT:C4813	NCIT:C27358
NCIT:C4813	NCIT:C7619
NCIT:C4813	NCIT:C7866
NCIT:C4813	NCIT:C7905
NCIT:C4813	NCIT:C94796
NCIT:C4815	NCIT:C118827
NCIT:C4815	NCIT:C126408
NCIT:C4815	NCIT:C129784
NCIT:C4815	NCIT:C133193
NCIT:C4815	NCIT:C142983
NCIT:C4815	NCIT:C156267
NCIT:C4815	NCIT:C161765
NCIT:C4815	NCIT:C27380
NCIT:C4815	NCIT:C38762
NCIT:C4815	NCIT:C3878
NCIT:C4815	NCIT:C3879
NCIT:C4815	NCIT:C46104
NCIT:C4815	NCIT:C46105
NCIT:C4815	NCIT:C46106
NCIT:C4815	NCIT:C7908
NCIT:C4816	NCIT:C35312
NCIT:C4817	NCIT:C132849
NCIT:C4817	NCIT:C142853
NCIT:C4817	NCIT:C174456
NCIT:C4817	NCIT:C189002
NCIT:C4817	NCIT:C202904
NCIT:C4817	NCIT:C4835
NCIT:C4817	NCIT:C7135
NCIT:C4817	NCIT:C7806
NCIT:C4817	NCIT:C7807
NCIT:C4817	NCIT:C7808
NCIT:C4819	NCIT:C133252
NCIT:C4819	NCIT:C143012
NCIT:C4819	NCIT:C143013
NCIT:C4819	NCIT:C157320
NCIT:C4819	NCIT:C160666
NCIT:C4819	NCIT:C165465
NCIT:C4819	NCIT:C165466
NCIT:C4819	NCIT:C165467
NCIT:C4819	NCIT:C165468
NCIT:C4819	NCIT:C165735
NCIT:C4819	NCIT:C170464
NCIT:C4819	NCIT:C206155
NCIT:C4819	NCIT:C215160
NCIT:C4819	NCIT:C215193
NCIT:C4819	NCIT:C27542
NCIT:C4819	NCIT:C27543
NCIT:C4819	NCIT:C27636
NCIT:C4819	NCIT:C27918
NCIT:C4819	NCIT:C27921
NCIT:C4819	NCIT:C2906
NCIT:C4819	NCIT:C3146
NCIT:C4819	NCIT:C4459
NCIT:C4819	NCIT:C4460
NCIT:C4819	NCIT:C4643
NCIT:C4819	NCIT:C4666
NCIT:C4819	NCIT:C6925
NCIT:C4820	NCIT:C27553
NCIT:C4822	NCIT:C102897
NCIT:C4822	NCIT:C127816
NCIT:C4822	NCIT:C142848
NCIT:C4822	NCIT:C142855
NCIT:C4822	NCIT:C162993
NCIT:C4822	NCIT:C180877
NCIT:C4822	NCIT:C200758
NCIT:C4822	NCIT:C202298
NCIT:C4822	NCIT:C206428
NCIT:C4822	NCIT:C206431
NCIT:C4822	NCIT:C223907
NCIT:C4822	NCIT:C5446
NCIT:C4824	NCIT:C171028
NCIT:C4824	NCIT:C173807
NCIT:C4824	NCIT:C181160
NCIT:C4824	NCIT:C210739
NCIT:C4824	NCIT:C4648
NCIT:C4824	NCIT:C6249
NCIT:C4824	NCIT:C8407
NCIT:C4825	NCIT:C213292
NCIT:C4825	NCIT:C8183
NCIT:C48259	NCIT:C113335
NCIT:C48259	NCIT:C114821
NCIT:C48259	NCIT:C131032
NCIT:C48259	NCIT:C48280
NCIT:C48280	NCIT:C131853
NCIT:C4830	NCIT:C140357
NCIT:C4830	NCIT:C140378
NCIT:C4830	NCIT:C150515
NCIT:C4830	NCIT:C150516
NCIT:C4830	NCIT:C158587
NCIT:C4830	NCIT:C176995
NCIT:C4830	NCIT:C180608
NCIT:C4830	NCIT:C217732
NCIT:C4830	NCIT:C6156
NCIT:C4830	NCIT:C6157
NCIT:C48305	NCIT:C92181
NCIT:C48306	NCIT:C92181
NCIT:C48306	NCIT:C92184
NCIT:C48314	NCIT:C48305
NCIT:C48314	NCIT:C79950
NCIT:C4832	NCIT:C136811
NCIT:C4832	NCIT:C156956
NCIT:C4832	NCIT:C173808
NCIT:C4832	NCIT:C188071
NCIT:C4832	NCIT:C188073
NCIT:C4832	NCIT:C213540
NCIT:C4832	NCIT:C213759
NCIT:C4832	NCIT:C27904
NCIT:C4833	NCIT:C129857
NCIT:C4833	NCIT:C148384
NCIT:C4833	NCIT:C150206
NCIT:C4833	NCIT:C170774
NCIT:C4833	NCIT:C172644
NCIT:C4833	NCIT:C217136
NCIT:C4833	NCIT:C4040
NCIT:C4833	NCIT:C4041
NCIT:C4833	NCIT:C4648
NCIT:C4833	NCIT:C4649
NCIT:C4833	NCIT:C6052
NCIT:C4833	NCIT:C6053
NCIT:C4833	NCIT:C6054
NCIT:C4833	NCIT:C6055
NCIT:C4833	NCIT:C6056
NCIT:C4833	NCIT:C6060
NCIT:C4833	NCIT:C8174
NCIT:C4834	NCIT:C136633
NCIT:C4834	NCIT:C197813
NCIT:C4834	NCIT:C197814
NCIT:C4834	NCIT:C197815
NCIT:C4834	NCIT:C3902
NCIT:C4834	NCIT:C4023
NCIT:C4834	NCIT:C6470
NCIT:C4834	NCIT:C7134
NCIT:C4835	NCIT:C6621
NCIT:C4835	NCIT:C6622
NCIT:C4835	NCIT:C6623
NCIT:C4836	NCIT:C35697
NCIT:C4839	NCIT:C27423
NCIT:C4839	NCIT:C27424
NCIT:C4839	NCIT:C27425
NCIT:C4839	NCIT:C4840
NCIT:C4840	NCIT:C27427
NCIT:C4840	NCIT:C27428
NCIT:C4843	NCIT:C172804
NCIT:C4843	NCIT:C43606
NCIT:C4843	NCIT:C67493
NCIT:C4843	NCIT:C96945
NCIT:C4845	NCIT:C172803
NCIT:C4845	NCIT:C95432
NCIT:C48452	NCIT:C48454
NCIT:C48452	NCIT:C48456
NCIT:C4855	NCIT:C118811
NCIT:C4855	NCIT:C133156
NCIT:C4855	NCIT:C156085
NCIT:C4855	NCIT:C173390
NCIT:C4855	NCIT:C27929
NCIT:C4855	NCIT:C4034
NCIT:C4855	NCIT:C4044
NCIT:C4855	NCIT:C4923
NCIT:C4855	NCIT:C54338
NCIT:C4855	NCIT:C54339
NCIT:C4855	NCIT:C54341
NCIT:C4855	NCIT:C5972
NCIT:C4855	NCIT:C5973
NCIT:C4855	NCIT:C90527
NCIT:C4855	NCIT:C91256
NCIT:C4855	NCIT:C9462
NCIT:C4855	NCIT:C9463
NCIT:C4856	NCIT:C3326
NCIT:C4856	NCIT:C4396
NCIT:C4856	NCIT:C4895
NCIT:C48576	NCIT:C5328
NCIT:C48576	NCIT:C6411
NCIT:C48576	NCIT:C6414
NCIT:C4858	NCIT:C3555
NCIT:C4858	NCIT:C6985
NCIT:C4858	NCIT:C8545
NCIT:C48596	NCIT:C158912
NCIT:C48596	NCIT:C2919
NCIT:C48596	NCIT:C39902
NCIT:C48596	NCIT:C5536
NCIT:C48596	NCIT:C5538
NCIT:C48596	NCIT:C5539
NCIT:C48596	NCIT:C5597
NCIT:C4860	NCIT:C142825
NCIT:C4860	NCIT:C142827
NCIT:C4860	NCIT:C173809
NCIT:C4860	NCIT:C181201
NCIT:C4860	NCIT:C188061
NCIT:C4860	NCIT:C213523
NCIT:C4860	NCIT:C213527
NCIT:C4860	NCIT:C213538
NCIT:C4860	NCIT:C213633
NCIT:C4860	NCIT:C223238
NCIT:C4860	NCIT:C3551
NCIT:C4860	NCIT:C45631
NCIT:C4860	NCIT:C5667
NCIT:C4861	NCIT:C193429
NCIT:C4861	NCIT:C217545
NCIT:C4861	NCIT:C5630
NCIT:C4861	NCIT:C8263
NCIT:C4861	NCIT:C9163
NCIT:C48613	NCIT:C4235
NCIT:C4862	NCIT:C3072
NCIT:C4862	NCIT:C39966
NCIT:C4862	NCIT:C39978
NCIT:C4862	NCIT:C40436
NCIT:C4862	NCIT:C4208
NCIT:C4862	NCIT:C4215
NCIT:C4862	NCIT:C66749
NCIT:C4862	NCIT:C6803
NCIT:C4862	NCIT:C7287
NCIT:C4862	NCIT:C8053
NCIT:C4863	NCIT:C103817
NCIT:C4863	NCIT:C114933
NCIT:C4863	NCIT:C138167
NCIT:C4863	NCIT:C140163
NCIT:C4863	NCIT:C153336
NCIT:C4863	NCIT:C161022
NCIT:C4863	NCIT:C167255
NCIT:C4863	NCIT:C171611
NCIT:C4863	NCIT:C176517
NCIT:C4863	NCIT:C3642
NCIT:C4863	NCIT:C39898
NCIT:C4863	NCIT:C48596
NCIT:C4863	NCIT:C7079
NCIT:C4863	NCIT:C7902
NCIT:C4863	NCIT:C8946
NCIT:C4863	NCIT:C90521
NCIT:C4863	NCIT:C91233
NCIT:C4866	NCIT:C128243
NCIT:C4866	NCIT:C139618
NCIT:C4866	NCIT:C156066
NCIT:C4866	NCIT:C174198
NCIT:C4866	NCIT:C174508
NCIT:C4866	NCIT:C207662
NCIT:C4866	NCIT:C4052
NCIT:C4866	NCIT:C6380
NCIT:C4866	NCIT:C6381
NCIT:C4866	NCIT:C90345
NCIT:C4866	NCIT:C9054
NCIT:C4866	NCIT:C9055
NCIT:C4866	NCIT:C91203
NCIT:C4866	NCIT:C9362
NCIT:C4866	NCIT:C9363
NCIT:C4866	NCIT:C9364
NCIT:C4867	NCIT:C114831
NCIT:C4867	NCIT:C150536
NCIT:C4867	NCIT:C150537
NCIT:C4867	NCIT:C162581
NCIT:C4867	NCIT:C202625
NCIT:C4867	NCIT:C215037
NCIT:C4867	NCIT:C219038
NCIT:C4867	NCIT:C27293
NCIT:C4867	NCIT:C6530
NCIT:C4867	NCIT:C6531
NCIT:C4867	NCIT:C6588
NCIT:C4867	NCIT:C6642
NCIT:C4867	NCIT:C6758
NCIT:C4867	NCIT:C7292
NCIT:C4867	NCIT:C81855
NCIT:C4867	NCIT:C9306
NCIT:C4869	NCIT:C3570
NCIT:C4869	NCIT:C4975
NCIT:C4869	NCIT:C5967
NCIT:C4869	NCIT:C5969
NCIT:C4872	NCIT:C118809
NCIT:C4872	NCIT:C137674
NCIT:C4872	NCIT:C139532
NCIT:C4872	NCIT:C147965
NCIT:C4872	NCIT:C153238
NCIT:C4872	NCIT:C158752
NCIT:C4872	NCIT:C162782
NCIT:C4872	NCIT:C188035
NCIT:C4872	NCIT:C28432
NCIT:C4872	NCIT:C2918
NCIT:C4872	NCIT:C3862
NCIT:C4872	NCIT:C4503
NCIT:C4872	NCIT:C46073
NCIT:C4872	NCIT:C5214
NCIT:C4872	NCIT:C7566
NCIT:C4872	NCIT:C7771
NCIT:C4872	NCIT:C8287
NCIT:C4872	NCIT:C90513
NCIT:C4872	NCIT:C91230
NCIT:C4872	NCIT:C9245
NCIT:C4872	NCIT:C94770
NCIT:C4872	NCIT:C94772
NCIT:C4872	NCIT:C94774
NCIT:C4873	NCIT:C35561
NCIT:C4873	NCIT:C53543
NCIT:C4873	NCIT:C7201
NCIT:C4874	NCIT:C129427
NCIT:C4874	NCIT:C150573
NCIT:C4874	NCIT:C155947
NCIT:C4874	NCIT:C179882
NCIT:C4874	NCIT:C179884
NCIT:C4874	NCIT:C4577
NCIT:C4874	NCIT:C4807
NCIT:C4874	NCIT:C5567
NCIT:C4874	NCIT:C5572
NCIT:C4874	NCIT:C5573
NCIT:C4874	NCIT:C5574
NCIT:C4874	NCIT:C8548
NCIT:C4875	NCIT:C26786
NCIT:C4875	NCIT:C27019
NCIT:C4875	NCIT:C27020
NCIT:C4875	NCIT:C27613
NCIT:C4875	NCIT:C3674
NCIT:C4877	NCIT:C7420
NCIT:C4878	NCIT:C136467
NCIT:C4878	NCIT:C141076
NCIT:C4878	NCIT:C142830
NCIT:C4878	NCIT:C153202
NCIT:C4878	NCIT:C155902
NCIT:C4878	NCIT:C162570
NCIT:C4878	NCIT:C183116
NCIT:C4878	NCIT:C188068
NCIT:C4878	NCIT:C190952
NCIT:C4878	NCIT:C209738
NCIT:C4878	NCIT:C210711
NCIT:C4878	NCIT:C222364
NCIT:C4878	NCIT:C223193
NCIT:C4878	NCIT:C27637
NCIT:C4878	NCIT:C27925
NCIT:C4878	NCIT:C2926
NCIT:C4878	NCIT:C3493
NCIT:C4878	NCIT:C35875
NCIT:C4878	NCIT:C45544
NCIT:C4878	NCIT:C45545
NCIT:C4878	NCIT:C45569
NCIT:C4878	NCIT:C5641
NCIT:C4878	NCIT:C5666
NCIT:C4878	NCIT:C7454
NCIT:C4878	NCIT:C8953
NCIT:C4878	NCIT:C90519
NCIT:C4878	NCIT:C91232
NCIT:C4879	NCIT:C167342
NCIT:C4879	NCIT:C27094
NCIT:C4879	NCIT:C27273
NCIT:C4879	NCIT:C3760
NCIT:C4879	NCIT:C4170
NCIT:C4879	NCIT:C4171
NCIT:C4879	NCIT:C4474
NCIT:C4879	NCIT:C6797
NCIT:C4879	NCIT:C6799
NCIT:C4879	NCIT:C7560
NCIT:C4880	NCIT:C121842
NCIT:C4880	NCIT:C121901
NCIT:C4880	NCIT:C155792
NCIT:C4880	NCIT:C190577
NCIT:C4880	NCIT:C27475
NCIT:C4880	NCIT:C27476
NCIT:C4880	NCIT:C27477
NCIT:C4880	NCIT:C2945
NCIT:C4880	NCIT:C3007
NCIT:C4880	NCIT:C3008
NCIT:C4880	NCIT:C3294
NCIT:C4880	NCIT:C3295
NCIT:C4880	NCIT:C3296
NCIT:C4880	NCIT:C3297
NCIT:C4880	NCIT:C34609
NCIT:C4880	NCIT:C3516
NCIT:C4880	NCIT:C3830
NCIT:C4880	NCIT:C4302
NCIT:C4880	NCIT:C53963
NCIT:C4880	NCIT:C6477
NCIT:C4880	NCIT:C66761
NCIT:C4881	NCIT:C153226
NCIT:C4882	NCIT:C3358
NCIT:C4882	NCIT:C6510
NCIT:C4883	NCIT:C214801
NCIT:C4883	NCIT:C4569
NCIT:C4883	NCIT:C6516
NCIT:C48830	NCIT:C211587
NCIT:C4884	NCIT:C162822
NCIT:C4884	NCIT:C162826
NCIT:C4884	NCIT:C3597
NCIT:C4884	NCIT:C3601
NCIT:C4884	NCIT:C3628
NCIT:C4884	NCIT:C3630
NCIT:C4884	NCIT:C5323
NCIT:C4884	NCIT:C53595
NCIT:C48873	NCIT:C7294
NCIT:C48873	NCIT:C7295
NCIT:C48876	NCIT:C155783
NCIT:C48876	NCIT:C162728
NCIT:C48876	NCIT:C162729
NCIT:C4889	NCIT:C214847
NCIT:C4889	NCIT:C215387
NCIT:C4889	NCIT:C215392
NCIT:C4889	NCIT:C5369
NCIT:C4890	NCIT:C162255
NCIT:C4890	NCIT:C162845
NCIT:C4890	NCIT:C168669
NCIT:C4890	NCIT:C172849
NCIT:C4890	NCIT:C189870
NCIT:C4890	NCIT:C206292
NCIT:C4890	NCIT:C213904
NCIT:C4890	NCIT:C216142
NCIT:C4890	NCIT:C38162
NCIT:C4890	NCIT:C4572
NCIT:C4890	NCIT:C7091
NCIT:C4890	NCIT:C7478
NCIT:C4890	NCIT:C8609
NCIT:C4890	NCIT:C9005
NCIT:C4890	NCIT:C9331
NCIT:C4890	NCIT:C9333
NCIT:C4890	NCIT:C96963
NCIT:C4892	NCIT:C4444
NCIT:C4893	NCIT:C192667
NCIT:C4893	NCIT:C4778
NCIT:C4895	NCIT:C156944
NCIT:C4895	NCIT:C157245
NCIT:C49012	NCIT:C121181
NCIT:C49012	NCIT:C129551
NCIT:C49012	NCIT:C40397
NCIT:C49012	NCIT:C6584
NCIT:C49016	NCIT:C45445
NCIT:C49016	NCIT:C45446
NCIT:C4902	NCIT:C200524
NCIT:C4902	NCIT:C200533
NCIT:C4902	NCIT:C8541
NCIT:C49024	NCIT:C173478
NCIT:C49024	NCIT:C188973
NCIT:C49027	NCIT:C188971
NCIT:C49027	NCIT:C223910
NCIT:C49027	NCIT:C223912
NCIT:C4904	NCIT:C175222
NCIT:C4904	NCIT:C175934
NCIT:C4904	NCIT:C183510
NCIT:C4904	NCIT:C205131
NCIT:C4904	NCIT:C213275
NCIT:C4904	NCIT:C214492
NCIT:C4905	NCIT:C162579
NCIT:C4905	NCIT:C206679
NCIT:C4905	NCIT:C206681
NCIT:C4905	NCIT:C206688
NCIT:C4905	NCIT:C206690
NCIT:C4905	NCIT:C206693
NCIT:C4905	NCIT:C206695
NCIT:C4905	NCIT:C219755
NCIT:C4905	NCIT:C27505
NCIT:C4905	NCIT:C34967
NCIT:C4905	NCIT:C3926
NCIT:C4905	NCIT:C4390
NCIT:C4905	NCIT:C4487
NCIT:C4905	NCIT:C4750
NCIT:C4905	NCIT:C4754
NCIT:C4905	NCIT:C6387
NCIT:C4905	NCIT:C7393
NCIT:C4906	NCIT:C118819
NCIT:C4906	NCIT:C7826
NCIT:C4906	NCIT:C7828
NCIT:C4906	NCIT:C9044
NCIT:C4908	NCIT:C128081
NCIT:C4908	NCIT:C128106
NCIT:C4908	NCIT:C139963
NCIT:C4908	NCIT:C147561
NCIT:C4908	NCIT:C150091
NCIT:C4908	NCIT:C156064
NCIT:C4908	NCIT:C159902
NCIT:C4908	NCIT:C167073
NCIT:C4908	NCIT:C171032
NCIT:C4908	NCIT:C179334
NCIT:C4908	NCIT:C180332
NCIT:C4908	NCIT:C210814
NCIT:C4908	NCIT:C27390
NCIT:C4908	NCIT:C36102
NCIT:C4908	NCIT:C40090
NCIT:C4908	NCIT:C40093
NCIT:C4908	NCIT:C4270
NCIT:C4908	NCIT:C4509
NCIT:C4908	NCIT:C4515
NCIT:C4908	NCIT:C5240
NCIT:C4908	NCIT:C7700
NCIT:C4908	NCIT:C7833
NCIT:C4910	NCIT:C134251
NCIT:C4910	NCIT:C153351
NCIT:C4910	NCIT:C156097
NCIT:C4910	NCIT:C164228
NCIT:C4910	NCIT:C167237
NCIT:C4910	NCIT:C177777
NCIT:C4910	NCIT:C180406
NCIT:C4910	NCIT:C202633
NCIT:C4910	NCIT:C202634
NCIT:C4910	NCIT:C203384
NCIT:C4910	NCIT:C214793
NCIT:C4910	NCIT:C220569
NCIT:C4910	NCIT:C3998
NCIT:C4910	NCIT:C4349
NCIT:C4910	NCIT:C5490
NCIT:C4910	NCIT:C5491
NCIT:C4910	NCIT:C7100
NCIT:C4910	NCIT:C90507
NCIT:C4910	NCIT:C91224
NCIT:C4911	NCIT:C118813
NCIT:C4911	NCIT:C133638
NCIT:C4911	NCIT:C147996
NCIT:C4911	NCIT:C153320
NCIT:C4911	NCIT:C156167
NCIT:C4911	NCIT:C159775
NCIT:C4911	NCIT:C162304
NCIT:C4911	NCIT:C210813
NCIT:C4911	NCIT:C4004
NCIT:C4911	NCIT:C5474
NCIT:C4911	NCIT:C5475
NCIT:C4911	NCIT:C5476
NCIT:C4911	NCIT:C6794
NCIT:C4911	NCIT:C6795
NCIT:C4911	NCIT:C8398
NCIT:C4911	NCIT:C8399
NCIT:C4911	NCIT:C90503
NCIT:C4911	NCIT:C91222
NCIT:C4911	NCIT:C9237
NCIT:C4911	NCIT:C95749
NCIT:C4911	NCIT:C95884
NCIT:C4911	NCIT:C95886
NCIT:C4912	NCIT:C118816
NCIT:C4912	NCIT:C140416
NCIT:C4912	NCIT:C150316
NCIT:C4912	NCIT:C150570
NCIT:C4912	NCIT:C156062
NCIT:C4912	NCIT:C160158
NCIT:C4912	NCIT:C167075
NCIT:C4912	NCIT:C212820
NCIT:C4912	NCIT:C218460
NCIT:C4912	NCIT:C39842
NCIT:C4912	NCIT:C39851
NCIT:C4912	NCIT:C7899
NCIT:C4912	NCIT:C90344
NCIT:C4912	NCIT:C91202
NCIT:C4913	NCIT:C126498
NCIT:C4913	NCIT:C150526
NCIT:C4913	NCIT:C150527
NCIT:C4913	NCIT:C162254
NCIT:C4913	NCIT:C169021
NCIT:C4913	NCIT:C170963
NCIT:C4913	NCIT:C178437
NCIT:C4913	NCIT:C181162
NCIT:C4913	NCIT:C192665
NCIT:C4913	NCIT:C213738
NCIT:C4913	NCIT:C216144
NCIT:C4913	NCIT:C217536
NCIT:C4913	NCIT:C223955
NCIT:C4913	NCIT:C224161
NCIT:C4913	NCIT:C3552
NCIT:C4913	NCIT:C3555
NCIT:C4913	NCIT:C53994
NCIT:C4913	NCIT:C7410
NCIT:C4913	NCIT:C7431
NCIT:C4913	NCIT:C7480
NCIT:C4913	NCIT:C7502
NCIT:C4914	NCIT:C157324
NCIT:C4914	NCIT:C170465
NCIT:C4914	NCIT:C173385
NCIT:C4914	NCIT:C213333
NCIT:C4914	NCIT:C2921
NCIT:C4914	NCIT:C3640
NCIT:C4914	NCIT:C3775
NCIT:C4914	NCIT:C4819
NCIT:C4914	NCIT:C54250
NCIT:C4914	NCIT:C5581
NCIT:C4914	NCIT:C5582
NCIT:C4914	NCIT:C5583
NCIT:C4914	NCIT:C5584
NCIT:C4914	NCIT:C6389
NCIT:C4914	NCIT:C7472
NCIT:C4914	NCIT:C7903
NCIT:C4915	NCIT:C115203
NCIT:C4915	NCIT:C8290
NCIT:C49166	NCIT:C162496
NCIT:C49166	NCIT:C202858
NCIT:C49166	NCIT:C4260
NCIT:C49166	NCIT:C4261
NCIT:C49166	NCIT:C6517
NCIT:C49166	NCIT:C6600
NCIT:C49166	NCIT:C7000
NCIT:C4917	NCIT:C118815
NCIT:C4917	NCIT:C136496
NCIT:C4917	NCIT:C150581
NCIT:C4917	NCIT:C156095
NCIT:C4917	NCIT:C158495
NCIT:C4917	NCIT:C160295
NCIT:C4917	NCIT:C188753
NCIT:C4917	NCIT:C188756
NCIT:C4917	NCIT:C6683
NCIT:C4917	NCIT:C7853
NCIT:C4917	NCIT:C9049
NCIT:C4917	NCIT:C9050
NCIT:C4917	NCIT:C9137
NCIT:C4918	NCIT:C6074
NCIT:C4918	NCIT:C7604
NCIT:C4918	NCIT:C9336
NCIT:C4923	NCIT:C8186
NCIT:C4924	NCIT:C146899
NCIT:C4924	NCIT:C156433
NCIT:C4924	NCIT:C173099
NCIT:C4924	NCIT:C173102
NCIT:C4924	NCIT:C173103
NCIT:C4925	NCIT:C123739
NCIT:C4925	NCIT:C132853
NCIT:C4925	NCIT:C132854
NCIT:C4925	NCIT:C217540
NCIT:C4925	NCIT:C3011
NCIT:C4925	NCIT:C3752
NCIT:C4925	NCIT:C4287
NCIT:C4925	NCIT:C4290
NCIT:C4925	NCIT:C4514
NCIT:C4925	NCIT:C5381
NCIT:C4925	NCIT:C6541
NCIT:C4925	NCIT:C66776
NCIT:C4925	NCIT:C8881
NCIT:C4925	NCIT:C9063
NCIT:C4925	NCIT:C9309
NCIT:C4926	NCIT:C160919
NCIT:C4926	NCIT:C165781
NCIT:C4929	NCIT:C4580
NCIT:C4929	NCIT:C6713
NCIT:C4929	NCIT:C6720
NCIT:C4929	NCIT:C6721
NCIT:C4929	NCIT:C6730
NCIT:C4929	NCIT:C8529
NCIT:C4932	NCIT:C5338
NCIT:C4933	NCIT:C4606
NCIT:C4933	NCIT:C4836
NCIT:C4934	NCIT:C126493
NCIT:C4934	NCIT:C2895
NCIT:C4934	NCIT:C3609
NCIT:C4934	NCIT:C3610
NCIT:C4934	NCIT:C3611
NCIT:C4934	NCIT:C3726
NCIT:C4934	NCIT:C40018
NCIT:C4934	NCIT:C4517
NCIT:C4934	NCIT:C6517
NCIT:C4934	NCIT:C8545
NCIT:C4934	NCIT:C8979
NCIT:C49343	NCIT:C191540
NCIT:C49343	NCIT:C191541
NCIT:C4937	NCIT:C133592
NCIT:C4937	NCIT:C7789
NCIT:C4937	NCIT:C8059
NCIT:C4938	NCIT:C166179
NCIT:C4939	NCIT:C200590
NCIT:C4939	NCIT:C206326
NCIT:C4939	NCIT:C34726
NCIT:C4939	NCIT:C35712
NCIT:C4939	NCIT:C35713
NCIT:C4940	NCIT:C162823
NCIT:C4940	NCIT:C162828
NCIT:C4940	NCIT:C6077
NCIT:C4940	NCIT:C7484
NCIT:C4940	NCIT:C7510
NCIT:C4940	NCIT:C7545
NCIT:C4940	NCIT:C8528
NCIT:C4940	NCIT:C9322
NCIT:C4942	NCIT:C132995
NCIT:C4942	NCIT:C222758
NCIT:C4942	NCIT:C4590
NCIT:C4942	NCIT:C9099
NCIT:C4942	NCIT:C9101
NCIT:C4944	NCIT:C155768
NCIT:C4944	NCIT:C155769
NCIT:C4944	NCIT:C155772
NCIT:C4944	NCIT:C155776
NCIT:C4944	NCIT:C155780
NCIT:C4944	NCIT:C155781
NCIT:C4944	NCIT:C155784
NCIT:C4944	NCIT:C155786
NCIT:C4944	NCIT:C155801
NCIT:C4944	NCIT:C2964
NCIT:C4944	NCIT:C3330
NCIT:C4944	NCIT:C45917
NCIT:C4945	NCIT:C181714
NCIT:C4945	NCIT:C8191
NCIT:C4946	NCIT:C165610
NCIT:C4946	NCIT:C174572
NCIT:C4946	NCIT:C174573
NCIT:C4946	NCIT:C174574
NCIT:C4949	NCIT:C5766
NCIT:C4950	NCIT:C213729
NCIT:C4950	NCIT:C27411
NCIT:C4950	NCIT:C27465
NCIT:C4950	NCIT:C5498
NCIT:C4950	NCIT:C5521
NCIT:C4950	NCIT:C96504
NCIT:C4951	NCIT:C4347
NCIT:C4951	NCIT:C5123
NCIT:C4952	NCIT:C150573
NCIT:C4952	NCIT:C4954
NCIT:C4953	NCIT:C130950
NCIT:C4953	NCIT:C173154
NCIT:C4953	NCIT:C173155
NCIT:C4953	NCIT:C2907
NCIT:C4953	NCIT:C35876
NCIT:C4953	NCIT:C4656
NCIT:C4953	NCIT:C5111
NCIT:C4953	NCIT:C5114
NCIT:C4953	NCIT:C5478
NCIT:C4953	NCIT:C6262
NCIT:C4954	NCIT:C198950
NCIT:C4955	NCIT:C5796
NCIT:C4958	NCIT:C4661
NCIT:C4958	NCIT:C8506
NCIT:C4959	NCIT:C5292
NCIT:C4961	NCIT:C207066
NCIT:C4961	NCIT:C213591
NCIT:C4961	NCIT:C224692
NCIT:C4961	NCIT:C224698
NCIT:C4961	NCIT:C3798
NCIT:C4961	NCIT:C4336
NCIT:C4961	NCIT:C6591
NCIT:C4961	NCIT:C6594
NCIT:C4961	NCIT:C8559
NCIT:C4962	NCIT:C162461
NCIT:C4962	NCIT:C180872
NCIT:C4962	NCIT:C45722
NCIT:C4962	NCIT:C4903
NCIT:C4962	NCIT:C6451
NCIT:C4962	NCIT:C7569
NCIT:C4962	NCIT:C7612
NCIT:C4962	NCIT:C95038
NCIT:C4963	NCIT:C3631
NCIT:C4963	NCIT:C4782
NCIT:C4963	NCIT:C5127
NCIT:C4963	NCIT:C5799
NCIT:C4963	NCIT:C8548
NCIT:C4964	NCIT:C124292
NCIT:C4964	NCIT:C186350
NCIT:C4964	NCIT:C186547
NCIT:C4964	NCIT:C198501
NCIT:C4964	NCIT:C198950
NCIT:C4964	NCIT:C198951
NCIT:C4964	NCIT:C3573
NCIT:C4964	NCIT:C4577
NCIT:C4964	NCIT:C5126
NCIT:C4964	NCIT:C5149
NCIT:C4964	NCIT:C5416
NCIT:C4964	NCIT:C6772
NCIT:C4964	NCIT:C6968
NCIT:C4965	NCIT:C4955
NCIT:C4965	NCIT:C5413
NCIT:C4965	NCIT:C8549
NCIT:C4966	NCIT:C3569
NCIT:C4966	NCIT:C3570
NCIT:C4966	NCIT:C5148
NCIT:C4966	NCIT:C5436
NCIT:C4966	NCIT:C6773
NCIT:C4967	NCIT:C126309
NCIT:C4967	NCIT:C7883
NCIT:C4967	NCIT:C9142
NCIT:C4967	NCIT:C9143
NCIT:C4968	NCIT:C178480
NCIT:C4968	NCIT:C191432
NCIT:C4968	NCIT:C25765
NCIT:C4968	NCIT:C27280
NCIT:C4968	NCIT:C27482
NCIT:C4968	NCIT:C27912
NCIT:C4968	NCIT:C36263
NCIT:C4968	NCIT:C36310
NCIT:C4968	NCIT:C53704
NCIT:C4968	NCIT:C5416
NCIT:C4968	NCIT:C80683
NCIT:C4969	NCIT:C150678
NCIT:C4969	NCIT:C191963
NCIT:C4969	NCIT:C27632
NCIT:C4969	NCIT:C27912
NCIT:C4969	NCIT:C35873
NCIT:C4969	NCIT:C80683
NCIT:C4969	NCIT:C93125
NCIT:C4972	NCIT:C121681
NCIT:C4972	NCIT:C121686
NCIT:C4972	NCIT:C178255
NCIT:C4972	NCIT:C3269
NCIT:C4972	NCIT:C3272
NCIT:C4972	NCIT:C3474
NCIT:C4972	NCIT:C3798
NCIT:C4972	NCIT:C4973
NCIT:C4972	NCIT:C6970
NCIT:C4972	NCIT:C7018
NCIT:C4973	NCIT:C172621
NCIT:C4973	NCIT:C188997
NCIT:C4973	NCIT:C207064
NCIT:C4973	NCIT:C207065
NCIT:C4973	NCIT:C207066
NCIT:C4973	NCIT:C6911
NCIT:C4973	NCIT:C6912
NCIT:C4975	NCIT:C5147
NCIT:C4975	NCIT:C5295
NCIT:C4975	NCIT:C8501
NCIT:C4975	NCIT:C8549
NCIT:C4976	NCIT:C121967
NCIT:C4976	NCIT:C2936
NCIT:C4976	NCIT:C84626
NCIT:C4976	NCIT:C98642
NCIT:C4978	NCIT:C162780
NCIT:C4978	NCIT:C2955
NCIT:C4978	NCIT:C7418
NCIT:C4978	NCIT:C7420
NCIT:C4978	NCIT:C9242
NCIT:C4978	NCIT:C96498
NCIT:C4978	NCIT:C96508
NCIT:C4980	NCIT:C165582
NCIT:C4980	NCIT:C168539
NCIT:C4980	NCIT:C168582
NCIT:C4980	NCIT:C172160
NCIT:C4981	NCIT:C158731
NCIT:C4981	NCIT:C160874
NCIT:C4981	NCIT:C165285
NCIT:C4981	NCIT:C188304
NCIT:C4981	NCIT:C201578
NCIT:C4981	NCIT:C216097
NCIT:C4981	NCIT:C222716
NCIT:C4982	NCIT:C201127
NCIT:C4982	NCIT:C4343
NCIT:C4982	NCIT:C4983
NCIT:C4983	NCIT:C5630
NCIT:C4983	NCIT:C5631
NCIT:C4984	NCIT:C189286
NCIT:C4984	NCIT:C2895
NCIT:C4984	NCIT:C3873
NCIT:C4984	NCIT:C4381
NCIT:C4984	NCIT:C4862
NCIT:C4984	NCIT:C5237
NCIT:C4984	NCIT:C5244
NCIT:C4984	NCIT:C7321
NCIT:C4984	NCIT:C7431
NCIT:C4985	NCIT:C27867
NCIT:C4989	NCIT:C122603
NCIT:C4989	NCIT:C187056
NCIT:C4989	NCIT:C213757
NCIT:C4989	NCIT:C213758
NCIT:C4989	NCIT:C7320
NCIT:C4991	NCIT:C103296
NCIT:C4991	NCIT:C201095
NCIT:C4991	NCIT:C26918
NCIT:C4991	NCIT:C27321
NCIT:C4991	NCIT:C27344
NCIT:C4991	NCIT:C27860
NCIT:C4991	NCIT:C27861
NCIT:C4991	NCIT:C27862
NCIT:C4991	NCIT:C27863
NCIT:C4991	NCIT:C27865
NCIT:C4991	NCIT:C27866
NCIT:C4991	NCIT:C27867
NCIT:C4991	NCIT:C27868
NCIT:C4991	NCIT:C3715
NCIT:C4991	NCIT:C3722
NCIT:C4991	NCIT:C4046
NCIT:C4992	NCIT:C27776
NCIT:C4992	NCIT:C27922
NCIT:C4993	NCIT:C27774
NCIT:C4993	NCIT:C27775
NCIT:C4993	NCIT:C27930
NCIT:C4993	NCIT:C27931
NCIT:C5005	NCIT:C4999
NCIT:C5005	NCIT:C5000
NCIT:C5005	NCIT:C5001
NCIT:C5005	NCIT:C5002
NCIT:C5005	NCIT:C5003
NCIT:C5005	NCIT:C5004
NCIT:C5006	NCIT:C8142
NCIT:C5006	NCIT:C8143
NCIT:C5006	NCIT:C8145
NCIT:C5007	NCIT:C8155
NCIT:C5007	NCIT:C8156
NCIT:C5007	NCIT:C8158
NCIT:C5008	NCIT:C8159
NCIT:C5008	NCIT:C9189
NCIT:C5009	NCIT:C5069
NCIT:C5009	NCIT:C5083
NCIT:C5009	NCIT:C5104
NCIT:C5010	NCIT:C5068
NCIT:C5010	NCIT:C5078
NCIT:C5010	NCIT:C5082
NCIT:C5011	NCIT:C5066
NCIT:C5011	NCIT:C5076
NCIT:C5011	NCIT:C5080
NCIT:C5012	NCIT:C5065
NCIT:C5012	NCIT:C5075
NCIT:C5012	NCIT:C5079
NCIT:C5014	NCIT:C171286
NCIT:C5018	NCIT:C153079
NCIT:C5018	NCIT:C162016
NCIT:C5020	NCIT:C87787
NCIT:C5020	NCIT:C87788
NCIT:C5020	NCIT:C87789
NCIT:C5021	NCIT:C6737
NCIT:C5021	NCIT:C6738
NCIT:C5022	NCIT:C87780
NCIT:C5022	NCIT:C87781
NCIT:C5027	NCIT:C222489
NCIT:C5027	NCIT:C27785
NCIT:C5027	NCIT:C27786
NCIT:C5027	NCIT:C27787
NCIT:C5027	NCIT:C35711
NCIT:C5027	NCIT:C6341
NCIT:C5027	NCIT:C6351
NCIT:C5027	NCIT:C7733
NCIT:C5027	NCIT:C8000
NCIT:C5027	NCIT:C8001
NCIT:C5027	NCIT:C8002
NCIT:C5028	NCIT:C203968
NCIT:C5028	NCIT:C203969
NCIT:C5028	NCIT:C26913
NCIT:C5028	NCIT:C27087
NCIT:C5028	NCIT:C2960
NCIT:C5029	NCIT:C5848
NCIT:C5029	NCIT:C5860
NCIT:C5029	NCIT:C96951
NCIT:C50401	NCIT:C207045
NCIT:C50401	NCIT:C207046
NCIT:C50455	NCIT:C111780
NCIT:C50455	NCIT:C111781
NCIT:C50461	NCIT:C197894
NCIT:C50461	NCIT:C197897
NCIT:C50461	NCIT:C197898
NCIT:C50466	NCIT:C191453
NCIT:C50466	NCIT:C191454
NCIT:C50466	NCIT:C80391
NCIT:C50466	NCIT:C80392
NCIT:C5047	NCIT:C7465
NCIT:C5047	NCIT:C9278
NCIT:C50501	NCIT:C99265
NCIT:C5051	NCIT:C186660
NCIT:C5051	NCIT:C7212
NCIT:C5051	NCIT:C7434
NCIT:C5051	NCIT:C7465
NCIT:C5051	NCIT:C8286
NCIT:C5051	NCIT:C8298
NCIT:C5052	NCIT:C7432
NCIT:C5052	NCIT:C7433
NCIT:C5052	NCIT:C7434
NCIT:C5053	NCIT:C39947
NCIT:C5053	NCIT:C6552
NCIT:C5055	NCIT:C5057
NCIT:C50559	NCIT:C112116
NCIT:C50559	NCIT:C6483
NCIT:C50559	NCIT:C84916
NCIT:C50575	NCIT:C215371
NCIT:C50575	NCIT:C219942
NCIT:C50575	NCIT:C223857
NCIT:C50575	NCIT:C35790
NCIT:C50575	NCIT:C82859
NCIT:C50576	NCIT:C35731
NCIT:C50576	NCIT:C50667
NCIT:C50577	NCIT:C191555
NCIT:C50577	NCIT:C191556
NCIT:C50577	NCIT:C197825
NCIT:C50577	NCIT:C197850
NCIT:C50577	NCIT:C197862
NCIT:C50577	NCIT:C197869
NCIT:C50577	NCIT:C197901
NCIT:C50577	NCIT:C197954
NCIT:C50577	NCIT:C197961
NCIT:C50577	NCIT:C3080
NCIT:C50577	NCIT:C50630
NCIT:C5060	NCIT:C217180
NCIT:C5061	NCIT:C6173
NCIT:C50617	NCIT:C34586
NCIT:C50617	NCIT:C50521
NCIT:C50628	NCIT:C50864
NCIT:C50628	NCIT:C50866
NCIT:C50628	NCIT:C50906
NCIT:C50628	NCIT:C50907
NCIT:C50628	NCIT:C50908
NCIT:C50630	NCIT:C219785
NCIT:C5064	NCIT:C5065
NCIT:C5064	NCIT:C5066
NCIT:C50648	NCIT:C150251
NCIT:C50667	NCIT:C50668
NCIT:C50668	NCIT:C171957
NCIT:C50668	NCIT:C172016
NCIT:C5067	NCIT:C5068
NCIT:C5067	NCIT:C5069
NCIT:C5070	NCIT:C5071
NCIT:C5070	NCIT:C5072
NCIT:C50705	NCIT:C35050
NCIT:C50713	NCIT:C191611
NCIT:C50713	NCIT:C191612
NCIT:C50713	NCIT:C197868
NCIT:C50724	NCIT:C116359
NCIT:C50724	NCIT:C116360
NCIT:C50737	NCIT:C168440
NCIT:C50737	NCIT:C168454
NCIT:C50766	NCIT:C97140
NCIT:C5077	NCIT:C5078
NCIT:C5077	NCIT:C5104
NCIT:C50791	NCIT:C34965
NCIT:C50791	NCIT:C78671
NCIT:C50796	NCIT:C50842
NCIT:C50796	NCIT:C50888
NCIT:C50796	NCIT:C51223
NCIT:C50796	NCIT:C62436
NCIT:C50797	NCIT:C100012
NCIT:C50797	NCIT:C50843
NCIT:C50797	NCIT:C50848
NCIT:C50797	NCIT:C50852
NCIT:C50797	NCIT:C50861
NCIT:C50797	NCIT:C99985
NCIT:C50797	NCIT:C99989
NCIT:C50797	NCIT:C99991
NCIT:C50802	NCIT:C107376
NCIT:C50802	NCIT:C111648
NCIT:C50802	NCIT:C50800
NCIT:C5081	NCIT:C5082
NCIT:C5081	NCIT:C5083
NCIT:C5084	NCIT:C8152
NCIT:C5084	NCIT:C9188
NCIT:C50842	NCIT:C197958
NCIT:C50888	NCIT:C197881
NCIT:C50888	NCIT:C197955
NCIT:C5097	NCIT:C114759
NCIT:C5097	NCIT:C9370
NCIT:C5099	NCIT:C156906
NCIT:C5099	NCIT:C174566
NCIT:C5102	NCIT:C175307
NCIT:C5102	NCIT:C175308
NCIT:C5102	NCIT:C175316
NCIT:C5102	NCIT:C4360
NCIT:C5103	NCIT:C173689
NCIT:C5103	NCIT:C8051
NCIT:C5103	NCIT:C9240
NCIT:C5103	NCIT:C9241
NCIT:C5105	NCIT:C161048
NCIT:C5105	NCIT:C162154
NCIT:C5105	NCIT:C162441
NCIT:C5105	NCIT:C171585
NCIT:C5105	NCIT:C172694
NCIT:C5105	NCIT:C172699
NCIT:C5105	NCIT:C172700
NCIT:C5105	NCIT:C212100
NCIT:C5105	NCIT:C213111
NCIT:C5105	NCIT:C213479
NCIT:C5105	NCIT:C4349
NCIT:C5105	NCIT:C43584
NCIT:C5105	NCIT:C43585
NCIT:C5105	NCIT:C43590
NCIT:C5105	NCIT:C9383
NCIT:C5105	NCIT:C9446
NCIT:C5105	NCIT:C9447
NCIT:C5105	NCIT:C9448
NCIT:C5105	NCIT:C96485
NCIT:C5105	NCIT:C96488
NCIT:C5105	NCIT:C96491
NCIT:C5111	NCIT:C129549
NCIT:C5111	NCIT:C215141
NCIT:C5111	NCIT:C3633
NCIT:C5111	NCIT:C4781
NCIT:C5111	NCIT:C5444
NCIT:C5112	NCIT:C3049
NCIT:C5112	NCIT:C3308
NCIT:C5114	NCIT:C175221
NCIT:C5114	NCIT:C27307
NCIT:C5114	NCIT:C3568
NCIT:C5115	NCIT:C188925
NCIT:C5115	NCIT:C188927
NCIT:C5115	NCIT:C188938
NCIT:C5115	NCIT:C215208
NCIT:C5115	NCIT:C4011
NCIT:C5115	NCIT:C5816
NCIT:C5115	NCIT:C68703
NCIT:C5115	NCIT:C8292
NCIT:C5115	NCIT:C9183
NCIT:C5115	NCIT:C9375
NCIT:C5116	NCIT:C4010
NCIT:C5116	NCIT:C5796
NCIT:C5116	NCIT:C5797
NCIT:C5116	NCIT:C6218
NCIT:C5116	NCIT:C8291
NCIT:C5117	NCIT:C5180
NCIT:C5119	NCIT:C5479
NCIT:C5120	NCIT:C3276
NCIT:C5120	NCIT:C4539
NCIT:C5121	NCIT:C4768
NCIT:C5122	NCIT:C4655
NCIT:C51223	NCIT:C103936
NCIT:C51223	NCIT:C197951
NCIT:C51224	NCIT:C191455
NCIT:C51224	NCIT:C191456
NCIT:C51225	NCIT:C173119
NCIT:C51225	NCIT:C27167
NCIT:C5123	NCIT:C115202
NCIT:C5123	NCIT:C156035
NCIT:C5123	NCIT:C156036
NCIT:C5123	NCIT:C171036
NCIT:C5125	NCIT:C3129
NCIT:C5125	NCIT:C5126
NCIT:C5125	NCIT:C5127
NCIT:C5125	NCIT:C5128
NCIT:C5125	NCIT:C6221
NCIT:C5126	NCIT:C175539
NCIT:C5126	NCIT:C4576
NCIT:C5126	NCIT:C5124
NCIT:C5126	NCIT:C5129
NCIT:C5127	NCIT:C6222
NCIT:C5128	NCIT:C5124
NCIT:C5131	NCIT:C115253
NCIT:C5131	NCIT:C188930
NCIT:C5131	NCIT:C210639
NCIT:C5131	NCIT:C27363
NCIT:C5131	NCIT:C5411
NCIT:C5131	NCIT:C5478
NCIT:C5131	NCIT:C6285
NCIT:C5131	NCIT:C68690
NCIT:C5131	NCIT:C68691
NCIT:C5131	NCIT:C7049
NCIT:C5131	NCIT:C71024
NCIT:C5131	NCIT:C8290
NCIT:C5131	NCIT:C9093
NCIT:C5132	NCIT:C187214
NCIT:C5132	NCIT:C221717
NCIT:C5132	NCIT:C27362
NCIT:C5132	NCIT:C35876
NCIT:C5132	NCIT:C4738
NCIT:C5132	NCIT:C5448
NCIT:C5132	NCIT:C5591
NCIT:C5132	NCIT:C6205
NCIT:C5132	NCIT:C8264
NCIT:C5132	NCIT:C9045
NCIT:C5132	NCIT:C9234
NCIT:C5132	NCIT:C9476
NCIT:C5136	NCIT:C114966
NCIT:C5136	NCIT:C114968
NCIT:C5136	NCIT:C115364
NCIT:C5136	NCIT:C147901
NCIT:C5136	NCIT:C211960
NCIT:C5141	NCIT:C5140
NCIT:C5141	NCIT:C5457
NCIT:C5147	NCIT:C155949
NCIT:C5148	NCIT:C5097
NCIT:C5148	NCIT:C5150
NCIT:C5149	NCIT:C174202
NCIT:C5149	NCIT:C5129
NCIT:C5149	NCIT:C5151
NCIT:C5151	NCIT:C171013
NCIT:C5153	NCIT:C129534
NCIT:C5153	NCIT:C129566
NCIT:C5153	NCIT:C186607
NCIT:C5153	NCIT:C186611
NCIT:C5153	NCIT:C4073
NCIT:C5153	NCIT:C5152
NCIT:C5153	NCIT:C5154
NCIT:C5153	NCIT:C5450
NCIT:C5153	NCIT:C5464
NCIT:C5153	NCIT:C5465
NCIT:C5153	NCIT:C6999
NCIT:C5153	NCIT:C7002
NCIT:C5153	NCIT:C7006
NCIT:C5154	NCIT:C186610
NCIT:C5154	NCIT:C5462
NCIT:C5154	NCIT:C6973
NCIT:C5156	NCIT:C129927
NCIT:C5156	NCIT:C177775
NCIT:C5156	NCIT:C217289
NCIT:C5160	NCIT:C7688
NCIT:C5160	NCIT:C7690
NCIT:C5163	NCIT:C6987
NCIT:C5164	NCIT:C40360
NCIT:C5164	NCIT:C40364
NCIT:C5164	NCIT:C5163
NCIT:C5165	NCIT:C141202
NCIT:C5165	NCIT:C187196
NCIT:C5165	NCIT:C187197
NCIT:C5165	NCIT:C7706
NCIT:C5165	NCIT:C7714
NCIT:C5165	NCIT:C8060
NCIT:C5166	NCIT:C5167
NCIT:C5166	NCIT:C5168
NCIT:C5169	NCIT:C156493
NCIT:C5169	NCIT:C175581
NCIT:C5169	NCIT:C175610
NCIT:C5170	NCIT:C5171
NCIT:C5175	NCIT:C5176
NCIT:C5175	NCIT:C54691
NCIT:C5177	NCIT:C40357
NCIT:C5177	NCIT:C40358
NCIT:C5177	NCIT:C40359
NCIT:C5177	NCIT:C5178
NCIT:C5181	NCIT:C35688
NCIT:C5181	NCIT:C40375
NCIT:C5181	NCIT:C40376
NCIT:C5181	NCIT:C40377
NCIT:C5181	NCIT:C5182
NCIT:C5182	NCIT:C139012
NCIT:C5184	NCIT:C133092
NCIT:C5184	NCIT:C176251
NCIT:C5184	NCIT:C40378
NCIT:C5195	NCIT:C40386
NCIT:C5195	NCIT:C4730
NCIT:C5195	NCIT:C54184
NCIT:C5195	NCIT:C8436
NCIT:C5197	NCIT:C40363
NCIT:C5197	NCIT:C4192
NCIT:C5201	NCIT:C9503
NCIT:C5206	NCIT:C36090
NCIT:C5206	NCIT:C9134
NCIT:C5209	NCIT:C40381
NCIT:C5209	NCIT:C5184
NCIT:C5209	NCIT:C5353
NCIT:C5212	NCIT:C5197
NCIT:C5212	NCIT:C5213
NCIT:C5213	NCIT:C120454
NCIT:C5213	NCIT:C120455
NCIT:C5213	NCIT:C28432
NCIT:C5214	NCIT:C114932
NCIT:C5214	NCIT:C157056
NCIT:C5214	NCIT:C165698
NCIT:C5214	NCIT:C165703
NCIT:C5214	NCIT:C165743
NCIT:C5214	NCIT:C168519
NCIT:C5214	NCIT:C175588
NCIT:C5214	NCIT:C175604
NCIT:C5214	NCIT:C179553
NCIT:C5214	NCIT:C203331
NCIT:C5214	NCIT:C222571
NCIT:C5214	NCIT:C222693
NCIT:C5214	NCIT:C3771
NCIT:C5214	NCIT:C4001
NCIT:C5214	NCIT:C4017
NCIT:C5214	NCIT:C40354
NCIT:C5214	NCIT:C40360
NCIT:C5214	NCIT:C40367
NCIT:C5214	NCIT:C47857
NCIT:C5214	NCIT:C5141
NCIT:C5214	NCIT:C5142
NCIT:C5214	NCIT:C5160
NCIT:C5214	NCIT:C5163
NCIT:C5214	NCIT:C5175
NCIT:C5214	NCIT:C53553
NCIT:C5214	NCIT:C9131
NCIT:C5214	NCIT:C9134
NCIT:C5214	NCIT:C9135
NCIT:C5219	NCIT:C39964
NCIT:C5219	NCIT:C6264
NCIT:C5226	NCIT:C122584
NCIT:C5226	NCIT:C122585
NCIT:C5226	NCIT:C40028
NCIT:C5228	NCIT:C153617
NCIT:C5228	NCIT:C4026
NCIT:C5228	NCIT:C7978
NCIT:C5228	NCIT:C7980
NCIT:C5229	NCIT:C188015
NCIT:C5229	NCIT:C40013
NCIT:C5229	NCIT:C40014
NCIT:C5229	NCIT:C40015
NCIT:C5231	NCIT:C39983
NCIT:C5231	NCIT:C39984
NCIT:C5231	NCIT:C4214
NCIT:C5237	NCIT:C171032
NCIT:C5237	NCIT:C5229
NCIT:C5240	NCIT:C153819
NCIT:C5240	NCIT:C178682
NCIT:C5241	NCIT:C3754
NCIT:C5241	NCIT:C7321
NCIT:C5241	NCIT:C7322
NCIT:C5242	NCIT:C159311
NCIT:C5242	NCIT:C40033
NCIT:C5242	NCIT:C40036
NCIT:C5242	NCIT:C40039
NCIT:C5242	NCIT:C40042
NCIT:C5242	NCIT:C40043
NCIT:C5243	NCIT:C153616
NCIT:C5243	NCIT:C178681
NCIT:C5243	NCIT:C183244
NCIT:C5243	NCIT:C183245
NCIT:C5243	NCIT:C213138
NCIT:C5243	NCIT:C4026
NCIT:C5244	NCIT:C171169
NCIT:C5244	NCIT:C179359
NCIT:C5244	NCIT:C3498
NCIT:C5244	NCIT:C40065
NCIT:C5244	NCIT:C5245
NCIT:C5244	NCIT:C8267
NCIT:C5259	NCIT:C5256
NCIT:C5259	NCIT:C5260
NCIT:C5265	NCIT:C181209
NCIT:C5265	NCIT:C6044
NCIT:C5266	NCIT:C27763
NCIT:C5272	NCIT:C5268
NCIT:C5272	NCIT:C5271
NCIT:C5272	NCIT:C5278
NCIT:C5272	NCIT:C5279
NCIT:C5272	NCIT:C5280
NCIT:C5272	NCIT:C5285
NCIT:C5272	NCIT:C5289
NCIT:C5272	NCIT:C5307
NCIT:C5272	NCIT:C5313
NCIT:C5273	NCIT:C5302
NCIT:C5274	NCIT:C223190
NCIT:C5280	NCIT:C5281
NCIT:C5280	NCIT:C5282
NCIT:C5286	NCIT:C5267
NCIT:C5286	NCIT:C5268
NCIT:C5286	NCIT:C6771
NCIT:C5289	NCIT:C5288
NCIT:C5289	NCIT:C5290
NCIT:C5308	NCIT:C173163
NCIT:C5308	NCIT:C174033
NCIT:C5308	NCIT:C5276
NCIT:C5308	NCIT:C5277
NCIT:C5308	NCIT:C5303
NCIT:C5312	NCIT:C211882
NCIT:C5312	NCIT:C219625
NCIT:C5312	NCIT:C219626
NCIT:C5317	NCIT:C5158
NCIT:C5317	NCIT:C5318
NCIT:C5317	NCIT:C5319
NCIT:C5317	NCIT:C5442
NCIT:C5322	NCIT:C129598
NCIT:C5322	NCIT:C129599
NCIT:C5325	NCIT:C96073
NCIT:C5327	NCIT:C213492
NCIT:C5327	NCIT:C213493
NCIT:C5327	NCIT:C2932
NCIT:C5327	NCIT:C3061
NCIT:C5327	NCIT:C46125
NCIT:C5327	NCIT:C48316
NCIT:C5327	NCIT:C6408
NCIT:C5327	NCIT:C6409
NCIT:C5327	NCIT:C8427
NCIT:C5328	NCIT:C48317
NCIT:C5329	NCIT:C157248
NCIT:C5335	NCIT:C211868
NCIT:C5335	NCIT:C5336
NCIT:C5335	NCIT:C7085
NCIT:C5335	NCIT:C82972
NCIT:C5335	NCIT:C96059
NCIT:C5335	NCIT:C96060
NCIT:C5340	NCIT:C43551
NCIT:C5340	NCIT:C43552
NCIT:C5340	NCIT:C43553
NCIT:C5340	NCIT:C4932
NCIT:C5341	NCIT:C5334
NCIT:C5341	NCIT:C5705
NCIT:C5341	NCIT:C5706
NCIT:C5341	NCIT:C92185
NCIT:C5341	NCIT:C95623
NCIT:C5341	NCIT:C95624
NCIT:C53439	NCIT:C84706
NCIT:C5344	NCIT:C224827
NCIT:C53459	NCIT:C173406
NCIT:C53459	NCIT:C173893
NCIT:C53459	NCIT:C3007
NCIT:C53459	NCIT:C4302
NCIT:C53459	NCIT:C9482
NCIT:C5346	NCIT:C4570
NCIT:C5346	NCIT:C4608
NCIT:C5347	NCIT:C4568
NCIT:C5347	NCIT:C5360
NCIT:C5347	NCIT:C8535
NCIT:C5348	NCIT:C4575
NCIT:C5348	NCIT:C8539
NCIT:C53482	NCIT:C80444
NCIT:C5349	NCIT:C4569
NCIT:C5349	NCIT:C4607
NCIT:C53493	NCIT:C173843
NCIT:C53494	NCIT:C113615
NCIT:C53494	NCIT:C219796
NCIT:C53494	NCIT:C26792
NCIT:C53494	NCIT:C38011
NCIT:C53494	NCIT:C4435
NCIT:C53494	NCIT:C78169
NCIT:C53494	NCIT:C78170
NCIT:C53494	NCIT:C79536
NCIT:C53494	NCIT:C84784
NCIT:C53494	NCIT:C96693
NCIT:C53497	NCIT:C26781
NCIT:C53497	NCIT:C26950
NCIT:C53497	NCIT:C34811
NCIT:C53497	NCIT:C53506
NCIT:C53497	NCIT:C78277
NCIT:C53497	NCIT:C79574
NCIT:C53497	NCIT:C79575
NCIT:C53497	NCIT:C87072
NCIT:C53497	NCIT:C9224
NCIT:C53497	NCIT:C98924
NCIT:C53497	NCIT:C98925
NCIT:C53500	NCIT:C215177
NCIT:C53500	NCIT:C215198
NCIT:C53500	NCIT:C26752
NCIT:C53500	NCIT:C3138
NCIT:C53500	NCIT:C34732
NCIT:C53500	NCIT:C34733
NCIT:C53500	NCIT:C35212
NCIT:C53500	NCIT:C79573
NCIT:C53500	NCIT:C82343
NCIT:C53500	NCIT:C84790
NCIT:C53500	NCIT:C98960
NCIT:C53500	NCIT:C98961
NCIT:C53501	NCIT:C197906
NCIT:C53501	NCIT:C26780
NCIT:C53501	NCIT:C2850
NCIT:C53501	NCIT:C3388
NCIT:C53501	NCIT:C34966
NCIT:C53501	NCIT:C53647
NCIT:C53501	NCIT:C5489
NCIT:C53501	NCIT:C78312
NCIT:C53501	NCIT:C78313
NCIT:C53501	NCIT:C79595
NCIT:C53501	NCIT:C95767
NCIT:C53505	NCIT:C171128
NCIT:C53505	NCIT:C3306
NCIT:C53505	NCIT:C5717
NCIT:C53505	NCIT:C78517
NCIT:C53505	NCIT:C79701
NCIT:C53505	NCIT:C84316
NCIT:C53505	NCIT:C95546
NCIT:C53529	NCIT:C53531
NCIT:C53529	NCIT:C53547
NCIT:C5353	NCIT:C5210
NCIT:C5353	NCIT:C5211
NCIT:C53531	NCIT:C156664
NCIT:C53531	NCIT:C26324
NCIT:C53531	NCIT:C26326
NCIT:C53531	NCIT:C27550
NCIT:C53531	NCIT:C27555
NCIT:C53531	NCIT:C27565
NCIT:C53531	NCIT:C27588
NCIT:C53531	NCIT:C27604
NCIT:C53531	NCIT:C27663
NCIT:C53531	NCIT:C27665
NCIT:C53531	NCIT:C27672
NCIT:C53531	NCIT:C2909
NCIT:C53531	NCIT:C35743
NCIT:C53531	NCIT:C35755
NCIT:C53531	NCIT:C53534
NCIT:C53534	NCIT:C118764
NCIT:C53534	NCIT:C34371
NCIT:C53534	NCIT:C34422
NCIT:C53534	NCIT:C35040
NCIT:C53534	NCIT:C97109
NCIT:C53539	NCIT:C177003
NCIT:C53539	NCIT:C27060
NCIT:C53539	NCIT:C27064
NCIT:C53539	NCIT:C27082
NCIT:C53539	NCIT:C27137
NCIT:C53539	NCIT:C27180
NCIT:C53539	NCIT:C27932
NCIT:C53539	NCIT:C27947
NCIT:C53539	NCIT:C3349
NCIT:C53539	NCIT:C35844
NCIT:C53539	NCIT:C3905
NCIT:C53539	NCIT:C50723
NCIT:C5354	NCIT:C27127
NCIT:C5354	NCIT:C27529
NCIT:C5354	NCIT:C4494
NCIT:C53543	NCIT:C101215
NCIT:C53543	NCIT:C103921
NCIT:C53543	NCIT:C103968
NCIT:C53543	NCIT:C111647
NCIT:C53543	NCIT:C111814
NCIT:C53543	NCIT:C114766
NCIT:C53543	NCIT:C115207
NCIT:C53543	NCIT:C115326
NCIT:C53543	NCIT:C116319
NCIT:C53543	NCIT:C117273
NCIT:C53543	NCIT:C118434
NCIT:C53543	NCIT:C118435
NCIT:C53543	NCIT:C118436
NCIT:C53543	NCIT:C118438
NCIT:C53543	NCIT:C118631
NCIT:C53543	NCIT:C118633
NCIT:C53543	NCIT:C118634
NCIT:C53543	NCIT:C118635
NCIT:C53543	NCIT:C118636
NCIT:C53543	NCIT:C118711
NCIT:C53543	NCIT:C118786
NCIT:C53543	NCIT:C118788
NCIT:C53543	NCIT:C118843
NCIT:C53543	NCIT:C118844
NCIT:C53543	NCIT:C118845
NCIT:C53543	NCIT:C119676
NCIT:C53543	NCIT:C119677
NCIT:C53543	NCIT:C119678
NCIT:C53543	NCIT:C120046
NCIT:C53543	NCIT:C120113
NCIT:C53543	NCIT:C121563
NCIT:C53543	NCIT:C121564
NCIT:C53543	NCIT:C121565
NCIT:C53543	NCIT:C121675
NCIT:C53543	NCIT:C121945
NCIT:C53543	NCIT:C121946
NCIT:C53543	NCIT:C122653
NCIT:C53543	NCIT:C122655
NCIT:C53543	NCIT:C122657
NCIT:C53543	NCIT:C123417
NCIT:C53543	NCIT:C123429
NCIT:C53543	NCIT:C123433
NCIT:C53543	NCIT:C123434
NCIT:C53543	NCIT:C123435
NCIT:C53543	NCIT:C123436
NCIT:C53543	NCIT:C123437
NCIT:C53543	NCIT:C123813
NCIT:C53543	NCIT:C123814
NCIT:C53543	NCIT:C123815
NCIT:C53543	NCIT:C124575
NCIT:C53543	NCIT:C124837
NCIT:C53543	NCIT:C124838
NCIT:C53543	NCIT:C124839
NCIT:C53543	NCIT:C124840
NCIT:C53543	NCIT:C124841
NCIT:C53543	NCIT:C124844
NCIT:C53543	NCIT:C124845
NCIT:C53543	NCIT:C124846
NCIT:C53543	NCIT:C124851
NCIT:C53543	NCIT:C124853
NCIT:C53543	NCIT:C125385
NCIT:C53543	NCIT:C125386
NCIT:C53543	NCIT:C125387
NCIT:C53543	NCIT:C125388
NCIT:C53543	NCIT:C125390
NCIT:C53543	NCIT:C125418
NCIT:C53543	NCIT:C125419
NCIT:C53543	NCIT:C125488
NCIT:C53543	NCIT:C125591
NCIT:C53543	NCIT:C125592
NCIT:C53543	NCIT:C125593
NCIT:C53543	NCIT:C125594
NCIT:C53543	NCIT:C125599
NCIT:C53543	NCIT:C125661
NCIT:C53543	NCIT:C125664
NCIT:C53543	NCIT:C125693
NCIT:C53543	NCIT:C125694
NCIT:C53543	NCIT:C125711
NCIT:C53543	NCIT:C126326
NCIT:C53543	NCIT:C126558
NCIT:C53543	NCIT:C126559
NCIT:C53543	NCIT:C126560
NCIT:C53543	NCIT:C126744
NCIT:C53543	NCIT:C126746
NCIT:C53543	NCIT:C128115
NCIT:C53543	NCIT:C128802
NCIT:C53543	NCIT:C128804
NCIT:C53543	NCIT:C128805
NCIT:C53543	NCIT:C129021
NCIT:C53543	NCIT:C129023
NCIT:C53543	NCIT:C129024
NCIT:C53543	NCIT:C129025
NCIT:C53543	NCIT:C129028
NCIT:C53543	NCIT:C129029
NCIT:C53543	NCIT:C129030
NCIT:C53543	NCIT:C129031
NCIT:C53543	NCIT:C129035
NCIT:C53543	NCIT:C129070
NCIT:C53543	NCIT:C129071
NCIT:C53543	NCIT:C129072
NCIT:C53543	NCIT:C129075
NCIT:C53543	NCIT:C129076
NCIT:C53543	NCIT:C129303
NCIT:C53543	NCIT:C129305
NCIT:C53543	NCIT:C129306
NCIT:C53543	NCIT:C129307
NCIT:C53543	NCIT:C129308
NCIT:C53543	NCIT:C129874
NCIT:C53543	NCIT:C129929
NCIT:C53543	NCIT:C129930
NCIT:C53543	NCIT:C129931
NCIT:C53543	NCIT:C129933
NCIT:C53543	NCIT:C129974
NCIT:C53543	NCIT:C129975
NCIT:C53543	NCIT:C129976
NCIT:C53543	NCIT:C131133
NCIT:C53543	NCIT:C131648
NCIT:C53543	NCIT:C131651
NCIT:C53543	NCIT:C131811
NCIT:C53543	NCIT:C131868
NCIT:C53543	NCIT:C132080
NCIT:C53543	NCIT:C132195
NCIT:C53543	NCIT:C132196
NCIT:C53543	NCIT:C132224
NCIT:C53543	NCIT:C132290
NCIT:C53543	NCIT:C133086
NCIT:C53543	NCIT:C133727
NCIT:C53543	NCIT:C133729
NCIT:C53543	NCIT:C133742
NCIT:C53543	NCIT:C133743
NCIT:C53543	NCIT:C133887
NCIT:C53543	NCIT:C135087
NCIT:C53543	NCIT:C135088
NCIT:C53543	NCIT:C136464
NCIT:C53543	NCIT:C141424
NCIT:C53543	NCIT:C141442
NCIT:C53543	NCIT:C142083
NCIT:C53543	NCIT:C142084
NCIT:C53543	NCIT:C142085
NCIT:C53543	NCIT:C142806
NCIT:C53543	NCIT:C148321
NCIT:C53543	NCIT:C148325
NCIT:C53543	NCIT:C148327
NCIT:C53543	NCIT:C150608
NCIT:C53543	NCIT:C153179
NCIT:C53543	NCIT:C154618
NCIT:C53543	NCIT:C156031
NCIT:C53543	NCIT:C156309
NCIT:C53543	NCIT:C156311
NCIT:C53543	NCIT:C156360
NCIT:C53543	NCIT:C156424
NCIT:C53543	NCIT:C156430
NCIT:C53543	NCIT:C157122
NCIT:C53543	NCIT:C157123
NCIT:C53543	NCIT:C157124
NCIT:C53543	NCIT:C157158
NCIT:C53543	NCIT:C157267
NCIT:C53543	NCIT:C157268
NCIT:C53543	NCIT:C157576
NCIT:C53543	NCIT:C158787
NCIT:C53543	NCIT:C158788
NCIT:C53543	NCIT:C158967
NCIT:C53543	NCIT:C160662
NCIT:C53543	NCIT:C161005
NCIT:C53543	NCIT:C162696
NCIT:C53543	NCIT:C163754
NCIT:C53543	NCIT:C164154
NCIT:C53543	NCIT:C167216
NCIT:C53543	NCIT:C168586
NCIT:C53543	NCIT:C168598
NCIT:C53543	NCIT:C170433
NCIT:C53543	NCIT:C170437
NCIT:C53543	NCIT:C170731
NCIT:C53543	NCIT:C171603
NCIT:C53543	NCIT:C175208
NCIT:C53543	NCIT:C175209
NCIT:C53543	NCIT:C175210
NCIT:C53543	NCIT:C175240
NCIT:C53543	NCIT:C175241
NCIT:C53543	NCIT:C175707
NCIT:C53543	NCIT:C176601
NCIT:C53543	NCIT:C176631
NCIT:C53543	NCIT:C176704
NCIT:C53543	NCIT:C176792
NCIT:C53543	NCIT:C176903
NCIT:C53543	NCIT:C177535
NCIT:C53543	NCIT:C177539
NCIT:C53543	NCIT:C178285
NCIT:C53543	NCIT:C178415
NCIT:C53543	NCIT:C178416
NCIT:C53543	NCIT:C179297
NCIT:C53543	NCIT:C179298
NCIT:C53543	NCIT:C183311
NCIT:C53543	NCIT:C183530
NCIT:C53543	NCIT:C185235
NCIT:C53543	NCIT:C185244
NCIT:C53543	NCIT:C185245
NCIT:C53543	NCIT:C185246
NCIT:C53543	NCIT:C186308
NCIT:C53543	NCIT:C188145
NCIT:C53543	NCIT:C188148
NCIT:C53543	NCIT:C188151
NCIT:C53543	NCIT:C188991
NCIT:C53543	NCIT:C188993
NCIT:C53543	NCIT:C188994
NCIT:C53543	NCIT:C189281
NCIT:C53543	NCIT:C189285
NCIT:C53543	NCIT:C190873
NCIT:C53543	NCIT:C192092
NCIT:C53543	NCIT:C192634
NCIT:C53543	NCIT:C192636
NCIT:C53543	NCIT:C197857
NCIT:C53543	NCIT:C197936
NCIT:C53543	NCIT:C201589
NCIT:C53543	NCIT:C201591
NCIT:C53543	NCIT:C201594
NCIT:C53543	NCIT:C201595
NCIT:C53543	NCIT:C201597
NCIT:C53543	NCIT:C202018
NCIT:C53543	NCIT:C202047
NCIT:C53543	NCIT:C202069
NCIT:C53543	NCIT:C202071
NCIT:C53543	NCIT:C202072
NCIT:C53543	NCIT:C202073
NCIT:C53543	NCIT:C202114
NCIT:C53543	NCIT:C202117
NCIT:C53543	NCIT:C202118
NCIT:C53543	NCIT:C202121
NCIT:C53543	NCIT:C202544
NCIT:C53543	NCIT:C202546
NCIT:C53543	NCIT:C202602
NCIT:C53543	NCIT:C202604
NCIT:C53543	NCIT:C202607
NCIT:C53543	NCIT:C202608
NCIT:C53543	NCIT:C202612
NCIT:C53543	NCIT:C205642
NCIT:C53543	NCIT:C206112
NCIT:C53543	NCIT:C206114
NCIT:C53543	NCIT:C206115
NCIT:C53543	NCIT:C206116
NCIT:C53543	NCIT:C206518
NCIT:C53543	NCIT:C206530
NCIT:C53543	NCIT:C206531
NCIT:C53543	NCIT:C206532
NCIT:C53543	NCIT:C206547
NCIT:C53543	NCIT:C210826
NCIT:C53543	NCIT:C210872
NCIT:C53543	NCIT:C210888
NCIT:C53543	NCIT:C210890
NCIT:C53543	NCIT:C212036
NCIT:C53543	NCIT:C212884
NCIT:C53543	NCIT:C212885
NCIT:C53543	NCIT:C212886
NCIT:C53543	NCIT:C212887
NCIT:C53543	NCIT:C214861
NCIT:C53543	NCIT:C214868
NCIT:C53543	NCIT:C214872
NCIT:C53543	NCIT:C214873
NCIT:C53543	NCIT:C215154
NCIT:C53543	NCIT:C215155
NCIT:C53543	NCIT:C215157
NCIT:C53543	NCIT:C217084
NCIT:C53543	NCIT:C217086
NCIT:C53543	NCIT:C217089
NCIT:C53543	NCIT:C219796
NCIT:C53543	NCIT:C219969
NCIT:C53543	NCIT:C220070
NCIT:C53543	NCIT:C222355
NCIT:C53543	NCIT:C26798
NCIT:C53543	NCIT:C26867
NCIT:C53543	NCIT:C27562
NCIT:C53543	NCIT:C27578
NCIT:C53543	NCIT:C27725
NCIT:C53543	NCIT:C27961
NCIT:C53543	NCIT:C3040
NCIT:C53543	NCIT:C34348
NCIT:C53543	NCIT:C34357
NCIT:C53543	NCIT:C34412
NCIT:C53543	NCIT:C3444
NCIT:C53543	NCIT:C34469
NCIT:C53543	NCIT:C34503
NCIT:C53543	NCIT:C34567
NCIT:C53543	NCIT:C34593
NCIT:C53543	NCIT:C34649
NCIT:C53543	NCIT:C34766
NCIT:C53543	NCIT:C34792
NCIT:C53543	NCIT:C34806
NCIT:C53543	NCIT:C34852
NCIT:C53543	NCIT:C34907
NCIT:C53543	NCIT:C34951
NCIT:C53543	NCIT:C35133
NCIT:C53543	NCIT:C35256
NCIT:C53543	NCIT:C35467
NCIT:C53543	NCIT:C35709
NCIT:C53543	NCIT:C35710
NCIT:C53543	NCIT:C35809
NCIT:C53543	NCIT:C37261
NCIT:C53543	NCIT:C3817
NCIT:C53543	NCIT:C40553
NCIT:C53543	NCIT:C4924
NCIT:C53543	NCIT:C61245
NCIT:C53543	NCIT:C61249
NCIT:C53543	NCIT:C61250
NCIT:C53543	NCIT:C61253
NCIT:C53543	NCIT:C61255
NCIT:C53543	NCIT:C61272
NCIT:C53543	NCIT:C67383
NCIT:C53543	NCIT:C74983
NCIT:C53543	NCIT:C74984
NCIT:C53543	NCIT:C74986
NCIT:C53543	NCIT:C74987
NCIT:C53543	NCIT:C74988
NCIT:C53543	NCIT:C74996
NCIT:C53543	NCIT:C74999
NCIT:C53543	NCIT:C75000
NCIT:C53543	NCIT:C75003
NCIT:C53543	NCIT:C75006
NCIT:C53543	NCIT:C75012
NCIT:C53543	NCIT:C75015
NCIT:C53543	NCIT:C75016
NCIT:C53543	NCIT:C75018
NCIT:C53543	NCIT:C75019
NCIT:C53543	NCIT:C75020
NCIT:C53543	NCIT:C75100
NCIT:C53543	NCIT:C75109
NCIT:C53543	NCIT:C75118
NCIT:C53543	NCIT:C75120
NCIT:C53543	NCIT:C75456
NCIT:C53543	NCIT:C75457
NCIT:C53543	NCIT:C75458
NCIT:C53543	NCIT:C75469
NCIT:C53543	NCIT:C75470
NCIT:C53543	NCIT:C75477
NCIT:C53543	NCIT:C75478
NCIT:C53543	NCIT:C75481
NCIT:C53543	NCIT:C75483
NCIT:C53543	NCIT:C75486
NCIT:C53543	NCIT:C75487
NCIT:C53543	NCIT:C75488
NCIT:C53543	NCIT:C84481
NCIT:C53543	NCIT:C84521
NCIT:C53543	NCIT:C84522
NCIT:C53543	NCIT:C84523
NCIT:C53543	NCIT:C84524
NCIT:C53543	NCIT:C84525
NCIT:C53543	NCIT:C84526
NCIT:C53543	NCIT:C84527
NCIT:C53543	NCIT:C84528
NCIT:C53543	NCIT:C84530
NCIT:C53543	NCIT:C84531
NCIT:C53543	NCIT:C84532
NCIT:C53543	NCIT:C84533
NCIT:C53543	NCIT:C84536
NCIT:C53543	NCIT:C84537
NCIT:C53543	NCIT:C84538
NCIT:C53543	NCIT:C84539
NCIT:C53543	NCIT:C84540
NCIT:C53543	NCIT:C84542
NCIT:C53543	NCIT:C84543
NCIT:C53543	NCIT:C84544
NCIT:C53543	NCIT:C84546
NCIT:C53543	NCIT:C84549
NCIT:C53543	NCIT:C84552
NCIT:C53543	NCIT:C84559
NCIT:C53543	NCIT:C84560
NCIT:C53543	NCIT:C84561
NCIT:C53543	NCIT:C84562
NCIT:C53543	NCIT:C84563
NCIT:C53543	NCIT:C84567
NCIT:C53543	NCIT:C84568
NCIT:C53543	NCIT:C84569
NCIT:C53543	NCIT:C84570
NCIT:C53543	NCIT:C84571
NCIT:C53543	NCIT:C84572
NCIT:C53543	NCIT:C84574
NCIT:C53543	NCIT:C84575
NCIT:C53543	NCIT:C84576
NCIT:C53543	NCIT:C84577
NCIT:C53543	NCIT:C84580
NCIT:C53543	NCIT:C84594
NCIT:C53543	NCIT:C84595
NCIT:C53543	NCIT:C84597
NCIT:C53543	NCIT:C84598
NCIT:C53543	NCIT:C84601
NCIT:C53543	NCIT:C84606
NCIT:C53543	NCIT:C84607
NCIT:C53543	NCIT:C84609
NCIT:C53543	NCIT:C84610
NCIT:C53543	NCIT:C84615
NCIT:C53543	NCIT:C84617
NCIT:C53543	NCIT:C84618
NCIT:C53543	NCIT:C84619
NCIT:C53543	NCIT:C84628
NCIT:C53543	NCIT:C84631
NCIT:C53543	NCIT:C84633
NCIT:C53543	NCIT:C84638
NCIT:C53543	NCIT:C84643
NCIT:C53543	NCIT:C84644
NCIT:C53543	NCIT:C84645
NCIT:C53543	NCIT:C84646
NCIT:C53543	NCIT:C84647
NCIT:C53543	NCIT:C84648
NCIT:C53543	NCIT:C84650
NCIT:C53543	NCIT:C84651
NCIT:C53543	NCIT:C84653
NCIT:C53543	NCIT:C84655
NCIT:C53543	NCIT:C84657
NCIT:C53543	NCIT:C84664
NCIT:C53543	NCIT:C84665
NCIT:C53543	NCIT:C84666
NCIT:C53543	NCIT:C84667
NCIT:C53543	NCIT:C84669
NCIT:C53543	NCIT:C84670
NCIT:C53543	NCIT:C84671
NCIT:C53543	NCIT:C84672
NCIT:C53543	NCIT:C84676
NCIT:C53543	NCIT:C84678
NCIT:C53543	NCIT:C84681
NCIT:C53543	NCIT:C84684
NCIT:C53543	NCIT:C84686
NCIT:C53543	NCIT:C84687
NCIT:C53543	NCIT:C84696
NCIT:C53543	NCIT:C84697
NCIT:C53543	NCIT:C84698
NCIT:C53543	NCIT:C84706
NCIT:C53543	NCIT:C84707
NCIT:C53543	NCIT:C84708
NCIT:C53543	NCIT:C84709
NCIT:C53543	NCIT:C84710
NCIT:C53543	NCIT:C84711
NCIT:C53543	NCIT:C84712
NCIT:C53543	NCIT:C84714
NCIT:C53543	NCIT:C84715
NCIT:C53543	NCIT:C84716
NCIT:C53543	NCIT:C84717
NCIT:C53543	NCIT:C84718
NCIT:C53543	NCIT:C84719
NCIT:C53543	NCIT:C84720
NCIT:C53543	NCIT:C84721
NCIT:C53543	NCIT:C84724
NCIT:C53543	NCIT:C84725
NCIT:C53543	NCIT:C84726
NCIT:C53543	NCIT:C84727
NCIT:C53543	NCIT:C84728
NCIT:C53543	NCIT:C84730
NCIT:C53543	NCIT:C84740
NCIT:C53543	NCIT:C84741
NCIT:C53543	NCIT:C84742
NCIT:C53543	NCIT:C84743
NCIT:C53543	NCIT:C84744
NCIT:C53543	NCIT:C84745
NCIT:C53543	NCIT:C84746
NCIT:C53543	NCIT:C84747
NCIT:C53543	NCIT:C84748
NCIT:C53543	NCIT:C84750
NCIT:C53543	NCIT:C84753
NCIT:C53543	NCIT:C84756
NCIT:C53543	NCIT:C84758
NCIT:C53543	NCIT:C84759
NCIT:C53543	NCIT:C84760
NCIT:C53543	NCIT:C84761
NCIT:C53543	NCIT:C84765
NCIT:C53543	NCIT:C84766
NCIT:C53543	NCIT:C84767
NCIT:C53543	NCIT:C84768
NCIT:C53543	NCIT:C84771
NCIT:C53543	NCIT:C84773
NCIT:C53543	NCIT:C84774
NCIT:C53543	NCIT:C84775
NCIT:C53543	NCIT:C84780
NCIT:C53543	NCIT:C84781
NCIT:C53543	NCIT:C84785
NCIT:C53543	NCIT:C84787
NCIT:C53543	NCIT:C84788
NCIT:C53543	NCIT:C84790
NCIT:C53543	NCIT:C84792
NCIT:C53543	NCIT:C84793
NCIT:C53543	NCIT:C84794
NCIT:C53543	NCIT:C84795
NCIT:C53543	NCIT:C84798
NCIT:C53543	NCIT:C84799
NCIT:C53543	NCIT:C84800
NCIT:C53543	NCIT:C84801
NCIT:C53543	NCIT:C84802
NCIT:C53543	NCIT:C84803
NCIT:C53543	NCIT:C84804
NCIT:C53543	NCIT:C84806
NCIT:C53543	NCIT:C84807
NCIT:C53543	NCIT:C84808
NCIT:C53543	NCIT:C84813
NCIT:C53543	NCIT:C84814
NCIT:C53543	NCIT:C84816
NCIT:C53543	NCIT:C84820
NCIT:C53543	NCIT:C84824
NCIT:C53543	NCIT:C84825
NCIT:C53543	NCIT:C84827
NCIT:C53543	NCIT:C84829
NCIT:C53543	NCIT:C84830
NCIT:C53543	NCIT:C84833
NCIT:C53543	NCIT:C84834
NCIT:C53543	NCIT:C84835
NCIT:C53543	NCIT:C84869
NCIT:C53543	NCIT:C84881
NCIT:C53543	NCIT:C84882
NCIT:C53543	NCIT:C84883
NCIT:C53543	NCIT:C84885
NCIT:C53543	NCIT:C84886
NCIT:C53543	NCIT:C84887
NCIT:C53543	NCIT:C84888
NCIT:C53543	NCIT:C84889
NCIT:C53543	NCIT:C84890
NCIT:C53543	NCIT:C84892
NCIT:C53543	NCIT:C84893
NCIT:C53543	NCIT:C84894
NCIT:C53543	NCIT:C84895
NCIT:C53543	NCIT:C84904
NCIT:C53543	NCIT:C84906
NCIT:C53543	NCIT:C84907
NCIT:C53543	NCIT:C84909
NCIT:C53543	NCIT:C84910
NCIT:C53543	NCIT:C84911
NCIT:C53543	NCIT:C84913
NCIT:C53543	NCIT:C84917
NCIT:C53543	NCIT:C84918
NCIT:C53543	NCIT:C84920
NCIT:C53543	NCIT:C84923
NCIT:C53543	NCIT:C84926
NCIT:C53543	NCIT:C84927
NCIT:C53543	NCIT:C84932
NCIT:C53543	NCIT:C84934
NCIT:C53543	NCIT:C84937
NCIT:C53543	NCIT:C84938
NCIT:C53543	NCIT:C84940
NCIT:C53543	NCIT:C84947
NCIT:C53543	NCIT:C84975
NCIT:C53543	NCIT:C84978
NCIT:C53543	NCIT:C84985
NCIT:C53543	NCIT:C84986
NCIT:C53543	NCIT:C84987
NCIT:C53543	NCIT:C84989
NCIT:C53543	NCIT:C84992
NCIT:C53543	NCIT:C84995
NCIT:C53543	NCIT:C85002
NCIT:C53543	NCIT:C85003
NCIT:C53543	NCIT:C85004
NCIT:C53543	NCIT:C85006
NCIT:C53543	NCIT:C85008
NCIT:C53543	NCIT:C85009
NCIT:C53543	NCIT:C85010
NCIT:C53543	NCIT:C85011
NCIT:C53543	NCIT:C85012
NCIT:C53543	NCIT:C85013
NCIT:C53543	NCIT:C85014
NCIT:C53543	NCIT:C85015
NCIT:C53543	NCIT:C85016
NCIT:C53543	NCIT:C85017
NCIT:C53543	NCIT:C85023
NCIT:C53543	NCIT:C85024
NCIT:C53543	NCIT:C85026
NCIT:C53543	NCIT:C85027
NCIT:C53543	NCIT:C85028
NCIT:C53543	NCIT:C85029
NCIT:C53543	NCIT:C85031
NCIT:C53543	NCIT:C85032
NCIT:C53543	NCIT:C85033
NCIT:C53543	NCIT:C85034
NCIT:C53543	NCIT:C85035
NCIT:C53543	NCIT:C85036
NCIT:C53543	NCIT:C85037
NCIT:C53543	NCIT:C85040
NCIT:C53543	NCIT:C85046
NCIT:C53543	NCIT:C85048
NCIT:C53543	NCIT:C85056
NCIT:C53543	NCIT:C85057
NCIT:C53543	NCIT:C85061
NCIT:C53543	NCIT:C85062
NCIT:C53543	NCIT:C85063
NCIT:C53543	NCIT:C85065
NCIT:C53543	NCIT:C85068
NCIT:C53543	NCIT:C85070
NCIT:C53543	NCIT:C85071
NCIT:C53543	NCIT:C85072
NCIT:C53543	NCIT:C85073
NCIT:C53543	NCIT:C85075
NCIT:C53543	NCIT:C85077
NCIT:C53543	NCIT:C85078
NCIT:C53543	NCIT:C85079
NCIT:C53543	NCIT:C85170
NCIT:C53543	NCIT:C85171
NCIT:C53543	NCIT:C85174
NCIT:C53543	NCIT:C85175
NCIT:C53543	NCIT:C85177
NCIT:C53543	NCIT:C85178
NCIT:C53543	NCIT:C85179
NCIT:C53543	NCIT:C85181
NCIT:C53543	NCIT:C85182
NCIT:C53543	NCIT:C85187
NCIT:C53543	NCIT:C85188
NCIT:C53543	NCIT:C85190
NCIT:C53543	NCIT:C85191
NCIT:C53543	NCIT:C85192
NCIT:C53543	NCIT:C85193
NCIT:C53543	NCIT:C85195
NCIT:C53543	NCIT:C85196
NCIT:C53543	NCIT:C85198
NCIT:C53543	NCIT:C85199
NCIT:C53543	NCIT:C85203
NCIT:C53543	NCIT:C85204
NCIT:C53543	NCIT:C85207
NCIT:C53543	NCIT:C85215
NCIT:C53543	NCIT:C85217
NCIT:C53543	NCIT:C85218
NCIT:C53543	NCIT:C85219
NCIT:C53543	NCIT:C85222
NCIT:C53543	NCIT:C85224
NCIT:C53543	NCIT:C85225
NCIT:C53543	NCIT:C85226
NCIT:C53543	NCIT:C85228
NCIT:C53543	NCIT:C85232
NCIT:C53543	NCIT:C85233
NCIT:C53543	NCIT:C85236
NCIT:C53543	NCIT:C85237
NCIT:C53543	NCIT:C85238
NCIT:C53543	NCIT:C8967
NCIT:C53543	NCIT:C98573
NCIT:C53543	NCIT:C98647
NCIT:C53543	NCIT:C98699
NCIT:C53543	NCIT:C98815
NCIT:C53543	NCIT:C98824
NCIT:C53543	NCIT:C98842
NCIT:C53543	NCIT:C98864
NCIT:C53543	NCIT:C98871
NCIT:C53543	NCIT:C98908
NCIT:C53543	NCIT:C98910
NCIT:C53543	NCIT:C98932
NCIT:C53543	NCIT:C98933
NCIT:C53543	NCIT:C98944
NCIT:C53543	NCIT:C98946
NCIT:C53543	NCIT:C98960
NCIT:C53543	NCIT:C98967
NCIT:C53543	NCIT:C98978
NCIT:C53543	NCIT:C98982
NCIT:C53543	NCIT:C98986
NCIT:C53543	NCIT:C98991
NCIT:C53543	NCIT:C98994
NCIT:C53543	NCIT:C99011
NCIT:C53543	NCIT:C99015
NCIT:C53543	NCIT:C99022
NCIT:C53543	NCIT:C99038
NCIT:C53543	NCIT:C99067
NCIT:C53543	NCIT:C99101
NCIT:C53543	NCIT:C99142
NCIT:C53547	NCIT:C157935
NCIT:C53547	NCIT:C171452
NCIT:C53547	NCIT:C171503
NCIT:C53547	NCIT:C208312
NCIT:C53547	NCIT:C27090
NCIT:C53547	NCIT:C3075
NCIT:C53547	NCIT:C3113
NCIT:C53547	NCIT:C3235
NCIT:C53547	NCIT:C36287
NCIT:C53547	NCIT:C53539
NCIT:C53547	NCIT:C53543
NCIT:C53547	NCIT:C93210
NCIT:C53550	NCIT:C113609
NCIT:C53550	NCIT:C119011
NCIT:C53550	NCIT:C173129
NCIT:C53550	NCIT:C197858
NCIT:C53550	NCIT:C197911
NCIT:C53550	NCIT:C197916
NCIT:C53550	NCIT:C197945
NCIT:C53550	NCIT:C26922
NCIT:C53550	NCIT:C2951
NCIT:C53550	NCIT:C3095
NCIT:C53550	NCIT:C34783
NCIT:C53550	NCIT:C4916
NCIT:C53550	NCIT:C78339
NCIT:C53550	NCIT:C82833
NCIT:C53550	NCIT:C84412
NCIT:C53550	NCIT:C84443
NCIT:C53550	NCIT:C84444
NCIT:C53550	NCIT:C97071
NCIT:C53550	NCIT:C97072
NCIT:C53553	NCIT:C53554
NCIT:C53553	NCIT:C53555
NCIT:C53553	NCIT:C53556
NCIT:C53553	NCIT:C53557
NCIT:C53553	NCIT:C53558
NCIT:C53553	NCIT:C71732
NCIT:C53556	NCIT:C180924
NCIT:C53556	NCIT:C182108
NCIT:C53556	NCIT:C182110
NCIT:C53556	NCIT:C186284
NCIT:C53556	NCIT:C212980
NCIT:C5361	NCIT:C147004
NCIT:C53649	NCIT:C122426
NCIT:C53649	NCIT:C122427
NCIT:C53649	NCIT:C156253
NCIT:C53649	NCIT:C162748
NCIT:C53649	NCIT:C178901
NCIT:C53649	NCIT:C197890
NCIT:C53649	NCIT:C198700
NCIT:C53649	NCIT:C27217
NCIT:C53649	NCIT:C27218
NCIT:C53649	NCIT:C35360
NCIT:C53649	NCIT:C35402
NCIT:C53649	NCIT:C35660
NCIT:C53649	NCIT:C50521
NCIT:C53655	NCIT:C122685
NCIT:C53655	NCIT:C2985
NCIT:C53655	NCIT:C34646
NCIT:C53656	NCIT:C116816
NCIT:C53656	NCIT:C211945
NCIT:C53656	NCIT:C220196
NCIT:C53656	NCIT:C35196
NCIT:C53662	NCIT:C220102
NCIT:C53677	NCIT:C142825
NCIT:C5368	NCIT:C183146
NCIT:C53684	NCIT:C121788
NCIT:C53684	NCIT:C166356
NCIT:C53684	NCIT:C190576
NCIT:C53684	NCIT:C4242
NCIT:C53684	NCIT:C4502
NCIT:C53684	NCIT:C6490
NCIT:C53684	NCIT:C6529
NCIT:C53684	NCIT:C6602
NCIT:C53684	NCIT:C7389
NCIT:C53684	NCIT:C8592
NCIT:C53686	NCIT:C124291
NCIT:C53704	NCIT:C53706
NCIT:C53704	NCIT:C6469
NCIT:C53707	NCIT:C173844
NCIT:C53707	NCIT:C189022
NCIT:C53707	NCIT:C38157
NCIT:C53707	NCIT:C4834
NCIT:C53707	NCIT:C53704
NCIT:C5371	NCIT:C147006
NCIT:C5379	NCIT:C6745
NCIT:C5380	NCIT:C5381
NCIT:C5384	NCIT:C133092
NCIT:C5384	NCIT:C153626
NCIT:C5385	NCIT:C128049
NCIT:C5387	NCIT:C5372
NCIT:C5387	NCIT:C5373
NCIT:C5387	NCIT:C5374
NCIT:C5387	NCIT:C5388
NCIT:C5387	NCIT:C6745
NCIT:C5389	NCIT:C3499
NCIT:C53963	NCIT:C121929
NCIT:C53972	NCIT:C129808
NCIT:C53972	NCIT:C136489
NCIT:C53972	NCIT:C168991
NCIT:C53972	NCIT:C178609
NCIT:C53972	NCIT:C202972
NCIT:C53972	NCIT:C212187
NCIT:C53972	NCIT:C223234
NCIT:C5398	NCIT:C5400
NCIT:C5398	NCIT:C5406
NCIT:C5398	NCIT:C5411
NCIT:C5398	NCIT:C5817
NCIT:C5398	NCIT:C5961
NCIT:C53994	NCIT:C40066
NCIT:C53994	NCIT:C40224
NCIT:C53994	NCIT:C40272
NCIT:C53994	NCIT:C8972
NCIT:C53998	NCIT:C95895
NCIT:C53999	NCIT:C136767
NCIT:C53999	NCIT:C150738
NCIT:C53999	NCIT:C150741
NCIT:C53999	NCIT:C179932
NCIT:C53999	NCIT:C185882
NCIT:C53999	NCIT:C211864
NCIT:C53999	NCIT:C211868
NCIT:C53999	NCIT:C211869
NCIT:C53999	NCIT:C95897
NCIT:C54000	NCIT:C95898
NCIT:C5403	NCIT:C214899
NCIT:C5403	NCIT:C6284
NCIT:C5403	NCIT:C6767
NCIT:C5409	NCIT:C129600
NCIT:C54094	NCIT:C5483
NCIT:C54094	NCIT:C5484
NCIT:C54099	NCIT:C5403
NCIT:C54099	NCIT:C7009
NCIT:C54099	NCIT:C7010
NCIT:C54099	NCIT:C7011
NCIT:C54099	NCIT:C7012
NCIT:C54099	NCIT:C7015
NCIT:C54099	NCIT:C7016
NCIT:C5411	NCIT:C68703
NCIT:C5412	NCIT:C5426
NCIT:C5414	NCIT:C5300
NCIT:C5414	NCIT:C5413
NCIT:C5414	NCIT:C5436
NCIT:C54180	NCIT:C54181
NCIT:C54180	NCIT:C54183
NCIT:C54181	NCIT:C54182
NCIT:C54183	NCIT:C54184
NCIT:C54203	NCIT:C215364
NCIT:C54244	NCIT:C212111
NCIT:C54244	NCIT:C27543
NCIT:C54244	NCIT:C37290
NCIT:C54244	NCIT:C40189
NCIT:C54244	NCIT:C40245
NCIT:C54244	NCIT:C40286
NCIT:C54244	NCIT:C45507
NCIT:C54244	NCIT:C6456
NCIT:C54244	NCIT:C6980
NCIT:C54244	NCIT:C7032
NCIT:C54244	NCIT:C8256
NCIT:C54262	NCIT:C6081
NCIT:C54262	NCIT:C6089
NCIT:C5427	NCIT:C157245
NCIT:C54283	NCIT:C173077
NCIT:C54283	NCIT:C201904
NCIT:C54283	NCIT:C213317
NCIT:C54283	NCIT:C216072
NCIT:C54283	NCIT:C6083
NCIT:C54283	NCIT:C6086
NCIT:C54283	NCIT:C7992
NCIT:C54287	NCIT:C173078
NCIT:C54287	NCIT:C173080
NCIT:C54293	NCIT:C133074
NCIT:C54293	NCIT:C154324
NCIT:C54293	NCIT:C160976
NCIT:C54293	NCIT:C173089
NCIT:C54293	NCIT:C180670
NCIT:C54293	NCIT:C200584
NCIT:C54293	NCIT:C201634
NCIT:C54293	NCIT:C54294
NCIT:C54293	NCIT:C6014
NCIT:C54293	NCIT:C67558
NCIT:C54293	NCIT:C68611
NCIT:C54293	NCIT:C90528
NCIT:C54293	NCIT:C91255
NCIT:C54293	NCIT:C9336
NCIT:C54295	NCIT:C7500
NCIT:C54301	NCIT:C202057
NCIT:C54301	NCIT:C202058
NCIT:C54301	NCIT:C202059
NCIT:C54339	NCIT:C54342
NCIT:C5440	NCIT:C225326
NCIT:C5440	NCIT:C94754
NCIT:C5441	NCIT:C155807
NCIT:C5441	NCIT:C5428
NCIT:C5441	NCIT:C5794
NCIT:C5441	NCIT:C6204
NCIT:C5441	NCIT:C6753
NCIT:C5441	NCIT:C7013
NCIT:C5441	NCIT:C7014
NCIT:C5441	NCIT:C7015
NCIT:C5444	NCIT:C5452
NCIT:C5444	NCIT:C6220
NCIT:C5447	NCIT:C115359
NCIT:C5448	NCIT:C114833
NCIT:C5448	NCIT:C124272
NCIT:C5448	NCIT:C187207
NCIT:C5448	NCIT:C198174
NCIT:C5448	NCIT:C202298
NCIT:C5448	NCIT:C27403
NCIT:C5448	NCIT:C27406
NCIT:C5448	NCIT:C5318
NCIT:C5448	NCIT:C6206
NCIT:C5448	NCIT:C6208
NCIT:C5448	NCIT:C6209
NCIT:C5448	NCIT:C71303
NCIT:C5448	NCIT:C9047
NCIT:C5448	NCIT:C9048
NCIT:C5449	NCIT:C129526
NCIT:C5449	NCIT:C129548
NCIT:C5449	NCIT:C186614
NCIT:C5449	NCIT:C6757
NCIT:C5449	NCIT:C6758
NCIT:C5449	NCIT:C7020
NCIT:C5451	NCIT:C129538
NCIT:C5451	NCIT:C4619
NCIT:C5451	NCIT:C5444
NCIT:C5451	NCIT:C6997
NCIT:C5453	NCIT:C5412
NCIT:C5461	NCIT:C100093
NCIT:C5461	NCIT:C155801
NCIT:C5461	NCIT:C4659
NCIT:C5461	NCIT:C54099
NCIT:C5461	NCIT:C6205
NCIT:C5461	NCIT:C6285
NCIT:C54659	NCIT:C165662
NCIT:C5466	NCIT:C155769
NCIT:C5466	NCIT:C48318
NCIT:C54661	NCIT:C3880
NCIT:C54664	NCIT:C40307
NCIT:C54705	NCIT:C118370
NCIT:C54705	NCIT:C3223
NCIT:C54705	NCIT:C3247
NCIT:C54705	NCIT:C3266
NCIT:C54705	NCIT:C3425
NCIT:C54705	NCIT:C35424
NCIT:C54705	NCIT:C35561
NCIT:C54705	NCIT:C37864
NCIT:C54705	NCIT:C39855
NCIT:C54705	NCIT:C4065
NCIT:C54705	NCIT:C4485
NCIT:C54705	NCIT:C55815
NCIT:C54705	NCIT:C6432
NCIT:C54705	NCIT:C85032
NCIT:C54705	NCIT:C94833
NCIT:C54705	NCIT:C95993
NCIT:C5475	NCIT:C150034
NCIT:C5475	NCIT:C224811
NCIT:C5478	NCIT:C114778
NCIT:C5478	NCIT:C7710
NCIT:C5479	NCIT:C5324
NCIT:C5479	NCIT:C5408
NCIT:C5486	NCIT:C95749
NCIT:C5487	NCIT:C27438
NCIT:C5487	NCIT:C27439
NCIT:C5487	NCIT:C5806
NCIT:C5487	NCIT:C7022
NCIT:C5487	NCIT:C95900
NCIT:C5495	NCIT:C156279
NCIT:C5495	NCIT:C5494
NCIT:C5495	NCIT:C5516
NCIT:C5497	NCIT:C188043
NCIT:C5497	NCIT:C5501
NCIT:C5497	NCIT:C6426
NCIT:C5497	NCIT:C6427
NCIT:C5497	NCIT:C6428
NCIT:C5503	NCIT:C185037
NCIT:C5503	NCIT:C186662
NCIT:C5503	NCIT:C212063
NCIT:C5503	NCIT:C213859
NCIT:C5503	NCIT:C5440
NCIT:C5503	NCIT:C7008
NCIT:C5503	NCIT:C92944
NCIT:C5508	NCIT:C6808
NCIT:C5509	NCIT:C40423
NCIT:C5509	NCIT:C6815
NCIT:C5515	NCIT:C5521
NCIT:C5522	NCIT:C188070
NCIT:C5522	NCIT:C5525
NCIT:C5529	NCIT:C5624
NCIT:C5533	NCIT:C5534
NCIT:C5534	NCIT:C161602
NCIT:C5534	NCIT:C161603
NCIT:C5534	NCIT:C161604
NCIT:C5534	NCIT:C161605
NCIT:C5541	NCIT:C3642
NCIT:C5541	NCIT:C39887
NCIT:C5541	NCIT:C39888
NCIT:C5541	NCIT:C39889
NCIT:C5541	NCIT:C39890
NCIT:C5541	NCIT:C39891
NCIT:C5541	NCIT:C7360
NCIT:C5545	NCIT:C158912
NCIT:C5545	NCIT:C161612
NCIT:C5545	NCIT:C5024
NCIT:C5546	NCIT:C172683
NCIT:C5546	NCIT:C5621
NCIT:C5546	NCIT:C96463
NCIT:C5546	NCIT:C96465
NCIT:C5546	NCIT:C96480
NCIT:C5548	NCIT:C5549
NCIT:C5548	NCIT:C5550
NCIT:C5548	NCIT:C5627
NCIT:C5553	NCIT:C213731
NCIT:C5554	NCIT:C170779
NCIT:C5554	NCIT:C177151
NCIT:C5554	NCIT:C222321
NCIT:C5554	NCIT:C5555
NCIT:C5558	NCIT:C4176
NCIT:C5558	NCIT:C6088
NCIT:C5559	NCIT:C27255
NCIT:C5560	NCIT:C40306
NCIT:C5560	NCIT:C43354
NCIT:C5562	NCIT:C206080
NCIT:C5562	NCIT:C206081
NCIT:C5562	NCIT:C5565
NCIT:C5564	NCIT:C4703
NCIT:C5564	NCIT:C4740
NCIT:C5565	NCIT:C3074
NCIT:C5565	NCIT:C3946
NCIT:C5565	NCIT:C4704
NCIT:C5565	NCIT:C4749
NCIT:C5566	NCIT:C170472
NCIT:C5566	NCIT:C4616
NCIT:C5566	NCIT:C5615
NCIT:C5578	NCIT:C88135
NCIT:C5578	NCIT:C88136
NCIT:C5579	NCIT:C88137
NCIT:C5579	NCIT:C88138
NCIT:C5579	NCIT:C88139
NCIT:C5581	NCIT:C8197
NCIT:C5582	NCIT:C8201
NCIT:C5583	NCIT:C8205
NCIT:C5584	NCIT:C8209
NCIT:C5585	NCIT:C172632
NCIT:C5585	NCIT:C172634
NCIT:C5585	NCIT:C207033
NCIT:C5585	NCIT:C217748
NCIT:C5585	NCIT:C3550
NCIT:C5585	NCIT:C4489
NCIT:C5585	NCIT:C4490
NCIT:C5585	NCIT:C49025
NCIT:C5585	NCIT:C5576
NCIT:C5585	NCIT:C5615
NCIT:C5586	NCIT:C5307
NCIT:C5587	NCIT:C4538
NCIT:C5587	NCIT:C7538
NCIT:C5588	NCIT:C147109
NCIT:C5588	NCIT:C180893
NCIT:C5588	NCIT:C6774
NCIT:C5589	NCIT:C5293
NCIT:C5589	NCIT:C5323
NCIT:C5591	NCIT:C27404
NCIT:C5591	NCIT:C5798
NCIT:C5596	NCIT:C153570
NCIT:C5596	NCIT:C158656
NCIT:C5596	NCIT:C160817
NCIT:C5596	NCIT:C160818
NCIT:C5596	NCIT:C191961
NCIT:C5596	NCIT:C39880
NCIT:C5596	NCIT:C39881
NCIT:C5596	NCIT:C39882
NCIT:C5596	NCIT:C39884
NCIT:C5596	NCIT:C39885
NCIT:C5596	NCIT:C5530
NCIT:C5596	NCIT:C5535
NCIT:C5596	NCIT:C5537
NCIT:C5598	NCIT:C7476
NCIT:C5598	NCIT:C7477
NCIT:C5600	NCIT:C153575
NCIT:C5600	NCIT:C223145
NCIT:C5600	NCIT:C5598
NCIT:C5600	NCIT:C7471
NCIT:C5600	NCIT:C7474
NCIT:C5601	NCIT:C7465
NCIT:C5603	NCIT:C96540
NCIT:C5603	NCIT:C96549
NCIT:C5606	NCIT:C153576
NCIT:C5611	NCIT:C5599
NCIT:C5611	NCIT:C5602
NCIT:C5611	NCIT:C5610
NCIT:C5612	NCIT:C175383
NCIT:C5615	NCIT:C156282
NCIT:C5615	NCIT:C170473
NCIT:C5617	NCIT:C5614
NCIT:C5628	NCIT:C188113
NCIT:C5628	NCIT:C28311
NCIT:C5629	NCIT:C185155
NCIT:C5629	NCIT:C205130
NCIT:C5629	NCIT:C225329
NCIT:C5629	NCIT:C5628
NCIT:C5634	NCIT:C5073
NCIT:C5634	NCIT:C5074
NCIT:C5635	NCIT:C45166
NCIT:C5636	NCIT:C115357
NCIT:C5636	NCIT:C141292
NCIT:C5636	NCIT:C188460
NCIT:C5636	NCIT:C7211
NCIT:C5636	NCIT:C9471
NCIT:C5637	NCIT:C188459
NCIT:C5637	NCIT:C5636
NCIT:C5637	NCIT:C68692
NCIT:C5637	NCIT:C80374
NCIT:C5640	NCIT:C7210
NCIT:C5640	NCIT:C7953
NCIT:C5641	NCIT:C136468
NCIT:C5641	NCIT:C222365
NCIT:C5641	NCIT:C6683
NCIT:C5641	NCIT:C6686
NCIT:C5641	NCIT:C9038
NCIT:C5642	NCIT:C5652
NCIT:C5642	NCIT:C6674
NCIT:C5642	NCIT:C6687
NCIT:C5643	NCIT:C5653
NCIT:C5643	NCIT:C6675
NCIT:C5643	NCIT:C6692
NCIT:C5644	NCIT:C5655
NCIT:C5644	NCIT:C6677
NCIT:C5644	NCIT:C6688
NCIT:C5645	NCIT:C5654
NCIT:C5645	NCIT:C6676
NCIT:C5645	NCIT:C6691
NCIT:C5646	NCIT:C6680
NCIT:C5646	NCIT:C6689
NCIT:C5646	NCIT:C9102
NCIT:C5647	NCIT:C6681
NCIT:C5647	NCIT:C6690
NCIT:C5647	NCIT:C9103
NCIT:C5650	NCIT:C128847
NCIT:C5652	NCIT:C6661
NCIT:C5652	NCIT:C6668
NCIT:C5652	NCIT:C6694
NCIT:C5653	NCIT:C6662
NCIT:C5653	NCIT:C6669
NCIT:C5653	NCIT:C6693
NCIT:C5654	NCIT:C6663
NCIT:C5654	NCIT:C6670
NCIT:C5654	NCIT:C6696
NCIT:C5655	NCIT:C6666
NCIT:C5655	NCIT:C6667
NCIT:C5655	NCIT:C6695
NCIT:C5660	NCIT:C5661
NCIT:C5668	NCIT:C5276
NCIT:C5669	NCIT:C45626
NCIT:C5669	NCIT:C45627
NCIT:C5669	NCIT:C45628
NCIT:C5670	NCIT:C157602
NCIT:C5670	NCIT:C165454
NCIT:C5670	NCIT:C176711
NCIT:C5670	NCIT:C223235
NCIT:C5670	NCIT:C4038
NCIT:C5670	NCIT:C45569
NCIT:C5671	NCIT:C4566
NCIT:C5671	NCIT:C4888
NCIT:C5672	NCIT:C177799
NCIT:C5672	NCIT:C187162
NCIT:C5672	NCIT:C222309
NCIT:C5672	NCIT:C7267
NCIT:C5673	NCIT:C172680
NCIT:C5673	NCIT:C27457
NCIT:C5673	NCIT:C27458
NCIT:C5673	NCIT:C3864
NCIT:C5673	NCIT:C5546
NCIT:C5673	NCIT:C5674
NCIT:C5673	NCIT:C5685
NCIT:C5673	NCIT:C83176
NCIT:C5673	NCIT:C96478
NCIT:C5674	NCIT:C43577
NCIT:C5674	NCIT:C96463
NCIT:C5674	NCIT:C96468
NCIT:C5675	NCIT:C5496
NCIT:C5675	NCIT:C5620
NCIT:C5676	NCIT:C3495
NCIT:C5676	NCIT:C4919
NCIT:C5677	NCIT:C5492
NCIT:C5677	NCIT:C5552
NCIT:C5678	NCIT:C5493
NCIT:C5678	NCIT:C5551
NCIT:C5679	NCIT:C165469
NCIT:C5679	NCIT:C2954
NCIT:C5679	NCIT:C3351
NCIT:C5679	NCIT:C5680
NCIT:C5679	NCIT:C96469
NCIT:C5679	NCIT:C96474
NCIT:C5679	NCIT:C96478
NCIT:C5680	NCIT:C5517
NCIT:C5681	NCIT:C5518
NCIT:C5681	NCIT:C5618
NCIT:C5682	NCIT:C4930
NCIT:C5682	NCIT:C5619
NCIT:C5682	NCIT:C96471
NCIT:C5682	NCIT:C96472
NCIT:C5682	NCIT:C96473
NCIT:C5684	NCIT:C181211
NCIT:C5684	NCIT:C188082
NCIT:C5684	NCIT:C45605
NCIT:C5684	NCIT:C5264
NCIT:C5685	NCIT:C128171
NCIT:C5685	NCIT:C5621
NCIT:C5687	NCIT:C5688
NCIT:C5687	NCIT:C5689
NCIT:C5688	NCIT:C95625
NCIT:C5688	NCIT:C95626
NCIT:C5691	NCIT:C6731
NCIT:C5691	NCIT:C6738
NCIT:C5692	NCIT:C6732
NCIT:C5692	NCIT:C6737
NCIT:C5695	NCIT:C5603
NCIT:C5695	NCIT:C5803
NCIT:C5695	NCIT:C96062
NCIT:C5695	NCIT:C96063
NCIT:C5695	NCIT:C96152
NCIT:C5696	NCIT:C95871
NCIT:C5696	NCIT:C95884
NCIT:C5697	NCIT:C135212
NCIT:C5697	NCIT:C203384
NCIT:C5698	NCIT:C135213
NCIT:C5698	NCIT:C203385
NCIT:C5712	NCIT:C213041
NCIT:C5712	NCIT:C95471
NCIT:C5714	NCIT:C5789
NCIT:C5715	NCIT:C188065
NCIT:C5715	NCIT:C223537
NCIT:C5716	NCIT:C41249
NCIT:C5716	NCIT:C41251
NCIT:C5716	NCIT:C4845
NCIT:C5716	NCIT:C95488
NCIT:C5716	NCIT:C95506
NCIT:C5721	NCIT:C174566
NCIT:C5721	NCIT:C190770
NCIT:C5722	NCIT:C172812
NCIT:C5722	NCIT:C5723
NCIT:C5727	NCIT:C190026
NCIT:C5736	NCIT:C5839
NCIT:C5736	NCIT:C5840
NCIT:C5736	NCIT:C5841
NCIT:C5736	NCIT:C5842
NCIT:C5749	NCIT:C27485
NCIT:C5749	NCIT:C3869
NCIT:C5749	NCIT:C5750
NCIT:C5749	NCIT:C5752
NCIT:C5749	NCIT:C5753
NCIT:C5749	NCIT:C96841
NCIT:C5749	NCIT:C96842
NCIT:C5758	NCIT:C5710
NCIT:C5759	NCIT:C5709
NCIT:C5766	NCIT:C5768
NCIT:C5766	NCIT:C8459
NCIT:C5766	NCIT:C96843
NCIT:C5783	NCIT:C172719
NCIT:C5783	NCIT:C172720
NCIT:C5783	NCIT:C172721
NCIT:C5789	NCIT:C223523
NCIT:C5789	NCIT:C223524
NCIT:C5789	NCIT:C223525
NCIT:C5794	NCIT:C27400
NCIT:C5794	NCIT:C27401
NCIT:C5795	NCIT:C6207
NCIT:C5798	NCIT:C5799
NCIT:C5798	NCIT:C7816
NCIT:C5799	NCIT:C5800
NCIT:C5799	NCIT:C6219
NCIT:C5802	NCIT:C5969
NCIT:C5802	NCIT:C5970
NCIT:C5802	NCIT:C6773
NCIT:C5802	NCIT:C9041
NCIT:C5803	NCIT:C95980
NCIT:C5803	NCIT:C96061
NCIT:C5803	NCIT:C96064
NCIT:C5806	NCIT:C95895
NCIT:C5806	NCIT:C95897
NCIT:C5806	NCIT:C95898
NCIT:C5807	NCIT:C6651
NCIT:C5808	NCIT:C6652
NCIT:C5808	NCIT:C87791
NCIT:C5808	NCIT:C87792
NCIT:C5809	NCIT:C6653
NCIT:C5809	NCIT:C87793
NCIT:C5809	NCIT:C87795
NCIT:C5810	NCIT:C6654
NCIT:C5811	NCIT:C211868
NCIT:C5811	NCIT:C213589
NCIT:C5817	NCIT:C5436
NCIT:C5817	NCIT:C6968
NCIT:C5818	NCIT:C173340
NCIT:C5818	NCIT:C6241
NCIT:C5821	NCIT:C95616
NCIT:C5821	NCIT:C95619
NCIT:C5822	NCIT:C5823
NCIT:C5822	NCIT:C5824
NCIT:C5823	NCIT:C224692
NCIT:C5823	NCIT:C224693
NCIT:C5827	NCIT:C188213
NCIT:C5830	NCIT:C5434
NCIT:C5831	NCIT:C8427
NCIT:C5851	NCIT:C96946
NCIT:C5856	NCIT:C5853
NCIT:C5856	NCIT:C5854
NCIT:C5856	NCIT:C5855
NCIT:C5857	NCIT:C5849
NCIT:C5857	NCIT:C5850
NCIT:C5857	NCIT:C96811
NCIT:C5860	NCIT:C5847
NCIT:C5876	NCIT:C8197
NCIT:C5877	NCIT:C8201
NCIT:C5878	NCIT:C8205
NCIT:C5879	NCIT:C5880
NCIT:C5879	NCIT:C5881
NCIT:C5879	NCIT:C5882
NCIT:C5879	NCIT:C8209
NCIT:C5880	NCIT:C5874
NCIT:C5881	NCIT:C5873
NCIT:C5882	NCIT:C5872
NCIT:C5883	NCIT:C6053
NCIT:C5883	NCIT:C8199
NCIT:C5883	NCIT:C8200
NCIT:C5884	NCIT:C6054
NCIT:C5884	NCIT:C8203
NCIT:C5884	NCIT:C8204
NCIT:C5885	NCIT:C6055
NCIT:C5885	NCIT:C8207
NCIT:C5885	NCIT:C8208
NCIT:C5886	NCIT:C5887
NCIT:C5886	NCIT:C5888
NCIT:C5886	NCIT:C5889
NCIT:C5886	NCIT:C6056
NCIT:C5886	NCIT:C8211
NCIT:C5886	NCIT:C8212
NCIT:C5887	NCIT:C5863
NCIT:C5887	NCIT:C5868
NCIT:C5887	NCIT:C6057
NCIT:C5888	NCIT:C5864
NCIT:C5888	NCIT:C5867
NCIT:C5888	NCIT:C6058
NCIT:C5889	NCIT:C5865
NCIT:C5889	NCIT:C5866
NCIT:C5889	NCIT:C6059
NCIT:C5898	NCIT:C35694
NCIT:C5898	NCIT:C35695
NCIT:C5898	NCIT:C35696
NCIT:C5898	NCIT:C5899
NCIT:C5898	NCIT:C5900
NCIT:C5901	NCIT:C5933
NCIT:C5901	NCIT:C5934
NCIT:C5902	NCIT:C5944
NCIT:C5902	NCIT:C5945
NCIT:C5902	NCIT:C5975
NCIT:C5903	NCIT:C5901
NCIT:C5903	NCIT:C5940
NCIT:C5903	NCIT:C5941
NCIT:C5903	NCIT:C5958
NCIT:C5904	NCIT:C153611
NCIT:C5904	NCIT:C199662
NCIT:C5905	NCIT:C5935
NCIT:C5905	NCIT:C5937
NCIT:C5906	NCIT:C5938
NCIT:C5906	NCIT:C5939
NCIT:C5907	NCIT:C132778
NCIT:C5907	NCIT:C132779
NCIT:C5907	NCIT:C181161
NCIT:C5907	NCIT:C5903
NCIT:C5907	NCIT:C5905
NCIT:C5907	NCIT:C5906
NCIT:C5907	NCIT:C5975
NCIT:C5907	NCIT:C6791
NCIT:C5907	NCIT:C8396
NCIT:C5907	NCIT:C8397
NCIT:C5908	NCIT:C190273
NCIT:C5908	NCIT:C203381
NCIT:C5908	NCIT:C5906
NCIT:C5908	NCIT:C5953
NCIT:C5908	NCIT:C8015
NCIT:C5908	NCIT:C8017
NCIT:C5908	NCIT:C8019
NCIT:C5910	NCIT:C202609
NCIT:C5910	NCIT:C5913
NCIT:C5910	NCIT:C7734
NCIT:C5912	NCIT:C7605
NCIT:C5916	NCIT:C173481
NCIT:C5916	NCIT:C173738
NCIT:C5918	NCIT:C213662
NCIT:C5918	NCIT:C213663
NCIT:C5927	NCIT:C36202
NCIT:C5927	NCIT:C5924
NCIT:C5928	NCIT:C5919
NCIT:C5928	NCIT:C5920
NCIT:C5929	NCIT:C5921
NCIT:C5930	NCIT:C36198
NCIT:C5930	NCIT:C5923
NCIT:C5931	NCIT:C36199
NCIT:C5931	NCIT:C5922
NCIT:C5933	NCIT:C153571
NCIT:C5934	NCIT:C153572
NCIT:C5935	NCIT:C153809
NCIT:C5937	NCIT:C153804
NCIT:C5938	NCIT:C153806
NCIT:C5939	NCIT:C153807
NCIT:C5940	NCIT:C5934
NCIT:C5941	NCIT:C213335
NCIT:C5941	NCIT:C5933
NCIT:C5942	NCIT:C153810
NCIT:C5943	NCIT:C153811
NCIT:C5944	NCIT:C5977
NCIT:C5945	NCIT:C35832
NCIT:C5945	NCIT:C5974
NCIT:C5946	NCIT:C153813
NCIT:C5947	NCIT:C153812
NCIT:C5948	NCIT:C153612
NCIT:C5948	NCIT:C160974
NCIT:C5948	NCIT:C201832
NCIT:C5948	NCIT:C6243
NCIT:C5951	NCIT:C173716
NCIT:C5951	NCIT:C173719
NCIT:C5951	NCIT:C181210
NCIT:C5951	NCIT:C35687
NCIT:C5955	NCIT:C5976
NCIT:C5957	NCIT:C213439
NCIT:C5957	NCIT:C5936
NCIT:C5957	NCIT:C5948
NCIT:C5957	NCIT:C5953
NCIT:C5957	NCIT:C5954
NCIT:C5957	NCIT:C5956
NCIT:C5957	NCIT:C5959
NCIT:C5957	NCIT:C5976
NCIT:C5960	NCIT:C114774
NCIT:C5960	NCIT:C114775
NCIT:C5960	NCIT:C115196
NCIT:C5960	NCIT:C185471
NCIT:C5960	NCIT:C186351
NCIT:C5960	NCIT:C188926
NCIT:C5960	NCIT:C188933
NCIT:C5960	NCIT:C188935
NCIT:C5960	NCIT:C198501
NCIT:C5960	NCIT:C42080
NCIT:C5960	NCIT:C4347
NCIT:C5960	NCIT:C5799
NCIT:C5960	NCIT:C6772
NCIT:C5960	NCIT:C9043
NCIT:C5961	NCIT:C114774
NCIT:C5967	NCIT:C5797
NCIT:C5967	NCIT:C9091
NCIT:C5968	NCIT:C4011
NCIT:C5968	NCIT:C5796
NCIT:C5969	NCIT:C9042
NCIT:C5970	NCIT:C3997
NCIT:C5970	NCIT:C6286
NCIT:C5971	NCIT:C4366
NCIT:C5971	NCIT:C6933
NCIT:C5972	NCIT:C8187
NCIT:C5973	NCIT:C35697
NCIT:C5973	NCIT:C4945
NCIT:C5974	NCIT:C153805
NCIT:C5975	NCIT:C5974
NCIT:C5975	NCIT:C5977
NCIT:C5977	NCIT:C153808
NCIT:C5981	NCIT:C5951
NCIT:C5983	NCIT:C156280
NCIT:C5983	NCIT:C213630
NCIT:C5985	NCIT:C6141
NCIT:C5986	NCIT:C6139
NCIT:C5987	NCIT:C6140
NCIT:C5992	NCIT:C6132
NCIT:C5993	NCIT:C6131
NCIT:C5994	NCIT:C6130
NCIT:C5995	NCIT:C6236
NCIT:C5996	NCIT:C6138
NCIT:C5997	NCIT:C6137
NCIT:C6000	NCIT:C132821
NCIT:C6000	NCIT:C133000
NCIT:C6000	NCIT:C133009
NCIT:C6000	NCIT:C222767
NCIT:C6000	NCIT:C5985
NCIT:C6000	NCIT:C5992
NCIT:C6000	NCIT:C5997
NCIT:C6001	NCIT:C132822
NCIT:C6001	NCIT:C133001
NCIT:C6001	NCIT:C133010
NCIT:C6001	NCIT:C222768
NCIT:C6001	NCIT:C5986
NCIT:C6001	NCIT:C5993
NCIT:C6001	NCIT:C5996
NCIT:C6002	NCIT:C133002
NCIT:C6002	NCIT:C133011
NCIT:C6002	NCIT:C5987
NCIT:C6002	NCIT:C5994
NCIT:C6002	NCIT:C5995
NCIT:C6003	NCIT:C6124
NCIT:C6004	NCIT:C6123
NCIT:C6005	NCIT:C6122
NCIT:C6009	NCIT:C6070
NCIT:C6009	NCIT:C6071
NCIT:C6009	NCIT:C6072
NCIT:C6014	NCIT:C118818
NCIT:C6014	NCIT:C165563
NCIT:C6014	NCIT:C202997
NCIT:C6014	NCIT:C6006
NCIT:C6014	NCIT:C6007
NCIT:C6014	NCIT:C6008
NCIT:C6014	NCIT:C6009
NCIT:C6014	NCIT:C6017
NCIT:C6014	NCIT:C6018
NCIT:C6014	NCIT:C6019
NCIT:C6014	NCIT:C8193
NCIT:C6014	NCIT:C9332
NCIT:C6014	NCIT:C94768
NCIT:C6017	NCIT:C6237
NCIT:C6017	NCIT:C6240
NCIT:C6019	NCIT:C6238
NCIT:C6019	NCIT:C6239
NCIT:C6020	NCIT:C173407
NCIT:C6020	NCIT:C173408
NCIT:C6023	NCIT:C173390
NCIT:C6023	NCIT:C173391
NCIT:C6023	NCIT:C6409
NCIT:C6029	NCIT:C213315
NCIT:C60310	NCIT:C181211
NCIT:C60310	NCIT:C185043
NCIT:C60310	NCIT:C185321
NCIT:C60310	NCIT:C213858
NCIT:C60310	NCIT:C45605
NCIT:C60310	NCIT:C45607
NCIT:C60310	NCIT:C5264
NCIT:C60322	NCIT:C60318
NCIT:C60322	NCIT:C60383
NCIT:C60322	NCIT:C60387
NCIT:C60322	NCIT:C60523
NCIT:C60324	NCIT:C60319
NCIT:C60324	NCIT:C60321
NCIT:C60324	NCIT:C60384
NCIT:C60324	NCIT:C60388
NCIT:C60324	NCIT:C60404
NCIT:C60324	NCIT:C60490
NCIT:C60324	NCIT:C60493
NCIT:C60324	NCIT:C60506
NCIT:C60324	NCIT:C60524
NCIT:C60324	NCIT:C92180
NCIT:C60353	NCIT:C60327
NCIT:C60353	NCIT:C60482
NCIT:C60353	NCIT:C60483
NCIT:C60366	NCIT:C60322
NCIT:C60366	NCIT:C60325
NCIT:C60366	NCIT:C60329
NCIT:C60366	NCIT:C60367
NCIT:C60366	NCIT:C60377
NCIT:C60366	NCIT:C60405
NCIT:C60366	NCIT:C60491
NCIT:C60366	NCIT:C60507
NCIT:C60366	NCIT:C60511
NCIT:C60366	NCIT:C60519
NCIT:C60366	NCIT:C92183
NCIT:C6040	NCIT:C174046
NCIT:C6040	NCIT:C174047
NCIT:C6040	NCIT:C174569
NCIT:C6040	NCIT:C216074
NCIT:C60400	NCIT:C135722
NCIT:C6041	NCIT:C156341
NCIT:C6041	NCIT:C156347
NCIT:C6041	NCIT:C6043
NCIT:C6044	NCIT:C156410
NCIT:C6044	NCIT:C213669
NCIT:C6044	NCIT:C6046
NCIT:C6044	NCIT:C7601
NCIT:C60453	NCIT:C198598
NCIT:C6046	NCIT:C7263
NCIT:C60460	NCIT:C63820
NCIT:C60483	NCIT:C60326
NCIT:C60483	NCIT:C63818
NCIT:C60483	NCIT:C63819
NCIT:C6056	NCIT:C6057
NCIT:C6056	NCIT:C6058
NCIT:C6056	NCIT:C6059
NCIT:C6060	NCIT:C198147
NCIT:C6060	NCIT:C215049
NCIT:C6060	NCIT:C8214
NCIT:C6061	NCIT:C6249
NCIT:C6062	NCIT:C6061
NCIT:C6062	NCIT:C6063
NCIT:C6064	NCIT:C213310
NCIT:C6068	NCIT:C6069
NCIT:C60680	NCIT:C60332
NCIT:C60680	NCIT:C60336
NCIT:C60680	NCIT:C60437
NCIT:C60680	NCIT:C60440
NCIT:C60681	NCIT:C121567
NCIT:C60681	NCIT:C60331
NCIT:C60681	NCIT:C60337
NCIT:C60681	NCIT:C60346
NCIT:C60681	NCIT:C60348
NCIT:C60681	NCIT:C60354
NCIT:C60681	NCIT:C60378
NCIT:C60681	NCIT:C60379
NCIT:C60681	NCIT:C60436
NCIT:C60681	NCIT:C60439
NCIT:C60681	NCIT:C60441
NCIT:C60681	NCIT:C60451
NCIT:C60681	NCIT:C60454
NCIT:C60681	NCIT:C60459
NCIT:C60681	NCIT:C60461
NCIT:C60681	NCIT:C60464
NCIT:C60681	NCIT:C60473
NCIT:C60681	NCIT:C60474
NCIT:C60681	NCIT:C60692
NCIT:C60681	NCIT:C64007
NCIT:C60681	NCIT:C64008
NCIT:C60681	NCIT:C64009
NCIT:C60681	NCIT:C64010
NCIT:C60681	NCIT:C64017
NCIT:C60681	NCIT:C64018
NCIT:C60681	NCIT:C64019
NCIT:C60681	NCIT:C64020
NCIT:C60681	NCIT:C64027
NCIT:C60681	NCIT:C64028
NCIT:C60681	NCIT:C64029
NCIT:C60681	NCIT:C64030
NCIT:C60681	NCIT:C64032
NCIT:C60681	NCIT:C64033
NCIT:C60681	NCIT:C64034
NCIT:C60681	NCIT:C64036
NCIT:C60681	NCIT:C64037
NCIT:C60681	NCIT:C64041
NCIT:C60681	NCIT:C64042
NCIT:C60681	NCIT:C64043
NCIT:C60681	NCIT:C64044
NCIT:C60681	NCIT:C64045
NCIT:C60681	NCIT:C64046
NCIT:C60681	NCIT:C64047
NCIT:C60681	NCIT:C64048
NCIT:C60681	NCIT:C64049
NCIT:C60681	NCIT:C64050
NCIT:C60681	NCIT:C64052
NCIT:C60681	NCIT:C64053
NCIT:C60681	NCIT:C64054
NCIT:C60681	NCIT:C64055
NCIT:C60681	NCIT:C64056
NCIT:C60681	NCIT:C64057
NCIT:C60681	NCIT:C64060
NCIT:C60681	NCIT:C64061
NCIT:C60681	NCIT:C64062
NCIT:C60681	NCIT:C64063
NCIT:C60681	NCIT:C64069
NCIT:C60681	NCIT:C64079
NCIT:C60681	NCIT:C64080
NCIT:C60681	NCIT:C64081
NCIT:C60681	NCIT:C64084
NCIT:C60681	NCIT:C64085
NCIT:C60681	NCIT:C64086
NCIT:C60682	NCIT:C60318
NCIT:C60682	NCIT:C60352
NCIT:C60682	NCIT:C60353
NCIT:C60682	NCIT:C60460
NCIT:C60682	NCIT:C60516
NCIT:C60682	NCIT:C63863
NCIT:C60682	NCIT:C63864
NCIT:C60682	NCIT:C63896
NCIT:C60682	NCIT:C63906
NCIT:C60682	NCIT:C63907
NCIT:C60682	NCIT:C63908
NCIT:C60682	NCIT:C63909
NCIT:C60682	NCIT:C64166
NCIT:C60682	NCIT:C64167
NCIT:C60683	NCIT:C121566
NCIT:C60683	NCIT:C121568
NCIT:C60683	NCIT:C60321
NCIT:C60683	NCIT:C60335
NCIT:C60683	NCIT:C60345
NCIT:C60683	NCIT:C60355
NCIT:C60683	NCIT:C60368
NCIT:C60683	NCIT:C60369
NCIT:C60683	NCIT:C60380
NCIT:C60683	NCIT:C60381
NCIT:C60683	NCIT:C60421
NCIT:C60683	NCIT:C60422
NCIT:C60683	NCIT:C60450
NCIT:C60683	NCIT:C60462
NCIT:C60683	NCIT:C60477
NCIT:C60683	NCIT:C60490
NCIT:C60683	NCIT:C60493
NCIT:C60683	NCIT:C60495
NCIT:C60683	NCIT:C63913
NCIT:C60683	NCIT:C63914
NCIT:C60683	NCIT:C63915
NCIT:C60683	NCIT:C63916
NCIT:C60683	NCIT:C63917
NCIT:C60684	NCIT:C60344
NCIT:C60684	NCIT:C60349
NCIT:C60684	NCIT:C60350
NCIT:C60684	NCIT:C60360
NCIT:C60684	NCIT:C60391
NCIT:C60684	NCIT:C60394
NCIT:C60684	NCIT:C60395
NCIT:C60684	NCIT:C60409
NCIT:C60684	NCIT:C60455
NCIT:C60684	NCIT:C60469
NCIT:C60684	NCIT:C60530
NCIT:C60684	NCIT:C63959
NCIT:C60684	NCIT:C63960
NCIT:C60684	NCIT:C63961
NCIT:C60684	NCIT:C63962
NCIT:C60684	NCIT:C63963
NCIT:C60684	NCIT:C63964
NCIT:C60684	NCIT:C63965
NCIT:C60684	NCIT:C63966
NCIT:C60684	NCIT:C63967
NCIT:C60684	NCIT:C63968
NCIT:C60684	NCIT:C63969
NCIT:C60684	NCIT:C63970
NCIT:C60684	NCIT:C63971
NCIT:C60684	NCIT:C63972
NCIT:C60684	NCIT:C63973
NCIT:C60684	NCIT:C63974
NCIT:C60684	NCIT:C63975
NCIT:C60684	NCIT:C63976
NCIT:C60684	NCIT:C63977
NCIT:C60684	NCIT:C63978
NCIT:C60684	NCIT:C63979
NCIT:C60684	NCIT:C63980
NCIT:C60684	NCIT:C63981
NCIT:C60684	NCIT:C63982
NCIT:C60684	NCIT:C63983
NCIT:C60684	NCIT:C63984
NCIT:C60684	NCIT:C63985
NCIT:C60684	NCIT:C63986
NCIT:C60684	NCIT:C63987
NCIT:C60684	NCIT:C63988
NCIT:C60684	NCIT:C63989
NCIT:C60684	NCIT:C63990
NCIT:C60684	NCIT:C63991
NCIT:C60684	NCIT:C63992
NCIT:C60684	NCIT:C63993
NCIT:C60684	NCIT:C63994
NCIT:C60684	NCIT:C63995
NCIT:C60684	NCIT:C63996
NCIT:C60684	NCIT:C63997
NCIT:C60684	NCIT:C63998
NCIT:C60684	NCIT:C63999
NCIT:C60684	NCIT:C64000
NCIT:C60684	NCIT:C64001
NCIT:C60684	NCIT:C64002
NCIT:C60684	NCIT:C64003
NCIT:C60684	NCIT:C64004
NCIT:C60684	NCIT:C64178
NCIT:C60685	NCIT:C60340
NCIT:C60685	NCIT:C60444
NCIT:C60685	NCIT:C60467
NCIT:C60685	NCIT:C60684
NCIT:C60685	NCIT:C60688
NCIT:C60686	NCIT:C60361
NCIT:C60686	NCIT:C60400
NCIT:C60686	NCIT:C60412
NCIT:C60686	NCIT:C60419
NCIT:C60686	NCIT:C60428
NCIT:C60686	NCIT:C60448
NCIT:C60686	NCIT:C60449
NCIT:C60686	NCIT:C60470
NCIT:C60686	NCIT:C64064
NCIT:C60686	NCIT:C64065
NCIT:C60686	NCIT:C64066
NCIT:C60686	NCIT:C64067
NCIT:C60686	NCIT:C64068
NCIT:C60686	NCIT:C64070
NCIT:C60686	NCIT:C64072
NCIT:C60686	NCIT:C64073
NCIT:C60687	NCIT:C60323
NCIT:C60687	NCIT:C60341
NCIT:C60687	NCIT:C60401
NCIT:C60687	NCIT:C60451
NCIT:C60687	NCIT:C64005
NCIT:C60687	NCIT:C64011
NCIT:C60687	NCIT:C64015
NCIT:C60687	NCIT:C64021
NCIT:C60687	NCIT:C64035
NCIT:C60687	NCIT:C64039
NCIT:C60687	NCIT:C64040
NCIT:C60687	NCIT:C64051
NCIT:C60687	NCIT:C64071
NCIT:C60687	NCIT:C64074
NCIT:C60687	NCIT:C64075
NCIT:C60687	NCIT:C64076
NCIT:C60687	NCIT:C64077
NCIT:C60687	NCIT:C64078
NCIT:C60687	NCIT:C64083
NCIT:C60687	NCIT:C64104
NCIT:C60687	NCIT:C64105
NCIT:C60687	NCIT:C64109
NCIT:C60687	NCIT:C64110
NCIT:C60687	NCIT:C64115
NCIT:C60687	NCIT:C64123
NCIT:C60687	NCIT:C64124
NCIT:C60687	NCIT:C64133
NCIT:C60687	NCIT:C64134
NCIT:C60687	NCIT:C64156
NCIT:C60687	NCIT:C64157
NCIT:C60688	NCIT:C60357
NCIT:C60688	NCIT:C60429
NCIT:C60688	NCIT:C60430
NCIT:C60688	NCIT:C60456
NCIT:C60688	NCIT:C60466
NCIT:C60688	NCIT:C60500
NCIT:C60688	NCIT:C60501
NCIT:C60688	NCIT:C64006
NCIT:C60688	NCIT:C64012
NCIT:C60688	NCIT:C64013
NCIT:C60688	NCIT:C64014
NCIT:C60688	NCIT:C64016
NCIT:C60688	NCIT:C64022
NCIT:C60688	NCIT:C64023
NCIT:C60688	NCIT:C64025
NCIT:C60688	NCIT:C64026
NCIT:C60688	NCIT:C64031
NCIT:C60688	NCIT:C64038
NCIT:C60688	NCIT:C64058
NCIT:C60688	NCIT:C64082
NCIT:C60688	NCIT:C64087
NCIT:C60689	NCIT:C60363
NCIT:C60689	NCIT:C60364
NCIT:C60689	NCIT:C60424
NCIT:C60689	NCIT:C60480
NCIT:C60689	NCIT:C64088
NCIT:C60689	NCIT:C64089
NCIT:C60689	NCIT:C64090
NCIT:C60689	NCIT:C64091
NCIT:C60689	NCIT:C64092
NCIT:C60689	NCIT:C64093
NCIT:C60689	NCIT:C64094
NCIT:C60689	NCIT:C64097
NCIT:C60689	NCIT:C64098
NCIT:C60689	NCIT:C64099
NCIT:C60689	NCIT:C64100
NCIT:C60689	NCIT:C64101
NCIT:C60689	NCIT:C64102
NCIT:C60689	NCIT:C64103
NCIT:C60689	NCIT:C64106
NCIT:C60689	NCIT:C64107
NCIT:C60689	NCIT:C64108
NCIT:C60689	NCIT:C64112
NCIT:C60689	NCIT:C64113
NCIT:C60689	NCIT:C64114
NCIT:C60689	NCIT:C64119
NCIT:C60689	NCIT:C64120
NCIT:C60689	NCIT:C64121
NCIT:C60689	NCIT:C64122
NCIT:C60689	NCIT:C64125
NCIT:C60689	NCIT:C64126
NCIT:C60689	NCIT:C64127
NCIT:C60689	NCIT:C64128
NCIT:C60689	NCIT:C64129
NCIT:C60689	NCIT:C64130
NCIT:C60689	NCIT:C64135
NCIT:C60689	NCIT:C64136
NCIT:C60689	NCIT:C64137
NCIT:C60689	NCIT:C64138
NCIT:C60689	NCIT:C64139
NCIT:C60689	NCIT:C64140
NCIT:C60689	NCIT:C64141
NCIT:C60689	NCIT:C64143
NCIT:C60689	NCIT:C64147
NCIT:C60689	NCIT:C64148
NCIT:C60689	NCIT:C64149
NCIT:C60689	NCIT:C64150
NCIT:C60689	NCIT:C64151
NCIT:C60689	NCIT:C64152
NCIT:C60689	NCIT:C64153
NCIT:C6069	NCIT:C6073
NCIT:C60690	NCIT:C60334
NCIT:C60690	NCIT:C60338
NCIT:C60690	NCIT:C60339
NCIT:C60690	NCIT:C60342
NCIT:C60690	NCIT:C60343
NCIT:C60690	NCIT:C60347
NCIT:C60690	NCIT:C60356
NCIT:C60690	NCIT:C60375
NCIT:C60690	NCIT:C60376
NCIT:C60690	NCIT:C60402
NCIT:C60690	NCIT:C60403
NCIT:C60690	NCIT:C60413
NCIT:C60690	NCIT:C60414
NCIT:C60690	NCIT:C60426
NCIT:C60690	NCIT:C60427
NCIT:C60690	NCIT:C60432
NCIT:C60690	NCIT:C60434
NCIT:C60690	NCIT:C60435
NCIT:C60690	NCIT:C60438
NCIT:C60690	NCIT:C60442
NCIT:C60690	NCIT:C60445
NCIT:C60690	NCIT:C60446
NCIT:C60690	NCIT:C60447
NCIT:C60690	NCIT:C60453
NCIT:C60690	NCIT:C60465
NCIT:C60690	NCIT:C60468
NCIT:C60690	NCIT:C60485
NCIT:C60690	NCIT:C60486
NCIT:C60690	NCIT:C60487
NCIT:C60690	NCIT:C60504
NCIT:C60690	NCIT:C60505
NCIT:C60690	NCIT:C60518
NCIT:C60690	NCIT:C64131
NCIT:C60690	NCIT:C64132
NCIT:C60691	NCIT:C60452
NCIT:C60691	NCIT:C60478
NCIT:C60691	NCIT:C60497
NCIT:C60691	NCIT:C60498
NCIT:C60691	NCIT:C60521
NCIT:C60691	NCIT:C64095
NCIT:C60691	NCIT:C64096
NCIT:C60691	NCIT:C64111
NCIT:C60691	NCIT:C64118
NCIT:C60691	NCIT:C64142
NCIT:C60691	NCIT:C64144
NCIT:C60691	NCIT:C64145
NCIT:C60691	NCIT:C64146
NCIT:C60691	NCIT:C64154
NCIT:C60691	NCIT:C64155
NCIT:C60691	NCIT:C64158
NCIT:C60691	NCIT:C64159
NCIT:C60691	NCIT:C64160
NCIT:C60691	NCIT:C64161
NCIT:C60691	NCIT:C64162
NCIT:C60691	NCIT:C64163
NCIT:C60691	NCIT:C64164
NCIT:C60691	NCIT:C64165
NCIT:C60692	NCIT:C60447
NCIT:C60692	NCIT:C60481
NCIT:C60692	NCIT:C60503
NCIT:C60692	NCIT:C60529
NCIT:C60692	NCIT:C64059
NCIT:C60709	NCIT:C96422
NCIT:C60709	NCIT:C96425
NCIT:C6073	NCIT:C213807
NCIT:C6074	NCIT:C6075
NCIT:C6075	NCIT:C173173
NCIT:C6075	NCIT:C188081
NCIT:C6076	NCIT:C6060
NCIT:C6076	NCIT:C8215
NCIT:C6076	NCIT:C8216
NCIT:C6077	NCIT:C35506
NCIT:C6077	NCIT:C4815
NCIT:C6077	NCIT:C4906
NCIT:C6078	NCIT:C134831
NCIT:C6078	NCIT:C140511
NCIT:C6078	NCIT:C140513
NCIT:C6078	NCIT:C181159
NCIT:C6078	NCIT:C213312
NCIT:C6078	NCIT:C214970
NCIT:C6078	NCIT:C215016
NCIT:C6078	NCIT:C215025
NCIT:C6078	NCIT:C215028
NCIT:C6078	NCIT:C215029
NCIT:C6078	NCIT:C215030
NCIT:C6078	NCIT:C215031
NCIT:C60780	NCIT:C156041
NCIT:C60780	NCIT:C201975
NCIT:C60780	NCIT:C3696
NCIT:C60780	NCIT:C4951
NCIT:C60780	NCIT:C5128
NCIT:C60780	NCIT:C5416
NCIT:C60780	NCIT:C6252
NCIT:C60780	NCIT:C7445
NCIT:C60780	NCIT:C7534
NCIT:C60780	NCIT:C8274
NCIT:C60780	NCIT:C9475
NCIT:C60781	NCIT:C116342
NCIT:C60781	NCIT:C124275
NCIT:C60781	NCIT:C129327
NCIT:C60781	NCIT:C185167
NCIT:C60781	NCIT:C185184
NCIT:C60781	NCIT:C185185
NCIT:C60781	NCIT:C188469
NCIT:C60781	NCIT:C212992
NCIT:C60781	NCIT:C216102
NCIT:C60781	NCIT:C40315
NCIT:C60781	NCIT:C4641
NCIT:C60781	NCIT:C5408
NCIT:C60781	NCIT:C60780
NCIT:C60781	NCIT:C7533
NCIT:C60781	NCIT:C92550
NCIT:C60781	NCIT:C9477
NCIT:C6079	NCIT:C174403
NCIT:C6079	NCIT:C174551
NCIT:C6079	NCIT:C174561
NCIT:C6079	NCIT:C43340
NCIT:C6079	NCIT:C4552
NCIT:C6081	NCIT:C4176
NCIT:C6081	NCIT:C6082
NCIT:C6081	NCIT:C6083
NCIT:C6083	NCIT:C202594
NCIT:C6085	NCIT:C8428
NCIT:C6089	NCIT:C6086
NCIT:C6089	NCIT:C6848
NCIT:C6092	NCIT:C175335
NCIT:C6092	NCIT:C216072
NCIT:C6093	NCIT:C6094
NCIT:C6093	NCIT:C7669
NCIT:C6095	NCIT:C156276
NCIT:C6095	NCIT:C202882
NCIT:C6095	NCIT:C217742
NCIT:C6095	NCIT:C219711
NCIT:C6095	NCIT:C219757
NCIT:C6095	NCIT:C219758
NCIT:C6095	NCIT:C219768
NCIT:C6095	NCIT:C220235
NCIT:C6095	NCIT:C220242
NCIT:C6095	NCIT:C4543
NCIT:C60989	NCIT:C117308
NCIT:C60989	NCIT:C212204
NCIT:C6099	NCIT:C6861
NCIT:C6099	NCIT:C6862
NCIT:C6104	NCIT:C174502
NCIT:C6104	NCIT:C3625
NCIT:C6104	NCIT:C4555
NCIT:C6104	NCIT:C4779
NCIT:C6105	NCIT:C174507
NCIT:C6105	NCIT:C175451
NCIT:C6105	NCIT:C3566
NCIT:C6105	NCIT:C4554
NCIT:C6105	NCIT:C4766
NCIT:C6105	NCIT:C7712
NCIT:C61112	NCIT:C60680
NCIT:C61113	NCIT:C60682
NCIT:C61114	NCIT:C60683
NCIT:C61115	NCIT:C60685
NCIT:C61116	NCIT:C60686
NCIT:C61117	NCIT:C60687
NCIT:C61118	NCIT:C60681
NCIT:C61119	NCIT:C60689
NCIT:C61120	NCIT:C60690
NCIT:C61121	NCIT:C60691
NCIT:C6117	NCIT:C6863
NCIT:C6117	NCIT:C6864
NCIT:C6120	NCIT:C212836
NCIT:C6120	NCIT:C212841
NCIT:C6120	NCIT:C212845
NCIT:C6120	NCIT:C6097
NCIT:C6120	NCIT:C7668
NCIT:C6121	NCIT:C4592
NCIT:C6121	NCIT:C6128
NCIT:C6122	NCIT:C6127
NCIT:C61229	NCIT:C153294
NCIT:C61229	NCIT:C153295
NCIT:C61229	NCIT:C210139
NCIT:C6123	NCIT:C6126
NCIT:C61236	NCIT:C176911
NCIT:C61236	NCIT:C176912
NCIT:C61236	NCIT:C176913
NCIT:C61236	NCIT:C176914
NCIT:C61236	NCIT:C176915
NCIT:C61236	NCIT:C176916
NCIT:C61236	NCIT:C176917
NCIT:C61236	NCIT:C176918
NCIT:C61236	NCIT:C176919
NCIT:C61236	NCIT:C176920
NCIT:C61237	NCIT:C95539
NCIT:C61237	NCIT:C98835
NCIT:C61237	NCIT:C98837
NCIT:C61238	NCIT:C162695
NCIT:C61238	NCIT:C203453
NCIT:C61238	NCIT:C203455
NCIT:C61239	NCIT:C176807
NCIT:C61239	NCIT:C4682
NCIT:C6124	NCIT:C6125
NCIT:C61242	NCIT:C166152
NCIT:C61246	NCIT:C126295
NCIT:C61246	NCIT:C170434
NCIT:C61248	NCIT:C61232
NCIT:C61248	NCIT:C89161
NCIT:C61250	NCIT:C117254
NCIT:C61250	NCIT:C129928
NCIT:C61250	NCIT:C197972
NCIT:C61250	NCIT:C61259
NCIT:C61250	NCIT:C61267
NCIT:C61250	NCIT:C61271
NCIT:C61250	NCIT:C61273
NCIT:C61250	NCIT:C61274
NCIT:C61250	NCIT:C61275
NCIT:C61250	NCIT:C84908
NCIT:C61250	NCIT:C85067
NCIT:C61252	NCIT:C142852
NCIT:C61253	NCIT:C155747
NCIT:C61253	NCIT:C180850
NCIT:C61253	NCIT:C183310
NCIT:C61253	NCIT:C201587
NCIT:C61253	NCIT:C210817
NCIT:C61253	NCIT:C215053
NCIT:C61253	NCIT:C61251
NCIT:C61253	NCIT:C61252
NCIT:C61253	NCIT:C61254
NCIT:C61253	NCIT:C84545
NCIT:C61253	NCIT:C84611
NCIT:C61253	NCIT:C85043
NCIT:C61257	NCIT:C128116
NCIT:C61257	NCIT:C188214
NCIT:C61257	NCIT:C192090
NCIT:C61257	NCIT:C61258
NCIT:C61257	NCIT:C85861
NCIT:C61257	NCIT:C85864
NCIT:C61259	NCIT:C129073
NCIT:C61259	NCIT:C61260
NCIT:C61259	NCIT:C61262
NCIT:C61259	NCIT:C61263
NCIT:C61259	NCIT:C61264
NCIT:C61259	NCIT:C84903
NCIT:C61259	NCIT:C85053
NCIT:C61262	NCIT:C84897
NCIT:C61262	NCIT:C84898
NCIT:C61262	NCIT:C84899
NCIT:C61262	NCIT:C84900
NCIT:C61263	NCIT:C84901
NCIT:C61263	NCIT:C84902
NCIT:C61267	NCIT:C125595
NCIT:C61267	NCIT:C125596
NCIT:C61267	NCIT:C129978
NCIT:C61267	NCIT:C61270
NCIT:C61267	NCIT:C84896
NCIT:C61269	NCIT:C126561
NCIT:C61269	NCIT:C126866
NCIT:C61269	NCIT:C85214
NCIT:C61272	NCIT:C118437
NCIT:C61272	NCIT:C122662
NCIT:C61272	NCIT:C126875
NCIT:C61272	NCIT:C131647
NCIT:C61272	NCIT:C168998
NCIT:C61272	NCIT:C84733
NCIT:C61272	NCIT:C84734
NCIT:C61272	NCIT:C84735
NCIT:C61272	NCIT:C84736
NCIT:C61272	NCIT:C84737
NCIT:C61272	NCIT:C84738
NCIT:C61275	NCIT:C84548
NCIT:C61275	NCIT:C84596
NCIT:C61276	NCIT:C203461
NCIT:C61276	NCIT:C203462
NCIT:C61276	NCIT:C203463
NCIT:C61276	NCIT:C203464
NCIT:C61277	NCIT:C114361
NCIT:C61277	NCIT:C197900
NCIT:C61278	NCIT:C197832
NCIT:C61278	NCIT:C61279
NCIT:C61278	NCIT:C61280
NCIT:C61281	NCIT:C61282
NCIT:C6129	NCIT:C175274
NCIT:C6129	NCIT:C175288
NCIT:C6129	NCIT:C4540
NCIT:C6129	NCIT:C4541
NCIT:C6129	NCIT:C6091
NCIT:C6129	NCIT:C6804
NCIT:C6136	NCIT:C87549
NCIT:C6136	NCIT:C87550
NCIT:C6136	NCIT:C87551
NCIT:C6139	NCIT:C115091
NCIT:C6140	NCIT:C115092
NCIT:C6141	NCIT:C115090
NCIT:C6142	NCIT:C163965
NCIT:C6142	NCIT:C6143
NCIT:C6142	NCIT:C7355
NCIT:C6142	NCIT:C7732
NCIT:C61420	NCIT:C120197
NCIT:C61420	NCIT:C120198
NCIT:C61420	NCIT:C120199
NCIT:C61420	NCIT:C26900
NCIT:C61443	NCIT:C113339
NCIT:C61443	NCIT:C113340
NCIT:C61453	NCIT:C4907
NCIT:C61469	NCIT:C113147
NCIT:C61469	NCIT:C114906
NCIT:C6148	NCIT:C140359
NCIT:C6148	NCIT:C6202
NCIT:C6149	NCIT:C4529
NCIT:C6149	NCIT:C6203
NCIT:C61574	NCIT:C127072
NCIT:C61574	NCIT:C139801
NCIT:C61574	NCIT:C150092
NCIT:C61574	NCIT:C188074
NCIT:C61574	NCIT:C213048
NCIT:C61574	NCIT:C225332
NCIT:C61574	NCIT:C27246
NCIT:C61574	NCIT:C27815
NCIT:C61574	NCIT:C6311
NCIT:C61574	NCIT:C6339
NCIT:C61574	NCIT:C90494
NCIT:C61574	NCIT:C9072
NCIT:C61574	NCIT:C91218
NCIT:C6160	NCIT:C6174
NCIT:C6164	NCIT:C39878
NCIT:C6165	NCIT:C39862
NCIT:C6165	NCIT:C39874
NCIT:C6166	NCIT:C131218
NCIT:C6166	NCIT:C150512
NCIT:C6166	NCIT:C158585
NCIT:C6166	NCIT:C176996
NCIT:C6166	NCIT:C217731
NCIT:C6166	NCIT:C39900
NCIT:C6167	NCIT:C6172
NCIT:C6167	NCIT:C7371
NCIT:C6179	NCIT:C39847
NCIT:C6179	NCIT:C39848
NCIT:C6179	NCIT:C39849
NCIT:C6188	NCIT:C3644
NCIT:C6188	NCIT:C9267
NCIT:C6192	NCIT:C39859
NCIT:C6192	NCIT:C6173
NCIT:C6192	NCIT:C6174
NCIT:C6192	NCIT:C6187
NCIT:C6193	NCIT:C4597
NCIT:C6193	NCIT:C6202
NCIT:C6195	NCIT:C4531
NCIT:C6195	NCIT:C6196
NCIT:C6204	NCIT:C27404
NCIT:C6204	NCIT:C27405
NCIT:C6205	NCIT:C27403
NCIT:C6205	NCIT:C27406
NCIT:C6205	NCIT:C5795
NCIT:C6205	NCIT:C6204
NCIT:C6205	NCIT:C6206
NCIT:C6205	NCIT:C6208
NCIT:C6205	NCIT:C6209
NCIT:C6215	NCIT:C115356
NCIT:C6215	NCIT:C211961
NCIT:C6215	NCIT:C212181
NCIT:C6215	NCIT:C6252
NCIT:C6216	NCIT:C6217
NCIT:C62191	NCIT:C213437
NCIT:C62191	NCIT:C213439
NCIT:C62196	NCIT:C199663
NCIT:C62196	NCIT:C199664
NCIT:C62196	NCIT:C203370
NCIT:C62196	NCIT:C203374
NCIT:C62196	NCIT:C203375
NCIT:C62196	NCIT:C203376
NCIT:C6220	NCIT:C5438
NCIT:C6221	NCIT:C212034
NCIT:C6221	NCIT:C4576
NCIT:C6221	NCIT:C6222
NCIT:C62210	NCIT:C9473
NCIT:C6224	NCIT:C212085
NCIT:C6224	NCIT:C212087
NCIT:C6224	NCIT:C212089
NCIT:C62241	NCIT:C126457
NCIT:C62241	NCIT:C126478
NCIT:C62241	NCIT:C126480
NCIT:C62241	NCIT:C27092
NCIT:C62241	NCIT:C27234
NCIT:C62241	NCIT:C27841
NCIT:C62241	NCIT:C27842
NCIT:C62241	NCIT:C36053
NCIT:C62241	NCIT:C36054
NCIT:C62241	NCIT:C3763
NCIT:C62241	NCIT:C39809
NCIT:C62241	NCIT:C39810
NCIT:C62241	NCIT:C40060
NCIT:C62241	NCIT:C4099
NCIT:C62241	NCIT:C4101
NCIT:C62241	NCIT:C4110
NCIT:C62241	NCIT:C41245
NCIT:C62241	NCIT:C4125
NCIT:C62241	NCIT:C4156
NCIT:C62241	NCIT:C4158
NCIT:C62241	NCIT:C4198
NCIT:C62241	NCIT:C43324
NCIT:C62241	NCIT:C43355
NCIT:C62241	NCIT:C43601
NCIT:C62241	NCIT:C43602
NCIT:C62241	NCIT:C43603
NCIT:C62241	NCIT:C45508
NCIT:C62241	NCIT:C45516
NCIT:C62241	NCIT:C45567
NCIT:C62241	NCIT:C45568
NCIT:C62241	NCIT:C45922
NCIT:C62241	NCIT:C5719
NCIT:C62241	NCIT:C5725
NCIT:C62241	NCIT:C5728
NCIT:C62241	NCIT:C6158
NCIT:C62241	NCIT:C6267
NCIT:C62241	NCIT:C65154
NCIT:C62241	NCIT:C65159
NCIT:C62241	NCIT:C65160
NCIT:C62241	NCIT:C65161
NCIT:C62241	NCIT:C65184
NCIT:C62241	NCIT:C65195
NCIT:C62241	NCIT:C65196
NCIT:C62241	NCIT:C66718
NCIT:C62241	NCIT:C66746
NCIT:C62241	NCIT:C66925
NCIT:C62241	NCIT:C67453
NCIT:C62241	NCIT:C6883
NCIT:C62241	NCIT:C7271
NCIT:C62241	NCIT:C7315
NCIT:C62241	NCIT:C7491
NCIT:C62241	NCIT:C7585
NCIT:C62241	NCIT:C7645
NCIT:C62241	NCIT:C7995
NCIT:C62241	NCIT:C87778
NCIT:C62241	NCIT:C96421
NCIT:C62241	NCIT:C96808
NCIT:C62241	NCIT:C96837
NCIT:C62241	NCIT:C96878
NCIT:C62241	NCIT:C96884
NCIT:C62241	NCIT:C97965
NCIT:C62277	NCIT:C114598
NCIT:C62277	NCIT:C121583
NCIT:C62277	NCIT:C27242
NCIT:C62277	NCIT:C27243
NCIT:C62277	NCIT:C27271
NCIT:C62277	NCIT:C27481
NCIT:C62277	NCIT:C27731
NCIT:C62277	NCIT:C3233
NCIT:C62277	NCIT:C35081
NCIT:C62277	NCIT:C3634
NCIT:C62277	NCIT:C40220
NCIT:C62277	NCIT:C40270
NCIT:C62277	NCIT:C4252
NCIT:C62277	NCIT:C5355
NCIT:C62277	NCIT:C6509
NCIT:C62277	NCIT:C6575
NCIT:C62277	NCIT:C66759
NCIT:C62277	NCIT:C66763
NCIT:C62277	NCIT:C66771
NCIT:C62277	NCIT:C66772
NCIT:C62277	NCIT:C66779
NCIT:C62277	NCIT:C7076
NCIT:C62277	NCIT:C9387
NCIT:C62277	NCIT:C9395
NCIT:C62277	NCIT:C9396
NCIT:C62277	NCIT:C9397
NCIT:C62277	NCIT:C9398
NCIT:C62277	NCIT:C9403
NCIT:C62277	NCIT:C9405
NCIT:C62277	NCIT:C9406
NCIT:C62277	NCIT:C9407
NCIT:C62277	NCIT:C9408
NCIT:C62279	NCIT:C4288
NCIT:C62279	NCIT:C4996
NCIT:C62279	NCIT:C66778
NCIT:C62279	NCIT:C8886
NCIT:C62279	NCIT:C8887
NCIT:C62279	NCIT:C8888
NCIT:C62279	NCIT:C8889
NCIT:C62279	NCIT:C8890
NCIT:C62279	NCIT:C8891
NCIT:C62279	NCIT:C8892
NCIT:C62282	NCIT:C204355
NCIT:C62282	NCIT:C27537
NCIT:C62282	NCIT:C54665
NCIT:C62282	NCIT:C5568
NCIT:C62282	NCIT:C5616
NCIT:C62282	NCIT:C9359
NCIT:C62284	NCIT:C4108
NCIT:C62332	NCIT:C4715
NCIT:C62332	NCIT:C7012
NCIT:C6242	NCIT:C6211
NCIT:C6242	NCIT:C6212
NCIT:C62436	NCIT:C103935
NCIT:C6244	NCIT:C216957
NCIT:C6244	NCIT:C216958
NCIT:C6245	NCIT:C219753
NCIT:C6245	NCIT:C4545
NCIT:C6245	NCIT:C4546
NCIT:C6249	NCIT:C6250
NCIT:C6249	NCIT:C6251
NCIT:C6249	NCIT:C8169
NCIT:C62505	NCIT:C125702
NCIT:C62505	NCIT:C125703
NCIT:C62505	NCIT:C125704
NCIT:C62505	NCIT:C125705
NCIT:C62505	NCIT:C125706
NCIT:C62505	NCIT:C125707
NCIT:C62505	NCIT:C125708
NCIT:C62505	NCIT:C125709
NCIT:C62505	NCIT:C129026
NCIT:C62505	NCIT:C129027
NCIT:C62505	NCIT:C164677
NCIT:C62505	NCIT:C176894
NCIT:C62505	NCIT:C176910
NCIT:C6252	NCIT:C115201
NCIT:C6252	NCIT:C115202
NCIT:C6257	NCIT:C179251
NCIT:C6257	NCIT:C40051
NCIT:C6257	NCIT:C40072
NCIT:C62580	NCIT:C184957
NCIT:C62591	NCIT:C110940
NCIT:C62601	NCIT:C115124
NCIT:C62601	NCIT:C115339
NCIT:C62601	NCIT:C155313
NCIT:C62601	NCIT:C175048
NCIT:C62601	NCIT:C220152
NCIT:C62601	NCIT:C34538
NCIT:C62601	NCIT:C34982
NCIT:C62601	NCIT:C3514
NCIT:C62602	NCIT:C200054
NCIT:C62605	NCIT:C174553
NCIT:C62605	NCIT:C201567
NCIT:C62605	NCIT:C78797
NCIT:C6261	NCIT:C7288
NCIT:C6261	NCIT:C7289
NCIT:C6261	NCIT:C8403
NCIT:C6262	NCIT:C175221
NCIT:C6262	NCIT:C175225
NCIT:C6262	NCIT:C179885
NCIT:C6262	NCIT:C179886
NCIT:C6262	NCIT:C215141
NCIT:C6262	NCIT:C4801
NCIT:C6262	NCIT:C5587
NCIT:C6262	NCIT:C8567
NCIT:C6264	NCIT:C126321
NCIT:C6265	NCIT:C170766
NCIT:C6265	NCIT:C170970
NCIT:C6265	NCIT:C170971
NCIT:C6265	NCIT:C40099
NCIT:C6265	NCIT:C40103
NCIT:C6265	NCIT:C40105
NCIT:C6265	NCIT:C6279
NCIT:C6265	NCIT:C6280
NCIT:C6279	NCIT:C165265
NCIT:C6279	NCIT:C178673
NCIT:C6279	NCIT:C186274
NCIT:C6279	NCIT:C211517
NCIT:C6279	NCIT:C211915
NCIT:C62798	NCIT:C183309
NCIT:C6280	NCIT:C170760
NCIT:C6280	NCIT:C178672
NCIT:C6280	NCIT:C211519
NCIT:C6281	NCIT:C170755
NCIT:C6281	NCIT:C178675
NCIT:C6283	NCIT:C188950
NCIT:C6283	NCIT:C188963
NCIT:C6283	NCIT:C189258
NCIT:C6283	NCIT:C189338
NCIT:C6283	NCIT:C189869
NCIT:C6283	NCIT:C190056
NCIT:C6283	NCIT:C190090
NCIT:C6283	NCIT:C190119
NCIT:C6283	NCIT:C190123
NCIT:C6283	NCIT:C190573
NCIT:C6283	NCIT:C208293
NCIT:C6283	NCIT:C208332
NCIT:C6283	NCIT:C4005
NCIT:C6283	NCIT:C7928
NCIT:C6283	NCIT:C9107
NCIT:C6284	NCIT:C155802
NCIT:C6284	NCIT:C156040
NCIT:C6284	NCIT:C205745
NCIT:C6284	NCIT:C205746
NCIT:C6284	NCIT:C6207
NCIT:C6284	NCIT:C8712
NCIT:C6285	NCIT:C114778
NCIT:C6285	NCIT:C27402
NCIT:C6285	NCIT:C5790
NCIT:C6285	NCIT:C5792
NCIT:C6285	NCIT:C5793
NCIT:C6285	NCIT:C5794
NCIT:C6286	NCIT:C115201
NCIT:C6286	NCIT:C8389
NCIT:C6287	NCIT:C150097
NCIT:C6287	NCIT:C150098
NCIT:C6287	NCIT:C170806
NCIT:C6287	NCIT:C180510
NCIT:C6287	NCIT:C180512
NCIT:C6287	NCIT:C180514
NCIT:C6287	NCIT:C180515
NCIT:C6287	NCIT:C180516
NCIT:C6287	NCIT:C27839
NCIT:C6287	NCIT:C27843
NCIT:C6287	NCIT:C27844
NCIT:C6287	NCIT:C27845
NCIT:C6287	NCIT:C27846
NCIT:C6287	NCIT:C27848
NCIT:C6287	NCIT:C27849
NCIT:C6287	NCIT:C27850
NCIT:C6287	NCIT:C40148
NCIT:C6287	NCIT:C6290
NCIT:C6300	NCIT:C126771
NCIT:C6300	NCIT:C127077
NCIT:C6300	NCIT:C3012
NCIT:C6300	NCIT:C3608
NCIT:C6300	NCIT:C40179
NCIT:C6300	NCIT:C40181
NCIT:C6300	NCIT:C61574
NCIT:C6308	NCIT:C95174
NCIT:C6308	NCIT:C95176
NCIT:C6311	NCIT:C223980
NCIT:C6311	NCIT:C40182
NCIT:C6311	NCIT:C6336
NCIT:C6313	NCIT:C6314
NCIT:C6313	NCIT:C6315
NCIT:C6316	NCIT:C6317
NCIT:C6316	NCIT:C6318
NCIT:C6335	NCIT:C6337
NCIT:C6335	NCIT:C6338
NCIT:C6336	NCIT:C139894
NCIT:C6338	NCIT:C40235
NCIT:C6339	NCIT:C127058
NCIT:C6339	NCIT:C136708
NCIT:C6339	NCIT:C139869
NCIT:C6339	NCIT:C180546
NCIT:C6339	NCIT:C190009
NCIT:C6339	NCIT:C190016
NCIT:C6339	NCIT:C40219
NCIT:C6339	NCIT:C6336
NCIT:C6339	NCIT:C6340
NCIT:C6339	NCIT:C8261
NCIT:C6339	NCIT:C8972
NCIT:C6340	NCIT:C139870
NCIT:C6340	NCIT:C179182
NCIT:C6340	NCIT:C188207
NCIT:C6340	NCIT:C188209
NCIT:C6340	NCIT:C40174
NCIT:C6340	NCIT:C40175
NCIT:C6341	NCIT:C192096
NCIT:C6341	NCIT:C6545
NCIT:C6341	NCIT:C8908
NCIT:C6341	NCIT:C8909
NCIT:C6341	NCIT:C8910
NCIT:C6347	NCIT:C6348
NCIT:C6347	NCIT:C6349
NCIT:C6347	NCIT:C6350
NCIT:C6347	NCIT:C6351
NCIT:C6347	NCIT:C6352
NCIT:C6347	NCIT:C6542
NCIT:C6347	NCIT:C67548
NCIT:C6347	NCIT:C8001
NCIT:C6347	NCIT:C8002
NCIT:C6347	NCIT:C8003
NCIT:C6347	NCIT:C8911
NCIT:C6347	NCIT:C8912
NCIT:C6347	NCIT:C8913
NCIT:C6347	NCIT:C9172
NCIT:C6347	NCIT:C9173
NCIT:C6351	NCIT:C6539
NCIT:C6353	NCIT:C123835
NCIT:C6353	NCIT:C8914
NCIT:C6353	NCIT:C8915
NCIT:C6353	NCIT:C8916
NCIT:C63532	NCIT:C188075
NCIT:C63532	NCIT:C213789
NCIT:C63532	NCIT:C63533
NCIT:C6355	NCIT:C123837
NCIT:C6355	NCIT:C36092
NCIT:C6356	NCIT:C39942
NCIT:C6357	NCIT:C39946
NCIT:C6357	NCIT:C39947
NCIT:C6358	NCIT:C162466
NCIT:C6358	NCIT:C39948
NCIT:C6358	NCIT:C39949
NCIT:C6358	NCIT:C4672
NCIT:C6358	NCIT:C6356
NCIT:C6358	NCIT:C6357
NCIT:C6358	NCIT:C66748
NCIT:C6358	NCIT:C66991
NCIT:C6359	NCIT:C6378
NCIT:C63622	NCIT:C5723
NCIT:C63622	NCIT:C7906
NCIT:C63622	NCIT:C95965
NCIT:C63711	NCIT:C172036
NCIT:C63711	NCIT:C172037
NCIT:C63743	NCIT:C34918
NCIT:C63743	NCIT:C94558
NCIT:C6375	NCIT:C40291
NCIT:C6376	NCIT:C40290
NCIT:C6380	NCIT:C128162
NCIT:C6380	NCIT:C128164
NCIT:C6380	NCIT:C128166
NCIT:C6380	NCIT:C40309
NCIT:C6380	NCIT:C7719
NCIT:C6384	NCIT:C3606
NCIT:C6385	NCIT:C6334
NCIT:C63863	NCIT:C63821
NCIT:C63863	NCIT:C63822
NCIT:C63863	NCIT:C63823
NCIT:C63863	NCIT:C63824
NCIT:C63863	NCIT:C63825
NCIT:C63863	NCIT:C63826
NCIT:C63863	NCIT:C63827
NCIT:C63863	NCIT:C63828
NCIT:C63863	NCIT:C63829
NCIT:C63863	NCIT:C63830
NCIT:C63863	NCIT:C63831
NCIT:C63863	NCIT:C63832
NCIT:C63863	NCIT:C63833
NCIT:C63863	NCIT:C63834
NCIT:C63863	NCIT:C63835
NCIT:C63863	NCIT:C63836
NCIT:C63863	NCIT:C63837
NCIT:C63863	NCIT:C63838
NCIT:C63863	NCIT:C63839
NCIT:C63863	NCIT:C63840
NCIT:C63863	NCIT:C63843
NCIT:C63864	NCIT:C63865
NCIT:C63864	NCIT:C63866
NCIT:C63864	NCIT:C63867
NCIT:C63864	NCIT:C63868
NCIT:C63864	NCIT:C63869
NCIT:C63864	NCIT:C63870
NCIT:C63864	NCIT:C63871
NCIT:C63864	NCIT:C63872
NCIT:C63864	NCIT:C63873
NCIT:C63864	NCIT:C63874
NCIT:C63864	NCIT:C63875
NCIT:C63864	NCIT:C63876
NCIT:C63864	NCIT:C63877
NCIT:C63864	NCIT:C63878
NCIT:C63864	NCIT:C63879
NCIT:C63864	NCIT:C63880
NCIT:C63864	NCIT:C63881
NCIT:C63864	NCIT:C63882
NCIT:C63864	NCIT:C63883
NCIT:C63864	NCIT:C63884
NCIT:C63864	NCIT:C63885
NCIT:C63864	NCIT:C63886
NCIT:C63864	NCIT:C63889
NCIT:C63864	NCIT:C63891
NCIT:C63864	NCIT:C63892
NCIT:C63864	NCIT:C63893
NCIT:C63864	NCIT:C63894
NCIT:C63864	NCIT:C63895
NCIT:C6389	NCIT:C4643
NCIT:C6389	NCIT:C6386
NCIT:C6389	NCIT:C7728
NCIT:C63892	NCIT:C63887
NCIT:C63892	NCIT:C63888
NCIT:C63896	NCIT:C60372
NCIT:C63896	NCIT:C60374
NCIT:C63896	NCIT:C60415
NCIT:C63896	NCIT:C60416
NCIT:C63896	NCIT:C60417
NCIT:C63896	NCIT:C60418
NCIT:C6390	NCIT:C6391
NCIT:C6390	NCIT:C6396
NCIT:C6390	NCIT:C6400
NCIT:C6390	NCIT:C6404
NCIT:C6410	NCIT:C5390
NCIT:C6410	NCIT:C5392
NCIT:C6411	NCIT:C6413
NCIT:C6414	NCIT:C6416
NCIT:C6419	NCIT:C5235
NCIT:C6421	NCIT:C203258
NCIT:C6421	NCIT:C203259
NCIT:C6421	NCIT:C203260
NCIT:C6422	NCIT:C200495
NCIT:C6423	NCIT:C203262
NCIT:C6423	NCIT:C203265
NCIT:C6423	NCIT:C203266
NCIT:C6423	NCIT:C210713
NCIT:C6430	NCIT:C45719
NCIT:C6430	NCIT:C45720
NCIT:C6432	NCIT:C123329
NCIT:C6432	NCIT:C157449
NCIT:C6432	NCIT:C188257
NCIT:C6432	NCIT:C3225
NCIT:C6434	NCIT:C8418
NCIT:C6434	NCIT:C9055
NCIT:C6437	NCIT:C6438
NCIT:C6437	NCIT:C6445
NCIT:C6437	NCIT:C6446
NCIT:C6438	NCIT:C4668
NCIT:C6438	NCIT:C7104
NCIT:C6439	NCIT:C222476
NCIT:C6439	NCIT:C45733
NCIT:C6439	NCIT:C6440
NCIT:C6439	NCIT:C6441
NCIT:C6439	NCIT:C6443
NCIT:C6439	NCIT:C6444
NCIT:C6444	NCIT:C6442
NCIT:C6445	NCIT:C7104
NCIT:C6446	NCIT:C146848
NCIT:C6446	NCIT:C146861
NCIT:C6446	NCIT:C45732
NCIT:C6446	NCIT:C6439
NCIT:C6446	NCIT:C6812
NCIT:C6447	NCIT:C136410
NCIT:C6448	NCIT:C5259
NCIT:C6448	NCIT:C5486
NCIT:C6449	NCIT:C4516
NCIT:C6449	NCIT:C6553
NCIT:C6449	NCIT:C67107
NCIT:C6449	NCIT:C6751
NCIT:C6450	NCIT:C136320
NCIT:C6450	NCIT:C162460
NCIT:C6450	NCIT:C222524
NCIT:C6450	NCIT:C3411
NCIT:C6450	NCIT:C45722
NCIT:C6450	NCIT:C7569
NCIT:C6451	NCIT:C45380
NCIT:C6451	NCIT:C9280
NCIT:C6451	NCIT:C95057
NCIT:C6453	NCIT:C45699
NCIT:C6453	NCIT:C45700
NCIT:C6453	NCIT:C7904
NCIT:C6454	NCIT:C146640
NCIT:C6454	NCIT:C7999
NCIT:C6455	NCIT:C6456
NCIT:C6459	NCIT:C146717
NCIT:C6459	NCIT:C183314
NCIT:C6459	NCIT:C183315
NCIT:C6459	NCIT:C27937
NCIT:C6464	NCIT:C6607
NCIT:C6465	NCIT:C6609
NCIT:C6466	NCIT:C6611
NCIT:C6467	NCIT:C6610
NCIT:C6468	NCIT:C6612
NCIT:C6470	NCIT:C6471
NCIT:C6470	NCIT:C6472
NCIT:C6477	NCIT:C189028
NCIT:C6477	NCIT:C5396
NCIT:C6478	NCIT:C121941
NCIT:C6478	NCIT:C6477
NCIT:C6478	NCIT:C6479
NCIT:C6479	NCIT:C220242
NCIT:C6481	NCIT:C126359
NCIT:C6481	NCIT:C161042
NCIT:C6481	NCIT:C172851
NCIT:C6481	NCIT:C180545
NCIT:C6481	NCIT:C188972
NCIT:C6481	NCIT:C202635
NCIT:C6481	NCIT:C39740
NCIT:C6481	NCIT:C39741
NCIT:C6481	NCIT:C40398
NCIT:C6481	NCIT:C45753
NCIT:C6481	NCIT:C6177
NCIT:C6481	NCIT:C7020
NCIT:C6484	NCIT:C170736
NCIT:C6484	NCIT:C170889
NCIT:C6484	NCIT:C6486
NCIT:C6488	NCIT:C179560
NCIT:C6488	NCIT:C183277
NCIT:C6489	NCIT:C129548
NCIT:C6489	NCIT:C173133
NCIT:C6489	NCIT:C6713
NCIT:C6490	NCIT:C3401
NCIT:C6490	NCIT:C35765
NCIT:C6490	NCIT:C6532
NCIT:C6491	NCIT:C49107
NCIT:C6491	NCIT:C6493
NCIT:C6493	NCIT:C188975
NCIT:C6493	NCIT:C6721
NCIT:C6494	NCIT:C188999
NCIT:C6496	NCIT:C147004
NCIT:C6496	NCIT:C168670
NCIT:C6496	NCIT:C172632
NCIT:C6496	NCIT:C177414
NCIT:C6496	NCIT:C178372
NCIT:C6496	NCIT:C217180
NCIT:C6496	NCIT:C217181
NCIT:C6496	NCIT:C219555
NCIT:C6498	NCIT:C6499
NCIT:C6498	NCIT:C6500
NCIT:C6498	NCIT:C7450
NCIT:C6498	NCIT:C7451
NCIT:C6505	NCIT:C176979
NCIT:C6505	NCIT:C176980
NCIT:C6505	NCIT:C176981
NCIT:C6505	NCIT:C6507
NCIT:C6505	NCIT:C6508
NCIT:C6510	NCIT:C128046
NCIT:C6510	NCIT:C159209
NCIT:C6510	NCIT:C161638
NCIT:C6510	NCIT:C162494
NCIT:C6510	NCIT:C162583
NCIT:C6510	NCIT:C172942
NCIT:C6510	NCIT:C179360
NCIT:C6510	NCIT:C179923
NCIT:C6510	NCIT:C188253
NCIT:C6510	NCIT:C202711
NCIT:C6510	NCIT:C3434
NCIT:C6510	NCIT:C3748
NCIT:C6510	NCIT:C40127
NCIT:C6510	NCIT:C40326
NCIT:C6510	NCIT:C40399
NCIT:C6510	NCIT:C4256
NCIT:C6510	NCIT:C4257
NCIT:C6510	NCIT:C4482
NCIT:C6510	NCIT:C4560
NCIT:C6510	NCIT:C53964
NCIT:C6510	NCIT:C5544
NCIT:C6510	NCIT:C5660
NCIT:C6510	NCIT:C6049
NCIT:C6510	NCIT:C6161
NCIT:C6510	NCIT:C6171
NCIT:C6510	NCIT:C6178
NCIT:C6510	NCIT:C6373
NCIT:C6510	NCIT:C6512
NCIT:C6510	NCIT:C6598
NCIT:C6510	NCIT:C6743
NCIT:C6510	NCIT:C67563
NCIT:C6510	NCIT:C6998
NCIT:C6514	NCIT:C214851
NCIT:C6514	NCIT:C6516
NCIT:C65151	NCIT:C165537
NCIT:C65151	NCIT:C27745
NCIT:C65151	NCIT:C2926
NCIT:C6516	NCIT:C214802
NCIT:C6516	NCIT:C214845
NCIT:C65163	NCIT:C4190
NCIT:C65163	NCIT:C6128
NCIT:C65163	NCIT:C65181
NCIT:C65164	NCIT:C6128
NCIT:C65165	NCIT:C212087
NCIT:C6517	NCIT:C181942
NCIT:C6517	NCIT:C40266
NCIT:C6517	NCIT:C6372
NCIT:C65178	NCIT:C36094
NCIT:C65180	NCIT:C159251
NCIT:C65181	NCIT:C158382
NCIT:C65181	NCIT:C191673
NCIT:C65181	NCIT:C191675
NCIT:C65181	NCIT:C222752
NCIT:C65184	NCIT:C67455
NCIT:C65184	NCIT:C67457
NCIT:C65184	NCIT:C67460
NCIT:C65188	NCIT:C67458
NCIT:C65189	NCIT:C67461
NCIT:C6519	NCIT:C123397
NCIT:C6519	NCIT:C178232
NCIT:C6519	NCIT:C178236
NCIT:C65190	NCIT:C67369
NCIT:C65192	NCIT:C45509
NCIT:C65192	NCIT:C5473
NCIT:C65192	NCIT:C9135
NCIT:C65192	NCIT:C96915
NCIT:C65192	NCIT:C96936
NCIT:C6522	NCIT:C39943
NCIT:C6522	NCIT:C39945
NCIT:C6524	NCIT:C8965
NCIT:C6528	NCIT:C3060
NCIT:C6528	NCIT:C6529
NCIT:C6528	NCIT:C6530
NCIT:C6529	NCIT:C3742
NCIT:C6529	NCIT:C3747
NCIT:C6529	NCIT:C50401
NCIT:C6529	NCIT:C6748
NCIT:C6529	NCIT:C7052
NCIT:C6530	NCIT:C4221
NCIT:C6531	NCIT:C176467
NCIT:C6531	NCIT:C6535
NCIT:C6534	NCIT:C4277
NCIT:C6534	NCIT:C4278
NCIT:C6534	NCIT:C45633
NCIT:C6534	NCIT:C45697
NCIT:C6534	NCIT:C45758
NCIT:C6537	NCIT:C7818
NCIT:C6537	NCIT:C8580
NCIT:C6537	NCIT:C8583
NCIT:C6538	NCIT:C7819
NCIT:C6538	NCIT:C8581
NCIT:C6538	NCIT:C8582
NCIT:C6540	NCIT:C123835
NCIT:C6540	NCIT:C123837
NCIT:C6541	NCIT:C123737
NCIT:C6541	NCIT:C123840
NCIT:C6541	NCIT:C123844
NCIT:C6541	NCIT:C123847
NCIT:C6541	NCIT:C123848
NCIT:C6541	NCIT:C27364
NCIT:C6541	NCIT:C68628
NCIT:C6541	NCIT:C68629
NCIT:C6541	NCIT:C68632
NCIT:C6541	NCIT:C9221
NCIT:C6542	NCIT:C6539
NCIT:C6543	NCIT:C192100
NCIT:C6552	NCIT:C123843
NCIT:C6552	NCIT:C68628
NCIT:C6553	NCIT:C123836
NCIT:C6554	NCIT:C6547
NCIT:C6554	NCIT:C6548
NCIT:C6555	NCIT:C3699
NCIT:C6555	NCIT:C6526
NCIT:C6557	NCIT:C186703
NCIT:C6557	NCIT:C186704
NCIT:C6561	NCIT:C162724
NCIT:C6561	NCIT:C162725
NCIT:C6561	NCIT:C172625
NCIT:C6563	NCIT:C115445
NCIT:C6563	NCIT:C123907
NCIT:C6563	NCIT:C190608
NCIT:C6563	NCIT:C6565
NCIT:C6563	NCIT:C6566
NCIT:C6566	NCIT:C157745
NCIT:C6566	NCIT:C6897
NCIT:C6568	NCIT:C189242
NCIT:C6568	NCIT:C189250
NCIT:C6568	NCIT:C189255
NCIT:C6569	NCIT:C39814
NCIT:C6569	NCIT:C39815
NCIT:C6569	NCIT:C97058
NCIT:C6570	NCIT:C6571
NCIT:C6570	NCIT:C6572
NCIT:C6571	NCIT:C9482
NCIT:C6572	NCIT:C8810
NCIT:C6577	NCIT:C175495
NCIT:C6577	NCIT:C190160
NCIT:C6577	NCIT:C5245
NCIT:C6577	NCIT:C6578
NCIT:C6577	NCIT:C6579
NCIT:C6577	NCIT:C6580
NCIT:C6577	NCIT:C7748
NCIT:C6578	NCIT:C40324
NCIT:C6579	NCIT:C53589
NCIT:C6581	NCIT:C6720
NCIT:C6582	NCIT:C121774
NCIT:C6585	NCIT:C187189
NCIT:C6585	NCIT:C187192
NCIT:C6585	NCIT:C189022
NCIT:C6585	NCIT:C27376
NCIT:C6586	NCIT:C161608
NCIT:C6586	NCIT:C171169
NCIT:C6586	NCIT:C188881
NCIT:C6586	NCIT:C188884
NCIT:C6586	NCIT:C188886
NCIT:C6586	NCIT:C96847
NCIT:C6587	NCIT:C121713
NCIT:C6587	NCIT:C121791
NCIT:C6587	NCIT:C156278
NCIT:C6587	NCIT:C49079
NCIT:C6587	NCIT:C53594
NCIT:C6587	NCIT:C6577
NCIT:C6587	NCIT:C6936
NCIT:C6588	NCIT:C121774
NCIT:C6588	NCIT:C121792
NCIT:C6588	NCIT:C206435
NCIT:C6588	NCIT:C27502
NCIT:C6588	NCIT:C3400
NCIT:C6588	NCIT:C3714
NCIT:C6588	NCIT:C3745
NCIT:C6588	NCIT:C3750
NCIT:C6588	NCIT:C53677
NCIT:C6588	NCIT:C5576
NCIT:C6588	NCIT:C6586
NCIT:C6588	NCIT:C7135
NCIT:C6588	NCIT:C8300
NCIT:C6591	NCIT:C209834
NCIT:C6591	NCIT:C213638
NCIT:C6591	NCIT:C213639
NCIT:C6591	NCIT:C6628
NCIT:C6591	NCIT:C6964
NCIT:C6593	NCIT:C146987
NCIT:C6593	NCIT:C27488
NCIT:C6593	NCIT:C6595
NCIT:C6593	NCIT:C6596
NCIT:C6593	NCIT:C6598
NCIT:C6593	NCIT:C6599
NCIT:C6593	NCIT:C6600
NCIT:C6594	NCIT:C6627
NCIT:C6594	NCIT:C7646
NCIT:C6602	NCIT:C3294
NCIT:C6602	NCIT:C3296
NCIT:C6602	NCIT:C3297
NCIT:C6603	NCIT:C121925
NCIT:C6603	NCIT:C6602
NCIT:C6603	NCIT:C9145
NCIT:C6605	NCIT:C173120
NCIT:C6605	NCIT:C173478
NCIT:C6605	NCIT:C49025
NCIT:C6605	NCIT:C5185
NCIT:C6605	NCIT:C5233
NCIT:C6605	NCIT:C5336
NCIT:C6605	NCIT:C5361
NCIT:C6605	NCIT:C5465
NCIT:C6605	NCIT:C5832
NCIT:C6605	NCIT:C6496
NCIT:C6605	NCIT:C7726
NCIT:C6606	NCIT:C6613
NCIT:C6606	NCIT:C6614
NCIT:C6606	NCIT:C6615
NCIT:C6606	NCIT:C6617
NCIT:C6606	NCIT:C6618
NCIT:C6606	NCIT:C6619
NCIT:C6606	NCIT:C6626
NCIT:C6614	NCIT:C95038
NCIT:C6620	NCIT:C121930
NCIT:C6620	NCIT:C157681
NCIT:C6620	NCIT:C157682
NCIT:C6620	NCIT:C181207
NCIT:C6624	NCIT:C45743
NCIT:C6624	NCIT:C5429
NCIT:C6624	NCIT:C6626
NCIT:C6624	NCIT:C6627
NCIT:C6624	NCIT:C6628
NCIT:C6624	NCIT:C6631
NCIT:C6624	NCIT:C6632
NCIT:C6624	NCIT:C6643
NCIT:C6626	NCIT:C6630
NCIT:C6633	NCIT:C153175
NCIT:C6633	NCIT:C153177
NCIT:C6633	NCIT:C171037
NCIT:C6633	NCIT:C6451
NCIT:C6633	NCIT:C6634
NCIT:C6634	NCIT:C95057
NCIT:C6637	NCIT:C45744
NCIT:C6637	NCIT:C6593
NCIT:C6637	NCIT:C6642
NCIT:C6639	NCIT:C102845
NCIT:C6639	NCIT:C102846
NCIT:C6641	NCIT:C9504
NCIT:C6642	NCIT:C146988
NCIT:C6642	NCIT:C6606
NCIT:C6643	NCIT:C6635
NCIT:C6643	NCIT:C6636
NCIT:C6645	NCIT:C206688
NCIT:C6645	NCIT:C96840
NCIT:C6645	NCIT:C99086
NCIT:C6646	NCIT:C87195
NCIT:C6646	NCIT:C87196
NCIT:C6650	NCIT:C153574
NCIT:C6650	NCIT:C189065
NCIT:C6650	NCIT:C198616
NCIT:C6650	NCIT:C27414
NCIT:C6650	NCIT:C27415
NCIT:C6650	NCIT:C27416
NCIT:C6650	NCIT:C6656
NCIT:C6650	NCIT:C95963
NCIT:C6650	NCIT:C95966
NCIT:C6650	NCIT:C95967
NCIT:C6651	NCIT:C88096
NCIT:C6651	NCIT:C88097
NCIT:C6652	NCIT:C88098
NCIT:C6652	NCIT:C88099
NCIT:C6657	NCIT:C27412
NCIT:C6657	NCIT:C6658
NCIT:C6657	NCIT:C6659
NCIT:C6660	NCIT:C6663
NCIT:C6660	NCIT:C6666
NCIT:C6671	NCIT:C5652
NCIT:C6671	NCIT:C5653
NCIT:C6671	NCIT:C8749
NCIT:C6671	NCIT:C8755
NCIT:C6671	NCIT:C8759
NCIT:C66717	NCIT:C3153
NCIT:C66717	NCIT:C5176
NCIT:C6673	NCIT:C6674
NCIT:C6673	NCIT:C6675
NCIT:C66745	NCIT:C127915
NCIT:C66745	NCIT:C167364
NCIT:C66745	NCIT:C175585
NCIT:C66745	NCIT:C201135
NCIT:C66745	NCIT:C39903
NCIT:C66750	NCIT:C39946
NCIT:C66750	NCIT:C7288
NCIT:C66756	NCIT:C213202
NCIT:C66756	NCIT:C35781
NCIT:C66758	NCIT:C4751
NCIT:C66760	NCIT:C121713
NCIT:C66760	NCIT:C6582
NCIT:C66760	NCIT:C6583
NCIT:C66776	NCIT:C39990
NCIT:C66776	NCIT:C40962
NCIT:C66777	NCIT:C6348
NCIT:C66777	NCIT:C6349
NCIT:C66777	NCIT:C67548
NCIT:C66777	NCIT:C9173
NCIT:C6678	NCIT:C6676
NCIT:C6678	NCIT:C6677
NCIT:C6679	NCIT:C6680
NCIT:C6679	NCIT:C6681
NCIT:C66806	NCIT:C4557
NCIT:C66806	NCIT:C66807
NCIT:C66806	NCIT:C66810
NCIT:C66807	NCIT:C66809
NCIT:C6681	NCIT:C35756
NCIT:C6681	NCIT:C35757
NCIT:C66810	NCIT:C215120
NCIT:C66810	NCIT:C66809
NCIT:C66818	NCIT:C66801
NCIT:C66818	NCIT:C66802
NCIT:C66818	NCIT:C66808
NCIT:C66818	NCIT:C66811
NCIT:C66818	NCIT:C66817
NCIT:C66818	NCIT:C7172
NCIT:C66925	NCIT:C65191
NCIT:C66950	NCIT:C146717
NCIT:C66950	NCIT:C213479
NCIT:C66950	NCIT:C39838
NCIT:C66950	NCIT:C95465
NCIT:C66950	NCIT:C95747
NCIT:C66950	NCIT:C95966
NCIT:C66950	NCIT:C96890
NCIT:C66989	NCIT:C4203
NCIT:C66989	NCIT:C5219
NCIT:C66989	NCIT:C6929
NCIT:C6700	NCIT:C4943
NCIT:C67006	NCIT:C6523
NCIT:C6701	NCIT:C6702
NCIT:C6701	NCIT:C6703
NCIT:C67012	NCIT:C6522
NCIT:C6704	NCIT:C6464
NCIT:C6704	NCIT:C6465
NCIT:C6704	NCIT:C6709
NCIT:C6705	NCIT:C6466
NCIT:C6705	NCIT:C6467
NCIT:C6705	NCIT:C6710
NCIT:C6706	NCIT:C6701
NCIT:C6706	NCIT:C6707
NCIT:C6706	NCIT:C6708
NCIT:C6707	NCIT:C6702
NCIT:C6708	NCIT:C6703
NCIT:C6709	NCIT:C6607
NCIT:C6709	NCIT:C6609
NCIT:C67090	NCIT:C158622
NCIT:C67090	NCIT:C40028
NCIT:C67090	NCIT:C40031
NCIT:C67090	NCIT:C40113
NCIT:C6710	NCIT:C6610
NCIT:C6710	NCIT:C6611
NCIT:C67107	NCIT:C156411
NCIT:C67107	NCIT:C9015
NCIT:C6712	NCIT:C6716
NCIT:C6712	NCIT:C6723
NCIT:C67155	NCIT:C3789
NCIT:C67155	NCIT:C67156
NCIT:C67237	NCIT:C121788
NCIT:C67237	NCIT:C121789
NCIT:C67237	NCIT:C202879
NCIT:C67237	NCIT:C202880
NCIT:C6727	NCIT:C3273
NCIT:C6727	NCIT:C3274
NCIT:C6727	NCIT:C3846
NCIT:C6730	NCIT:C8408
NCIT:C6730	NCIT:C8416
NCIT:C67383	NCIT:C84690
NCIT:C67383	NCIT:C84691
NCIT:C67383	NCIT:C84692
NCIT:C67383	NCIT:C90598
NCIT:C6739	NCIT:C190104
NCIT:C6739	NCIT:C45747
NCIT:C6741	NCIT:C215383
NCIT:C6741	NCIT:C6742
NCIT:C6747	NCIT:C45664
NCIT:C6748	NCIT:C27496
NCIT:C6750	NCIT:C5345
NCIT:C6751	NCIT:C147106
NCIT:C6751	NCIT:C5260
NCIT:C6751	NCIT:C5357
NCIT:C6751	NCIT:C6445
NCIT:C6751	NCIT:C7013
NCIT:C6751	NCIT:C95559
NCIT:C67519	NCIT:C114595
NCIT:C67519	NCIT:C114596
NCIT:C6753	NCIT:C6754
NCIT:C6753	NCIT:C6755
NCIT:C67554	NCIT:C115070
NCIT:C67554	NCIT:C6006
NCIT:C67554	NCIT:C6013
NCIT:C67555	NCIT:C115071
NCIT:C67555	NCIT:C6007
NCIT:C67555	NCIT:C6012
NCIT:C67556	NCIT:C115072
NCIT:C67556	NCIT:C6008
NCIT:C67556	NCIT:C6011
NCIT:C67558	NCIT:C115443
NCIT:C67561	NCIT:C39948
NCIT:C67561	NCIT:C8053
NCIT:C67563	NCIT:C40166
NCIT:C6757	NCIT:C129549
NCIT:C6757	NCIT:C129551
NCIT:C6757	NCIT:C5451
NCIT:C6757	NCIT:C6998
NCIT:C6757	NCIT:C7000
NCIT:C6757	NCIT:C7001
NCIT:C6757	NCIT:C7004
NCIT:C6758	NCIT:C129527
NCIT:C6758	NCIT:C129536
NCIT:C6758	NCIT:C5153
NCIT:C6764	NCIT:C156685
NCIT:C6766	NCIT:C157764
NCIT:C6766	NCIT:C191856
NCIT:C6766	NCIT:C191859
NCIT:C6766	NCIT:C191862
NCIT:C6767	NCIT:C6752
NCIT:C6767	NCIT:C6759
NCIT:C6767	NCIT:C8712
NCIT:C6769	NCIT:C215125
NCIT:C6769	NCIT:C215126
NCIT:C6769	NCIT:C7532
NCIT:C6770	NCIT:C115192
NCIT:C6770	NCIT:C131617
NCIT:C6770	NCIT:C3017
NCIT:C6770	NCIT:C3697
NCIT:C6770	NCIT:C3795
NCIT:C6770	NCIT:C4049
NCIT:C6770	NCIT:C68690
NCIT:C6772	NCIT:C6957
NCIT:C6775	NCIT:C5289
NCIT:C6775	NCIT:C5295
NCIT:C6775	NCIT:C5300
NCIT:C6776	NCIT:C5283
NCIT:C6776	NCIT:C5284
NCIT:C6776	NCIT:C5311
NCIT:C6781	NCIT:C175494
NCIT:C6781	NCIT:C179218
NCIT:C6781	NCIT:C200520
NCIT:C6781	NCIT:C3868
NCIT:C6781	NCIT:C39904
NCIT:C6781	NCIT:C6926
NCIT:C6781	NCIT:C8384
NCIT:C6783	NCIT:C2930
NCIT:C6783	NCIT:C39852
NCIT:C6783	NCIT:C39954
NCIT:C6784	NCIT:C192105
NCIT:C6784	NCIT:C200227
NCIT:C6784	NCIT:C201978
NCIT:C6784	NCIT:C223378
NCIT:C6784	NCIT:C2964
NCIT:C6784	NCIT:C2971
NCIT:C6784	NCIT:C2972
NCIT:C6784	NCIT:C3516
NCIT:C6784	NCIT:C3765
NCIT:C6784	NCIT:C39756
NCIT:C6784	NCIT:C39956
NCIT:C6784	NCIT:C4179
NCIT:C6784	NCIT:C4524
NCIT:C6784	NCIT:C5751
NCIT:C6784	NCIT:C6566
NCIT:C6784	NCIT:C7504
NCIT:C6784	NCIT:C9014
NCIT:C6786	NCIT:C219756
NCIT:C6786	NCIT:C4358
NCIT:C6786	NCIT:C6078
NCIT:C6791	NCIT:C153800
NCIT:C6791	NCIT:C210716
NCIT:C6791	NCIT:C213437
NCIT:C6791	NCIT:C5937
NCIT:C6791	NCIT:C5938
NCIT:C6791	NCIT:C5941
NCIT:C6791	NCIT:C5942
NCIT:C6791	NCIT:C5946
NCIT:C6791	NCIT:C5974
NCIT:C6792	NCIT:C3543
NCIT:C6792	NCIT:C4422
NCIT:C6793	NCIT:C3545
NCIT:C6793	NCIT:C4933
NCIT:C6793	NCIT:C8414
NCIT:C6794	NCIT:C150034
NCIT:C6794	NCIT:C4428
NCIT:C6794	NCIT:C5247
NCIT:C6795	NCIT:C4431
NCIT:C6796	NCIT:C5559
NCIT:C6796	NCIT:C6797
NCIT:C6797	NCIT:C205462
NCIT:C6797	NCIT:C3761
NCIT:C6797	NCIT:C43356
NCIT:C6797	NCIT:C7565
NCIT:C6798	NCIT:C5558
NCIT:C6798	NCIT:C6799
NCIT:C6798	NCIT:C6800
NCIT:C6799	NCIT:C205463
NCIT:C6799	NCIT:C4168
NCIT:C6800	NCIT:C4169
NCIT:C6801	NCIT:C206447
NCIT:C6801	NCIT:C206448
NCIT:C6801	NCIT:C206450
NCIT:C6801	NCIT:C217739
NCIT:C6801	NCIT:C49076
NCIT:C6801	NCIT:C49077
NCIT:C6801	NCIT:C49078
NCIT:C6803	NCIT:C121953
NCIT:C6803	NCIT:C3498
NCIT:C6803	NCIT:C39977
NCIT:C6803	NCIT:C4204
NCIT:C6803	NCIT:C5219
NCIT:C6806	NCIT:C170888
NCIT:C6806	NCIT:C206434
NCIT:C6806	NCIT:C3942
NCIT:C6806	NCIT:C48961
NCIT:C6806	NCIT:C6484
NCIT:C6807	NCIT:C4618
NCIT:C6807	NCIT:C6088
NCIT:C6810	NCIT:C138021
NCIT:C6810	NCIT:C138022
NCIT:C6810	NCIT:C150589
NCIT:C6810	NCIT:C162467
NCIT:C6810	NCIT:C162468
NCIT:C6813	NCIT:C39895
NCIT:C6813	NCIT:C39896
NCIT:C6813	NCIT:C39897
NCIT:C6814	NCIT:C3316
NCIT:C6814	NCIT:C3469
NCIT:C6814	NCIT:C4680
NCIT:C6816	NCIT:C5314
NCIT:C6820	NCIT:C95429
NCIT:C6820	NCIT:C95430
NCIT:C6835	NCIT:C6836
NCIT:C6835	NCIT:C6837
NCIT:C6835	NCIT:C6838
NCIT:C6835	NCIT:C6839
NCIT:C6835	NCIT:C8195
NCIT:C6836	NCIT:C6843
NCIT:C6837	NCIT:C6842
NCIT:C6838	NCIT:C6841
NCIT:C6839	NCIT:C6840
NCIT:C6845	NCIT:C6844
NCIT:C6849	NCIT:C6850
NCIT:C6849	NCIT:C6851
NCIT:C6858	NCIT:C45193
NCIT:C6858	NCIT:C7217
NCIT:C6860	NCIT:C181044
NCIT:C6860	NCIT:C181045
NCIT:C6860	NCIT:C27365
NCIT:C6860	NCIT:C7211
NCIT:C68610	NCIT:C115086
NCIT:C68610	NCIT:C115087
NCIT:C68610	NCIT:C115088
NCIT:C68610	NCIT:C115089
NCIT:C68610	NCIT:C115093
NCIT:C68610	NCIT:C190631
NCIT:C68610	NCIT:C190632
NCIT:C68610	NCIT:C190769
NCIT:C68610	NCIT:C8184
NCIT:C68611	NCIT:C115070
NCIT:C68611	NCIT:C115071
NCIT:C68611	NCIT:C115072
NCIT:C68611	NCIT:C115073
NCIT:C68611	NCIT:C115443
NCIT:C68611	NCIT:C148401
NCIT:C68611	NCIT:C162882
NCIT:C68611	NCIT:C173077
NCIT:C68611	NCIT:C173079
NCIT:C68611	NCIT:C176513
NCIT:C68611	NCIT:C54287
NCIT:C68611	NCIT:C8192
NCIT:C68611	NCIT:C8193
NCIT:C68626	NCIT:C123834
NCIT:C68626	NCIT:C123836
NCIT:C68626	NCIT:C189046
NCIT:C68626	NCIT:C6540
NCIT:C68626	NCIT:C6554
NCIT:C68627	NCIT:C114801
NCIT:C68628	NCIT:C198413
NCIT:C68628	NCIT:C6542
NCIT:C68628	NCIT:C6543
NCIT:C68628	NCIT:C6544
NCIT:C68628	NCIT:C6545
NCIT:C68629	NCIT:C123849
NCIT:C68629	NCIT:C198434
NCIT:C68629	NCIT:C6546
NCIT:C68629	NCIT:C6549
NCIT:C68629	NCIT:C6550
NCIT:C68629	NCIT:C6551
NCIT:C68632	NCIT:C219662
NCIT:C68632	NCIT:C27403
NCIT:C68632	NCIT:C27406
NCIT:C68632	NCIT:C6206
NCIT:C68632	NCIT:C6208
NCIT:C68632	NCIT:C6209
NCIT:C68660	NCIT:C114806
NCIT:C68660	NCIT:C114807
NCIT:C68660	NCIT:C68661
NCIT:C68660	NCIT:C68662
NCIT:C68663	NCIT:C114808
NCIT:C68663	NCIT:C114809
NCIT:C68663	NCIT:C68664
NCIT:C68663	NCIT:C68665
NCIT:C68666	NCIT:C68660
NCIT:C68666	NCIT:C68663
NCIT:C68677	NCIT:C131681
NCIT:C68677	NCIT:C131685
NCIT:C68677	NCIT:C131686
NCIT:C68677	NCIT:C131687
NCIT:C68677	NCIT:C131688
NCIT:C68677	NCIT:C131689
NCIT:C68677	NCIT:C85213
NCIT:C68678	NCIT:C5085
NCIT:C68678	NCIT:C5091
NCIT:C68678	NCIT:C8864
NCIT:C68679	NCIT:C5086
NCIT:C68679	NCIT:C5092
NCIT:C68679	NCIT:C8865
NCIT:C68682	NCIT:C5087
NCIT:C68682	NCIT:C5093
NCIT:C68682	NCIT:C8866
NCIT:C68683	NCIT:C5088
NCIT:C68683	NCIT:C5094
NCIT:C68683	NCIT:C8867
NCIT:C68684	NCIT:C4998
NCIT:C68684	NCIT:C5089
NCIT:C68684	NCIT:C5095
NCIT:C68686	NCIT:C8125
NCIT:C68686	NCIT:C8126
NCIT:C68686	NCIT:C8248
NCIT:C68686	NCIT:C8472
NCIT:C68686	NCIT:C8479
NCIT:C68688	NCIT:C8467
NCIT:C68688	NCIT:C8478
NCIT:C68689	NCIT:C114593
NCIT:C68689	NCIT:C114594
NCIT:C68690	NCIT:C115263
NCIT:C68690	NCIT:C115623
NCIT:C68690	NCIT:C8269
NCIT:C68690	NCIT:C9092
NCIT:C68691	NCIT:C4014
NCIT:C68691	NCIT:C8270
NCIT:C6870	NCIT:C176011
NCIT:C6870	NCIT:C176012
NCIT:C68700	NCIT:C208353
NCIT:C68700	NCIT:C225010
NCIT:C68700	NCIT:C225016
NCIT:C68700	NCIT:C68696
NCIT:C68700	NCIT:C68697
NCIT:C68700	NCIT:C68698
NCIT:C68700	NCIT:C68699
NCIT:C68701	NCIT:C9370
NCIT:C6871	NCIT:C115432
NCIT:C6871	NCIT:C8194
NCIT:C6871	NCIT:C8195
NCIT:C6873	NCIT:C27286
NCIT:C68744	NCIT:C188449
NCIT:C68744	NCIT:C200396
NCIT:C68744	NCIT:C208309
NCIT:C68744	NCIT:C208311
NCIT:C6875	NCIT:C158908
NCIT:C6875	NCIT:C172810
NCIT:C6875	NCIT:C191984
NCIT:C6875	NCIT:C191997
NCIT:C6875	NCIT:C192023
NCIT:C6875	NCIT:C5672
NCIT:C6877	NCIT:C133402
NCIT:C6877	NCIT:C133413
NCIT:C6877	NCIT:C133550
NCIT:C6877	NCIT:C133564
NCIT:C6877	NCIT:C2924
NCIT:C6877	NCIT:C3642
NCIT:C6877	NCIT:C40105
NCIT:C6877	NCIT:C4018
NCIT:C6877	NCIT:C4195
NCIT:C6877	NCIT:C4520
NCIT:C6877	NCIT:C8629
NCIT:C6880	NCIT:C189336
NCIT:C6880	NCIT:C202582
NCIT:C6880	NCIT:C4117
NCIT:C6880	NCIT:C45601
NCIT:C6881	NCIT:C223356
NCIT:C6881	NCIT:C7124
NCIT:C6881	NCIT:C7125
NCIT:C6881	NCIT:C96807
NCIT:C6881	NCIT:C96809
NCIT:C6881	NCIT:C96810
NCIT:C68837	NCIT:C53280
NCIT:C68837	NCIT:C53283
NCIT:C68838	NCIT:C53282
NCIT:C68838	NCIT:C53284
NCIT:C6885	NCIT:C6886
NCIT:C6887	NCIT:C7996
NCIT:C6888	NCIT:C6889
NCIT:C6892	NCIT:C7291
NCIT:C6894	NCIT:C129527
NCIT:C6894	NCIT:C161580
NCIT:C6894	NCIT:C213601
NCIT:C6894	NCIT:C213613
NCIT:C6894	NCIT:C79948
NCIT:C6895	NCIT:C40234
NCIT:C6895	NCIT:C40235
NCIT:C6899	NCIT:C5143
NCIT:C6899	NCIT:C5144
NCIT:C6902	NCIT:C155782
NCIT:C6902	NCIT:C5426
NCIT:C6906	NCIT:C133499
NCIT:C6906	NCIT:C162723
NCIT:C6906	NCIT:C186528
NCIT:C6906	NCIT:C186529
NCIT:C6906	NCIT:C186530
NCIT:C6906	NCIT:C186531
NCIT:C6906	NCIT:C186532
NCIT:C6906	NCIT:C200597
NCIT:C6906	NCIT:C68634
NCIT:C6912	NCIT:C96513
NCIT:C6913	NCIT:C136971
NCIT:C6913	NCIT:C142982
NCIT:C6913	NCIT:C7054
NCIT:C6913	NCIT:C7223
NCIT:C69138	NCIT:C7223
NCIT:C69138	NCIT:C9125
NCIT:C69138	NCIT:C9126
NCIT:C69138	NCIT:C9127
NCIT:C69142	NCIT:C7054
NCIT:C69142	NCIT:C8061
NCIT:C69142	NCIT:C8062
NCIT:C69142	NCIT:C8063
NCIT:C69144	NCIT:C115349
NCIT:C69144	NCIT:C115367
NCIT:C6915	NCIT:C150406
NCIT:C6915	NCIT:C150407
NCIT:C6915	NCIT:C157679
NCIT:C6915	NCIT:C157680
NCIT:C6915	NCIT:C9017
NCIT:C6916	NCIT:C7247
NCIT:C6917	NCIT:C27410
NCIT:C6917	NCIT:C7245
NCIT:C6918	NCIT:C157695
NCIT:C6918	NCIT:C157696
NCIT:C6919	NCIT:C186511
NCIT:C6919	NCIT:C45740
NCIT:C6919	NCIT:C7210
NCIT:C6919	NCIT:C7226
NCIT:C6919	NCIT:C7227
NCIT:C6919	NCIT:C7311
NCIT:C6923	NCIT:C179204
NCIT:C6923	NCIT:C179205
NCIT:C6924	NCIT:C132101
NCIT:C6924	NCIT:C132105
NCIT:C6924	NCIT:C198861
NCIT:C6924	NCIT:C198869
NCIT:C6924	NCIT:C198870
NCIT:C6924	NCIT:C198874
NCIT:C6926	NCIT:C53994
NCIT:C6926	NCIT:C53999
NCIT:C6926	NCIT:C5524
NCIT:C6926	NCIT:C8973
NCIT:C6926	NCIT:C9474
NCIT:C6929	NCIT:C6263
NCIT:C6930	NCIT:C121686
NCIT:C6930	NCIT:C121786
NCIT:C6930	NCIT:C133091
NCIT:C6930	NCIT:C139548
NCIT:C6930	NCIT:C155767
NCIT:C6930	NCIT:C158616
NCIT:C6930	NCIT:C161636
NCIT:C6930	NCIT:C164255
NCIT:C6930	NCIT:C181078
NCIT:C6930	NCIT:C35691
NCIT:C6930	NCIT:C37263
NCIT:C6930	NCIT:C3729
NCIT:C6930	NCIT:C3730
NCIT:C6930	NCIT:C3743
NCIT:C6930	NCIT:C3903
NCIT:C6930	NCIT:C40181
NCIT:C6930	NCIT:C40226
NCIT:C6930	NCIT:C40274
NCIT:C6930	NCIT:C4157
NCIT:C6930	NCIT:C4290
NCIT:C6930	NCIT:C4474
NCIT:C6930	NCIT:C45602
NCIT:C6930	NCIT:C5241
NCIT:C6930	NCIT:C8602
NCIT:C6932	NCIT:C193436
NCIT:C6932	NCIT:C6711
NCIT:C6932	NCIT:C7812
NCIT:C6934	NCIT:C180338
NCIT:C6934	NCIT:C45917
NCIT:C6934	NCIT:C45918
NCIT:C6935	NCIT:C193417
NCIT:C6935	NCIT:C5275
NCIT:C6935	NCIT:C5287
NCIT:C6935	NCIT:C5296
NCIT:C6935	NCIT:C5297
NCIT:C6935	NCIT:C5298
NCIT:C6935	NCIT:C5299
NCIT:C6935	NCIT:C5310
NCIT:C6935	NCIT:C8605
NCIT:C6936	NCIT:C162501
NCIT:C6936	NCIT:C40273
NCIT:C6936	NCIT:C40322
NCIT:C6938	NCIT:C128164
NCIT:C6938	NCIT:C167341
NCIT:C6938	NCIT:C167344
NCIT:C6938	NCIT:C167364
NCIT:C6938	NCIT:C167365
NCIT:C6938	NCIT:C167368
NCIT:C6938	NCIT:C167369
NCIT:C6938	NCIT:C205357
NCIT:C6938	NCIT:C27255
NCIT:C6938	NCIT:C27533
NCIT:C6938	NCIT:C4169
NCIT:C6938	NCIT:C43344
NCIT:C6938	NCIT:C4471
NCIT:C6938	NCIT:C4472
NCIT:C6938	NCIT:C5117
NCIT:C6938	NCIT:C54664
NCIT:C6938	NCIT:C7581
NCIT:C6940	NCIT:C5204
NCIT:C6940	NCIT:C5205
NCIT:C6940	NCIT:C8365
NCIT:C6940	NCIT:C9495
NCIT:C6943	NCIT:C3660
NCIT:C6943	NCIT:C5198
NCIT:C6948	NCIT:C128051
NCIT:C6948	NCIT:C128111
NCIT:C6948	NCIT:C6949
NCIT:C6958	NCIT:C102897
NCIT:C6958	NCIT:C203274
NCIT:C6958	NCIT:C203282
NCIT:C6958	NCIT:C216100
NCIT:C6958	NCIT:C5419
NCIT:C6958	NCIT:C60781
NCIT:C6958	NCIT:C7049
NCIT:C6958	NCIT:C9022
NCIT:C6959	NCIT:C114973
NCIT:C6959	NCIT:C129324
NCIT:C6959	NCIT:C142861
NCIT:C6959	NCIT:C211958
NCIT:C6960	NCIT:C3288
NCIT:C6960	NCIT:C4326
NCIT:C6960	NCIT:C68691
NCIT:C6963	NCIT:C213156
NCIT:C6963	NCIT:C3270
NCIT:C6963	NCIT:C3790
NCIT:C6964	NCIT:C4827
NCIT:C6965	NCIT:C115196
NCIT:C6965	NCIT:C179227
NCIT:C6965	NCIT:C6966
NCIT:C6965	NCIT:C6967
NCIT:C6965	NCIT:C8273
NCIT:C6965	NCIT:C9344
NCIT:C6966	NCIT:C8291
NCIT:C6967	NCIT:C124137
NCIT:C6968	NCIT:C114774
NCIT:C6968	NCIT:C4970
NCIT:C6968	NCIT:C68703
NCIT:C6970	NCIT:C6635
NCIT:C6971	NCIT:C3230
NCIT:C6971	NCIT:C5308
NCIT:C6975	NCIT:C162760
NCIT:C6975	NCIT:C190505
NCIT:C6975	NCIT:C27886
NCIT:C6975	NCIT:C27887
NCIT:C6975	NCIT:C27890
NCIT:C6975	NCIT:C9222
NCIT:C6980	NCIT:C159249
NCIT:C6982	NCIT:C159247
NCIT:C6983	NCIT:C6982
NCIT:C6985	NCIT:C180635
NCIT:C6990	NCIT:C114833
NCIT:C6990	NCIT:C121963
NCIT:C6990	NCIT:C129501
NCIT:C6990	NCIT:C129537
NCIT:C6990	NCIT:C186534
NCIT:C6990	NCIT:C186542
NCIT:C6990	NCIT:C186556
NCIT:C6990	NCIT:C3222
NCIT:C6990	NCIT:C4327
NCIT:C6990	NCIT:C5398
NCIT:C6990	NCIT:C6906
NCIT:C6990	NCIT:C9344
NCIT:C6994	NCIT:C6995
NCIT:C7004	NCIT:C84621
NCIT:C7007	NCIT:C155947
NCIT:C7007	NCIT:C155948
NCIT:C7007	NCIT:C213037
NCIT:C7007	NCIT:C39783
NCIT:C7007	NCIT:C5146
NCIT:C7007	NCIT:C5147
NCIT:C7009	NCIT:C27406
NCIT:C7009	NCIT:C5792
NCIT:C7009	NCIT:C6284
NCIT:C7010	NCIT:C155805
NCIT:C7010	NCIT:C5790
NCIT:C7010	NCIT:C6208
NCIT:C7011	NCIT:C155804
NCIT:C7011	NCIT:C6209
NCIT:C7011	NCIT:C6752
NCIT:C7012	NCIT:C155806
NCIT:C7012	NCIT:C5793
NCIT:C7012	NCIT:C6206
NCIT:C7012	NCIT:C6759
NCIT:C7013	NCIT:C155808
NCIT:C7013	NCIT:C27400
NCIT:C7013	NCIT:C27404
NCIT:C7013	NCIT:C5508
NCIT:C7013	NCIT:C6754
NCIT:C7014	NCIT:C155809
NCIT:C7014	NCIT:C27401
NCIT:C7014	NCIT:C27405
NCIT:C7014	NCIT:C6755
NCIT:C7015	NCIT:C155810
NCIT:C7016	NCIT:C155811
NCIT:C7016	NCIT:C27402
NCIT:C7016	NCIT:C27403
NCIT:C7018	NCIT:C121680
NCIT:C7024	NCIT:C178375
NCIT:C7046	NCIT:C159226
NCIT:C7046	NCIT:C6414
NCIT:C7048	NCIT:C4807
NCIT:C7048	NCIT:C5286
NCIT:C7048	NCIT:C5586
NCIT:C7048	NCIT:C6756
NCIT:C7048	NCIT:C6779
NCIT:C7049	NCIT:C115327
NCIT:C7049	NCIT:C6954
NCIT:C7049	NCIT:C71016
NCIT:C7049	NCIT:C71017
NCIT:C7049	NCIT:C8289
NCIT:C7051	NCIT:C4656
NCIT:C7051	NCIT:C5293
NCIT:C7051	NCIT:C5668
NCIT:C7051	NCIT:C6778
NCIT:C7051	NCIT:C6935
NCIT:C7052	NCIT:C180887
NCIT:C7052	NCIT:C180888
NCIT:C70548	NCIT:C131683
NCIT:C7055	NCIT:C3167
NCIT:C7055	NCIT:C45238
NCIT:C7055	NCIT:C82217
NCIT:C7055	NCIT:C8694
NCIT:C7055	NCIT:C8936
NCIT:C7055	NCIT:C9360
NCIT:C7056	NCIT:C131911
NCIT:C7056	NCIT:C133494
NCIT:C7056	NCIT:C139681
NCIT:C7056	NCIT:C165799
NCIT:C7056	NCIT:C171299
NCIT:C7056	NCIT:C179717
NCIT:C7056	NCIT:C2912
NCIT:C7056	NCIT:C3209
NCIT:C7056	NCIT:C37869
NCIT:C7056	NCIT:C4337
NCIT:C7056	NCIT:C6858
NCIT:C7056	NCIT:C7228
NCIT:C7056	NCIT:C7540
NCIT:C7056	NCIT:C80309
NCIT:C7056	NCIT:C8851
NCIT:C7058	NCIT:C173488
NCIT:C7058	NCIT:C204977
NCIT:C7058	NCIT:C205057
NCIT:C7058	NCIT:C208332
NCIT:C7058	NCIT:C3224
NCIT:C7058	NCIT:C40335
NCIT:C7058	NCIT:C4661
NCIT:C7058	NCIT:C7161
NCIT:C7058	NCIT:C7570
NCIT:C7058	NCIT:C9498
NCIT:C7059	NCIT:C214799
NCIT:C7059	NCIT:C4248
NCIT:C7059	NCIT:C4755
NCIT:C7059	NCIT:C6528
NCIT:C7059	NCIT:C6603
NCIT:C7059	NCIT:C67237
NCIT:C7059	NCIT:C6781
NCIT:C7059	NCIT:C6971
NCIT:C7059	NCIT:C7075
NCIT:C7059	NCIT:C8402
NCIT:C7061	NCIT:C66812
NCIT:C7061	NCIT:C7541
NCIT:C7062	NCIT:C102883
NCIT:C7062	NCIT:C116915
NCIT:C7062	NCIT:C163003
NCIT:C7062	NCIT:C211531
NCIT:C7062	NCIT:C27263
NCIT:C7062	NCIT:C27933
NCIT:C7062	NCIT:C3261
NCIT:C7062	NCIT:C3264
NCIT:C7062	NCIT:C36012
NCIT:C7062	NCIT:C36029
NCIT:C7062	NCIT:C36030
NCIT:C7062	NCIT:C36031
NCIT:C7062	NCIT:C36032
NCIT:C7062	NCIT:C36033
NCIT:C7062	NCIT:C36035
NCIT:C7062	NCIT:C36036
NCIT:C7062	NCIT:C36037
NCIT:C7062	NCIT:C36255
NCIT:C7062	NCIT:C3646
NCIT:C7062	NCIT:C3677
NCIT:C7062	NCIT:C45230
NCIT:C7062	NCIT:C4798
NCIT:C7062	NCIT:C6283
NCIT:C7062	NCIT:C65157
NCIT:C7062	NCIT:C6784
NCIT:C7062	NCIT:C6930
NCIT:C7062	NCIT:C6974
NCIT:C7062	NCIT:C7068
NCIT:C7062	NCIT:C7069
NCIT:C7062	NCIT:C7201
NCIT:C7062	NCIT:C7628
NCIT:C7062	NCIT:C8509
NCIT:C7062	NCIT:C9292
NCIT:C7062	NCIT:C9305
NCIT:C7063	NCIT:C121901
NCIT:C7063	NCIT:C2947
NCIT:C70635	NCIT:C97118
NCIT:C7064	NCIT:C3336
NCIT:C7064	NCIT:C8923
NCIT:C7065	NCIT:C172133
NCIT:C7065	NCIT:C172280
NCIT:C7065	NCIT:C27907
NCIT:C7065	NCIT:C27908
NCIT:C7065	NCIT:C3208
NCIT:C7065	NCIT:C40970
NCIT:C7065	NCIT:C7055
NCIT:C7065	NCIT:C7232
NCIT:C7065	NCIT:C7539
NCIT:C7066	NCIT:C3170
NCIT:C7066	NCIT:C3407
NCIT:C7068	NCIT:C172941
NCIT:C7068	NCIT:C34584
NCIT:C7068	NCIT:C3764
NCIT:C7068	NCIT:C40115
NCIT:C7068	NCIT:C4089
NCIT:C7068	NCIT:C8587
NCIT:C7069	NCIT:C3055
NCIT:C7069	NCIT:C4090
NCIT:C7070	NCIT:C170734
NCIT:C7070	NCIT:C201978
NCIT:C7070	NCIT:C223378
NCIT:C7070	NCIT:C26712
NCIT:C7070	NCIT:C2973
NCIT:C7070	NCIT:C40109
NCIT:C7070	NCIT:C41247
NCIT:C7070	NCIT:C5242
NCIT:C7070	NCIT:C8978
NCIT:C7072	NCIT:C174388
NCIT:C7072	NCIT:C175264
NCIT:C7072	NCIT:C202585
NCIT:C7072	NCIT:C223176
NCIT:C7072	NCIT:C223355
NCIT:C7072	NCIT:C3679
NCIT:C7072	NCIT:C3759
NCIT:C7072	NCIT:C4526
NCIT:C7072	NCIT:C46068
NCIT:C7072	NCIT:C54345
NCIT:C7072	NCIT:C82890
NCIT:C7072	NCIT:C94537
NCIT:C7073	NCIT:C3302
NCIT:C7073	NCIT:C47857
NCIT:C7074	NCIT:C126469
NCIT:C7074	NCIT:C3783
NCIT:C7074	NCIT:C40024
NCIT:C7074	NCIT:C40101
NCIT:C7074	NCIT:C40102
NCIT:C7074	NCIT:C41248
NCIT:C7074	NCIT:C67090
NCIT:C7074	NCIT:C8431
NCIT:C7075	NCIT:C3042
NCIT:C7075	NCIT:C3043
NCIT:C7075	NCIT:C4634
NCIT:C7075	NCIT:C7147
NCIT:C7075	NCIT:C7333
NCIT:C7075	NCIT:C7634
NCIT:C7076	NCIT:C3087
NCIT:C7076	NCIT:C9393
NCIT:C7076	NCIT:C9394
NCIT:C7079	NCIT:C7099
NCIT:C7079	NCIT:C7552
NCIT:C7079	NCIT:C7554
NCIT:C7079	NCIT:C7556
NCIT:C7080	NCIT:C213281
NCIT:C7081	NCIT:C36201
NCIT:C7081	NCIT:C36204
NCIT:C7081	NCIT:C5927
NCIT:C7081	NCIT:C5928
NCIT:C7081	NCIT:C5929
NCIT:C7081	NCIT:C5930
NCIT:C7081	NCIT:C5931
NCIT:C7081	NCIT:C7082
NCIT:C7081	NCIT:C7083
NCIT:C7082	NCIT:C35568
NCIT:C7082	NCIT:C35674
NCIT:C7082	NCIT:C36198
NCIT:C7082	NCIT:C36199
NCIT:C7082	NCIT:C36202
NCIT:C7082	NCIT:C5919
NCIT:C7083	NCIT:C36200
NCIT:C7083	NCIT:C36203
NCIT:C7083	NCIT:C5920
NCIT:C7083	NCIT:C5921
NCIT:C7083	NCIT:C5922
NCIT:C7083	NCIT:C5923
NCIT:C7083	NCIT:C5924
NCIT:C7085	NCIT:C123932
NCIT:C7087	NCIT:C182020
NCIT:C7087	NCIT:C7088
NCIT:C7087	NCIT:C9097
NCIT:C7088	NCIT:C170954
NCIT:C7088	NCIT:C171294
NCIT:C7091	NCIT:C178519
NCIT:C7091	NCIT:C188067
NCIT:C7091	NCIT:C215226
NCIT:C7091	NCIT:C5707
NCIT:C7091	NCIT:C5735
NCIT:C7092	NCIT:C169086
NCIT:C7092	NCIT:C171295
NCIT:C7092	NCIT:C171297
NCIT:C7092	NCIT:C180895
NCIT:C7097	NCIT:C189926
NCIT:C7097	NCIT:C7098
NCIT:C71024	NCIT:C27183
NCIT:C71024	NCIT:C27399
NCIT:C71024	NCIT:C71713
NCIT:C71024	NCIT:C71715
NCIT:C7103	NCIT:C190592
NCIT:C7103	NCIT:C190593
NCIT:C7103	NCIT:C27368
NCIT:C7103	NCIT:C7106
NCIT:C7103	NCIT:C7107
NCIT:C7106	NCIT:C7125
NCIT:C7106	NCIT:C7656
NCIT:C7106	NCIT:C7927
NCIT:C7106	NCIT:C82891
NCIT:C7106	NCIT:C96756
NCIT:C7106	NCIT:C96765
NCIT:C7106	NCIT:C96767
NCIT:C7106	NCIT:C96786
NCIT:C7106	NCIT:C96835
NCIT:C7106	NCIT:C96943
NCIT:C7107	NCIT:C172856
NCIT:C7107	NCIT:C5749
NCIT:C7107	NCIT:C7115
NCIT:C7107	NCIT:C96849
NCIT:C7109	NCIT:C134810
NCIT:C7109	NCIT:C134811
NCIT:C7109	NCIT:C175503
NCIT:C7109	NCIT:C7976
NCIT:C7110	NCIT:C128807
NCIT:C7110	NCIT:C213916
NCIT:C7110	NCIT:C7880
NCIT:C7110	NCIT:C9264
NCIT:C7113	NCIT:C158620
NCIT:C7113	NCIT:C192141
NCIT:C7113	NCIT:C3769
NCIT:C7113	NCIT:C40111
NCIT:C7113	NCIT:C6257
NCIT:C7113	NCIT:C8975
NCIT:C7114	NCIT:C6887
NCIT:C7114	NCIT:C6888
NCIT:C7114	NCIT:C7997
NCIT:C7115	NCIT:C185042
NCIT:C7115	NCIT:C213598
NCIT:C7115	NCIT:C4437
NCIT:C7115	NCIT:C4949
NCIT:C7115	NCIT:C96846
NCIT:C7115	NCIT:C96847
NCIT:C7116	NCIT:C134516
NCIT:C7116	NCIT:C134610
NCIT:C7116	NCIT:C5758
NCIT:C7116	NCIT:C88050
NCIT:C7116	NCIT:C94775
NCIT:C7117	NCIT:C134519
NCIT:C7117	NCIT:C134614
NCIT:C7117	NCIT:C5759
NCIT:C7117	NCIT:C88051
NCIT:C7117	NCIT:C94776
NCIT:C7118	NCIT:C134520
NCIT:C7118	NCIT:C134615
NCIT:C7118	NCIT:C5760
NCIT:C7118	NCIT:C88052
NCIT:C7118	NCIT:C90180
NCIT:C7118	NCIT:C94777
NCIT:C7121	NCIT:C134523
NCIT:C7121	NCIT:C134619
NCIT:C7121	NCIT:C5763
NCIT:C7121	NCIT:C7122
NCIT:C7121	NCIT:C7123
NCIT:C7121	NCIT:C90181
NCIT:C7121	NCIT:C94782
NCIT:C7122	NCIT:C134524
NCIT:C7122	NCIT:C5764
NCIT:C7122	NCIT:C88053
NCIT:C7123	NCIT:C134525
NCIT:C7123	NCIT:C5765
NCIT:C7123	NCIT:C88054
NCIT:C7124	NCIT:C96948
NCIT:C7125	NCIT:C96949
NCIT:C7126	NCIT:C7127
NCIT:C7128	NCIT:C5852
NCIT:C7128	NCIT:C5856
NCIT:C7129	NCIT:C5746
NCIT:C7129	NCIT:C5747
NCIT:C7129	NCIT:C5835
NCIT:C7129	NCIT:C7131
NCIT:C7130	NCIT:C5743
NCIT:C7130	NCIT:C96877
NCIT:C7130	NCIT:C96879
NCIT:C71304	NCIT:C6852
NCIT:C71305	NCIT:C8275
NCIT:C71305	NCIT:C8293
NCIT:C7132	NCIT:C27269
NCIT:C7132	NCIT:C2852
NCIT:C7132	NCIT:C2855
NCIT:C7132	NCIT:C2972
NCIT:C7132	NCIT:C40210
NCIT:C7132	NCIT:C40250
NCIT:C7132	NCIT:C40292
NCIT:C7132	NCIT:C4197
NCIT:C7132	NCIT:C6880
NCIT:C7132	NCIT:C7070
NCIT:C7132	NCIT:C7072
NCIT:C7132	NCIT:C7074
NCIT:C7132	NCIT:C95505
NCIT:C7132	NCIT:C95909
NCIT:C7133	NCIT:C4211
NCIT:C7134	NCIT:C53958
NCIT:C7134	NCIT:C8969
NCIT:C7134	NCIT:C8970
NCIT:C7135	NCIT:C159208
NCIT:C7135	NCIT:C172634
NCIT:C7135	NCIT:C181977
NCIT:C7135	NCIT:C186611
NCIT:C7135	NCIT:C213627
NCIT:C7135	NCIT:C213633
NCIT:C7135	NCIT:C223537
NCIT:C7135	NCIT:C8801
NCIT:C7135	NCIT:C8802
NCIT:C7135	NCIT:C8803
NCIT:C7137	NCIT:C43277
NCIT:C7139	NCIT:C198011
NCIT:C7139	NCIT:C198015
NCIT:C7140	NCIT:C198012
NCIT:C7140	NCIT:C198016
NCIT:C7141	NCIT:C198013
NCIT:C7141	NCIT:C198017
NCIT:C7142	NCIT:C198014
NCIT:C7142	NCIT:C198018
NCIT:C7147	NCIT:C121154
NCIT:C7147	NCIT:C172941
NCIT:C7147	NCIT:C177278
NCIT:C7147	NCIT:C3041
NCIT:C7147	NCIT:C3253
NCIT:C7147	NCIT:C3456
NCIT:C7147	NCIT:C3827
NCIT:C7147	NCIT:C4245
NCIT:C7147	NCIT:C4728
NCIT:C7147	NCIT:C4811
NCIT:C7147	NCIT:C49012
NCIT:C7147	NCIT:C49016
NCIT:C7147	NCIT:C6488
NCIT:C7147	NCIT:C6573
NCIT:C7147	NCIT:C6806
NCIT:C7148	NCIT:C121738
NCIT:C7148	NCIT:C178426
NCIT:C7148	NCIT:C38150
NCIT:C7148	NCIT:C6587
NCIT:C7148	NCIT:C6588
NCIT:C7148	NCIT:C66760
NCIT:C7151	NCIT:C158965
NCIT:C7151	NCIT:C3819
NCIT:C7151	NCIT:C7339
NCIT:C7151	NCIT:C7727
NCIT:C7152	NCIT:C68694
NCIT:C7153	NCIT:C118829
NCIT:C7153	NCIT:C140959
NCIT:C7153	NCIT:C140965
NCIT:C7153	NCIT:C165607
NCIT:C7153	NCIT:C165611
NCIT:C7153	NCIT:C168572
NCIT:C7153	NCIT:C173979
NCIT:C7153	NCIT:C4035
NCIT:C7153	NCIT:C8054
NCIT:C7155	NCIT:C171070
NCIT:C7155	NCIT:C171072
NCIT:C7155	NCIT:C178476
NCIT:C7155	NCIT:C189026
NCIT:C7157	NCIT:C155774
NCIT:C7157	NCIT:C7017
NCIT:C7157	NCIT:C94524
NCIT:C7157	NCIT:C94537
NCIT:C7158	NCIT:C121680
NCIT:C7158	NCIT:C128451
NCIT:C7158	NCIT:C156278
NCIT:C7158	NCIT:C206475
NCIT:C7158	NCIT:C207083
NCIT:C7158	NCIT:C27127
NCIT:C7158	NCIT:C37258
NCIT:C7158	NCIT:C4482
NCIT:C7158	NCIT:C4616
NCIT:C7158	NCIT:C5569
NCIT:C7158	NCIT:C6578
NCIT:C7158	NCIT:C6801
NCIT:C7158	NCIT:C6806
NCIT:C7161	NCIT:C165498
NCIT:C7161	NCIT:C165525
NCIT:C7161	NCIT:C204739
NCIT:C7161	NCIT:C204790
NCIT:C7161	NCIT:C215032
NCIT:C7161	NCIT:C3510
NCIT:C7161	NCIT:C37258
NCIT:C7161	NCIT:C7571
NCIT:C7162	NCIT:C142876
NCIT:C7162	NCIT:C142877
NCIT:C7162	NCIT:C188114
NCIT:C7162	NCIT:C7221
NCIT:C7164	NCIT:C133592
NCIT:C7164	NCIT:C133736
NCIT:C7164	NCIT:C3517
NCIT:C7164	NCIT:C3518
NCIT:C7164	NCIT:C6913
NCIT:C7164	NCIT:C69138
NCIT:C7164	NCIT:C69142
NCIT:C7164	NCIT:C7243
NCIT:C7164	NCIT:C9283
NCIT:C7168	NCIT:C198595
NCIT:C7168	NCIT:C198597
NCIT:C7168	NCIT:C200400
NCIT:C7168	NCIT:C200402
NCIT:C7168	NCIT:C206441
NCIT:C7168	NCIT:C206442
NCIT:C71698	NCIT:C148077
NCIT:C71698	NCIT:C153837
NCIT:C71698	NCIT:C155983
NCIT:C71698	NCIT:C179227
NCIT:C71698	NCIT:C180398
NCIT:C71698	NCIT:C180400
NCIT:C71698	NCIT:C223196
NCIT:C71698	NCIT:C7834
NCIT:C71698	NCIT:C7884
NCIT:C71699	NCIT:C71712
NCIT:C71699	NCIT:C71713
NCIT:C71700	NCIT:C132506
NCIT:C71700	NCIT:C153823
NCIT:C71700	NCIT:C173154
NCIT:C71700	NCIT:C203302
NCIT:C71700	NCIT:C5312
NCIT:C71700	NCIT:C71699
NCIT:C71700	NCIT:C9045
NCIT:C71701	NCIT:C147107
NCIT:C71701	NCIT:C153842
NCIT:C71701	NCIT:C172953
NCIT:C71701	NCIT:C187214
NCIT:C71701	NCIT:C224959
NCIT:C71701	NCIT:C71702
NCIT:C71701	NCIT:C71703
NCIT:C71702	NCIT:C153845
NCIT:C71702	NCIT:C155984
NCIT:C71702	NCIT:C187215
NCIT:C71703	NCIT:C71714
NCIT:C71703	NCIT:C71715
NCIT:C7171	NCIT:C9156
NCIT:C7171	NCIT:C9162
NCIT:C71720	NCIT:C129602
NCIT:C71720	NCIT:C155797
NCIT:C71720	NCIT:C157067
NCIT:C71720	NCIT:C157073
NCIT:C71720	NCIT:C157074
NCIT:C71720	NCIT:C186660
NCIT:C71720	NCIT:C5054
NCIT:C7173	NCIT:C114967
NCIT:C7173	NCIT:C129271
NCIT:C7173	NCIT:C129274
NCIT:C7173	NCIT:C129277
NCIT:C7173	NCIT:C167081
NCIT:C7173	NCIT:C211953
NCIT:C7173	NCIT:C4320
NCIT:C7173	NCIT:C4321
NCIT:C7173	NCIT:C4322
NCIT:C7173	NCIT:C7174
NCIT:C71732	NCIT:C153348
NCIT:C71732	NCIT:C165491
NCIT:C71732	NCIT:C167076
NCIT:C71732	NCIT:C171014
NCIT:C71732	NCIT:C181081
NCIT:C71732	NCIT:C205314
NCIT:C71732	NCIT:C217175
NCIT:C71732	NCIT:C217270
NCIT:C71732	NCIT:C223369
NCIT:C7175	NCIT:C122688
NCIT:C7175	NCIT:C129785
NCIT:C7175	NCIT:C156718
NCIT:C7175	NCIT:C174129
NCIT:C7175	NCIT:C198596
NCIT:C7175	NCIT:C200407
NCIT:C7175	NCIT:C200411
NCIT:C7175	NCIT:C200419
NCIT:C7175	NCIT:C200420
NCIT:C7175	NCIT:C200421
NCIT:C7175	NCIT:C208352
NCIT:C7175	NCIT:C224907
NCIT:C7175	NCIT:C68700
NCIT:C7175	NCIT:C82423
NCIT:C7175	NCIT:C82431
NCIT:C7175	NCIT:C82433
NCIT:C7177	NCIT:C5631
NCIT:C7180	NCIT:C170474
NCIT:C7180	NCIT:C3703
NCIT:C7180	NCIT:C4254
NCIT:C7182	NCIT:C138181
NCIT:C7182	NCIT:C138191
NCIT:C7182	NCIT:C7183
NCIT:C7182	NCIT:C7930
NCIT:C7183	NCIT:C157476
NCIT:C7183	NCIT:C157477
NCIT:C7183	NCIT:C213858
NCIT:C7183	NCIT:C213859
NCIT:C7183	NCIT:C213861
NCIT:C7183	NCIT:C213873
NCIT:C7184	NCIT:C150678
NCIT:C7185	NCIT:C162548
NCIT:C7185	NCIT:C171101
NCIT:C7185	NCIT:C185752
NCIT:C7185	NCIT:C202921
NCIT:C7185	NCIT:C212063
NCIT:C7185	NCIT:C213738
NCIT:C7185	NCIT:C35690
NCIT:C7185	NCIT:C38162
NCIT:C7185	NCIT:C4671
NCIT:C7185	NCIT:C4794
NCIT:C7185	NCIT:C48873
NCIT:C7185	NCIT:C5368
NCIT:C7185	NCIT:C5369
NCIT:C7185	NCIT:C5533
NCIT:C7185	NCIT:C6164
NCIT:C7185	NCIT:C6175
NCIT:C7185	NCIT:C6248
NCIT:C7185	NCIT:C6620
NCIT:C7185	NCIT:C6633
NCIT:C7185	NCIT:C6712
NCIT:C7185	NCIT:C6810
NCIT:C7185	NCIT:C7353
NCIT:C7186	NCIT:C27249
NCIT:C7186	NCIT:C27822
NCIT:C7186	NCIT:C27826
NCIT:C7186	NCIT:C27827
NCIT:C7186	NCIT:C3458
NCIT:C7186	NCIT:C3459
NCIT:C7186	NCIT:C3462
NCIT:C7189	NCIT:C27857
NCIT:C7190	NCIT:C3531
NCIT:C7190	NCIT:C6028
NCIT:C7190	NCIT:C9323
NCIT:C7190	NCIT:C9353
NCIT:C7190	NCIT:C9465
NCIT:C7191	NCIT:C148244
NCIT:C7191	NCIT:C172315
NCIT:C7192	NCIT:C172318
NCIT:C7192	NCIT:C172323
NCIT:C7195	NCIT:C3721
NCIT:C7195	NCIT:C6860
NCIT:C7195	NCIT:C7196
NCIT:C7201	NCIT:C114451
NCIT:C7201	NCIT:C2964
NCIT:C7201	NCIT:C3286
NCIT:C7201	NCIT:C4199
NCIT:C7201	NCIT:C7596
NCIT:C7201	NCIT:C9294
NCIT:C7201	NCIT:C9295
NCIT:C7203	NCIT:C156103
NCIT:C7203	NCIT:C156104
NCIT:C7203	NCIT:C206208
NCIT:C72069	NCIT:C116780
NCIT:C72069	NCIT:C116782
NCIT:C72069	NCIT:C116784
NCIT:C72069	NCIT:C116785
NCIT:C72069	NCIT:C116786
NCIT:C72069	NCIT:C116787
NCIT:C72070	NCIT:C116789
NCIT:C72070	NCIT:C116791
NCIT:C72070	NCIT:C117103
NCIT:C72070	NCIT:C223664
NCIT:C72074	NCIT:C128044
NCIT:C72074	NCIT:C173388
NCIT:C72074	NCIT:C175611
NCIT:C72074	NCIT:C190078
NCIT:C72074	NCIT:C45551
NCIT:C72074	NCIT:C45719
NCIT:C72074	NCIT:C96166
NCIT:C7212	NCIT:C27858
NCIT:C7212	NCIT:C27859
NCIT:C7212	NCIT:C8285
NCIT:C7212	NCIT:C9017
NCIT:C7215	NCIT:C68837
NCIT:C7215	NCIT:C68838
NCIT:C7215	NCIT:C8504
NCIT:C7215	NCIT:C9244
NCIT:C7218	NCIT:C6859
NCIT:C7218	NCIT:C7217
NCIT:C7218	NCIT:C7219
NCIT:C7218	NCIT:C7220
NCIT:C7224	NCIT:C157683
NCIT:C7224	NCIT:C157684
NCIT:C7224	NCIT:C202936
NCIT:C7224	NCIT:C27859
NCIT:C7224	NCIT:C38159
NCIT:C7224	NCIT:C45216
NCIT:C7225	NCIT:C188790
NCIT:C7225	NCIT:C188791
NCIT:C7228	NCIT:C138014
NCIT:C7228	NCIT:C143085
NCIT:C7228	NCIT:C160240
NCIT:C7228	NCIT:C186484
NCIT:C7228	NCIT:C213770
NCIT:C7228	NCIT:C8652
NCIT:C7228	NCIT:C8846
NCIT:C7228	NCIT:C8847
NCIT:C7228	NCIT:C8853
NCIT:C7228	NCIT:C8858
NCIT:C7228	NCIT:C8862
NCIT:C7230	NCIT:C199457
NCIT:C7230	NCIT:C199460
NCIT:C7230	NCIT:C45163
NCIT:C7231	NCIT:C96053
NCIT:C7231	NCIT:C96054
NCIT:C7232	NCIT:C188179
NCIT:C7232	NCIT:C188180
NCIT:C7232	NCIT:C27695
NCIT:C7232	NCIT:C7183
NCIT:C7232	NCIT:C7233
NCIT:C7232	NCIT:C7243
NCIT:C7233	NCIT:C157474
NCIT:C7233	NCIT:C157475
NCIT:C7233	NCIT:C7237
NCIT:C7233	NCIT:C7238
NCIT:C7234	NCIT:C139028
NCIT:C7234	NCIT:C7235
NCIT:C7234	NCIT:C7236
NCIT:C7237	NCIT:C7240
NCIT:C7237	NCIT:C7244
NCIT:C7237	NCIT:C7246
NCIT:C7240	NCIT:C7241
NCIT:C7240	NCIT:C7242
NCIT:C7244	NCIT:C7245
NCIT:C7246	NCIT:C7247
NCIT:C7246	NCIT:C7248
NCIT:C7246	NCIT:C7249
NCIT:C7251	NCIT:C140225
NCIT:C7251	NCIT:C140241
NCIT:C7251	NCIT:C162469
NCIT:C7251	NCIT:C162470
NCIT:C7251	NCIT:C212205
NCIT:C7251	NCIT:C39948
NCIT:C7251	NCIT:C4584
NCIT:C7251	NCIT:C6359
NCIT:C7251	NCIT:C6810
NCIT:C7251	NCIT:C9063
NCIT:C7251	NCIT:C9277
NCIT:C7258	NCIT:C141225
NCIT:C7258	NCIT:C7259
NCIT:C7258	NCIT:C7260
NCIT:C7258	NCIT:C7942
NCIT:C7258	NCIT:C8060
NCIT:C7264	NCIT:C138186
NCIT:C7282	NCIT:C126310
NCIT:C7282	NCIT:C126311
NCIT:C7283	NCIT:C3856
NCIT:C7284	NCIT:C177774
NCIT:C7284	NCIT:C40000
NCIT:C7284	NCIT:C40003
NCIT:C7284	NCIT:C40006
NCIT:C7286	NCIT:C7284
NCIT:C7286	NCIT:C8113
NCIT:C7287	NCIT:C6261
NCIT:C7287	NCIT:C7290
NCIT:C7289	NCIT:C40434
NCIT:C7290	NCIT:C3498
NCIT:C7290	NCIT:C39965
NCIT:C7290	NCIT:C4204
NCIT:C7290	NCIT:C66989
NCIT:C7292	NCIT:C4564
NCIT:C7294	NCIT:C4663
NCIT:C7294	NCIT:C7305
NCIT:C7294	NCIT:C7307
NCIT:C7294	NCIT:C7308
NCIT:C7294	NCIT:C7309
NCIT:C7294	NCIT:C7312
NCIT:C7294	NCIT:C80309
NCIT:C7294	NCIT:C8459
NCIT:C7296	NCIT:C7297
NCIT:C7296	NCIT:C7300
NCIT:C7296	NCIT:C7301
NCIT:C7296	NCIT:C7302
NCIT:C7296	NCIT:C7303
NCIT:C7297	NCIT:C7298
NCIT:C7297	NCIT:C7299
NCIT:C7312	NCIT:C7310
NCIT:C7312	NCIT:C7311
NCIT:C7313	NCIT:C40031
NCIT:C7313	NCIT:C4511
NCIT:C7313	NCIT:C7279
NCIT:C7318	NCIT:C156722
NCIT:C7318	NCIT:C174511
NCIT:C7318	NCIT:C4861
NCIT:C7318	NCIT:C7171
NCIT:C7318	NCIT:C7319
NCIT:C7318	NCIT:C7940
NCIT:C7319	NCIT:C8263
NCIT:C7319	NCIT:C9156
NCIT:C7321	NCIT:C179475
NCIT:C7321	NCIT:C39985
NCIT:C7322	NCIT:C39911
NCIT:C7322	NCIT:C39912
NCIT:C7325	NCIT:C192096
NCIT:C7327	NCIT:C115428
NCIT:C7327	NCIT:C6812
NCIT:C7328	NCIT:C222480
NCIT:C7328	NCIT:C39919
NCIT:C7328	NCIT:C39920
NCIT:C7328	NCIT:C40957
NCIT:C7328	NCIT:C40958
NCIT:C7328	NCIT:C40959
NCIT:C7328	NCIT:C61383
NCIT:C7328	NCIT:C7329
NCIT:C7328	NCIT:C8917
NCIT:C7328	NCIT:C8918
NCIT:C7328	NCIT:C8919
NCIT:C7333	NCIT:C4683
NCIT:C7333	NCIT:C6481
NCIT:C7333	NCIT:C6814
NCIT:C7333	NCIT:C9182
NCIT:C7333	NCIT:C99180
NCIT:C7334	NCIT:C7391
NCIT:C7336	NCIT:C173095
NCIT:C7336	NCIT:C173097
NCIT:C7336	NCIT:C173117
NCIT:C7336	NCIT:C173166
NCIT:C7336	NCIT:C202978
NCIT:C7336	NCIT:C202990
NCIT:C7336	NCIT:C4413
NCIT:C7336	NCIT:C7488
NCIT:C7337	NCIT:C156711
NCIT:C7337	NCIT:C156713
NCIT:C7337	NCIT:C3322
NCIT:C7337	NCIT:C3357
NCIT:C7340	NCIT:C26919
NCIT:C7340	NCIT:C27080
NCIT:C7340	NCIT:C27260
NCIT:C7340	NCIT:C27352
NCIT:C7340	NCIT:C27356
NCIT:C7340	NCIT:C27809
NCIT:C7340	NCIT:C27824
NCIT:C7340	NCIT:C35382
NCIT:C7340	NCIT:C3825
NCIT:C7340	NCIT:C4036
NCIT:C7340	NCIT:C4338
NCIT:C7340	NCIT:C45213
NCIT:C7340	NCIT:C45332
NCIT:C7340	NCIT:C7186
NCIT:C7340	NCIT:C7194
NCIT:C7340	NCIT:C7200
NCIT:C7340	NCIT:C7202
NCIT:C7340	NCIT:C7204
NCIT:C7340	NCIT:C7216
NCIT:C7340	NCIT:C82991
NCIT:C7340	NCIT:C8648
NCIT:C7340	NCIT:C9464
NCIT:C7341	NCIT:C203968
NCIT:C7341	NCIT:C203969
NCIT:C7341	NCIT:C206156
NCIT:C7341	NCIT:C206163
NCIT:C7341	NCIT:C206170
NCIT:C7341	NCIT:C206174
NCIT:C7341	NCIT:C26913
NCIT:C7341	NCIT:C27087
NCIT:C7341	NCIT:C4614
NCIT:C7341	NCIT:C4615
NCIT:C7341	NCIT:C7419
NCIT:C7342	NCIT:C206153
NCIT:C7342	NCIT:C4463
NCIT:C7342	NCIT:C4914
NCIT:C7342	NCIT:C5628
NCIT:C7342	NCIT:C7341
NCIT:C7346	NCIT:C40196
NCIT:C7346	NCIT:C40197
NCIT:C7348	NCIT:C191675
NCIT:C7348	NCIT:C27425
NCIT:C7348	NCIT:C7662
NCIT:C7348	NCIT:C7663
NCIT:C7348	NCIT:C7670
NCIT:C7348	NCIT:C8336
NCIT:C7348	NCIT:C8368
NCIT:C7351	NCIT:C157574
NCIT:C7351	NCIT:C40198
NCIT:C7351	NCIT:C7665
NCIT:C7352	NCIT:C9325
NCIT:C7353	NCIT:C156945
NCIT:C7353	NCIT:C213753
NCIT:C7353	NCIT:C213755
NCIT:C7355	NCIT:C140356
NCIT:C7355	NCIT:C140377
NCIT:C7355	NCIT:C150514
NCIT:C7355	NCIT:C150519
NCIT:C7355	NCIT:C158588
NCIT:C7355	NCIT:C176997
NCIT:C7355	NCIT:C180607
NCIT:C7355	NCIT:C217733
NCIT:C7355	NCIT:C6148
NCIT:C7355	NCIT:C6186
NCIT:C7359	NCIT:C158437
NCIT:C7359	NCIT:C165289
NCIT:C7359	NCIT:C179322
NCIT:C7359	NCIT:C180536
NCIT:C7359	NCIT:C180537
NCIT:C7359	NCIT:C221811
NCIT:C7359	NCIT:C222632
NCIT:C7359	NCIT:C39749
NCIT:C7359	NCIT:C40145
NCIT:C7359	NCIT:C40153
NCIT:C7359	NCIT:C8942
NCIT:C7363	NCIT:C5201
NCIT:C7367	NCIT:C27125
NCIT:C7367	NCIT:C27520
NCIT:C7367	NCIT:C43310
NCIT:C7368	NCIT:C190279
NCIT:C7368	NCIT:C215007
NCIT:C7371	NCIT:C180948
NCIT:C7371	NCIT:C39864
NCIT:C7371	NCIT:C39865
NCIT:C7372	NCIT:C6905
NCIT:C7372	NCIT:C8419
NCIT:C7373	NCIT:C177153
NCIT:C7373	NCIT:C206716
NCIT:C7373	NCIT:C206718
NCIT:C7373	NCIT:C54389
NCIT:C7373	NCIT:C8023
NCIT:C7376	NCIT:C154441
NCIT:C7376	NCIT:C154444
NCIT:C7376	NCIT:C159675
NCIT:C7376	NCIT:C168545
NCIT:C7376	NCIT:C183134
NCIT:C7376	NCIT:C222813
NCIT:C7376	NCIT:C45666
NCIT:C7376	NCIT:C8707
NCIT:C7377	NCIT:C142785
NCIT:C7377	NCIT:C157602
NCIT:C7377	NCIT:C165454
NCIT:C7377	NCIT:C185043
NCIT:C7377	NCIT:C190100
NCIT:C7377	NCIT:C3577
NCIT:C7377	NCIT:C4453
NCIT:C7377	NCIT:C45652
NCIT:C7377	NCIT:C4566
NCIT:C7377	NCIT:C4794
NCIT:C7377	NCIT:C4860
NCIT:C7377	NCIT:C4878
NCIT:C7377	NCIT:C7527
NCIT:C7378	NCIT:C161580
NCIT:C7378	NCIT:C161607
NCIT:C7378	NCIT:C161608
NCIT:C7378	NCIT:C161611
NCIT:C7378	NCIT:C4863
NCIT:C7378	NCIT:C5527
NCIT:C7378	NCIT:C5531
NCIT:C7378	NCIT:C5533
NCIT:C7378	NCIT:C7080
NCIT:C7378	NCIT:C7731
NCIT:C7379	NCIT:C4639
NCIT:C7379	NCIT:C5047
NCIT:C7379	NCIT:C5601
NCIT:C7379	NCIT:C5611
NCIT:C7379	NCIT:C7460
NCIT:C7379	NCIT:C9291
NCIT:C7383	NCIT:C158382
NCIT:C7383	NCIT:C27202
NCIT:C7387	NCIT:C3084
NCIT:C7387	NCIT:C3801
NCIT:C7387	NCIT:C7391
NCIT:C7387	NCIT:C8537
NCIT:C7387	NCIT:C8538
NCIT:C7388	NCIT:C3723
NCIT:C7388	NCIT:C5209
NCIT:C7388	NCIT:C5354
NCIT:C7388	NCIT:C6478
NCIT:C7388	NCIT:C7334
NCIT:C7388	NCIT:C7387
NCIT:C7388	NCIT:C7389
NCIT:C7388	NCIT:C7390
NCIT:C7389	NCIT:C156342
NCIT:C7389	NCIT:C200524
NCIT:C7389	NCIT:C27127
NCIT:C7389	NCIT:C6524
NCIT:C7389	NCIT:C8537
NCIT:C7390	NCIT:C27529
NCIT:C7390	NCIT:C3205
NCIT:C7390	NCIT:C8538
NCIT:C7391	NCIT:C45473
NCIT:C7391	NCIT:C45474
NCIT:C7393	NCIT:C162580
NCIT:C7393	NCIT:C219754
NCIT:C7398	NCIT:C173577
NCIT:C7398	NCIT:C3529
NCIT:C7398	NCIT:C6029
NCIT:C7398	NCIT:C9105
NCIT:C7399	NCIT:C43551
NCIT:C7399	NCIT:C5512
NCIT:C7399	NCIT:C5676
NCIT:C7399	NCIT:C6658
NCIT:C7399	NCIT:C7038
NCIT:C7400	NCIT:C151976
NCIT:C7400	NCIT:C151977
NCIT:C7400	NCIT:C7952
NCIT:C7400	NCIT:C7954
NCIT:C7401	NCIT:C171064
NCIT:C7401	NCIT:C171065
NCIT:C7402	NCIT:C142882
NCIT:C7402	NCIT:C7301
NCIT:C7402	NCIT:C8029
NCIT:C7402	NCIT:C8030
NCIT:C7404	NCIT:C4825
NCIT:C7404	NCIT:C5918
NCIT:C7405	NCIT:C156076
NCIT:C7407	NCIT:C133795
NCIT:C7407	NCIT:C4595
NCIT:C7410	NCIT:C27394
NCIT:C7410	NCIT:C3917
NCIT:C7410	NCIT:C40276
NCIT:C7410	NCIT:C6333
NCIT:C7410	NCIT:C6379
NCIT:C7410	NCIT:C7737
NCIT:C7411	NCIT:C4679
NCIT:C7412	NCIT:C5716
NCIT:C7413	NCIT:C7415
NCIT:C7413	NCIT:C7416
NCIT:C7418	NCIT:C4640
NCIT:C7418	NCIT:C5548
NCIT:C7418	NCIT:C5553
NCIT:C7418	NCIT:C7426
NCIT:C7418	NCIT:C9382
NCIT:C7419	NCIT:C165485
NCIT:C7419	NCIT:C27516
NCIT:C7419	NCIT:C27517
NCIT:C7419	NCIT:C27518
NCIT:C7419	NCIT:C27548
NCIT:C7419	NCIT:C4087
NCIT:C7419	NCIT:C4468
NCIT:C7419	NCIT:C4469
NCIT:C7419	NCIT:C9006
NCIT:C7419	NCIT:C97041
NCIT:C7420	NCIT:C7421
NCIT:C7421	NCIT:C43584
NCIT:C7421	NCIT:C8634
NCIT:C7421	NCIT:C90509
NCIT:C7421	NCIT:C91226
NCIT:C7422	NCIT:C27274
NCIT:C7422	NCIT:C27642
NCIT:C7422	NCIT:C27788
NCIT:C7422	NCIT:C38164
NCIT:C7422	NCIT:C39840
NCIT:C7422	NCIT:C7435
NCIT:C7422	NCIT:C7659
NCIT:C7422	NCIT:C8957
NCIT:C7423	NCIT:C2891
NCIT:C7423	NCIT:C4839
NCIT:C7424	NCIT:C133647
NCIT:C7424	NCIT:C133654
NCIT:C7424	NCIT:C27836
NCIT:C7424	NCIT:C3955
NCIT:C7424	NCIT:C7405
NCIT:C7424	NCIT:C9472
NCIT:C7424	NCIT:C95752
NCIT:C7424	NCIT:C95898
NCIT:C7425	NCIT:C133192
NCIT:C7425	NCIT:C3025
NCIT:C7425	NCIT:C3187
NCIT:C7425	NCIT:C34866
NCIT:C7425	NCIT:C4697
NCIT:C7426	NCIT:C188076
NCIT:C7430	NCIT:C37212
NCIT:C7430	NCIT:C3850
NCIT:C7430	NCIT:C4265
NCIT:C7431	NCIT:C165261
NCIT:C7431	NCIT:C178441
NCIT:C7431	NCIT:C179474
NCIT:C7431	NCIT:C190659
NCIT:C7431	NCIT:C223972
NCIT:C7431	NCIT:C40021
NCIT:C7431	NCIT:C40026
NCIT:C7431	NCIT:C40035
NCIT:C7431	NCIT:C40443
NCIT:C7431	NCIT:C40444
NCIT:C7431	NCIT:C4514
NCIT:C7431	NCIT:C7456
NCIT:C7431	NCIT:C8053
NCIT:C7431	NCIT:C8267
NCIT:C7435	NCIT:C45607
NCIT:C7435	NCIT:C5665
NCIT:C7435	NCIT:C7436
NCIT:C7435	NCIT:C7437
NCIT:C7438	NCIT:C36085
NCIT:C7438	NCIT:C39896
NCIT:C7438	NCIT:C5650
NCIT:C7438	NCIT:C7381
NCIT:C7438	NCIT:C95967
NCIT:C7440	NCIT:C215881
NCIT:C7440	NCIT:C35839
NCIT:C7440	NCIT:C3698
NCIT:C7440	NCIT:C3712
NCIT:C7440	NCIT:C3785
NCIT:C7440	NCIT:C3793
NCIT:C7440	NCIT:C3842
NCIT:C7440	NCIT:C40112
NCIT:C7440	NCIT:C4181
NCIT:C7440	NCIT:C4614
NCIT:C7440	NCIT:C6880
NCIT:C7440	NCIT:C8295
NCIT:C7442	NCIT:C121786
NCIT:C7442	NCIT:C142829
NCIT:C7442	NCIT:C167370
NCIT:C7442	NCIT:C175272
NCIT:C7442	NCIT:C5978
NCIT:C7445	NCIT:C5966
NCIT:C7445	NCIT:C6216
NCIT:C7445	NCIT:C6954
NCIT:C7446	NCIT:C5966
NCIT:C7450	NCIT:C121131
NCIT:C7451	NCIT:C121131
NCIT:C7456	NCIT:C213280
NCIT:C7457	NCIT:C131760
NCIT:C7457	NCIT:C3480
NCIT:C7457	NCIT:C4357
NCIT:C7457	NCIT:C4390
NCIT:C7457	NCIT:C4487
NCIT:C7457	NCIT:C4545
NCIT:C7457	NCIT:C45751
NCIT:C7457	NCIT:C5210
NCIT:C7457	NCIT:C6645
NCIT:C7461	NCIT:C45925
NCIT:C7461	NCIT:C45926
NCIT:C7461	NCIT:C5963
NCIT:C7462	NCIT:C154339
NCIT:C7462	NCIT:C154340
NCIT:C7462	NCIT:C154342
NCIT:C7462	NCIT:C154429
NCIT:C7462	NCIT:C5964
NCIT:C7463	NCIT:C156717
NCIT:C7463	NCIT:C174512
NCIT:C7463	NCIT:C42779
NCIT:C7463	NCIT:C7962
NCIT:C7463	NCIT:C7970
NCIT:C7463	NCIT:C9020
NCIT:C7464	NCIT:C151975
NCIT:C7464	NCIT:C172626
NCIT:C7464	NCIT:C172630
NCIT:C7464	NCIT:C200494
NCIT:C7464	NCIT:C209281
NCIT:C7464	NCIT:C82179
NCIT:C7464	NCIT:C9298
NCIT:C7467	NCIT:C68693
NCIT:C7469	NCIT:C173334
NCIT:C7469	NCIT:C175360
NCIT:C7469	NCIT:C175383
NCIT:C7469	NCIT:C175384
NCIT:C7469	NCIT:C8255
NCIT:C7471	NCIT:C5606
NCIT:C7471	NCIT:C7477
NCIT:C7472	NCIT:C216218
NCIT:C7472	NCIT:C6925
NCIT:C7472	NCIT:C7473
NCIT:C7472	NCIT:C7476
NCIT:C7474	NCIT:C5609
NCIT:C7474	NCIT:C7475
NCIT:C7477	NCIT:C153577
NCIT:C7478	NCIT:C3513
NCIT:C7478	NCIT:C5341
NCIT:C7478	NCIT:C5687
NCIT:C7478	NCIT:C5707
NCIT:C7478	NCIT:C7479
NCIT:C7478	NCIT:C7512
NCIT:C7478	NCIT:C7513
NCIT:C7480	NCIT:C126464
NCIT:C7480	NCIT:C3867
NCIT:C7480	NCIT:C40124
NCIT:C7480	NCIT:C40125
NCIT:C7480	NCIT:C40128
NCIT:C7481	NCIT:C35676
NCIT:C7481	NCIT:C3844
NCIT:C7481	NCIT:C5734
NCIT:C7481	NCIT:C5735
NCIT:C7481	NCIT:C5736
NCIT:C7481	NCIT:C7482
NCIT:C7483	NCIT:C3860
NCIT:C7483	NCIT:C5029
NCIT:C7483	NCIT:C96952
NCIT:C7483	NCIT:C96953
NCIT:C7484	NCIT:C173400
NCIT:C7484	NCIT:C3544
NCIT:C7484	NCIT:C3545
NCIT:C7484	NCIT:C3546
NCIT:C7484	NCIT:C4855
NCIT:C7484	NCIT:C6020
NCIT:C7484	NCIT:C6031
NCIT:C7485	NCIT:C3490
NCIT:C7485	NCIT:C8542
NCIT:C7486	NCIT:C3931
NCIT:C7486	NCIT:C3932
NCIT:C7486	NCIT:C3933
NCIT:C7486	NCIT:C4367
NCIT:C7487	NCIT:C3540
NCIT:C7487	NCIT:C3541
NCIT:C7487	NCIT:C3542
NCIT:C7487	NCIT:C3543
NCIT:C7487	NCIT:C6014
NCIT:C7487	NCIT:C6016
NCIT:C7487	NCIT:C6068
NCIT:C7487	NCIT:C6849
NCIT:C7488	NCIT:C202993
NCIT:C7488	NCIT:C3219
NCIT:C7488	NCIT:C4416
NCIT:C7488	NCIT:C4419
NCIT:C7488	NCIT:C6792
NCIT:C7488	NCIT:C7487
NCIT:C7488	NCIT:C8532
NCIT:C7489	NCIT:C133095
NCIT:C7489	NCIT:C133787
NCIT:C7489	NCIT:C5612
NCIT:C7489	NCIT:C7469
NCIT:C7489	NCIT:C7471
NCIT:C7489	NCIT:C7793
NCIT:C7489	NCIT:C96529
NCIT:C7489	NCIT:C96549
NCIT:C7489	NCIT:C96553
NCIT:C7490	NCIT:C27238
NCIT:C7490	NCIT:C27275
NCIT:C7491	NCIT:C7498
NCIT:C7491	NCIT:C7499
NCIT:C7492	NCIT:C7493
NCIT:C7492	NCIT:C7496
NCIT:C7492	NCIT:C7497
NCIT:C7496	NCIT:C54298
NCIT:C7496	NCIT:C54299
NCIT:C74984	NCIT:C168733
NCIT:C74984	NCIT:C74985
NCIT:C74988	NCIT:C74995
NCIT:C74988	NCIT:C75460
NCIT:C74988	NCIT:C75475
NCIT:C74988	NCIT:C75476
NCIT:C74996	NCIT:C148259
NCIT:C74996	NCIT:C159653
NCIT:C74996	NCIT:C175702
NCIT:C74996	NCIT:C181002
NCIT:C74996	NCIT:C74997
NCIT:C7500	NCIT:C54303
NCIT:C75000	NCIT:C75002
NCIT:C75000	NCIT:C75045
NCIT:C75000	NCIT:C75121
NCIT:C75003	NCIT:C75005
NCIT:C75006	NCIT:C114768
NCIT:C75006	NCIT:C186786
NCIT:C75006	NCIT:C188143
NCIT:C75006	NCIT:C75119
NCIT:C75009	NCIT:C75011
NCIT:C7501	NCIT:C190157
NCIT:C75016	NCIT:C75485
NCIT:C7502	NCIT:C128165
NCIT:C7502	NCIT:C128295
NCIT:C7502	NCIT:C3557
NCIT:C7502	NCIT:C40304
NCIT:C7502	NCIT:C40317
NCIT:C7502	NCIT:C40329
NCIT:C7502	NCIT:C4866
NCIT:C7502	NCIT:C6332
NCIT:C7502	NCIT:C7637
NCIT:C7502	NCIT:C7638
NCIT:C7503	NCIT:C181907
NCIT:C7503	NCIT:C5316
NCIT:C7506	NCIT:C188449
NCIT:C7506	NCIT:C82595
NCIT:C7507	NCIT:C159665
NCIT:C7507	NCIT:C3561
NCIT:C7507	NCIT:C39866
NCIT:C7507	NCIT:C39867
NCIT:C7507	NCIT:C7573
NCIT:C7507	NCIT:C7640
NCIT:C7507	NCIT:C7641
NCIT:C7507	NCIT:C9106
NCIT:C7508	NCIT:C131218
NCIT:C7510	NCIT:C150538
NCIT:C7510	NCIT:C150539
NCIT:C7510	NCIT:C156408
NCIT:C7510	NCIT:C187995
NCIT:C7510	NCIT:C4815
NCIT:C7510	NCIT:C5265
NCIT:C7510	NCIT:C6041
NCIT:C7510	NCIT:C7509
NCIT:C7511	NCIT:C188112
NCIT:C7512	NCIT:C3532
NCIT:C7512	NCIT:C4763
NCIT:C7512	NCIT:C4764
NCIT:C7513	NCIT:C3533
NCIT:C7513	NCIT:C3534
NCIT:C7513	NCIT:C3535
NCIT:C7514	NCIT:C3150
NCIT:C7514	NCIT:C3427
NCIT:C7514	NCIT:C7515
NCIT:C7515	NCIT:C6142
NCIT:C7515	NCIT:C7716
NCIT:C7515	NCIT:C8993
NCIT:C7517	NCIT:C6202
NCIT:C7517	NCIT:C6203
NCIT:C7518	NCIT:C4529
NCIT:C7518	NCIT:C4597
NCIT:C7519	NCIT:C6144
NCIT:C7519	NCIT:C6150
NCIT:C7520	NCIT:C6145
NCIT:C7520	NCIT:C6151
NCIT:C7521	NCIT:C6146
NCIT:C7521	NCIT:C6152
NCIT:C7522	NCIT:C6147
NCIT:C7522	NCIT:C6153
NCIT:C7523	NCIT:C118826
NCIT:C7523	NCIT:C132260
NCIT:C7523	NCIT:C170919
NCIT:C7523	NCIT:C176678
NCIT:C7523	NCIT:C193425
NCIT:C7523	NCIT:C3536
NCIT:C7523	NCIT:C4007
NCIT:C7523	NCIT:C5335
NCIT:C7523	NCIT:C7524
NCIT:C7523	NCIT:C7724
NCIT:C7523	NCIT:C9328
NCIT:C7525	NCIT:C6142
NCIT:C7526	NCIT:C188978
NCIT:C7526	NCIT:C207026
NCIT:C7527	NCIT:C7779
NCIT:C7528	NCIT:C141294
NCIT:C7528	NCIT:C45271
NCIT:C7528	NCIT:C8671
NCIT:C7528	NCIT:C8676
NCIT:C7529	NCIT:C7530
NCIT:C7529	NCIT:C7531
NCIT:C7530	NCIT:C7532
NCIT:C7531	NCIT:C7532
NCIT:C7533	NCIT:C174539
NCIT:C7533	NCIT:C6769
NCIT:C7533	NCIT:C7534
NCIT:C7534	NCIT:C7530
NCIT:C7535	NCIT:C7529
NCIT:C7535	NCIT:C7534
NCIT:C7539	NCIT:C193424
NCIT:C7539	NCIT:C3163
NCIT:C7539	NCIT:C3167
NCIT:C7539	NCIT:C3181
NCIT:C7539	NCIT:C4343
NCIT:C7539	NCIT:C4664
NCIT:C7539	NCIT:C7400
NCIT:C7539	NCIT:C7401
NCIT:C7539	NCIT:C7402
NCIT:C7539	NCIT:C8594
NCIT:C7539	NCIT:C8647
NCIT:C7540	NCIT:C141259
NCIT:C7540	NCIT:C161605
NCIT:C7540	NCIT:C201961
NCIT:C7540	NCIT:C217101
NCIT:C7540	NCIT:C36273
NCIT:C7540	NCIT:C37203
NCIT:C7540	NCIT:C37206
NCIT:C7540	NCIT:C7304
NCIT:C7540	NCIT:C8154
NCIT:C7540	NCIT:C8846
NCIT:C7541	NCIT:C140750
NCIT:C7541	NCIT:C198174
NCIT:C7541	NCIT:C42596
NCIT:C7541	NCIT:C66813
NCIT:C7541	NCIT:C66814
NCIT:C7541	NCIT:C66815
NCIT:C7541	NCIT:C7019
NCIT:C7541	NCIT:C7846
NCIT:C7541	NCIT:C7848
NCIT:C7541	NCIT:C7849
NCIT:C7541	NCIT:C8495
NCIT:C7541	NCIT:C8713
NCIT:C7541	NCIT:C8714
NCIT:C7542	NCIT:C27900
NCIT:C7542	NCIT:C27902
NCIT:C7543	NCIT:C6175
NCIT:C7543	NCIT:C7544
NCIT:C7543	NCIT:C8993
NCIT:C7545	NCIT:C150531
NCIT:C7545	NCIT:C150532
NCIT:C7545	NCIT:C173354
NCIT:C7545	NCIT:C178521
NCIT:C7545	NCIT:C7190
NCIT:C7545	NCIT:C7398
NCIT:C7545	NCIT:C7546
NCIT:C7545	NCIT:C9321
NCIT:C7545	NCIT:C9466
NCIT:C7546	NCIT:C6028
NCIT:C7546	NCIT:C6029
NCIT:C7546	NCIT:C6030
NCIT:C75464	NCIT:C103918
NCIT:C75464	NCIT:C84578
NCIT:C75464	NCIT:C84579
NCIT:C75466	NCIT:C153290
NCIT:C75466	NCIT:C153291
NCIT:C75467	NCIT:C118782
NCIT:C75467	NCIT:C122659
NCIT:C75467	NCIT:C129068
NCIT:C75467	NCIT:C129864
NCIT:C75467	NCIT:C132826
NCIT:C75467	NCIT:C133087
NCIT:C75467	NCIT:C133886
NCIT:C75467	NCIT:C134952
NCIT:C75467	NCIT:C134953
NCIT:C75467	NCIT:C134954
NCIT:C75467	NCIT:C150609
NCIT:C75467	NCIT:C168974
NCIT:C75467	NCIT:C190871
NCIT:C75467	NCIT:C206095
NCIT:C75467	NCIT:C212863
NCIT:C75467	NCIT:C214860
NCIT:C75467	NCIT:C217417
NCIT:C75467	NCIT:C75468
NCIT:C7547	NCIT:C118821
NCIT:C7547	NCIT:C162547
NCIT:C7547	NCIT:C162548
NCIT:C7547	NCIT:C162549
NCIT:C7547	NCIT:C162581
NCIT:C7547	NCIT:C7730
NCIT:C7547	NCIT:C9061
NCIT:C75479	NCIT:C75480
NCIT:C7548	NCIT:C120456
NCIT:C7548	NCIT:C123907
NCIT:C7548	NCIT:C212983
NCIT:C7548	NCIT:C213639
NCIT:C7548	NCIT:C219661
NCIT:C7548	NCIT:C37265
NCIT:C7548	NCIT:C40407
NCIT:C7548	NCIT:C4525
NCIT:C7548	NCIT:C63532
NCIT:C7548	NCIT:C67214
NCIT:C7548	NCIT:C7525
NCIT:C7548	NCIT:C7549
NCIT:C7548	NCIT:C9384
NCIT:C7549	NCIT:C185153
NCIT:C7549	NCIT:C225327
NCIT:C7550	NCIT:C105555
NCIT:C7550	NCIT:C105556
NCIT:C7550	NCIT:C153615
NCIT:C7550	NCIT:C160781
NCIT:C7550	NCIT:C160782
NCIT:C7550	NCIT:C171015
NCIT:C7550	NCIT:C214962
NCIT:C7550	NCIT:C7978
NCIT:C75545	NCIT:C123223
NCIT:C75545	NCIT:C123226
NCIT:C7558	NCIT:C114656
NCIT:C7558	NCIT:C126769
NCIT:C7558	NCIT:C150093
NCIT:C7558	NCIT:C150094
NCIT:C7558	NCIT:C156068
NCIT:C7558	NCIT:C171033
NCIT:C7558	NCIT:C171610
NCIT:C7558	NCIT:C180335
NCIT:C7558	NCIT:C190680
NCIT:C7558	NCIT:C205187
NCIT:C7558	NCIT:C205295
NCIT:C7558	NCIT:C205310
NCIT:C7558	NCIT:C206217
NCIT:C7558	NCIT:C206278
NCIT:C7558	NCIT:C214996
NCIT:C7558	NCIT:C40154
NCIT:C7558	NCIT:C7359
NCIT:C7558	NCIT:C8719
NCIT:C7559	NCIT:C187099
NCIT:C7559	NCIT:C46123
NCIT:C7560	NCIT:C4168
NCIT:C7560	NCIT:C4172
NCIT:C7560	NCIT:C43356
NCIT:C7560	NCIT:C7563
NCIT:C7563	NCIT:C205539
NCIT:C7563	NCIT:C7567
NCIT:C7563	NCIT:C7568
NCIT:C7565	NCIT:C214976
NCIT:C7568	NCIT:C40312
NCIT:C7569	NCIT:C146706
NCIT:C7569	NCIT:C148125
NCIT:C7569	NCIT:C148127
NCIT:C7569	NCIT:C148128
NCIT:C7569	NCIT:C148173
NCIT:C7569	NCIT:C171031
NCIT:C7569	NCIT:C183313
NCIT:C7569	NCIT:C183316
NCIT:C7569	NCIT:C35718
NCIT:C7569	NCIT:C6455
NCIT:C7569	NCIT:C6457
NCIT:C7569	NCIT:C6458
NCIT:C7569	NCIT:C6459
NCIT:C7569	NCIT:C6462
NCIT:C7569	NCIT:C6463
NCIT:C7569	NCIT:C7998
NCIT:C7570	NCIT:C165529
NCIT:C7570	NCIT:C174502
NCIT:C7570	NCIT:C204907
NCIT:C7570	NCIT:C213114
NCIT:C7570	NCIT:C213115
NCIT:C7570	NCIT:C213118
NCIT:C7570	NCIT:C213198
NCIT:C7570	NCIT:C213199
NCIT:C7570	NCIT:C27816
NCIT:C7570	NCIT:C4551
NCIT:C7570	NCIT:C7571
NCIT:C7571	NCIT:C190284
NCIT:C7571	NCIT:C204482
NCIT:C7571	NCIT:C213113
NCIT:C7571	NCIT:C27007
NCIT:C7571	NCIT:C27095
NCIT:C7571	NCIT:C3694
NCIT:C7571	NCIT:C3804
NCIT:C7571	NCIT:C3901
NCIT:C7571	NCIT:C4226
NCIT:C7571	NCIT:C4231
NCIT:C7571	NCIT:C4495
NCIT:C7571	NCIT:C4497
NCIT:C7571	NCIT:C54658
NCIT:C7571	NCIT:C54659
NCIT:C7571	NCIT:C54660
NCIT:C7571	NCIT:C54661
NCIT:C7571	NCIT:C7577
NCIT:C7571	NCIT:C7602
NCIT:C7571	NCIT:C7603
NCIT:C7571	NCIT:C82862
NCIT:C7572	NCIT:C157755
NCIT:C7572	NCIT:C162726
NCIT:C7572	NCIT:C162727
NCIT:C7572	NCIT:C174567
NCIT:C7572	NCIT:C189247
NCIT:C7574	NCIT:C5531
NCIT:C7574	NCIT:C5532
NCIT:C7575	NCIT:C189340
NCIT:C7575	NCIT:C4504
NCIT:C7575	NCIT:C5196
NCIT:C7575	NCIT:C5316
NCIT:C7578	NCIT:C128289
NCIT:C7578	NCIT:C40240
NCIT:C7578	NCIT:C40281
NCIT:C7580	NCIT:C4174
NCIT:C7580	NCIT:C7560
NCIT:C7581	NCIT:C215030
NCIT:C7587	NCIT:C141148
NCIT:C7587	NCIT:C7702
NCIT:C7587	NCIT:C7704
NCIT:C7587	NCIT:C7942
NCIT:C7591	NCIT:C7267
NCIT:C7591	NCIT:C9137
NCIT:C7596	NCIT:C121787
NCIT:C7596	NCIT:C142830
NCIT:C7596	NCIT:C162732
NCIT:C7596	NCIT:C162733
NCIT:C7596	NCIT:C175274
NCIT:C7596	NCIT:C35700
NCIT:C7596	NCIT:C40395
NCIT:C7597	NCIT:C7859
NCIT:C7597	NCIT:C9355
NCIT:C7600	NCIT:C125715
NCIT:C7600	NCIT:C180897
NCIT:C7600	NCIT:C198957
NCIT:C7600	NCIT:C82430
NCIT:C7600	NCIT:C9289
NCIT:C7605	NCIT:C6210
NCIT:C7606	NCIT:C173479
NCIT:C7606	NCIT:C173487
NCIT:C7606	NCIT:C202955
NCIT:C7606	NCIT:C3057
NCIT:C7606	NCIT:C3286
NCIT:C7606	NCIT:C3416
NCIT:C7606	NCIT:C3417
NCIT:C7606	NCIT:C4401
NCIT:C7606	NCIT:C4402
NCIT:C7606	NCIT:C4405
NCIT:C7606	NCIT:C5912
NCIT:C7606	NCIT:C7607
NCIT:C7606	NCIT:C9314
NCIT:C7607	NCIT:C173480
NCIT:C7607	NCIT:C202860
NCIT:C7607	NCIT:C202876
NCIT:C7607	NCIT:C212098
NCIT:C7607	NCIT:C3592
NCIT:C7607	NCIT:C3593
NCIT:C7607	NCIT:C3594
NCIT:C7607	NCIT:C4306
NCIT:C7607	NCIT:C4406
NCIT:C7607	NCIT:C4598
NCIT:C7607	NCIT:C4599
NCIT:C7607	NCIT:C6242
NCIT:C7607	NCIT:C6845
NCIT:C7607	NCIT:C7605
NCIT:C7608	NCIT:C173475
NCIT:C7608	NCIT:C173476
NCIT:C7608	NCIT:C3591
NCIT:C7608	NCIT:C7607
NCIT:C7609	NCIT:C5054
NCIT:C7611	NCIT:C5055
NCIT:C7611	NCIT:C7609
NCIT:C7612	NCIT:C148099
NCIT:C7612	NCIT:C6886
NCIT:C7612	NCIT:C6889
NCIT:C7612	NCIT:C7904
NCIT:C7612	NCIT:C7905
NCIT:C7612	NCIT:C7996
NCIT:C7612	NCIT:C7997
NCIT:C7612	NCIT:C7999
NCIT:C7612	NCIT:C9080
NCIT:C7614	NCIT:C171101
NCIT:C7614	NCIT:C206289
NCIT:C7614	NCIT:C206326
NCIT:C7614	NCIT:C45238
NCIT:C7614	NCIT:C45249
NCIT:C7614	NCIT:C45250
NCIT:C7614	NCIT:C62776
NCIT:C7615	NCIT:C115150
NCIT:C7615	NCIT:C188457
NCIT:C7615	NCIT:C7873
NCIT:C7616	NCIT:C115204
NCIT:C7616	NCIT:C188455
NCIT:C7616	NCIT:C188456
NCIT:C7616	NCIT:C9079
NCIT:C7617	NCIT:C139547
NCIT:C7617	NCIT:C2860
NCIT:C7617	NCIT:C4777
NCIT:C7617	NCIT:C4934
NCIT:C7617	NCIT:C67012
NCIT:C7619	NCIT:C115441
NCIT:C7619	NCIT:C148127
NCIT:C7619	NCIT:C150540
NCIT:C7619	NCIT:C157639
NCIT:C7619	NCIT:C159565
NCIT:C7619	NCIT:C162652
NCIT:C7619	NCIT:C162732
NCIT:C7619	NCIT:C190194
NCIT:C7619	NCIT:C190776
NCIT:C7619	NCIT:C214784
NCIT:C7619	NCIT:C7620
NCIT:C7619	NCIT:C7621
NCIT:C7619	NCIT:C7622
NCIT:C7619	NCIT:C7623
NCIT:C7619	NCIT:C7624
NCIT:C7619	NCIT:C7771
NCIT:C7619	NCIT:C7903
NCIT:C7619	NCIT:C8953
NCIT:C7619	NCIT:C9181
NCIT:C7620	NCIT:C115429
NCIT:C7620	NCIT:C150094
NCIT:C7620	NCIT:C198678
NCIT:C7620	NCIT:C222817
NCIT:C7620	NCIT:C7804
NCIT:C7620	NCIT:C7833
NCIT:C7620	NCIT:C7860
NCIT:C7620	NCIT:C9054
NCIT:C7621	NCIT:C7870
NCIT:C7621	NCIT:C7902
NCIT:C7622	NCIT:C151905
NCIT:C7622	NCIT:C153802
NCIT:C7622	NCIT:C155938
NCIT:C7622	NCIT:C156782
NCIT:C7622	NCIT:C208295
NCIT:C7622	NCIT:C210258
NCIT:C7622	NCIT:C3999
NCIT:C7622	NCIT:C7110
NCIT:C7622	NCIT:C7626
NCIT:C7622	NCIT:C7894
NCIT:C7622	NCIT:C8625
NCIT:C7622	NCIT:C9237
NCIT:C7623	NCIT:C157631
NCIT:C7623	NCIT:C172622
NCIT:C7623	NCIT:C7508
NCIT:C7623	NCIT:C7899
NCIT:C7623	NCIT:C9255
NCIT:C7624	NCIT:C133709
NCIT:C7624	NCIT:C4034
NCIT:C7624	NCIT:C5103
NCIT:C7624	NCIT:C67558
NCIT:C7624	NCIT:C7828
NCIT:C7624	NCIT:C7908
NCIT:C7624	NCIT:C7926
NCIT:C7624	NCIT:C8037
NCIT:C7625	NCIT:C162569
NCIT:C7625	NCIT:C162570
NCIT:C7625	NCIT:C162782
NCIT:C7625	NCIT:C176517
NCIT:C7625	NCIT:C216181
NCIT:C7625	NCIT:C218459
NCIT:C7625	NCIT:C218460
NCIT:C7625	NCIT:C8167
NCIT:C7626	NCIT:C115433
NCIT:C7626	NCIT:C155742
NCIT:C7627	NCIT:C8500
NCIT:C7627	NCIT:C8713
NCIT:C7628	NCIT:C120186
NCIT:C7628	NCIT:C134168
NCIT:C7628	NCIT:C157131
NCIT:C7628	NCIT:C175670
NCIT:C7628	NCIT:C188179
NCIT:C7628	NCIT:C193456
NCIT:C7628	NCIT:C193458
NCIT:C7628	NCIT:C200652
NCIT:C7628	NCIT:C202989
NCIT:C7628	NCIT:C71701
NCIT:C7630	NCIT:C6505
NCIT:C7631	NCIT:C8703
NCIT:C7631	NCIT:C9253
NCIT:C76326	NCIT:C210995
NCIT:C76328	NCIT:C210996
NCIT:C76328	NCIT:C218401
NCIT:C76328	NCIT:C223363
NCIT:C76328	NCIT:C223368
NCIT:C76328	NCIT:C223370
NCIT:C7633	NCIT:C45661
NCIT:C7633	NCIT:C6536
NCIT:C7633	NCIT:C7354
NCIT:C7633	NCIT:C9350
NCIT:C7634	NCIT:C126357
NCIT:C7634	NCIT:C129526
NCIT:C7634	NCIT:C156349
NCIT:C7634	NCIT:C159222
NCIT:C7634	NCIT:C159679
NCIT:C7634	NCIT:C161579
NCIT:C7634	NCIT:C172940
NCIT:C7634	NCIT:C173137
NCIT:C7634	NCIT:C181935
NCIT:C7634	NCIT:C181936
NCIT:C7634	NCIT:C193456
NCIT:C7634	NCIT:C202620
NCIT:C7634	NCIT:C4281
NCIT:C7634	NCIT:C4457
NCIT:C7634	NCIT:C45744
NCIT:C7634	NCIT:C6894
NCIT:C7635	NCIT:C192121
NCIT:C7635	NCIT:C45660
NCIT:C7635	NCIT:C45661
NCIT:C7636	NCIT:C142804
NCIT:C7636	NCIT:C179710
NCIT:C7637	NCIT:C9364
NCIT:C7638	NCIT:C9363
NCIT:C7639	NCIT:C162619
NCIT:C7644	NCIT:C8461
NCIT:C7646	NCIT:C157243
NCIT:C7646	NCIT:C157244
NCIT:C7650	NCIT:C213282
NCIT:C7653	NCIT:C121738
NCIT:C7653	NCIT:C173132
NCIT:C7653	NCIT:C202896
NCIT:C7653	NCIT:C6491
NCIT:C7653	NCIT:C7333
NCIT:C7653	NCIT:C7334
NCIT:C7653	NCIT:C7630
NCIT:C7653	NCIT:C97076
NCIT:C7655	NCIT:C4828
NCIT:C7655	NCIT:C7656
NCIT:C7655	NCIT:C82891
NCIT:C7655	NCIT:C96765
NCIT:C7655	NCIT:C96807
NCIT:C7655	NCIT:C96809
NCIT:C7655	NCIT:C96836
NCIT:C7655	NCIT:C96838
NCIT:C7655	NCIT:C96877
NCIT:C7655	NCIT:C96879
NCIT:C7655	NCIT:C96883
NCIT:C7655	NCIT:C96886
NCIT:C7656	NCIT:C96768
NCIT:C7656	NCIT:C96770
NCIT:C7657	NCIT:C3138
NCIT:C7657	NCIT:C7407
NCIT:C7657	NCIT:C7658
NCIT:C7658	NCIT:C27459
NCIT:C7658	NCIT:C27462
NCIT:C7658	NCIT:C4595
NCIT:C7659	NCIT:C35180
NCIT:C7659	NCIT:C7412
NCIT:C7659	NCIT:C7423
NCIT:C7659	NCIT:C7424
NCIT:C7659	NCIT:C7655
NCIT:C7659	NCIT:C7657
NCIT:C7659	NCIT:C8962
NCIT:C7660	NCIT:C7360
NCIT:C7661	NCIT:C172803
NCIT:C7661	NCIT:C172804
NCIT:C7661	NCIT:C27428
NCIT:C7661	NCIT:C27436
NCIT:C7661	NCIT:C27460
NCIT:C7661	NCIT:C27463
NCIT:C7661	NCIT:C5542
NCIT:C7661	NCIT:C7674
NCIT:C7661	NCIT:C96419
NCIT:C7662	NCIT:C27429
NCIT:C7662	NCIT:C27437
NCIT:C7662	NCIT:C27461
NCIT:C7662	NCIT:C27464
NCIT:C7662	NCIT:C5541
NCIT:C7662	NCIT:C67493
NCIT:C7662	NCIT:C6877
NCIT:C7662	NCIT:C7660
NCIT:C7662	NCIT:C7675
NCIT:C7662	NCIT:C95432
NCIT:C7662	NCIT:C95918
NCIT:C7662	NCIT:C96420
NCIT:C7663	NCIT:C4645
NCIT:C7663	NCIT:C7855
NCIT:C7663	NCIT:C89476
NCIT:C7667	NCIT:C27790
NCIT:C7667	NCIT:C7665
NCIT:C7670	NCIT:C4000
NCIT:C7670	NCIT:C40197
NCIT:C7670	NCIT:C7675
NCIT:C7670	NCIT:C89550
NCIT:C7670	NCIT:C94676
NCIT:C7673	NCIT:C7674
NCIT:C7673	NCIT:C7675
NCIT:C7675	NCIT:C4520
NCIT:C7676	NCIT:C162531
NCIT:C7676	NCIT:C213378
NCIT:C7676	NCIT:C213379
NCIT:C7676	NCIT:C4136
NCIT:C7676	NCIT:C7678
NCIT:C7677	NCIT:C7679
NCIT:C7682	NCIT:C7676
NCIT:C7683	NCIT:C7684
NCIT:C7683	NCIT:C7685
NCIT:C7688	NCIT:C6393
NCIT:C7688	NCIT:C7689
NCIT:C7690	NCIT:C4195
NCIT:C7690	NCIT:C6939
NCIT:C7691	NCIT:C9064
NCIT:C7692	NCIT:C165293
NCIT:C7692	NCIT:C8642
NCIT:C7698	NCIT:C215365
NCIT:C7699	NCIT:C172655
NCIT:C7699	NCIT:C8961
NCIT:C7699	NCIT:C95773
NCIT:C7699	NCIT:C95775
NCIT:C7700	NCIT:C153614
NCIT:C7700	NCIT:C170968
NCIT:C7700	NCIT:C179208
NCIT:C7700	NCIT:C179321
NCIT:C7700	NCIT:C179339
NCIT:C7700	NCIT:C224630
NCIT:C7700	NCIT:C40078
NCIT:C7700	NCIT:C5228
NCIT:C7700	NCIT:C5243
NCIT:C7700	NCIT:C7550
NCIT:C7700	NCIT:C7979
NCIT:C7702	NCIT:C114783
NCIT:C7702	NCIT:C114807
NCIT:C7702	NCIT:C114809
NCIT:C7702	NCIT:C141189
NCIT:C7702	NCIT:C141226
NCIT:C7702	NCIT:C69138
NCIT:C7702	NCIT:C7789
NCIT:C7703	NCIT:C114773
NCIT:C7703	NCIT:C114785
NCIT:C7703	NCIT:C187207
NCIT:C7703	NCIT:C187215
NCIT:C7703	NCIT:C188931
NCIT:C7703	NCIT:C188943
NCIT:C7703	NCIT:C5795
NCIT:C7703	NCIT:C5798
NCIT:C7703	NCIT:C5802
NCIT:C7703	NCIT:C5960
NCIT:C7703	NCIT:C6253
NCIT:C7703	NCIT:C7535
NCIT:C7703	NCIT:C7834
NCIT:C7704	NCIT:C114784
NCIT:C7704	NCIT:C141158
NCIT:C7704	NCIT:C141235
NCIT:C7704	NCIT:C27367
NCIT:C7704	NCIT:C7615
NCIT:C7704	NCIT:C8098
NCIT:C7704	NCIT:C8491
NCIT:C7704	NCIT:C8492
NCIT:C7705	NCIT:C123397
NCIT:C7705	NCIT:C187193
NCIT:C7705	NCIT:C198149
NCIT:C7705	NCIT:C7815
NCIT:C7705	NCIT:C7957
NCIT:C7705	NCIT:C7958
NCIT:C7705	NCIT:C7959
NCIT:C7705	NCIT:C7960
NCIT:C7705	NCIT:C8065
NCIT:C7706	NCIT:C115369
NCIT:C7706	NCIT:C141217
NCIT:C7706	NCIT:C141236
NCIT:C7706	NCIT:C198054
NCIT:C7706	NCIT:C210124
NCIT:C7706	NCIT:C210133
NCIT:C7706	NCIT:C5637
NCIT:C7706	NCIT:C9124
NCIT:C7707	NCIT:C114541
NCIT:C7707	NCIT:C156071
NCIT:C7707	NCIT:C189935
NCIT:C7707	NCIT:C27370
NCIT:C7707	NCIT:C27373
NCIT:C7707	NCIT:C27375
NCIT:C7707	NCIT:C40267
NCIT:C7707	NCIT:C7817
NCIT:C7707	NCIT:C7818
NCIT:C7707	NCIT:C7819
NCIT:C7707	NCIT:C7820
NCIT:C7707	NCIT:C7821
NCIT:C7707	NCIT:C7822
NCIT:C7707	NCIT:C7924
NCIT:C7707	NCIT:C7925
NCIT:C7707	NCIT:C7943
NCIT:C7707	NCIT:C7944
NCIT:C7708	NCIT:C189934
NCIT:C7708	NCIT:C190020
NCIT:C7708	NCIT:C208289
NCIT:C7708	NCIT:C213351
NCIT:C7708	NCIT:C7839
NCIT:C7708	NCIT:C7955
NCIT:C7708	NCIT:C96830
NCIT:C7708	NCIT:C96847
NCIT:C7709	NCIT:C115245
NCIT:C7709	NCIT:C172719
NCIT:C7709	NCIT:C179419
NCIT:C7709	NCIT:C203258
NCIT:C7709	NCIT:C203262
NCIT:C7709	NCIT:C27252
NCIT:C7709	NCIT:C4138
NCIT:C7709	NCIT:C4637
NCIT:C7709	NCIT:C5820
NCIT:C7709	NCIT:C5861
NCIT:C7709	NCIT:C6422
NCIT:C7709	NCIT:C7861
NCIT:C7709	NCIT:C7862
NCIT:C7709	NCIT:C7864
NCIT:C7709	NCIT:C95584
NCIT:C7709	NCIT:C96924
NCIT:C7710	NCIT:C115250
NCIT:C7710	NCIT:C115327
NCIT:C7710	NCIT:C115623
NCIT:C7710	NCIT:C188932
NCIT:C7710	NCIT:C188934
NCIT:C7710	NCIT:C5115
NCIT:C7710	NCIT:C5116
NCIT:C7710	NCIT:C5967
NCIT:C7710	NCIT:C5968
NCIT:C7710	NCIT:C71017
NCIT:C7710	NCIT:C7884
NCIT:C7710	NCIT:C8273
NCIT:C7710	NCIT:C8568
NCIT:C7710	NCIT:C9372
NCIT:C7710	NCIT:C9374
NCIT:C7710	NCIT:C9376
NCIT:C7711	NCIT:C114987
NCIT:C7711	NCIT:C7877
NCIT:C7711	NCIT:C7878
NCIT:C7711	NCIT:C7880
NCIT:C7711	NCIT:C7956
NCIT:C7711	NCIT:C94775
NCIT:C7711	NCIT:C94776
NCIT:C7711	NCIT:C94777
NCIT:C7711	NCIT:C94782
NCIT:C7712	NCIT:C111030
NCIT:C7712	NCIT:C140659
NCIT:C7712	NCIT:C140672
NCIT:C7712	NCIT:C148514
NCIT:C7712	NCIT:C172247
NCIT:C7712	NCIT:C173335
NCIT:C7712	NCIT:C190746
NCIT:C7712	NCIT:C217197
NCIT:C7712	NCIT:C35780
NCIT:C7712	NCIT:C35781
NCIT:C7712	NCIT:C4558
NCIT:C7712	NCIT:C4561
NCIT:C7712	NCIT:C7914
NCIT:C7712	NCIT:C7986
NCIT:C7712	NCIT:C7989
NCIT:C7712	NCIT:C7990
NCIT:C7712	NCIT:C9088
NCIT:C7712	NCIT:C9089
NCIT:C7712	NCIT:C9090
NCIT:C7713	NCIT:C187051
NCIT:C7713	NCIT:C190149
NCIT:C7713	NCIT:C9117
NCIT:C7714	NCIT:C114806
NCIT:C7714	NCIT:C114808
NCIT:C7714	NCIT:C115458
NCIT:C7714	NCIT:C141178
NCIT:C7714	NCIT:C141227
NCIT:C7714	NCIT:C198041
NCIT:C7714	NCIT:C69142
NCIT:C7714	NCIT:C8059
NCIT:C7715	NCIT:C114749
NCIT:C7715	NCIT:C115292
NCIT:C7715	NCIT:C187194
NCIT:C7715	NCIT:C188980
NCIT:C7715	NCIT:C188984
NCIT:C7715	NCIT:C189260
NCIT:C7715	NCIT:C189261
NCIT:C7715	NCIT:C189934
NCIT:C7715	NCIT:C190020
NCIT:C7715	NCIT:C198160
NCIT:C7715	NCIT:C27371
NCIT:C7715	NCIT:C27372
NCIT:C7715	NCIT:C27376
NCIT:C7715	NCIT:C27377
NCIT:C7715	NCIT:C4264
NCIT:C7715	NCIT:C7705
NCIT:C7715	NCIT:C8066
NCIT:C7715	NCIT:C8067
NCIT:C7715	NCIT:C8089
NCIT:C7715	NCIT:C8092
NCIT:C7715	NCIT:C8093
NCIT:C7715	NCIT:C8095
NCIT:C7716	NCIT:C140355
NCIT:C7716	NCIT:C140376
NCIT:C7716	NCIT:C164160
NCIT:C7716	NCIT:C219624
NCIT:C7716	NCIT:C222753
NCIT:C7716	NCIT:C39879
NCIT:C7716	NCIT:C4830
NCIT:C7716	NCIT:C7355
NCIT:C7716	NCIT:C8064
NCIT:C7716	NCIT:C8167
NCIT:C7716	NCIT:C8168
NCIT:C7716	NCIT:C8254
NCIT:C7718	NCIT:C179174
NCIT:C7718	NCIT:C179178
NCIT:C7718	NCIT:C182104
NCIT:C7718	NCIT:C203619
NCIT:C7718	NCIT:C3689
NCIT:C7718	NCIT:C43554
NCIT:C7718	NCIT:C43558
NCIT:C7720	NCIT:C172731
NCIT:C7720	NCIT:C172735
NCIT:C7721	NCIT:C129857
NCIT:C7721	NCIT:C213294
NCIT:C7721	NCIT:C213445
NCIT:C7721	NCIT:C8392
NCIT:C7721	NCIT:C8393
NCIT:C7723	NCIT:C147003
NCIT:C7723	NCIT:C147097
NCIT:C7723	NCIT:C45755
NCIT:C7723	NCIT:C45756
NCIT:C7723	NCIT:C45759
NCIT:C7723	NCIT:C5361
NCIT:C7723	NCIT:C5363
NCIT:C7723	NCIT:C5364
NCIT:C7723	NCIT:C5367
NCIT:C7724	NCIT:C123933
NCIT:C7724	NCIT:C133716
NCIT:C7724	NCIT:C153356
NCIT:C7724	NCIT:C181157
NCIT:C7724	NCIT:C3908
NCIT:C7724	NCIT:C43534
NCIT:C7724	NCIT:C43535
NCIT:C7724	NCIT:C43537
NCIT:C7724	NCIT:C43538
NCIT:C7724	NCIT:C4803
NCIT:C7724	NCIT:C7888
NCIT:C7724	NCIT:C7894
NCIT:C7724	NCIT:C8637
NCIT:C7724	NCIT:C8638
NCIT:C7724	NCIT:C8639
NCIT:C7724	NCIT:C96064
NCIT:C7724	NCIT:C96066
NCIT:C7729	NCIT:C159244
NCIT:C7729	NCIT:C182111
NCIT:C7729	NCIT:C192222
NCIT:C7729	NCIT:C201838
NCIT:C7729	NCIT:C27682
NCIT:C7729	NCIT:C27790
NCIT:C7729	NCIT:C39959
NCIT:C7730	NCIT:C162578
NCIT:C7730	NCIT:C162584
NCIT:C7730	NCIT:C162585
NCIT:C7730	NCIT:C162588
NCIT:C7730	NCIT:C162589
NCIT:C7730	NCIT:C6377
NCIT:C7731	NCIT:C161034
NCIT:C7731	NCIT:C161035
NCIT:C7731	NCIT:C161038
NCIT:C7731	NCIT:C5522
NCIT:C7731	NCIT:C5523
NCIT:C7731	NCIT:C5524
NCIT:C7731	NCIT:C5526
NCIT:C7731	NCIT:C5528
NCIT:C7733	NCIT:C39935
NCIT:C7733	NCIT:C6544
NCIT:C7733	NCIT:C8606
NCIT:C7733	NCIT:C8900
NCIT:C7733	NCIT:C8907
NCIT:C7736	NCIT:C180921
NCIT:C7737	NCIT:C128080
NCIT:C7737	NCIT:C40271
NCIT:C7737	NCIT:C40272
NCIT:C7737	NCIT:C40277
NCIT:C7737	NCIT:C6326
NCIT:C7739	NCIT:C5433
NCIT:C7741	NCIT:C223349
NCIT:C7741	NCIT:C3869
NCIT:C7741	NCIT:C5395
NCIT:C7741	NCIT:C5481
NCIT:C7741	NCIT:C95622
NCIT:C7742	NCIT:C190150
NCIT:C7743	NCIT:C8425
NCIT:C7745	NCIT:C7743
NCIT:C7748	NCIT:C3499
NCIT:C7748	NCIT:C45748
NCIT:C7749	NCIT:C206475
NCIT:C7749	NCIT:C6493
NCIT:C7749	NCIT:C6801
NCIT:C7752	NCIT:C206687
NCIT:C7752	NCIT:C8596
NCIT:C7757	NCIT:C153178
NCIT:C7757	NCIT:C164675
NCIT:C7757	NCIT:C2887
NCIT:C7757	NCIT:C3447
NCIT:C7757	NCIT:C3452
NCIT:C7757	NCIT:C4692
NCIT:C7757	NCIT:C62505
NCIT:C7757	NCIT:C8494
NCIT:C7764	NCIT:C130041
NCIT:C7764	NCIT:C139023
NCIT:C7764	NCIT:C199580
NCIT:C7764	NCIT:C3056
NCIT:C7764	NCIT:C62776
NCIT:C7764	NCIT:C9472
NCIT:C7768	NCIT:C5454
NCIT:C7768	NCIT:C5455
NCIT:C7769	NCIT:C27828
NCIT:C7771	NCIT:C175588
NCIT:C7771	NCIT:C190196
NCIT:C7771	NCIT:C212899
NCIT:C7771	NCIT:C223135
NCIT:C7775	NCIT:C27284
NCIT:C7776	NCIT:C27285
NCIT:C7776	NCIT:C5925
NCIT:C7776	NCIT:C5926
NCIT:C7777	NCIT:C5654
NCIT:C7777	NCIT:C5655
NCIT:C7777	NCIT:C6660
NCIT:C7777	NCIT:C8750
NCIT:C7777	NCIT:C8760
NCIT:C7778	NCIT:C8751
NCIT:C7778	NCIT:C8761
NCIT:C7778	NCIT:C9102
NCIT:C7778	NCIT:C9103
NCIT:C7778	NCIT:C9257
NCIT:C7780	NCIT:C213429
NCIT:C7780	NCIT:C8809
NCIT:C7781	NCIT:C175665
NCIT:C7781	NCIT:C213346
NCIT:C7781	NCIT:C216098
NCIT:C7781	NCIT:C38157
NCIT:C7781	NCIT:C8808
NCIT:C7782	NCIT:C9246
NCIT:C7783	NCIT:C128797
NCIT:C7783	NCIT:C171286
NCIT:C7783	NCIT:C190195
NCIT:C7783	NCIT:C214785
NCIT:C7783	NCIT:C8747
NCIT:C7783	NCIT:C8753
NCIT:C7784	NCIT:C131875
NCIT:C7784	NCIT:C210135
NCIT:C7785	NCIT:C88100
NCIT:C7785	NCIT:C88101
NCIT:C7786	NCIT:C88102
NCIT:C7786	NCIT:C88103
NCIT:C7788	NCIT:C4428
NCIT:C7788	NCIT:C4429
NCIT:C7788	NCIT:C4430
NCIT:C7788	NCIT:C4431
NCIT:C7793	NCIT:C153576
NCIT:C7793	NCIT:C153577
NCIT:C7793	NCIT:C175360
NCIT:C7793	NCIT:C9249
NCIT:C7794	NCIT:C27282
NCIT:C77952	NCIT:C34950
NCIT:C7796	NCIT:C130237
NCIT:C7796	NCIT:C130951
NCIT:C7803	NCIT:C6319
NCIT:C7803	NCIT:C6320
NCIT:C7804	NCIT:C136649
NCIT:C7804	NCIT:C136650
NCIT:C7804	NCIT:C206197
NCIT:C7804	NCIT:C214999
NCIT:C7805	NCIT:C157695
NCIT:C7805	NCIT:C181044
NCIT:C7805	NCIT:C191818
NCIT:C7805	NCIT:C191823
NCIT:C7805	NCIT:C8686
NCIT:C7806	NCIT:C6623
NCIT:C7806	NCIT:C8802
NCIT:C7807	NCIT:C164080
NCIT:C7807	NCIT:C6621
NCIT:C7807	NCIT:C8801
NCIT:C7808	NCIT:C222394
NCIT:C7808	NCIT:C6622
NCIT:C7808	NCIT:C8803
NCIT:C7812	NCIT:C185035
NCIT:C7813	NCIT:C133731
NCIT:C7813	NCIT:C205632
NCIT:C7813	NCIT:C7024
NCIT:C7816	NCIT:C188948
NCIT:C78174	NCIT:C99092
NCIT:C7818	NCIT:C8569
NCIT:C7818	NCIT:C8570
NCIT:C7819	NCIT:C8571
NCIT:C7819	NCIT:C8572
NCIT:C78232	NCIT:C114723
NCIT:C78245	NCIT:C126651
NCIT:C7825	NCIT:C153590
NCIT:C7825	NCIT:C153595
NCIT:C7825	NCIT:C214788
NCIT:C78250	NCIT:C27189
NCIT:C78250	NCIT:C96228
NCIT:C78255	NCIT:C78232
NCIT:C78255	NCIT:C78358
NCIT:C78265	NCIT:C128359
NCIT:C78265	NCIT:C197852
NCIT:C78265	NCIT:C197984
NCIT:C78277	NCIT:C27107
NCIT:C78277	NCIT:C27108
NCIT:C78288	NCIT:C219940
NCIT:C7829	NCIT:C5220
NCIT:C7829	NCIT:C5221
NCIT:C7829	NCIT:C5222
NCIT:C78296	NCIT:C159456
NCIT:C78298	NCIT:C172026
NCIT:C78298	NCIT:C78685
NCIT:C78298	NCIT:C79847
NCIT:C78298	NCIT:C99040
NCIT:C7830	NCIT:C5223
NCIT:C7830	NCIT:C5224
NCIT:C7830	NCIT:C5225
NCIT:C78306	NCIT:C35152
NCIT:C7831	NCIT:C6258
NCIT:C7831	NCIT:C6259
NCIT:C7831	NCIT:C6260
NCIT:C78312	NCIT:C27184
NCIT:C78312	NCIT:C27340
NCIT:C78312	NCIT:C39293
NCIT:C78319	NCIT:C34732
NCIT:C78319	NCIT:C78305
NCIT:C78319	NCIT:C79540
NCIT:C78319	NCIT:C79574
NCIT:C78319	NCIT:C79595
NCIT:C78319	NCIT:C79701
NCIT:C7833	NCIT:C148025
NCIT:C7833	NCIT:C153614
NCIT:C7833	NCIT:C153818
NCIT:C7833	NCIT:C153819
NCIT:C7833	NCIT:C170748
NCIT:C7833	NCIT:C170754
NCIT:C7833	NCIT:C178669
NCIT:C7833	NCIT:C188391
NCIT:C7833	NCIT:C190201
NCIT:C78339	NCIT:C35124
NCIT:C78339	NCIT:C99089
NCIT:C7834	NCIT:C115366
NCIT:C7834	NCIT:C115374
NCIT:C7834	NCIT:C115380
NCIT:C7834	NCIT:C115381
NCIT:C7834	NCIT:C6774
NCIT:C7834	NCIT:C7529
NCIT:C7834	NCIT:C8389
NCIT:C7834	NCIT:C9190
NCIT:C7834	NCIT:C9191
NCIT:C78346	NCIT:C116343
NCIT:C78350	NCIT:C113214
NCIT:C78350	NCIT:C114907
NCIT:C78350	NCIT:C129636
NCIT:C78350	NCIT:C129730
NCIT:C78350	NCIT:C129731
NCIT:C78350	NCIT:C131079
NCIT:C78350	NCIT:C131856
NCIT:C78358	NCIT:C78710
NCIT:C78358	NCIT:C79705
NCIT:C78359	NCIT:C34558
NCIT:C78359	NCIT:C35402
NCIT:C78359	NCIT:C36067
NCIT:C7837	NCIT:C115384
NCIT:C7837	NCIT:C209813
NCIT:C7839	NCIT:C219664
NCIT:C7839	NCIT:C9046
NCIT:C78394	NCIT:C50781
NCIT:C78395	NCIT:C180994
NCIT:C78395	NCIT:C5825
NCIT:C7840	NCIT:C219039
NCIT:C78402	NCIT:C187373
NCIT:C78409	NCIT:C78584
NCIT:C7841	NCIT:C219040
NCIT:C7842	NCIT:C219041
NCIT:C7843	NCIT:C219042
NCIT:C7844	NCIT:C219043
NCIT:C78446	NCIT:C197957
NCIT:C78446	NCIT:C50655
NCIT:C78446	NCIT:C50852
NCIT:C78446	NCIT:C50888
NCIT:C78446	NCIT:C98992
NCIT:C7846	NCIT:C9047
NCIT:C7848	NCIT:C9048
NCIT:C78488	NCIT:C103184
NCIT:C78493	NCIT:C112214
NCIT:C7850	NCIT:C181859
NCIT:C7850	NCIT:C181860
NCIT:C78506	NCIT:C127824
NCIT:C7851	NCIT:C181862
NCIT:C7851	NCIT:C181864
NCIT:C7852	NCIT:C181865
NCIT:C7852	NCIT:C181866
NCIT:C7853	NCIT:C225008
NCIT:C7853	NCIT:C35757
NCIT:C7853	NCIT:C6673
NCIT:C7853	NCIT:C6678
NCIT:C7853	NCIT:C6680
NCIT:C7854	NCIT:C6328
NCIT:C7854	NCIT:C6329
NCIT:C78551	NCIT:C127823
NCIT:C78552	NCIT:C124532
NCIT:C78552	NCIT:C78410
NCIT:C78552	NCIT:C78506
NCIT:C78552	NCIT:C78551
NCIT:C78552	NCIT:C79715
NCIT:C78563	NCIT:C26898
NCIT:C78563	NCIT:C45692
NCIT:C78576	NCIT:C34361
NCIT:C78579	NCIT:C50848
NCIT:C78579	NCIT:C62436
NCIT:C78579	NCIT:C99031
NCIT:C78581	NCIT:C220183
NCIT:C78591	NCIT:C78592
NCIT:C7860	NCIT:C185302
NCIT:C78601	NCIT:C26882
NCIT:C78603	NCIT:C98899
NCIT:C78618	NCIT:C43300
NCIT:C78618	NCIT:C78258
NCIT:C78619	NCIT:C202129
NCIT:C78619	NCIT:C26755
NCIT:C78619	NCIT:C78357
NCIT:C78619	NCIT:C78401
NCIT:C78627	NCIT:C35347
NCIT:C78639	NCIT:C35475
NCIT:C78641	NCIT:C127825
NCIT:C78643	NCIT:C78644
NCIT:C78643	NCIT:C78647
NCIT:C78649	NCIT:C197880
NCIT:C78649	NCIT:C197960
NCIT:C78649	NCIT:C50842
NCIT:C78649	NCIT:C50843
NCIT:C7865	NCIT:C175937
NCIT:C7865	NCIT:C8703
NCIT:C7865	NCIT:C8704
NCIT:C7865	NCIT:C8706
NCIT:C78650	NCIT:C128803
NCIT:C78650	NCIT:C197953
NCIT:C78650	NCIT:C50861
NCIT:C78650	NCIT:C51223
NCIT:C78650	NCIT:C98818
NCIT:C78658	NCIT:C34546
NCIT:C78658	NCIT:C34547
NCIT:C7866	NCIT:C175938
NCIT:C7866	NCIT:C8705
NCIT:C7866	NCIT:C8707
NCIT:C7866	NCIT:C9253
NCIT:C78666	NCIT:C220213
NCIT:C78666	NCIT:C97143
NCIT:C7871	NCIT:C8076
NCIT:C7871	NCIT:C8121
NCIT:C7871	NCIT:C8134
NCIT:C7871	NCIT:C8147
NCIT:C7871	NCIT:C8160
NCIT:C7872	NCIT:C8077
NCIT:C7872	NCIT:C8122
NCIT:C7872	NCIT:C8135
NCIT:C7872	NCIT:C8148
NCIT:C7872	NCIT:C8161
NCIT:C7873	NCIT:C8078
NCIT:C7873	NCIT:C8124
NCIT:C7873	NCIT:C8137
NCIT:C7873	NCIT:C8150
NCIT:C7873	NCIT:C8163
NCIT:C7877	NCIT:C9064
NCIT:C7878	NCIT:C9065
NCIT:C78797	NCIT:C131653
NCIT:C78797	NCIT:C131657
NCIT:C7880	NCIT:C9067
NCIT:C7881	NCIT:C187189
NCIT:C7881	NCIT:C216098
NCIT:C7881	NCIT:C8811
NCIT:C7884	NCIT:C222664
NCIT:C7885	NCIT:C190787
NCIT:C7886	NCIT:C158152
NCIT:C7888	NCIT:C133893
NCIT:C7888	NCIT:C175516
NCIT:C7888	NCIT:C181158
NCIT:C7888	NCIT:C43536
NCIT:C7888	NCIT:C43543
NCIT:C7888	NCIT:C6650
NCIT:C7888	NCIT:C7889
NCIT:C7888	NCIT:C8934
NCIT:C7889	NCIT:C27322
NCIT:C7890	NCIT:C187413
NCIT:C7890	NCIT:C189064
NCIT:C7892	NCIT:C213331
NCIT:C7893	NCIT:C213336
NCIT:C7894	NCIT:C224862
NCIT:C7894	NCIT:C9352
NCIT:C7895	NCIT:C148286
NCIT:C7895	NCIT:C6188
NCIT:C7895	NCIT:C8894
NCIT:C7895	NCIT:C8903
NCIT:C7896	NCIT:C6191
NCIT:C7896	NCIT:C8895
NCIT:C7896	NCIT:C8899
NCIT:C7896	NCIT:C8901
NCIT:C7896	NCIT:C8904
NCIT:C7897	NCIT:C4994
NCIT:C7897	NCIT:C8896
NCIT:C7897	NCIT:C8939
NCIT:C7898	NCIT:C8897
NCIT:C7898	NCIT:C8905
NCIT:C7898	NCIT:C8940
NCIT:C7899	NCIT:C126307
NCIT:C7899	NCIT:C190774
NCIT:C7899	NCIT:C191860
NCIT:C7899	NCIT:C4995
NCIT:C7899	NCIT:C8902
NCIT:C7901	NCIT:C27785
NCIT:C7901	NCIT:C6361
NCIT:C7901	NCIT:C6362
NCIT:C7901	NCIT:C6363
NCIT:C7901	NCIT:C8912
NCIT:C7901	NCIT:C8917
NCIT:C7902	NCIT:C156771
NCIT:C7902	NCIT:C171012
NCIT:C7902	NCIT:C205238
NCIT:C7902	NCIT:C212215
NCIT:C7902	NCIT:C215318
NCIT:C7902	NCIT:C222566
NCIT:C7903	NCIT:C143012
NCIT:C7903	NCIT:C200065
NCIT:C7903	NCIT:C8213
NCIT:C7904	NCIT:C159904
NCIT:C7908	NCIT:C153623
NCIT:C7908	NCIT:C153624
NCIT:C7908	NCIT:C165611
NCIT:C7908	NCIT:C174047
NCIT:C7915	NCIT:C5965
NCIT:C7917	NCIT:C27742
NCIT:C7917	NCIT:C86033
NCIT:C7917	NCIT:C86034
NCIT:C7917	NCIT:C8782
NCIT:C7917	NCIT:C8787
NCIT:C7917	NCIT:C8791
NCIT:C7926	NCIT:C153800
NCIT:C7926	NCIT:C153801
NCIT:C7926	NCIT:C172650
NCIT:C7926	NCIT:C199666
NCIT:C7926	NCIT:C203381
NCIT:C7927	NCIT:C118630
NCIT:C7927	NCIT:C134604
NCIT:C7927	NCIT:C153352
NCIT:C7927	NCIT:C154088
NCIT:C7927	NCIT:C165171
NCIT:C7927	NCIT:C165293
NCIT:C7927	NCIT:C172718
NCIT:C7927	NCIT:C3099
NCIT:C7927	NCIT:C35417
NCIT:C7927	NCIT:C3828
NCIT:C7927	NCIT:C7110
NCIT:C7927	NCIT:C7116
NCIT:C7927	NCIT:C7117
NCIT:C7927	NCIT:C7118
NCIT:C7927	NCIT:C7121
NCIT:C7927	NCIT:C7711
NCIT:C7927	NCIT:C96787
NCIT:C7927	NCIT:C96792
NCIT:C7927	NCIT:C96848
NCIT:C7927	NCIT:C96947
NCIT:C7928	NCIT:C123838
NCIT:C7928	NCIT:C123841
NCIT:C7928	NCIT:C6205
NCIT:C7928	NCIT:C6541
NCIT:C7928	NCIT:C6553
NCIT:C7928	NCIT:C68627
NCIT:C7930	NCIT:C123392
NCIT:C7930	NCIT:C186662
NCIT:C7930	NCIT:C202989
NCIT:C7930	NCIT:C45267
NCIT:C7930	NCIT:C45607
NCIT:C7930	NCIT:C7931
NCIT:C7930	NCIT:C7932
NCIT:C7930	NCIT:C7933
NCIT:C7930	NCIT:C7934
NCIT:C7931	NCIT:C115430
NCIT:C7932	NCIT:C115431
NCIT:C7933	NCIT:C115150
NCIT:C7933	NCIT:C115204
NCIT:C7933	NCIT:C69144
NCIT:C7934	NCIT:C115430
NCIT:C7934	NCIT:C115431
NCIT:C7934	NCIT:C123393
NCIT:C7934	NCIT:C69144
NCIT:C7935	NCIT:C215239
NCIT:C7939	NCIT:C4587
NCIT:C7939	NCIT:C4588
NCIT:C7940	NCIT:C9162
NCIT:C7940	NCIT:C9163
NCIT:C7950	NCIT:C153584
NCIT:C7950	NCIT:C157235
NCIT:C7950	NCIT:C187405
NCIT:C7950	NCIT:C223362
NCIT:C7950	NCIT:C223366
NCIT:C7950	NCIT:C223367
NCIT:C7950	NCIT:C223369
NCIT:C7950	NCIT:C54691
NCIT:C7950	NCIT:C9136
NCIT:C7950	NCIT:C97049
NCIT:C7950	NCIT:C97051
NCIT:C7950	NCIT:C97052
NCIT:C7950	NCIT:C97053
NCIT:C7953	NCIT:C126112
NCIT:C7953	NCIT:C131875
NCIT:C7953	NCIT:C210013
NCIT:C79532	NCIT:C34987
NCIT:C79532	NCIT:C92188
NCIT:C79532	NCIT:C92189
NCIT:C79544	NCIT:C79545
NCIT:C79544	NCIT:C87175
NCIT:C79545	NCIT:C112198
NCIT:C79545	NCIT:C183562
NCIT:C7955	NCIT:C189932
NCIT:C7955	NCIT:C208290
NCIT:C7955	NCIT:C5708
NCIT:C7955	NCIT:C5709
NCIT:C7955	NCIT:C5710
NCIT:C7955	NCIT:C7838
NCIT:C7955	NCIT:C9046
NCIT:C79550	NCIT:C35302
NCIT:C79551	NCIT:C85227
NCIT:C7956	NCIT:C114992
NCIT:C7956	NCIT:C114993
NCIT:C7956	NCIT:C115139
NCIT:C7956	NCIT:C115140
NCIT:C7956	NCIT:C115141
NCIT:C7956	NCIT:C115143
NCIT:C7956	NCIT:C115144
NCIT:C7956	NCIT:C28302
NCIT:C7956	NCIT:C9064
NCIT:C7956	NCIT:C9065
NCIT:C7956	NCIT:C9067
NCIT:C7957	NCIT:C35574
NCIT:C79573	NCIT:C213524
NCIT:C79573	NCIT:C80513
NCIT:C79573	NCIT:C84915
NCIT:C79593	NCIT:C26845
NCIT:C79598	NCIT:C118297
NCIT:C79598	NCIT:C118298
NCIT:C79598	NCIT:C174113
NCIT:C79601	NCIT:C3299
NCIT:C79698	NCIT:C150179
NCIT:C79698	NCIT:C4801
NCIT:C79702	NCIT:C128402
NCIT:C79717	NCIT:C119046
NCIT:C79745	NCIT:C26715
NCIT:C7975	NCIT:C156911
NCIT:C7975	NCIT:C208025
NCIT:C7975	NCIT:C5775
NCIT:C7975	NCIT:C5776
NCIT:C7975	NCIT:C5846
NCIT:C7975	NCIT:C96936
NCIT:C7975	NCIT:C96937
NCIT:C7975	NCIT:C96938
NCIT:C7975	NCIT:C96946
NCIT:C7975	NCIT:C96948
NCIT:C7976	NCIT:C172241
NCIT:C7976	NCIT:C172242
NCIT:C7976	NCIT:C175438
NCIT:C7976	NCIT:C181966
NCIT:C7977	NCIT:C153569
NCIT:C7977	NCIT:C156907
NCIT:C7977	NCIT:C190024
NCIT:C7977	NCIT:C201196
NCIT:C7977	NCIT:C5727
NCIT:C7978	NCIT:C187234
NCIT:C7978	NCIT:C187241
NCIT:C7979	NCIT:C150095
NCIT:C7979	NCIT:C150096
NCIT:C7979	NCIT:C170938
NCIT:C7979	NCIT:C186273
NCIT:C7979	NCIT:C199159
NCIT:C7979	NCIT:C199166
NCIT:C7979	NCIT:C211879
NCIT:C7979	NCIT:C40061
NCIT:C7981	NCIT:C180943
NCIT:C7981	NCIT:C180947
NCIT:C7981	NCIT:C40251
NCIT:C7981	NCIT:C40252
NCIT:C7981	NCIT:C40253
NCIT:C7981	NCIT:C7735
NCIT:C7981	NCIT:C8944
NCIT:C7983	NCIT:C40069
NCIT:C7985	NCIT:C162940
NCIT:C7985	NCIT:C173605
NCIT:C7985	NCIT:C175937
NCIT:C7985	NCIT:C175938
NCIT:C7985	NCIT:C45662
NCIT:C79850	NCIT:C78595
NCIT:C79850	NCIT:C78663
NCIT:C79850	NCIT:C78668
NCIT:C79850	NCIT:C79849
NCIT:C79851	NCIT:C78577
NCIT:C79851	NCIT:C78641
NCIT:C79851	NCIT:C79543
NCIT:C7986	NCIT:C6098
NCIT:C7986	NCIT:C6099
NCIT:C7986	NCIT:C6117
NCIT:C7986	NCIT:C7987
NCIT:C7986	NCIT:C7988
NCIT:C7987	NCIT:C6861
NCIT:C7987	NCIT:C6864
NCIT:C7988	NCIT:C6862
NCIT:C7988	NCIT:C6863
NCIT:C7989	NCIT:C6100
NCIT:C7989	NCIT:C6101
NCIT:C7989	NCIT:C6118
NCIT:C7990	NCIT:C6865
NCIT:C7991	NCIT:C172649
NCIT:C7991	NCIT:C172650
NCIT:C7991	NCIT:C172651
NCIT:C7991	NCIT:C181161
NCIT:C7991	NCIT:C5959
NCIT:C7991	NCIT:C8022
NCIT:C7992	NCIT:C156077
NCIT:C7992	NCIT:C6036
NCIT:C7992	NCIT:C8222
NCIT:C7992	NCIT:C8224
NCIT:C7992	NCIT:C8226
NCIT:C7992	NCIT:C8228
NCIT:C7992	NCIT:C8230
NCIT:C7993	NCIT:C4155
NCIT:C79948	NCIT:C186603
NCIT:C79951	NCIT:C3494
NCIT:C79951	NCIT:C3687
NCIT:C79951	NCIT:C5849
NCIT:C79953	NCIT:C30038
NCIT:C79953	NCIT:C60524
NCIT:C79953	NCIT:C64000
NCIT:C8000	NCIT:C192099
NCIT:C8000	NCIT:C39923
NCIT:C8000	NCIT:C39924
NCIT:C8000	NCIT:C39925
NCIT:C8000	NCIT:C39926
NCIT:C8000	NCIT:C39927
NCIT:C8000	NCIT:C39928
NCIT:C8000	NCIT:C39929
NCIT:C8000	NCIT:C39930
NCIT:C8000	NCIT:C39931
NCIT:C8000	NCIT:C39932
NCIT:C8000	NCIT:C6543
NCIT:C8000	NCIT:C8920
NCIT:C8000	NCIT:C8921
NCIT:C8000	NCIT:C8922
NCIT:C8002	NCIT:C192115
NCIT:C8006	NCIT:C95595
NCIT:C80078	NCIT:C157813
NCIT:C80078	NCIT:C157814
NCIT:C80078	NCIT:C80386
NCIT:C80078	NCIT:C80387
NCIT:C80078	NCIT:C80388
NCIT:C80078	NCIT:C80389
NCIT:C80078	NCIT:C80390
NCIT:C80078	NCIT:C84417
NCIT:C80078	NCIT:C9438
NCIT:C80078	NCIT:C9439
NCIT:C8012	NCIT:C123384
NCIT:C8012	NCIT:C201772
NCIT:C8012	NCIT:C201823
NCIT:C8012	NCIT:C201832
NCIT:C8012	NCIT:C203374
NCIT:C8012	NCIT:C35702
NCIT:C8012	NCIT:C62192
NCIT:C8012	NCIT:C8015
NCIT:C8013	NCIT:C190274
NCIT:C8013	NCIT:C5901
NCIT:C8013	NCIT:C6243
NCIT:C8014	NCIT:C5893
NCIT:C8014	NCIT:C8197
NCIT:C8014	NCIT:C8201
NCIT:C8014	NCIT:C8205
NCIT:C8014	NCIT:C8209
NCIT:C8014	NCIT:C8213
NCIT:C8018	NCIT:C203370
NCIT:C8018	NCIT:C5904
NCIT:C8018	NCIT:C8019
NCIT:C8021	NCIT:C123384
NCIT:C8021	NCIT:C173648
NCIT:C8021	NCIT:C199665
NCIT:C8021	NCIT:C199666
NCIT:C8021	NCIT:C201772
NCIT:C8021	NCIT:C35702
NCIT:C8021	NCIT:C3678
NCIT:C8021	NCIT:C5903
NCIT:C8021	NCIT:C5904
NCIT:C8021	NCIT:C5948
NCIT:C8021	NCIT:C5980
NCIT:C8021	NCIT:C62192
NCIT:C8021	NCIT:C62193
NCIT:C8021	NCIT:C62196
NCIT:C8021	NCIT:C8013
NCIT:C8023	NCIT:C156078
NCIT:C8023	NCIT:C6035
NCIT:C8023	NCIT:C8223
NCIT:C8023	NCIT:C8225
NCIT:C8023	NCIT:C8227
NCIT:C8023	NCIT:C8229
NCIT:C8023	NCIT:C8231
NCIT:C8024	NCIT:C5946
NCIT:C8024	NCIT:C5947
NCIT:C8024	NCIT:C5954
NCIT:C8025	NCIT:C35831
NCIT:C8025	NCIT:C40410
NCIT:C8025	NCIT:C5902
NCIT:C8025	NCIT:C5955
NCIT:C8026	NCIT:C5905
NCIT:C8026	NCIT:C5936
NCIT:C8028	NCIT:C155816
NCIT:C8028	NCIT:C158380
NCIT:C8028	NCIT:C175596
NCIT:C80280	NCIT:C148392
NCIT:C80280	NCIT:C165240
NCIT:C80280	NCIT:C165241
NCIT:C80280	NCIT:C3461
NCIT:C80280	NCIT:C4074
NCIT:C80280	NCIT:C45219
NCIT:C80280	NCIT:C6916
NCIT:C80281	NCIT:C153331
NCIT:C80281	NCIT:C153332
NCIT:C80281	NCIT:C188456
NCIT:C80281	NCIT:C188457
NCIT:C80289	NCIT:C150396
NCIT:C80289	NCIT:C183140
NCIT:C80289	NCIT:C183142
NCIT:C80289	NCIT:C45691
NCIT:C80290	NCIT:C9016
NCIT:C80291	NCIT:C188788
NCIT:C80291	NCIT:C188789
NCIT:C80291	NCIT:C96057
NCIT:C80291	NCIT:C96501
NCIT:C80297	NCIT:C202927
NCIT:C80298	NCIT:C213728
NCIT:C80298	NCIT:C96056
NCIT:C80307	NCIT:C115212
NCIT:C80307	NCIT:C127840
NCIT:C80307	NCIT:C142149
NCIT:C80307	NCIT:C155910
NCIT:C80308	NCIT:C7401
NCIT:C80308	NCIT:C80309
NCIT:C80310	NCIT:C199373
NCIT:C80310	NCIT:C199374
NCIT:C80326	NCIT:C199204
NCIT:C80328	NCIT:C129787
NCIT:C80328	NCIT:C130039
NCIT:C80328	NCIT:C190956
NCIT:C80328	NCIT:C199202
NCIT:C80328	NCIT:C199231
NCIT:C80328	NCIT:C200587
NCIT:C80328	NCIT:C80331
NCIT:C80328	NCIT:C80332
NCIT:C80328	NCIT:C80334
NCIT:C80328	NCIT:C80335
NCIT:C80328	NCIT:C80338
NCIT:C80328	NCIT:C80340
NCIT:C80328	NCIT:C80341
NCIT:C8033	NCIT:C115057
NCIT:C8033	NCIT:C5876
NCIT:C8033	NCIT:C5883
NCIT:C80331	NCIT:C36312
NCIT:C80332	NCIT:C80342
NCIT:C80334	NCIT:C80343
NCIT:C80335	NCIT:C80344
NCIT:C80338	NCIT:C80345
NCIT:C8034	NCIT:C115058
NCIT:C8034	NCIT:C5877
NCIT:C8034	NCIT:C5884
NCIT:C80340	NCIT:C80346
NCIT:C80341	NCIT:C80347
NCIT:C80342	NCIT:C162776
NCIT:C80345	NCIT:C199215
NCIT:C8035	NCIT:C115059
NCIT:C8035	NCIT:C5878
NCIT:C8035	NCIT:C5885
NCIT:C80350	NCIT:C80351
NCIT:C80350	NCIT:C80352
NCIT:C80356	NCIT:C30047
NCIT:C80356	NCIT:C60523
NCIT:C80356	NCIT:C63999
NCIT:C8036	NCIT:C115060
NCIT:C8036	NCIT:C5879
NCIT:C8036	NCIT:C5886
NCIT:C8036	NCIT:C87301
NCIT:C8036	NCIT:C87302
NCIT:C8036	NCIT:C87303
NCIT:C8037	NCIT:C115442
NCIT:C8037	NCIT:C6076
NCIT:C8037	NCIT:C8213
NCIT:C80373	NCIT:C45327
NCIT:C80373	NCIT:C80374
NCIT:C80375	NCIT:C168780
NCIT:C80375	NCIT:C168781
NCIT:C80389	NCIT:C197864
NCIT:C80389	NCIT:C197865
NCIT:C8039	NCIT:C8233
NCIT:C8041	NCIT:C8237
NCIT:C8042	NCIT:C8239
NCIT:C8043	NCIT:C8241
NCIT:C8048	NCIT:C8217
NCIT:C8049	NCIT:C8218
NCIT:C8051	NCIT:C8221
NCIT:C8053	NCIT:C39981
NCIT:C8053	NCIT:C4210
NCIT:C8053	NCIT:C6929
NCIT:C8053	NCIT:C8403
NCIT:C8054	NCIT:C123904
NCIT:C8054	NCIT:C140958
NCIT:C8054	NCIT:C140987
NCIT:C8054	NCIT:C153622
NCIT:C8054	NCIT:C156099
NCIT:C8054	NCIT:C156122
NCIT:C8054	NCIT:C156123
NCIT:C8054	NCIT:C165609
NCIT:C8054	NCIT:C174571
NCIT:C8054	NCIT:C187643
NCIT:C8054	NCIT:C46096
NCIT:C8054	NCIT:C4946
NCIT:C8054	NCIT:C65200
NCIT:C8064	NCIT:C150514
NCIT:C8064	NCIT:C150515
NCIT:C8064	NCIT:C164159
NCIT:C8064	NCIT:C172276
NCIT:C8066	NCIT:C198154
NCIT:C8066	NCIT:C198163
NCIT:C8067	NCIT:C7815
NCIT:C80683	NCIT:C80691
NCIT:C80683	NCIT:C8252
NCIT:C80691	NCIT:C27754
NCIT:C80693	NCIT:C110960
NCIT:C80693	NCIT:C165614
NCIT:C80693	NCIT:C176409
NCIT:C80693	NCIT:C197938
NCIT:C80693	NCIT:C74440
NCIT:C8083	NCIT:C198446
NCIT:C8083	NCIT:C6291
NCIT:C8083	NCIT:C6292
NCIT:C8083	NCIT:C6293
NCIT:C8083	NCIT:C8723
NCIT:C8083	NCIT:C8734
NCIT:C8083	NCIT:C8735
NCIT:C8083	NCIT:C8739
NCIT:C8083	NCIT:C8743
NCIT:C8084	NCIT:C198447
NCIT:C8084	NCIT:C6294
NCIT:C8084	NCIT:C6295
NCIT:C8084	NCIT:C6296
NCIT:C8084	NCIT:C8724
NCIT:C8084	NCIT:C8725
NCIT:C8084	NCIT:C8736
NCIT:C8084	NCIT:C8740
NCIT:C8084	NCIT:C8744
NCIT:C8085	NCIT:C198448
NCIT:C8085	NCIT:C6297
NCIT:C8085	NCIT:C6298
NCIT:C8085	NCIT:C6299
NCIT:C8085	NCIT:C8726
NCIT:C8085	NCIT:C8728
NCIT:C8085	NCIT:C8737
NCIT:C8085	NCIT:C8741
NCIT:C8085	NCIT:C8745
NCIT:C8086	NCIT:C198449
NCIT:C8086	NCIT:C8727
NCIT:C8086	NCIT:C8729
NCIT:C8086	NCIT:C8738
NCIT:C8086	NCIT:C8742
NCIT:C8086	NCIT:C8746
NCIT:C8088	NCIT:C188970
NCIT:C8088	NCIT:C188971
NCIT:C8088	NCIT:C188973
NCIT:C8088	NCIT:C4244
NCIT:C8093	NCIT:C123932
NCIT:C8098	NCIT:C8163
NCIT:C8098	NCIT:C8488
NCIT:C8098	NCIT:C8490
NCIT:C8099	NCIT:C165474
NCIT:C8099	NCIT:C7713
NCIT:C8102	NCIT:C8078
NCIT:C8102	NCIT:C8464
NCIT:C8102	NCIT:C9252
NCIT:C8103	NCIT:C68686
NCIT:C8103	NCIT:C68688
NCIT:C8103	NCIT:C8124
NCIT:C8103	NCIT:C8466
NCIT:C8103	NCIT:C8477
NCIT:C8104	NCIT:C8137
NCIT:C8104	NCIT:C8482
NCIT:C8104	NCIT:C8484
NCIT:C8105	NCIT:C8150
NCIT:C8105	NCIT:C8485
NCIT:C8105	NCIT:C8487
NCIT:C8106	NCIT:C6550
NCIT:C8106	NCIT:C8723
NCIT:C8106	NCIT:C8724
NCIT:C8106	NCIT:C8726
NCIT:C8106	NCIT:C8727
NCIT:C8107	NCIT:C39987
NCIT:C8107	NCIT:C39988
NCIT:C8107	NCIT:C39989
NCIT:C8107	NCIT:C6551
NCIT:C8107	NCIT:C8735
NCIT:C8107	NCIT:C8736
NCIT:C8107	NCIT:C8737
NCIT:C8107	NCIT:C8738
NCIT:C8108	NCIT:C6546
NCIT:C8108	NCIT:C8725
NCIT:C8108	NCIT:C8728
NCIT:C8108	NCIT:C8729
NCIT:C8108	NCIT:C8734
NCIT:C8110	NCIT:C188015
NCIT:C8110	NCIT:C39992
NCIT:C8110	NCIT:C6554
NCIT:C8110	NCIT:C7286
NCIT:C8110	NCIT:C8743
NCIT:C8110	NCIT:C8744
NCIT:C8110	NCIT:C8745
NCIT:C8110	NCIT:C8746
NCIT:C8111	NCIT:C6547
NCIT:C8112	NCIT:C3856
NCIT:C8112	NCIT:C39996
NCIT:C8112	NCIT:C6548
NCIT:C8112	NCIT:C7285
NCIT:C8113	NCIT:C4291
NCIT:C8113	NCIT:C7468
NCIT:C8114	NCIT:C123849
NCIT:C8116	NCIT:C8468
NCIT:C8116	NCIT:C9194
NCIT:C8117	NCIT:C8469
NCIT:C8117	NCIT:C9195
NCIT:C8119	NCIT:C8470
NCIT:C8119	NCIT:C9196
NCIT:C8120	NCIT:C8471
NCIT:C8120	NCIT:C9197
NCIT:C8121	NCIT:C8474
NCIT:C8121	NCIT:C9199
NCIT:C8122	NCIT:C8475
NCIT:C8122	NCIT:C8480
NCIT:C8124	NCIT:C8564
NCIT:C8124	NCIT:C8565
NCIT:C8125	NCIT:C8476
NCIT:C8125	NCIT:C8481
NCIT:C8126	NCIT:C9193
NCIT:C8126	NCIT:C9200
NCIT:C81315	NCIT:C117117
NCIT:C81315	NCIT:C138171
NCIT:C81315	NCIT:C138173
NCIT:C81315	NCIT:C159654
NCIT:C8158	NCIT:C148244
NCIT:C8158	NCIT:C172323
NCIT:C8171	NCIT:C8176
NCIT:C8173	NCIT:C5917
NCIT:C8174	NCIT:C179894
NCIT:C8174	NCIT:C201878
NCIT:C8174	NCIT:C213297
NCIT:C8174	NCIT:C8175
NCIT:C8174	NCIT:C8214
NCIT:C81758	NCIT:C212197
NCIT:C81758	NCIT:C212199
NCIT:C81767	NCIT:C168984
NCIT:C8177	NCIT:C156090
NCIT:C8177	NCIT:C181160
NCIT:C8177	NCIT:C213445
NCIT:C8177	NCIT:C6214
NCIT:C8177	NCIT:C8178
NCIT:C8177	NCIT:C8199
NCIT:C8177	NCIT:C8203
NCIT:C8177	NCIT:C8207
NCIT:C8177	NCIT:C8211
NCIT:C8177	NCIT:C8215
NCIT:C8179	NCIT:C156089
NCIT:C8179	NCIT:C171028
NCIT:C8179	NCIT:C6213
NCIT:C8179	NCIT:C8180
NCIT:C8179	NCIT:C8200
NCIT:C8179	NCIT:C8204
NCIT:C8179	NCIT:C8208
NCIT:C8179	NCIT:C8212
NCIT:C8179	NCIT:C8216
NCIT:C8181	NCIT:C126750
NCIT:C8181	NCIT:C126751
NCIT:C8181	NCIT:C147906
NCIT:C8181	NCIT:C148385
NCIT:C8181	NCIT:C150202
NCIT:C8181	NCIT:C162787
NCIT:C8181	NCIT:C162833
NCIT:C8181	NCIT:C173414
NCIT:C8181	NCIT:C201904
NCIT:C8181	NCIT:C213319
NCIT:C8181	NCIT:C217138
NCIT:C8181	NCIT:C4941
NCIT:C8181	NCIT:C6039
NCIT:C8181	NCIT:C68610
NCIT:C8181	NCIT:C8183
NCIT:C8181	NCIT:C8217
NCIT:C8181	NCIT:C8218
NCIT:C8181	NCIT:C8219
NCIT:C8181	NCIT:C8220
NCIT:C8181	NCIT:C8221
NCIT:C8181	NCIT:C87055
NCIT:C8182	NCIT:C213322
NCIT:C8183	NCIT:C200582
NCIT:C8183	NCIT:C200583
NCIT:C8183	NCIT:C213329
NCIT:C8183	NCIT:C8184
NCIT:C8186	NCIT:C8189
NCIT:C8187	NCIT:C8190
NCIT:C8188	NCIT:C6128
NCIT:C8188	NCIT:C8189
NCIT:C8188	NCIT:C8190
NCIT:C8188	NCIT:C8191
NCIT:C8188	NCIT:C8238
NCIT:C8188	NCIT:C8240
NCIT:C8188	NCIT:C8242
NCIT:C8188	NCIT:C8244
NCIT:C8188	NCIT:C8246
NCIT:C8192	NCIT:C167236
NCIT:C8192	NCIT:C176514
NCIT:C8192	NCIT:C208026
NCIT:C8192	NCIT:C218462
NCIT:C8192	NCIT:C54285
NCIT:C8193	NCIT:C148386
NCIT:C8193	NCIT:C148387
NCIT:C8193	NCIT:C162876
NCIT:C8193	NCIT:C172648
NCIT:C8193	NCIT:C218463
NCIT:C8193	NCIT:C54284
NCIT:C8193	NCIT:C6064
NCIT:C8193	NCIT:C6065
NCIT:C8193	NCIT:C6066
NCIT:C8193	NCIT:C6067
NCIT:C8195	NCIT:C6840
NCIT:C8195	NCIT:C6841
NCIT:C8195	NCIT:C6842
NCIT:C8195	NCIT:C6843
NCIT:C8209	NCIT:C5872
NCIT:C8209	NCIT:C5873
NCIT:C8209	NCIT:C5874
NCIT:C8211	NCIT:C5866
NCIT:C8211	NCIT:C5867
NCIT:C8211	NCIT:C5868
NCIT:C8212	NCIT:C5863
NCIT:C8212	NCIT:C5864
NCIT:C8212	NCIT:C5865
NCIT:C8217	NCIT:C115086
NCIT:C82179	NCIT:C148423
NCIT:C82179	NCIT:C148430
NCIT:C82179	NCIT:C151990
NCIT:C82179	NCIT:C212201
NCIT:C82179	NCIT:C4673
NCIT:C82179	NCIT:C6923
NCIT:C82179	NCIT:C82192
NCIT:C82179	NCIT:C82203
NCIT:C82179	NCIT:C82212
NCIT:C82179	NCIT:C82213
NCIT:C8218	NCIT:C115087
NCIT:C8219	NCIT:C115088
NCIT:C8220	NCIT:C115089
NCIT:C8220	NCIT:C6139
NCIT:C8220	NCIT:C6140
NCIT:C8220	NCIT:C6141
NCIT:C8221	NCIT:C115093
NCIT:C8221	NCIT:C198148
NCIT:C8221	NCIT:C200582
NCIT:C8221	NCIT:C215048
NCIT:C8228	NCIT:C6137
NCIT:C8228	NCIT:C6138
NCIT:C8228	NCIT:C6236
NCIT:C82338	NCIT:C43223
NCIT:C82338	NCIT:C82339
NCIT:C82341	NCIT:C126562
NCIT:C82341	NCIT:C129982
NCIT:C82341	NCIT:C142838
NCIT:C82341	NCIT:C148315
NCIT:C82341	NCIT:C148316
NCIT:C82341	NCIT:C150250
NCIT:C82341	NCIT:C154316
NCIT:C82341	NCIT:C155996
NCIT:C82341	NCIT:C163756
NCIT:C82341	NCIT:C165500
NCIT:C82341	NCIT:C171269
NCIT:C82341	NCIT:C173401
NCIT:C82341	NCIT:C173403
NCIT:C82341	NCIT:C176901
NCIT:C82341	NCIT:C179861
NCIT:C82341	NCIT:C214865
NCIT:C82341	NCIT:C214866
NCIT:C82341	NCIT:C214867
NCIT:C82341	NCIT:C84830
NCIT:C82342	NCIT:C147072
NCIT:C8235	NCIT:C6130
NCIT:C8235	NCIT:C6131
NCIT:C8235	NCIT:C6132
NCIT:C8236	NCIT:C198153
NCIT:C8236	NCIT:C215050
NCIT:C8237	NCIT:C8238
NCIT:C8239	NCIT:C8240
NCIT:C82403	NCIT:C156719
NCIT:C82403	NCIT:C188451
NCIT:C82403	NCIT:C68696
NCIT:C8241	NCIT:C8242
NCIT:C82426	NCIT:C122716
NCIT:C82426	NCIT:C122717
NCIT:C8243	NCIT:C6122
NCIT:C8243	NCIT:C6123
NCIT:C8243	NCIT:C6124
NCIT:C8243	NCIT:C8244
NCIT:C82430	NCIT:C129786
NCIT:C82430	NCIT:C198883
NCIT:C82430	NCIT:C198884
NCIT:C82430	NCIT:C198885
NCIT:C82430	NCIT:C198886
NCIT:C82430	NCIT:C198887
NCIT:C82430	NCIT:C198888
NCIT:C82430	NCIT:C198889
NCIT:C82430	NCIT:C198890
NCIT:C82433	NCIT:C129782
NCIT:C82433	NCIT:C129783
NCIT:C82433	NCIT:C198891
NCIT:C8244	NCIT:C6125
NCIT:C8244	NCIT:C6126
NCIT:C8244	NCIT:C6127
NCIT:C8245	NCIT:C198151
NCIT:C8245	NCIT:C215051
NCIT:C8245	NCIT:C8246
NCIT:C8252	NCIT:C186730
NCIT:C8252	NCIT:C213425
NCIT:C8252	NCIT:C213426
NCIT:C8252	NCIT:C27754
NCIT:C8252	NCIT:C27755
NCIT:C8254	NCIT:C150516
NCIT:C8254	NCIT:C150519
NCIT:C8258	NCIT:C87132
NCIT:C8258	NCIT:C87133
NCIT:C8258	NCIT:C87134
NCIT:C8259	NCIT:C115130
NCIT:C8259	NCIT:C115131
NCIT:C82591	NCIT:C2872
NCIT:C82591	NCIT:C82593
NCIT:C82591	NCIT:C82594
NCIT:C8260	NCIT:C87135
NCIT:C8260	NCIT:C87137
NCIT:C8260	NCIT:C87138
NCIT:C8261	NCIT:C179182
NCIT:C82616	NCIT:C223033
NCIT:C8264	NCIT:C6253
NCIT:C8264	NCIT:C71300
NCIT:C8264	NCIT:C71301
NCIT:C8264	NCIT:C71303
NCIT:C8267	NCIT:C40063
NCIT:C8267	NCIT:C40066
NCIT:C8267	NCIT:C5232
NCIT:C8267	NCIT:C5233
NCIT:C8267	NCIT:C5234
NCIT:C8267	NCIT:C5236
NCIT:C8267	NCIT:C6419
NCIT:C8267	NCIT:C7317
NCIT:C8273	NCIT:C8291
NCIT:C8273	NCIT:C8292
NCIT:C8274	NCIT:C115327
NCIT:C8278	NCIT:C2868
NCIT:C8278	NCIT:C3063
NCIT:C8278	NCIT:C3311
NCIT:C8278	NCIT:C3341
NCIT:C8278	NCIT:C3380
NCIT:C8278	NCIT:C3396
NCIT:C8278	NCIT:C3425
NCIT:C8278	NCIT:C8301
NCIT:C8278	NCIT:C9436
NCIT:C8284	NCIT:C186660
NCIT:C8286	NCIT:C27857
NCIT:C8287	NCIT:C40370
NCIT:C8287	NCIT:C99390
NCIT:C8289	NCIT:C7174
NCIT:C8289	NCIT:C8257
NCIT:C8289	NCIT:C9094
NCIT:C82892	NCIT:C129980
NCIT:C82892	NCIT:C173126
NCIT:C82892	NCIT:C84481
NCIT:C8294	NCIT:C134914
NCIT:C8294	NCIT:C155742
NCIT:C8294	NCIT:C156906
NCIT:C8294	NCIT:C162015
NCIT:C8294	NCIT:C162016
NCIT:C8294	NCIT:C169041
NCIT:C8294	NCIT:C172813
NCIT:C8294	NCIT:C3874
NCIT:C8294	NCIT:C5726
NCIT:C8294	NCIT:C5729
NCIT:C8294	NCIT:C7977
NCIT:C8294	NCIT:C8933
NCIT:C8294	NCIT:C9120
NCIT:C8294	NCIT:C95458
NCIT:C8294	NCIT:C95507
NCIT:C8295	NCIT:C45573
NCIT:C8295	NCIT:C45601
NCIT:C8295	NCIT:C45602
NCIT:C82973	NCIT:C83488
NCIT:C82973	NCIT:C83489
NCIT:C82978	NCIT:C82979
NCIT:C82979	NCIT:C197873
NCIT:C82979	NCIT:C212171
NCIT:C82994	NCIT:C116806
NCIT:C82994	NCIT:C116807
NCIT:C82994	NCIT:C116808
NCIT:C82994	NCIT:C116809
NCIT:C8300	NCIT:C126356
NCIT:C8300	NCIT:C158426
NCIT:C8300	NCIT:C158427
NCIT:C8300	NCIT:C170826
NCIT:C8300	NCIT:C170827
NCIT:C8300	NCIT:C213527
NCIT:C8300	NCIT:C27372
NCIT:C8300	NCIT:C27373
NCIT:C83009	NCIT:C206515
NCIT:C83009	NCIT:C206516
NCIT:C83009	NCIT:C206517
NCIT:C83009	NCIT:C206670
NCIT:C83009	NCIT:C217088
NCIT:C83009	NCIT:C83010
NCIT:C8301	NCIT:C26793
NCIT:C8301	NCIT:C85039
NCIT:C8310	NCIT:C8305
NCIT:C8310	NCIT:C8306
NCIT:C8310	NCIT:C8307
NCIT:C8310	NCIT:C8308
NCIT:C8310	NCIT:C8309
NCIT:C8310	NCIT:C9076
NCIT:C83176	NCIT:C96464
NCIT:C83176	NCIT:C96465
NCIT:C8318	NCIT:C8517
NCIT:C8318	NCIT:C8520
NCIT:C8318	NCIT:C94797
NCIT:C8319	NCIT:C8518
NCIT:C8319	NCIT:C8521
NCIT:C8319	NCIT:C94798
NCIT:C8320	NCIT:C3584
NCIT:C8320	NCIT:C8522
NCIT:C8320	NCIT:C94799
NCIT:C8321	NCIT:C8519
NCIT:C8321	NCIT:C8523
NCIT:C8321	NCIT:C94800
NCIT:C8334	NCIT:C27423
NCIT:C8334	NCIT:C4394
NCIT:C8334	NCIT:C4595
NCIT:C8334	NCIT:C4596
NCIT:C8334	NCIT:C4756
NCIT:C8334	NCIT:C6093
NCIT:C8334	NCIT:C6120
NCIT:C8334	NCIT:C7346
NCIT:C8334	NCIT:C8335
NCIT:C8334	NCIT:C8336
NCIT:C8335	NCIT:C157573
NCIT:C8335	NCIT:C27427
NCIT:C8335	NCIT:C40196
NCIT:C8335	NCIT:C4760
NCIT:C8335	NCIT:C6094
NCIT:C8335	NCIT:C6097
NCIT:C8335	NCIT:C7666
NCIT:C8336	NCIT:C172706
NCIT:C8336	NCIT:C27093
NCIT:C8336	NCIT:C27426
NCIT:C8336	NCIT:C40197
NCIT:C8336	NCIT:C4761
NCIT:C8336	NCIT:C7351
NCIT:C8336	NCIT:C7667
NCIT:C8336	NCIT:C7668
NCIT:C8336	NCIT:C7669
NCIT:C8336	NCIT:C89445
NCIT:C83508	NCIT:C34509
NCIT:C83508	NCIT:C53656
NCIT:C8355	NCIT:C45667
NCIT:C8355	NCIT:C46101
NCIT:C8355	NCIT:C5195
NCIT:C8355	NCIT:C5665
NCIT:C8355	NCIT:C8356
NCIT:C8356	NCIT:C27789
NCIT:C8356	NCIT:C5595
NCIT:C8366	NCIT:C133192
NCIT:C8366	NCIT:C164249
NCIT:C8366	NCIT:C27269
NCIT:C8366	NCIT:C3782
NCIT:C8366	NCIT:C4521
NCIT:C8366	NCIT:C7348
NCIT:C8366	NCIT:C7436
NCIT:C8366	NCIT:C8334
NCIT:C8366	NCIT:C8367
NCIT:C8366	NCIT:C8962
NCIT:C8367	NCIT:C4630
NCIT:C8367	NCIT:C4644
NCIT:C8367	NCIT:C4840
NCIT:C8367	NCIT:C7661
NCIT:C8367	NCIT:C8335
NCIT:C8368	NCIT:C4645
NCIT:C8368	NCIT:C7351
NCIT:C8368	NCIT:C7660
NCIT:C8371	NCIT:C4706
NCIT:C8371	NCIT:C4707
NCIT:C8372	NCIT:C173342
NCIT:C8372	NCIT:C201900
NCIT:C8372	NCIT:C96475
NCIT:C8373	NCIT:C45630
NCIT:C8373	NCIT:C96842
NCIT:C8374	NCIT:C39963
NCIT:C83813	NCIT:C26969
NCIT:C83813	NCIT:C34743
NCIT:C83813	NCIT:C50450
NCIT:C83816	NCIT:C26934
NCIT:C83816	NCIT:C35362
NCIT:C83816	NCIT:C35405
NCIT:C8383	NCIT:C27253
NCIT:C8383	NCIT:C3687
NCIT:C8384	NCIT:C40065
NCIT:C8384	NCIT:C40217
NCIT:C8384	NCIT:C40218
NCIT:C8384	NCIT:C40269
NCIT:C8384	NCIT:C53994
NCIT:C8384	NCIT:C8973
NCIT:C8388	NCIT:C121679
NCIT:C8388	NCIT:C121720
NCIT:C8392	NCIT:C8173
NCIT:C8393	NCIT:C8171
NCIT:C8394	NCIT:C6213
NCIT:C8394	NCIT:C6214
NCIT:C8394	NCIT:C8170
NCIT:C8395	NCIT:C4941
NCIT:C8396	NCIT:C153801
NCIT:C8396	NCIT:C5935
NCIT:C8396	NCIT:C5939
NCIT:C8396	NCIT:C5940
NCIT:C8396	NCIT:C5943
NCIT:C8396	NCIT:C5947
NCIT:C8396	NCIT:C5977
NCIT:C8397	NCIT:C5958
NCIT:C8398	NCIT:C4429
NCIT:C8399	NCIT:C4430
NCIT:C8401	NCIT:C135090
NCIT:C8401	NCIT:C170919
NCIT:C8401	NCIT:C213589
NCIT:C8402	NCIT:C121500
NCIT:C8402	NCIT:C6490
NCIT:C8402	NCIT:C6491
NCIT:C8402	NCIT:C7749
NCIT:C8403	NCIT:C160619
NCIT:C8404	NCIT:C3616
NCIT:C8404	NCIT:C7525
NCIT:C8404	NCIT:C8603
NCIT:C8405	NCIT:C3698
NCIT:C8407	NCIT:C5990
NCIT:C8407	NCIT:C5991
NCIT:C8407	NCIT:C8182
NCIT:C8408	NCIT:C6716
NCIT:C8408	NCIT:C8527
NCIT:C8409	NCIT:C40310
NCIT:C8411	NCIT:C213276
NCIT:C8414	NCIT:C4606
NCIT:C8416	NCIT:C6714
NCIT:C8416	NCIT:C6718
NCIT:C8417	NCIT:C174023
NCIT:C8417	NCIT:C202574
NCIT:C8417	NCIT:C4602
NCIT:C8417	NCIT:C6807
NCIT:C8418	NCIT:C40299
NCIT:C8418	NCIT:C40300
NCIT:C8420	NCIT:C222813
NCIT:C8420	NCIT:C4282
NCIT:C8420	NCIT:C45655
NCIT:C8420	NCIT:C6747
NCIT:C8420	NCIT:C7985
NCIT:C8423	NCIT:C43372
NCIT:C84269	NCIT:C7137
NCIT:C84269	NCIT:C9235
NCIT:C84270	NCIT:C129853
NCIT:C84270	NCIT:C198559
NCIT:C84270	NCIT:C198565
NCIT:C84270	NCIT:C84275
NCIT:C84270	NCIT:C84276
NCIT:C84270	NCIT:C84277
NCIT:C84275	NCIT:C126351
NCIT:C84276	NCIT:C129852
NCIT:C8429	NCIT:C174022
NCIT:C8429	NCIT:C223355
NCIT:C8429	NCIT:C27883
NCIT:C8429	NCIT:C2927
NCIT:C8429	NCIT:C3713
NCIT:C8429	NCIT:C40116
NCIT:C8429	NCIT:C4179
NCIT:C8429	NCIT:C5206
NCIT:C8429	NCIT:C6881
NCIT:C8429	NCIT:C7130
NCIT:C8429	NCIT:C7440
NCIT:C8429	NCIT:C79951
NCIT:C8429	NCIT:C8430
NCIT:C8429	NCIT:C95913
NCIT:C8430	NCIT:C7278
NCIT:C8430	NCIT:C7279
NCIT:C8431	NCIT:C40025
NCIT:C8431	NCIT:C40027
NCIT:C8431	NCIT:C5226
NCIT:C8431	NCIT:C7313
NCIT:C84348	NCIT:C2887
NCIT:C84348	NCIT:C3105
NCIT:C84348	NCIT:C3391
NCIT:C84348	NCIT:C3424
NCIT:C84348	NCIT:C6727
NCIT:C84353	NCIT:C116973
NCIT:C84353	NCIT:C35083
NCIT:C84391	NCIT:C174215
NCIT:C84391	NCIT:C187704
NCIT:C84392	NCIT:C118631
NCIT:C84392	NCIT:C126690
NCIT:C84392	NCIT:C126747
NCIT:C84392	NCIT:C129021
NCIT:C84392	NCIT:C129931
NCIT:C84392	NCIT:C133729
NCIT:C84392	NCIT:C133742
NCIT:C84392	NCIT:C141424
NCIT:C84392	NCIT:C153179
NCIT:C84392	NCIT:C156309
NCIT:C84392	NCIT:C157122
NCIT:C84392	NCIT:C160662
NCIT:C84392	NCIT:C163754
NCIT:C84392	NCIT:C165533
NCIT:C84392	NCIT:C167216
NCIT:C84392	NCIT:C176897
NCIT:C84392	NCIT:C178414
NCIT:C84392	NCIT:C179707
NCIT:C84392	NCIT:C179708
NCIT:C84392	NCIT:C181001
NCIT:C84392	NCIT:C183311
NCIT:C84392	NCIT:C185246
NCIT:C84392	NCIT:C202069
NCIT:C84392	NCIT:C202606
NCIT:C84392	NCIT:C206522
NCIT:C84392	NCIT:C215154
NCIT:C84392	NCIT:C222355
NCIT:C8442	NCIT:C34510
NCIT:C84420	NCIT:C34538
NCIT:C84433	NCIT:C99248
NCIT:C84444	NCIT:C84445
NCIT:C84453	NCIT:C217090
NCIT:C84472	NCIT:C27925
NCIT:C84476	NCIT:C125662
NCIT:C84476	NCIT:C95804
NCIT:C84479	NCIT:C191638
NCIT:C84479	NCIT:C99025
NCIT:C84479	NCIT:C99026
NCIT:C84481	NCIT:C84764
NCIT:C84482	NCIT:C101029
NCIT:C84482	NCIT:C124495
NCIT:C84484	NCIT:C210468
NCIT:C84505	NCIT:C101322
NCIT:C84506	NCIT:C124556
NCIT:C84506	NCIT:C124563
NCIT:C84509	NCIT:C95606
NCIT:C84527	NCIT:C3816
NCIT:C84528	NCIT:C164226
NCIT:C84528	NCIT:C168757
NCIT:C84532	NCIT:C219782
NCIT:C84534	NCIT:C34350
NCIT:C84541	NCIT:C35084
NCIT:C84541	NCIT:C35085
NCIT:C84543	NCIT:C118785
NCIT:C84543	NCIT:C84941
NCIT:C84553	NCIT:C84554
NCIT:C84554	NCIT:C200299
NCIT:C84554	NCIT:C217406
NCIT:C84555	NCIT:C189282
NCIT:C84555	NCIT:C205629
NCIT:C84564	NCIT:C197919
NCIT:C84571	NCIT:C173470
NCIT:C84571	NCIT:C173471
NCIT:C84571	NCIT:C176008
NCIT:C84571	NCIT:C177248
NCIT:C84572	NCIT:C129865
NCIT:C84572	NCIT:C98931
NCIT:C84575	NCIT:C116366
NCIT:C84575	NCIT:C219819
NCIT:C84577	NCIT:C169000
NCIT:C84578	NCIT:C123166
NCIT:C84578	NCIT:C123167
NCIT:C84586	NCIT:C128340
NCIT:C84586	NCIT:C128441
NCIT:C84586	NCIT:C84620
NCIT:C8459	NCIT:C153160
NCIT:C8459	NCIT:C153161
NCIT:C84599	NCIT:C128341
NCIT:C84599	NCIT:C128342
NCIT:C84599	NCIT:C128343
NCIT:C84599	NCIT:C128344
NCIT:C84599	NCIT:C128345
NCIT:C8460	NCIT:C8303
NCIT:C8460	NCIT:C8304
NCIT:C84605	NCIT:C197904
NCIT:C84609	NCIT:C120205
NCIT:C84615	NCIT:C126868
NCIT:C84615	NCIT:C126869
NCIT:C84615	NCIT:C126870
NCIT:C84615	NCIT:C126871
NCIT:C84615	NCIT:C126872
NCIT:C84615	NCIT:C126873
NCIT:C84615	NCIT:C126874
NCIT:C84615	NCIT:C206097
NCIT:C84615	NCIT:C206519
NCIT:C84615	NCIT:C4690
NCIT:C84617	NCIT:C222348
NCIT:C84621	NCIT:C5432
NCIT:C84624	NCIT:C4685
NCIT:C84625	NCIT:C157147
NCIT:C8463	NCIT:C213293
NCIT:C8463	NCIT:C4649
NCIT:C8463	NCIT:C8394
NCIT:C8463	NCIT:C8395
NCIT:C84632	NCIT:C85047
NCIT:C84633	NCIT:C168445
NCIT:C84638	NCIT:C128117
NCIT:C84638	NCIT:C148370
NCIT:C84638	NCIT:C155999
NCIT:C84638	NCIT:C172392
NCIT:C84638	NCIT:C172393
NCIT:C84638	NCIT:C202610
NCIT:C84638	NCIT:C84797
NCIT:C84639	NCIT:C150601
NCIT:C84639	NCIT:C150603
NCIT:C84640	NCIT:C148461
NCIT:C84640	NCIT:C205645
NCIT:C84646	NCIT:C157148
NCIT:C84646	NCIT:C175991
NCIT:C84647	NCIT:C129304
NCIT:C84647	NCIT:C132292
NCIT:C84647	NCIT:C168997
NCIT:C84647	NCIT:C174216
NCIT:C84647	NCIT:C177546
NCIT:C84648	NCIT:C101328
NCIT:C84648	NCIT:C118781
NCIT:C84648	NCIT:C126689
NCIT:C84649	NCIT:C220012
NCIT:C84650	NCIT:C129022
NCIT:C84650	NCIT:C219823
NCIT:C84654	NCIT:C63709
NCIT:C84655	NCIT:C220137
NCIT:C8466	NCIT:C8467
NCIT:C8466	NCIT:C8472
NCIT:C8466	NCIT:C8564
NCIT:C84668	NCIT:C121209
NCIT:C84673	NCIT:C165596
NCIT:C84673	NCIT:C170436
NCIT:C84673	NCIT:C173625
NCIT:C84673	NCIT:C174435
NCIT:C84673	NCIT:C182078
NCIT:C84673	NCIT:C186785
NCIT:C84673	NCIT:C187983
NCIT:C84673	NCIT:C192082
NCIT:C84673	NCIT:C198599
NCIT:C84673	NCIT:C206099
NCIT:C84673	NCIT:C212862
NCIT:C84673	NCIT:C220195
NCIT:C84675	NCIT:C206521
NCIT:C84683	NCIT:C118844
NCIT:C84683	NCIT:C122656
NCIT:C84683	NCIT:C148261
NCIT:C84683	NCIT:C84562
NCIT:C84683	NCIT:C84580
NCIT:C84685	NCIT:C126745
NCIT:C84685	NCIT:C168730
NCIT:C84691	NCIT:C156446
NCIT:C84691	NCIT:C205633
NCIT:C84704	NCIT:C172704
NCIT:C84704	NCIT:C172705
NCIT:C84708	NCIT:C165527
NCIT:C84719	NCIT:C217087
NCIT:C8472	NCIT:C8476
NCIT:C8472	NCIT:C9193
NCIT:C84723	NCIT:C114767
NCIT:C84723	NCIT:C81325
NCIT:C84723	NCIT:C99104
NCIT:C84733	NCIT:C122661
NCIT:C84733	NCIT:C162398
NCIT:C84742	NCIT:C101185
NCIT:C84742	NCIT:C101186
NCIT:C84742	NCIT:C98902
NCIT:C84742	NCIT:C98914
NCIT:C84742	NCIT:C99096
NCIT:C84751	NCIT:C157886
NCIT:C84758	NCIT:C84757
NCIT:C84761	NCIT:C84656
NCIT:C84761	NCIT:C84729
NCIT:C84765	NCIT:C142173
NCIT:C84765	NCIT:C84770
NCIT:C84765	NCIT:C99081
NCIT:C84767	NCIT:C103920
NCIT:C84767	NCIT:C111904
NCIT:C84767	NCIT:C111905
NCIT:C8477	NCIT:C8478
NCIT:C8477	NCIT:C8479
NCIT:C8477	NCIT:C8565
NCIT:C84773	NCIT:C133725
NCIT:C84773	NCIT:C142892
NCIT:C84773	NCIT:C172092
NCIT:C84773	NCIT:C172093
NCIT:C84773	NCIT:C176899
NCIT:C84773	NCIT:C177249
NCIT:C84773	NCIT:C179054
NCIT:C84773	NCIT:C179295
NCIT:C84773	NCIT:C182076
NCIT:C84773	NCIT:C184989
NCIT:C84773	NCIT:C188990
NCIT:C84776	NCIT:C112831
NCIT:C84776	NCIT:C132827
NCIT:C84776	NCIT:C62569
NCIT:C84776	NCIT:C84777
NCIT:C84776	NCIT:C84778
NCIT:C84776	NCIT:C84779
NCIT:C84776	NCIT:C84805
NCIT:C84776	NCIT:C84922
NCIT:C84783	NCIT:C129074
NCIT:C84783	NCIT:C158531
NCIT:C84783	NCIT:C176416
NCIT:C84785	NCIT:C84612
NCIT:C84785	NCIT:C84639
NCIT:C84785	NCIT:C84957
NCIT:C8479	NCIT:C8481
NCIT:C8479	NCIT:C9200
NCIT:C84790	NCIT:C98827
NCIT:C84790	NCIT:C98828
NCIT:C84796	NCIT:C122813
NCIT:C84799	NCIT:C101270
NCIT:C84805	NCIT:C98934
NCIT:C84828	NCIT:C126739
NCIT:C84828	NCIT:C133730
NCIT:C84828	NCIT:C142079
NCIT:C84828	NCIT:C142080
NCIT:C84828	NCIT:C142081
NCIT:C84828	NCIT:C142082
NCIT:C84828	NCIT:C148318
NCIT:C84828	NCIT:C180849
NCIT:C84828	NCIT:C181000
NCIT:C8484	NCIT:C8138
NCIT:C8484	NCIT:C8139
NCIT:C8484	NCIT:C8249
NCIT:C8487	NCIT:C8151
NCIT:C8487	NCIT:C8152
NCIT:C8487	NCIT:C8250
NCIT:C84895	NCIT:C183312
NCIT:C8490	NCIT:C115349
NCIT:C8490	NCIT:C8159
NCIT:C8490	NCIT:C8164
NCIT:C8490	NCIT:C8251
NCIT:C84909	NCIT:C125695
NCIT:C8491	NCIT:C148175
NCIT:C8491	NCIT:C27365
NCIT:C8491	NCIT:C68688
NCIT:C8491	NCIT:C8464
NCIT:C8491	NCIT:C8482
NCIT:C8491	NCIT:C8485
NCIT:C8491	NCIT:C8488
NCIT:C84910	NCIT:C118783
NCIT:C84910	NCIT:C118846
NCIT:C84910	NCIT:C123438
NCIT:C84910	NCIT:C126690
NCIT:C84910	NCIT:C126691
NCIT:C84910	NCIT:C148369
NCIT:C84910	NCIT:C75482
NCIT:C84910	NCIT:C84587
NCIT:C84910	NCIT:C84675
NCIT:C84910	NCIT:C84685
NCIT:C84910	NCIT:C84704
NCIT:C84910	NCIT:C84828
NCIT:C84910	NCIT:C84914
NCIT:C84910	NCIT:C84942
NCIT:C84910	NCIT:C99109
NCIT:C84913	NCIT:C122787
NCIT:C84913	NCIT:C84914
NCIT:C84914	NCIT:C123308
NCIT:C84914	NCIT:C34833
NCIT:C84914	NCIT:C84679
NCIT:C84914	NCIT:C84680
NCIT:C84915	NCIT:C101273
NCIT:C84915	NCIT:C114909
NCIT:C84918	NCIT:C123260
NCIT:C8492	NCIT:C115150
NCIT:C8492	NCIT:C115154
NCIT:C8492	NCIT:C3184
NCIT:C8492	NCIT:C68686
NCIT:C8492	NCIT:C8484
NCIT:C8492	NCIT:C8487
NCIT:C8492	NCIT:C8490
NCIT:C8492	NCIT:C9062
NCIT:C8492	NCIT:C9252
NCIT:C8492	NCIT:C9361
NCIT:C84923	NCIT:C124543
NCIT:C84923	NCIT:C124549
NCIT:C84923	NCIT:C124558
NCIT:C8493	NCIT:C36100
NCIT:C8493	NCIT:C36101
NCIT:C84933	NCIT:C129736
NCIT:C84935	NCIT:C35057
NCIT:C8494	NCIT:C6725
NCIT:C8494	NCIT:C6726
NCIT:C84941	NCIT:C168731
NCIT:C84978	NCIT:C118696
NCIT:C84978	NCIT:C118697
NCIT:C84978	NCIT:C121156
NCIT:C84978	NCIT:C124056
NCIT:C84978	NCIT:C131420
NCIT:C84978	NCIT:C202115
NCIT:C84978	NCIT:C84632
NCIT:C8498	NCIT:C128801
NCIT:C8498	NCIT:C207624
NCIT:C8500	NCIT:C150359
NCIT:C8500	NCIT:C8287
NCIT:C8501	NCIT:C5097
NCIT:C8501	NCIT:C5098
NCIT:C8501	NCIT:C7445
NCIT:C8501	NCIT:C7446
NCIT:C8501	NCIT:C9042
NCIT:C8501	NCIT:C9091
NCIT:C8501	NCIT:C94764
NCIT:C85013	NCIT:C37871
NCIT:C85020	NCIT:C191603
NCIT:C85021	NCIT:C112843
NCIT:C85023	NCIT:C179057
NCIT:C85024	NCIT:C85025
NCIT:C85026	NCIT:C133724
NCIT:C85026	NCIT:C183529
NCIT:C85034	NCIT:C123251
NCIT:C85034	NCIT:C123252
NCIT:C85037	NCIT:C202011
NCIT:C8504	NCIT:C171299
NCIT:C8504	NCIT:C171300
NCIT:C8504	NCIT:C173046
NCIT:C8504	NCIT:C181796
NCIT:C8504	NCIT:C8491
NCIT:C85041	NCIT:C3980
NCIT:C85041	NCIT:C4687
NCIT:C8505	NCIT:C36028
NCIT:C8505	NCIT:C48607
NCIT:C8505	NCIT:C7904
NCIT:C8505	NCIT:C9480
NCIT:C85051	NCIT:C34992
NCIT:C85053	NCIT:C122782
NCIT:C85053	NCIT:C61261
NCIT:C85053	NCIT:C61265
NCIT:C8506	NCIT:C183152
NCIT:C8506	NCIT:C3814
NCIT:C8506	NCIT:C5317
NCIT:C8506	NCIT:C8312
NCIT:C85065	NCIT:C122654
NCIT:C85065	NCIT:C163755
NCIT:C85074	NCIT:C97074
NCIT:C85075	NCIT:C118847
NCIT:C85075	NCIT:C156310
NCIT:C85075	NCIT:C85076
NCIT:C85075	NCIT:C98670
NCIT:C85076	NCIT:C191765
NCIT:C85076	NCIT:C191766
NCIT:C85079	NCIT:C217396
NCIT:C8509	NCIT:C84509
NCIT:C8511	NCIT:C141076
NCIT:C8511	NCIT:C147965
NCIT:C8511	NCIT:C148173
NCIT:C8511	NCIT:C150541
NCIT:C8511	NCIT:C151906
NCIT:C8511	NCIT:C151907
NCIT:C8511	NCIT:C152046
NCIT:C8511	NCIT:C152048
NCIT:C8511	NCIT:C159563
NCIT:C8511	NCIT:C162719
NCIT:C8511	NCIT:C162733
NCIT:C8511	NCIT:C171605
NCIT:C8511	NCIT:C175668
NCIT:C8511	NCIT:C177149
NCIT:C8511	NCIT:C199637
NCIT:C8511	NCIT:C199640
NCIT:C8513	NCIT:C5016
NCIT:C8513	NCIT:C7790
NCIT:C8513	NCIT:C9358
NCIT:C8514	NCIT:C3993
NCIT:C8514	NCIT:C5015
NCIT:C8514	NCIT:C7791
NCIT:C8515	NCIT:C7766
NCIT:C8515	NCIT:C7792
NCIT:C8515	NCIT:C8635
NCIT:C8516	NCIT:C3994
NCIT:C8516	NCIT:C8412
NCIT:C8516	NCIT:C8636
NCIT:C8517	NCIT:C5011
NCIT:C8517	NCIT:C5012
NCIT:C8517	NCIT:C5064
NCIT:C8517	NCIT:C8056
NCIT:C8517	NCIT:C8834
NCIT:C8517	NCIT:C8839
NCIT:C8517	NCIT:C9032
NCIT:C8518	NCIT:C5009
NCIT:C8518	NCIT:C5010
NCIT:C8518	NCIT:C5067
NCIT:C8518	NCIT:C5077
NCIT:C8518	NCIT:C5081
NCIT:C8518	NCIT:C8055
NCIT:C8518	NCIT:C9033
NCIT:C85185	NCIT:C116814
NCIT:C85187	NCIT:C98583
NCIT:C85187	NCIT:C98584
NCIT:C8519	NCIT:C8058
NCIT:C8519	NCIT:C8651
NCIT:C8519	NCIT:C8835
NCIT:C8519	NCIT:C8840
NCIT:C8519	NCIT:C9035
NCIT:C85197	NCIT:C35055
NCIT:C85197	NCIT:C85011
NCIT:C8520	NCIT:C27308
NCIT:C8520	NCIT:C8102
NCIT:C8520	NCIT:C8665
NCIT:C8520	NCIT:C94791
NCIT:C8521	NCIT:C171159
NCIT:C8521	NCIT:C8103
NCIT:C8521	NCIT:C8666
NCIT:C8521	NCIT:C8843
NCIT:C8521	NCIT:C94792
NCIT:C85214	NCIT:C126864
NCIT:C85214	NCIT:C126865
NCIT:C85215	NCIT:C75462
NCIT:C85215	NCIT:C75463
NCIT:C85217	NCIT:C126327
NCIT:C85217	NCIT:C126328
NCIT:C85217	NCIT:C126329
NCIT:C8522	NCIT:C8104
NCIT:C8522	NCIT:C8667
NCIT:C8522	NCIT:C8844
NCIT:C8522	NCIT:C94793
NCIT:C85222	NCIT:C124842
NCIT:C85222	NCIT:C75008
NCIT:C85222	NCIT:C75009
NCIT:C85226	NCIT:C217411
NCIT:C8523	NCIT:C8105
NCIT:C8523	NCIT:C8668
NCIT:C8523	NCIT:C8845
NCIT:C8523	NCIT:C94794
NCIT:C8524	NCIT:C133093
NCIT:C8524	NCIT:C146857
NCIT:C8524	NCIT:C148130
NCIT:C8524	NCIT:C148494
NCIT:C8524	NCIT:C153071
NCIT:C8524	NCIT:C153278
NCIT:C8524	NCIT:C153324
NCIT:C8524	NCIT:C166182
NCIT:C8524	NCIT:C167332
NCIT:C8524	NCIT:C170470
NCIT:C8524	NCIT:C171284
NCIT:C8524	NCIT:C175663
NCIT:C8524	NCIT:C175935
NCIT:C8524	NCIT:C176994
NCIT:C8524	NCIT:C179181
NCIT:C8524	NCIT:C203526
NCIT:C8524	NCIT:C213717
NCIT:C8525	NCIT:C4174
NCIT:C8525	NCIT:C43334
NCIT:C8525	NCIT:C43336
NCIT:C8528	NCIT:C6031
NCIT:C8528	NCIT:C7509
NCIT:C8528	NCIT:C7546
NCIT:C8528	NCIT:C7713
NCIT:C8528	NCIT:C8557
NCIT:C8529	NCIT:C6719
NCIT:C8529	NCIT:C8416
NCIT:C8530	NCIT:C8527
NCIT:C8531	NCIT:C3602
NCIT:C8531	NCIT:C4454
NCIT:C8532	NCIT:C4414
NCIT:C8532	NCIT:C4417
NCIT:C8532	NCIT:C4420
NCIT:C8532	NCIT:C4422
NCIT:C8532	NCIT:C6835
NCIT:C8535	NCIT:C6742
NCIT:C8536	NCIT:C147106
NCIT:C8536	NCIT:C6743
NCIT:C8536	NCIT:C92187
NCIT:C8537	NCIT:C27503
NCIT:C8537	NCIT:C3085
NCIT:C8538	NCIT:C3088
NCIT:C8538	NCIT:C3800
NCIT:C8538	NCIT:C9087
NCIT:C8543	NCIT:C188077
NCIT:C8545	NCIT:C3521
NCIT:C8545	NCIT:C4868
NCIT:C8547	NCIT:C224698
NCIT:C8547	NCIT:C4015
NCIT:C8548	NCIT:C5433
NCIT:C8548	NCIT:C6218
NCIT:C8548	NCIT:C6219
NCIT:C8548	NCIT:C6220
NCIT:C8549	NCIT:C5797
NCIT:C85505	NCIT:C34349
NCIT:C8554	NCIT:C175470
NCIT:C8559	NCIT:C133713
NCIT:C8559	NCIT:C160852
NCIT:C8559	NCIT:C4219
NCIT:C8559	NCIT:C4220
NCIT:C8561	NCIT:C150533
NCIT:C8561	NCIT:C150534
NCIT:C8561	NCIT:C161644
NCIT:C8561	NCIT:C181196
NCIT:C8561	NCIT:C192139
NCIT:C8561	NCIT:C192664
NCIT:C8561	NCIT:C7251
NCIT:C8561	NCIT:C7378
NCIT:C8561	NCIT:C7547
NCIT:C8562	NCIT:C171294
NCIT:C8562	NCIT:C171295
NCIT:C8562	NCIT:C173329
NCIT:C8562	NCIT:C214947
NCIT:C8562	NCIT:C4550
NCIT:C8562	NCIT:C4553
NCIT:C8562	NCIT:C7712
NCIT:C8562	NCIT:C7913
NCIT:C8562	NCIT:C8601
NCIT:C8563	NCIT:C114750
NCIT:C8563	NCIT:C114782
NCIT:C8563	NCIT:C151984
NCIT:C8563	NCIT:C222483
NCIT:C8563	NCIT:C222484
NCIT:C8566	NCIT:C132676
NCIT:C8566	NCIT:C154473
NCIT:C8566	NCIT:C213042
NCIT:C8566	NCIT:C213043
NCIT:C8566	NCIT:C3812
NCIT:C8567	NCIT:C155983
NCIT:C8567	NCIT:C155984
NCIT:C8567	NCIT:C4537
NCIT:C8567	NCIT:C7533
NCIT:C8567	NCIT:C7535
NCIT:C8576	NCIT:C176558
NCIT:C8576	NCIT:C190685
NCIT:C8576	NCIT:C212983
NCIT:C8576	NCIT:C216138
NCIT:C8576	NCIT:C216139
NCIT:C8576	NCIT:C216142
NCIT:C8576	NCIT:C216144
NCIT:C8576	NCIT:C217198
NCIT:C8576	NCIT:C27294
NCIT:C8576	NCIT:C27901
NCIT:C8576	NCIT:C4938
NCIT:C8576	NCIT:C4954
NCIT:C8576	NCIT:C7625
NCIT:C8576	NCIT:C9239
NCIT:C8578	NCIT:C186351
NCIT:C8578	NCIT:C186495
NCIT:C8578	NCIT:C188935
NCIT:C8578	NCIT:C188943
NCIT:C8578	NCIT:C198484
NCIT:C8578	NCIT:C222248
NCIT:C8578	NCIT:C8579
NCIT:C8578	NCIT:C9041
NCIT:C8578	NCIT:C9043
NCIT:C8580	NCIT:C8570
NCIT:C8581	NCIT:C8571
NCIT:C8582	NCIT:C8572
NCIT:C8583	NCIT:C8569
NCIT:C8585	NCIT:C7820
NCIT:C8586	NCIT:C4243
NCIT:C8586	NCIT:C7821
NCIT:C85865	NCIT:C118631
NCIT:C85865	NCIT:C118634
NCIT:C85865	NCIT:C118781
NCIT:C85865	NCIT:C118785
NCIT:C85865	NCIT:C118843
NCIT:C85865	NCIT:C118845
NCIT:C85865	NCIT:C120113
NCIT:C85865	NCIT:C123260
NCIT:C85865	NCIT:C123725
NCIT:C85865	NCIT:C124839
NCIT:C85865	NCIT:C125487
NCIT:C85865	NCIT:C125665
NCIT:C85865	NCIT:C126330
NCIT:C85865	NCIT:C126336
NCIT:C85865	NCIT:C126352
NCIT:C85865	NCIT:C126566
NCIT:C85865	NCIT:C126738
NCIT:C85865	NCIT:C126747
NCIT:C85865	NCIT:C129068
NCIT:C85865	NCIT:C129720
NCIT:C85865	NCIT:C129930
NCIT:C85865	NCIT:C129931
NCIT:C85865	NCIT:C130989
NCIT:C85865	NCIT:C131009
NCIT:C85865	NCIT:C131079
NCIT:C85865	NCIT:C133729
NCIT:C85865	NCIT:C134941
NCIT:C85865	NCIT:C136653
NCIT:C85865	NCIT:C141423
NCIT:C85865	NCIT:C142803
NCIT:C85865	NCIT:C147070
NCIT:C85865	NCIT:C154315
NCIT:C85865	NCIT:C157122
NCIT:C85865	NCIT:C158531
NCIT:C85865	NCIT:C165533
NCIT:C85865	NCIT:C167216
NCIT:C85865	NCIT:C168730
NCIT:C85865	NCIT:C171270
NCIT:C85865	NCIT:C172807
NCIT:C85865	NCIT:C173469
NCIT:C85865	NCIT:C173571
NCIT:C85865	NCIT:C175210
NCIT:C85865	NCIT:C176592
NCIT:C85865	NCIT:C176617
NCIT:C85865	NCIT:C176818
NCIT:C85865	NCIT:C179707
NCIT:C85865	NCIT:C179866
NCIT:C85865	NCIT:C180843
NCIT:C85865	NCIT:C180844
NCIT:C85865	NCIT:C181001
NCIT:C85865	NCIT:C181924
NCIT:C85865	NCIT:C183311
NCIT:C85865	NCIT:C184991
NCIT:C85865	NCIT:C188215
NCIT:C85865	NCIT:C188996
NCIT:C85865	NCIT:C198578
NCIT:C85865	NCIT:C201590
NCIT:C85865	NCIT:C202069
NCIT:C85865	NCIT:C202548
NCIT:C85865	NCIT:C206103
NCIT:C85865	NCIT:C206528
NCIT:C85865	NCIT:C206529
NCIT:C85865	NCIT:C212036
NCIT:C85865	NCIT:C220234
NCIT:C85865	NCIT:C34469
NCIT:C85865	NCIT:C3448
NCIT:C85865	NCIT:C35256
NCIT:C85865	NCIT:C3822
NCIT:C85865	NCIT:C4682
NCIT:C85865	NCIT:C61246
NCIT:C85865	NCIT:C61255
NCIT:C85865	NCIT:C61260
NCIT:C85865	NCIT:C75480
NCIT:C85865	NCIT:C75482
NCIT:C85865	NCIT:C75483
NCIT:C85865	NCIT:C75485
NCIT:C85865	NCIT:C75487
NCIT:C85865	NCIT:C75488
NCIT:C85865	NCIT:C84562
NCIT:C85865	NCIT:C84585
NCIT:C85865	NCIT:C84587
NCIT:C85865	NCIT:C84701
NCIT:C85865	NCIT:C84717
NCIT:C85865	NCIT:C84735
NCIT:C85865	NCIT:C84779
NCIT:C85865	NCIT:C84940
NCIT:C85865	NCIT:C85233
NCIT:C85865	NCIT:C85234
NCIT:C8588	NCIT:C123842
NCIT:C8588	NCIT:C68629
NCIT:C85889	NCIT:C85890
NCIT:C85889	NCIT:C85892
NCIT:C85893	NCIT:C85894
NCIT:C85893	NCIT:C85895
NCIT:C85893	NCIT:C85896
NCIT:C85897	NCIT:C85898
NCIT:C85897	NCIT:C85899
NCIT:C8590	NCIT:C8828
NCIT:C8590	NCIT:C8829
NCIT:C8590	NCIT:C8830
NCIT:C8590	NCIT:C8831
NCIT:C8591	NCIT:C115211
NCIT:C8591	NCIT:C162139
NCIT:C8591	NCIT:C39915
NCIT:C8591	NCIT:C6552
NCIT:C8591	NCIT:C9063
NCIT:C8591	NCIT:C9313
NCIT:C8592	NCIT:C121842
NCIT:C8592	NCIT:C121844
NCIT:C8592	NCIT:C121845
NCIT:C8592	NCIT:C2945
NCIT:C8592	NCIT:C3295
NCIT:C8592	NCIT:C35259
NCIT:C8592	NCIT:C3830
NCIT:C8592	NCIT:C53459
NCIT:C8594	NCIT:C138192
NCIT:C8594	NCIT:C3366
NCIT:C8594	NCIT:C36265
NCIT:C8594	NCIT:C7178
NCIT:C8594	NCIT:C7179
NCIT:C8595	NCIT:C8185
NCIT:C8602	NCIT:C40408
NCIT:C8602	NCIT:C40409
NCIT:C8602	NCIT:C4542
NCIT:C8602	NCIT:C45603
NCIT:C8602	NCIT:C83174
NCIT:C8603	NCIT:C4528
NCIT:C8603	NCIT:C6148
NCIT:C8604	NCIT:C127840
NCIT:C8607	NCIT:C219062
NCIT:C8609	NCIT:C156781
NCIT:C8609	NCIT:C190593
NCIT:C8609	NCIT:C217201
NCIT:C8609	NCIT:C7481
NCIT:C8609	NCIT:C7483
NCIT:C8610	NCIT:C27381
NCIT:C8610	NCIT:C9276
NCIT:C8612	NCIT:C179560
NCIT:C8612	NCIT:C3958
NCIT:C8612	NCIT:C7354
NCIT:C8614	NCIT:C172854
NCIT:C8614	NCIT:C2898
NCIT:C8614	NCIT:C3048
NCIT:C8614	NCIT:C4843
NCIT:C8614	NCIT:C7103
NCIT:C8614	NCIT:C8609
NCIT:C8615	NCIT:C214491
NCIT:C8615	NCIT:C214492
NCIT:C8615	NCIT:C4583
NCIT:C8625	NCIT:C162441
NCIT:C8625	NCIT:C190199
NCIT:C8625	NCIT:C190679
NCIT:C8625	NCIT:C214783
NCIT:C8625	NCIT:C3998
NCIT:C8625	NCIT:C8634
NCIT:C8625	NCIT:C9238
NCIT:C8628	NCIT:C6731
NCIT:C8628	NCIT:C6732
NCIT:C8630	NCIT:C87782
NCIT:C8630	NCIT:C87783
NCIT:C8631	NCIT:C87784
NCIT:C8631	NCIT:C87785
NCIT:C8631	NCIT:C87786
NCIT:C8633	NCIT:C217315
NCIT:C8637	NCIT:C153357
NCIT:C8637	NCIT:C156686
NCIT:C8637	NCIT:C171326
NCIT:C8637	NCIT:C207863
NCIT:C8637	NCIT:C8934
NCIT:C8638	NCIT:C165172
NCIT:C8638	NCIT:C175516
NCIT:C8639	NCIT:C198616
NCIT:C8639	NCIT:C27323
NCIT:C8640	NCIT:C156911
NCIT:C8643	NCIT:C221113
NCIT:C8644	NCIT:C128629
NCIT:C8644	NCIT:C142811
NCIT:C8644	NCIT:C142812
NCIT:C8644	NCIT:C190847
NCIT:C8644	NCIT:C198683
NCIT:C8644	NCIT:C199202
NCIT:C8644	NCIT:C199204
NCIT:C8644	NCIT:C9140
NCIT:C8644	NCIT:C9143
NCIT:C8645	NCIT:C158151
NCIT:C8647	NCIT:C157692
NCIT:C8647	NCIT:C157693
NCIT:C8648	NCIT:C168677
NCIT:C8648	NCIT:C168678
NCIT:C8648	NCIT:C168681
NCIT:C8652	NCIT:C142149
NCIT:C8658	NCIT:C162689
NCIT:C8658	NCIT:C176681
NCIT:C8658	NCIT:C181045
NCIT:C8659	NCIT:C115029
NCIT:C8660	NCIT:C115030
NCIT:C8661	NCIT:C115031
NCIT:C8662	NCIT:C115032
NCIT:C8663	NCIT:C165789
NCIT:C8663	NCIT:C178554
NCIT:C8663	NCIT:C183513
NCIT:C8663	NCIT:C8688
NCIT:C8664	NCIT:C165791
NCIT:C8664	NCIT:C178556
NCIT:C8664	NCIT:C183515
NCIT:C8664	NCIT:C8689
NCIT:C8665	NCIT:C8690
NCIT:C8666	NCIT:C8691
NCIT:C8667	NCIT:C8692
NCIT:C8668	NCIT:C8693
NCIT:C8686	NCIT:C165784
NCIT:C8687	NCIT:C165785
NCIT:C8688	NCIT:C115439
NCIT:C8688	NCIT:C150132
NCIT:C8688	NCIT:C153160
NCIT:C8688	NCIT:C154333
NCIT:C8688	NCIT:C157689
NCIT:C8688	NCIT:C168778
NCIT:C8688	NCIT:C225042
NCIT:C8688	NCIT:C5026
NCIT:C8688	NCIT:C7805
NCIT:C8688	NCIT:C8251
NCIT:C8688	NCIT:C8680
NCIT:C8688	NCIT:C9250
NCIT:C8689	NCIT:C148129
NCIT:C8689	NCIT:C153161
NCIT:C8689	NCIT:C157690
NCIT:C8689	NCIT:C157694
NCIT:C8689	NCIT:C168779
NCIT:C8689	NCIT:C225043
NCIT:C8689	NCIT:C8657
NCIT:C8689	NCIT:C8658
NCIT:C8689	NCIT:C8669
NCIT:C8689	NCIT:C8681
NCIT:C8689	NCIT:C8938
NCIT:C8689	NCIT:C9339
NCIT:C8690	NCIT:C8247
NCIT:C8690	NCIT:C8659
NCIT:C8690	NCIT:C8670
NCIT:C8690	NCIT:C8672
NCIT:C8690	NCIT:C8682
NCIT:C8691	NCIT:C8248
NCIT:C8691	NCIT:C8660
NCIT:C8691	NCIT:C8673
NCIT:C8691	NCIT:C8677
NCIT:C8691	NCIT:C8683
NCIT:C8692	NCIT:C8249
NCIT:C8692	NCIT:C8661
NCIT:C8692	NCIT:C8674
NCIT:C8692	NCIT:C8678
NCIT:C8692	NCIT:C8684
NCIT:C8693	NCIT:C8250
NCIT:C8693	NCIT:C8662
NCIT:C8693	NCIT:C8675
NCIT:C8693	NCIT:C8679
NCIT:C8693	NCIT:C8685
NCIT:C8694	NCIT:C199170
NCIT:C8694	NCIT:C199173
NCIT:C8694	NCIT:C3183
NCIT:C8694	NCIT:C45242
NCIT:C8694	NCIT:C45738
NCIT:C8694	NCIT:C5640
NCIT:C8694	NCIT:C6919
NCIT:C8694	NCIT:C8695
NCIT:C8694	NCIT:C8696
NCIT:C8694	NCIT:C8697
NCIT:C8694	NCIT:C8698
NCIT:C8694	NCIT:C8699
NCIT:C8694	NCIT:C8700
NCIT:C8695	NCIT:C150131
NCIT:C8695	NCIT:C186511
NCIT:C8696	NCIT:C150510
NCIT:C8696	NCIT:C7227
NCIT:C8701	NCIT:C140091
NCIT:C8701	NCIT:C146989
NCIT:C8701	NCIT:C151978
NCIT:C8701	NCIT:C156233
NCIT:C8701	NCIT:C173046
NCIT:C8701	NCIT:C210133
NCIT:C8701	NCIT:C8664
NCIT:C8701	NCIT:C8842
NCIT:C8702	NCIT:C158149
NCIT:C8702	NCIT:C165789
NCIT:C87055	NCIT:C132882
NCIT:C87055	NCIT:C201906
NCIT:C87055	NCIT:C201907
NCIT:C87055	NCIT:C213329
NCIT:C87055	NCIT:C224049
NCIT:C87062	NCIT:C87168
NCIT:C87062	NCIT:C94575
NCIT:C87072	NCIT:C187703
NCIT:C8708	NCIT:C146856
NCIT:C8708	NCIT:C168720
NCIT:C8708	NCIT:C217179
NCIT:C8711	NCIT:C114828
NCIT:C8711	NCIT:C161611
NCIT:C8711	NCIT:C173328
NCIT:C8711	NCIT:C175345
NCIT:C8711	NCIT:C178441
NCIT:C8711	NCIT:C188185
NCIT:C8711	NCIT:C213491
NCIT:C8711	NCIT:C213517
NCIT:C8711	NCIT:C214948
NCIT:C8711	NCIT:C45652
NCIT:C8711	NCIT:C5317
NCIT:C8711	NCIT:C7088
NCIT:C8711	NCIT:C7090
NCIT:C8711	NCIT:C7092
NCIT:C8711	NCIT:C8562
NCIT:C87121	NCIT:C99061
NCIT:C87125	NCIT:C125597
NCIT:C87125	NCIT:C219871
NCIT:C8715	NCIT:C162730
NCIT:C8715	NCIT:C162731
NCIT:C8715	NCIT:C188888
NCIT:C87150	NCIT:C87151
NCIT:C87150	NCIT:C87152
NCIT:C87153	NCIT:C87154
NCIT:C87153	NCIT:C87155
NCIT:C87156	NCIT:C87157
NCIT:C87156	NCIT:C87158
NCIT:C87159	NCIT:C87160
NCIT:C87159	NCIT:C87161
NCIT:C8716	NCIT:C163955
NCIT:C87168	NCIT:C116793
NCIT:C87168	NCIT:C116795
NCIT:C87178	NCIT:C6704
NCIT:C87178	NCIT:C87179
NCIT:C87178	NCIT:C87180
NCIT:C87179	NCIT:C6464
NCIT:C87180	NCIT:C6465
NCIT:C87181	NCIT:C6705
NCIT:C87181	NCIT:C87182
NCIT:C87181	NCIT:C87183
NCIT:C87182	NCIT:C6467
NCIT:C87183	NCIT:C6466
NCIT:C87184	NCIT:C6468
NCIT:C87185	NCIT:C6706
NCIT:C87185	NCIT:C87186
NCIT:C87185	NCIT:C87187
NCIT:C87186	NCIT:C6707
NCIT:C87187	NCIT:C6708
NCIT:C8719	NCIT:C165283
NCIT:C8719	NCIT:C165287
NCIT:C8719	NCIT:C222640
NCIT:C8720	NCIT:C6269
NCIT:C8720	NCIT:C6270
NCIT:C8720	NCIT:C6271
NCIT:C8721	NCIT:C6272
NCIT:C8721	NCIT:C6276
NCIT:C8721	NCIT:C6277
NCIT:C87301	NCIT:C115061
NCIT:C87301	NCIT:C5880
NCIT:C87301	NCIT:C5887
NCIT:C87302	NCIT:C115062
NCIT:C87302	NCIT:C5881
NCIT:C87302	NCIT:C5888
NCIT:C87303	NCIT:C115063
NCIT:C87303	NCIT:C5882
NCIT:C87303	NCIT:C5889
NCIT:C8749	NCIT:C6668
NCIT:C8749	NCIT:C6669
NCIT:C87497	NCIT:C117297
NCIT:C87498	NCIT:C4589
NCIT:C87498	NCIT:C94768
NCIT:C8750	NCIT:C6667
NCIT:C8750	NCIT:C6670
NCIT:C87501	NCIT:C115074
NCIT:C87501	NCIT:C6070
NCIT:C87502	NCIT:C115075
NCIT:C87502	NCIT:C6071
NCIT:C87503	NCIT:C115076
NCIT:C87503	NCIT:C6072
NCIT:C8751	NCIT:C8951
NCIT:C8751	NCIT:C8952
NCIT:C87543	NCIT:C101539
NCIT:C87543	NCIT:C101540
NCIT:C87543	NCIT:C9081
NCIT:C87543	NCIT:C9084
NCIT:C87544	NCIT:C101541
NCIT:C87544	NCIT:C101542
NCIT:C87544	NCIT:C9082
NCIT:C87544	NCIT:C9085
NCIT:C87545	NCIT:C9121
NCIT:C87545	NCIT:C9122
NCIT:C87546	NCIT:C115035
NCIT:C87546	NCIT:C115038
NCIT:C87547	NCIT:C115036
NCIT:C87547	NCIT:C115039
NCIT:C87548	NCIT:C115037
NCIT:C87548	NCIT:C115040
NCIT:C8755	NCIT:C6661
NCIT:C8755	NCIT:C6662
NCIT:C8759	NCIT:C6693
NCIT:C8759	NCIT:C6694
NCIT:C8760	NCIT:C6695
NCIT:C8760	NCIT:C6696
NCIT:C8761	NCIT:C6697
NCIT:C8761	NCIT:C6698
NCIT:C8764	NCIT:C6687
NCIT:C8764	NCIT:C6692
NCIT:C8765	NCIT:C6688
NCIT:C8765	NCIT:C6691
NCIT:C8766	NCIT:C6689
NCIT:C8766	NCIT:C6690
NCIT:C8768	NCIT:C132817
NCIT:C8768	NCIT:C132885
NCIT:C8768	NCIT:C132898
NCIT:C8768	NCIT:C132996
NCIT:C8768	NCIT:C133005
NCIT:C8768	NCIT:C222760
NCIT:C8768	NCIT:C224056
NCIT:C8768	NCIT:C224061
NCIT:C8768	NCIT:C7395
NCIT:C8768	NCIT:C8038
NCIT:C8768	NCIT:C8048
NCIT:C8768	NCIT:C88981
NCIT:C8768	NCIT:C89045
NCIT:C8769	NCIT:C132818
NCIT:C8769	NCIT:C132886
NCIT:C8769	NCIT:C132899
NCIT:C8769	NCIT:C132997
NCIT:C8769	NCIT:C133006
NCIT:C8769	NCIT:C222763
NCIT:C8769	NCIT:C224057
NCIT:C8769	NCIT:C224062
NCIT:C8769	NCIT:C7920
NCIT:C8769	NCIT:C8039
NCIT:C8769	NCIT:C8049
NCIT:C8769	NCIT:C88982
NCIT:C8770	NCIT:C132819
NCIT:C8770	NCIT:C132891
NCIT:C8770	NCIT:C132900
NCIT:C8770	NCIT:C132998
NCIT:C8770	NCIT:C133007
NCIT:C8770	NCIT:C222764
NCIT:C8770	NCIT:C224058
NCIT:C8770	NCIT:C224064
NCIT:C8770	NCIT:C7396
NCIT:C8770	NCIT:C8040
NCIT:C8770	NCIT:C8050
NCIT:C8770	NCIT:C88983
NCIT:C8770	NCIT:C89021
NCIT:C8770	NCIT:C89046
NCIT:C8771	NCIT:C132820
NCIT:C8771	NCIT:C132893
NCIT:C8771	NCIT:C132901
NCIT:C8771	NCIT:C132999
NCIT:C8771	NCIT:C133008
NCIT:C8771	NCIT:C222765
NCIT:C8771	NCIT:C224059
NCIT:C8771	NCIT:C224066
NCIT:C8771	NCIT:C6000
NCIT:C8771	NCIT:C6001
NCIT:C8771	NCIT:C6002
NCIT:C8771	NCIT:C7397
NCIT:C8771	NCIT:C8533
NCIT:C8771	NCIT:C88984
NCIT:C8771	NCIT:C89023
NCIT:C8771	NCIT:C89047
NCIT:C8771	NCIT:C9218
NCIT:C8776	NCIT:C27353
NCIT:C8776	NCIT:C27354
NCIT:C8776	NCIT:C36074
NCIT:C87778	NCIT:C7081
NCIT:C8779	NCIT:C170953
NCIT:C8779	NCIT:C171072
NCIT:C87791	NCIT:C88098
NCIT:C87792	NCIT:C88099
NCIT:C87797	NCIT:C114949
NCIT:C87797	NCIT:C114950
NCIT:C87797	NCIT:C222303
NCIT:C87797	NCIT:C222305
NCIT:C87813	NCIT:C115041
NCIT:C87813	NCIT:C115044
NCIT:C87814	NCIT:C115042
NCIT:C87814	NCIT:C115045
NCIT:C87815	NCIT:C115043
NCIT:C87815	NCIT:C115046
NCIT:C87816	NCIT:C115047
NCIT:C87816	NCIT:C115050
NCIT:C87817	NCIT:C115048
NCIT:C87817	NCIT:C115051
NCIT:C87818	NCIT:C115049
NCIT:C87818	NCIT:C115052
NCIT:C87819	NCIT:C115053
NCIT:C87819	NCIT:C115055
NCIT:C87820	NCIT:C115054
NCIT:C87820	NCIT:C115056
NCIT:C8795	NCIT:C219550
NCIT:C8796	NCIT:C164076
NCIT:C8796	NCIT:C188198
NCIT:C8799	NCIT:C167378
NCIT:C8799	NCIT:C167380
NCIT:C8804	NCIT:C201951
NCIT:C8810	NCIT:C147003
NCIT:C8810	NCIT:C161035
NCIT:C8810	NCIT:C188061
NCIT:C8810	NCIT:C27376
NCIT:C8810	NCIT:C5189
NCIT:C8810	NCIT:C5833
NCIT:C8810	NCIT:C6181
NCIT:C8810	NCIT:C6615
NCIT:C8810	NCIT:C7002
NCIT:C8810	NCIT:C7925
NCIT:C8810	NCIT:C82972
NCIT:C8810	NCIT:C8808
NCIT:C8810	NCIT:C8809
NCIT:C8810	NCIT:C8811
NCIT:C8812	NCIT:C168670
NCIT:C8812	NCIT:C168716
NCIT:C8812	NCIT:C171317
NCIT:C8812	NCIT:C223912
NCIT:C8812	NCIT:C223914
NCIT:C8813	NCIT:C160917
NCIT:C8813	NCIT:C165780
NCIT:C8813	NCIT:C168725
NCIT:C88145	NCIT:C175432
NCIT:C88145	NCIT:C175479
NCIT:C88145	NCIT:C213690
NCIT:C88145	NCIT:C216956
NCIT:C88145	NCIT:C35689
NCIT:C8815	NCIT:C179182
NCIT:C88150	NCIT:C7796
NCIT:C88150	NCIT:C88151
NCIT:C88150	NCIT:C88152
NCIT:C88151	NCIT:C130951
NCIT:C88152	NCIT:C130237
NCIT:C88153	NCIT:C7798
NCIT:C88153	NCIT:C88154
NCIT:C88153	NCIT:C88155
NCIT:C88156	NCIT:C206378
NCIT:C88156	NCIT:C45264
NCIT:C88156	NCIT:C4983
NCIT:C88157	NCIT:C7800
NCIT:C88157	NCIT:C88158
NCIT:C88157	NCIT:C88159
NCIT:C8816	NCIT:C148298
NCIT:C8816	NCIT:C160916
NCIT:C8816	NCIT:C164070
NCIT:C8816	NCIT:C168701
NCIT:C8816	NCIT:C182025
NCIT:C88160	NCIT:C7802
NCIT:C88160	NCIT:C88161
NCIT:C88160	NCIT:C88162
NCIT:C8817	NCIT:C219557
NCIT:C8818	NCIT:C150579
NCIT:C8818	NCIT:C150592
NCIT:C8818	NCIT:C219559
NCIT:C8818	NCIT:C219560
NCIT:C8822	NCIT:C164074
NCIT:C8822	NCIT:C168714
NCIT:C8823	NCIT:C162724
NCIT:C8824	NCIT:C142881
NCIT:C8824	NCIT:C7815
NCIT:C8825	NCIT:C153184
NCIT:C8825	NCIT:C171399
NCIT:C8834	NCIT:C5075
NCIT:C8834	NCIT:C5076
NCIT:C8836	NCIT:C115458
NCIT:C8836	NCIT:C133736
NCIT:C88375	NCIT:C85835
NCIT:C88375	NCIT:C85836
NCIT:C88376	NCIT:C7770
NCIT:C88376	NCIT:C7782
NCIT:C88376	NCIT:C88377
NCIT:C8839	NCIT:C5079
NCIT:C8839	NCIT:C5080
NCIT:C8841	NCIT:C158149
NCIT:C8841	NCIT:C165799
NCIT:C8841	NCIT:C178553
NCIT:C8841	NCIT:C183512
NCIT:C8841	NCIT:C210126
NCIT:C88412	NCIT:C97159
NCIT:C88412	NCIT:C97161
NCIT:C88414	NCIT:C86026
NCIT:C88414	NCIT:C86030
NCIT:C88414	NCIT:C8781
NCIT:C88414	NCIT:C8786
NCIT:C88414	NCIT:C8790
NCIT:C88415	NCIT:C86049
NCIT:C88415	NCIT:C86051
NCIT:C88415	NCIT:C86053
NCIT:C88415	NCIT:C8783
NCIT:C88415	NCIT:C8788
NCIT:C88415	NCIT:C8792
NCIT:C8842	NCIT:C158150
NCIT:C8842	NCIT:C178555
NCIT:C8842	NCIT:C183514
NCIT:C8842	NCIT:C210132
NCIT:C8842	NCIT:C7228
NCIT:C8843	NCIT:C68679
NCIT:C8843	NCIT:C8115
NCIT:C8843	NCIT:C8654
NCIT:C8843	NCIT:C8849
NCIT:C8843	NCIT:C8855
NCIT:C8843	NCIT:C8860
NCIT:C8843	NCIT:C8937
NCIT:C8843	NCIT:C9202
NCIT:C8844	NCIT:C68682
NCIT:C8844	NCIT:C8128
NCIT:C8844	NCIT:C8483
NCIT:C8844	NCIT:C8655
NCIT:C8844	NCIT:C8850
NCIT:C8844	NCIT:C8856
NCIT:C8844	NCIT:C8861
NCIT:C8844	NCIT:C8872
NCIT:C8845	NCIT:C5006
NCIT:C8845	NCIT:C5084
NCIT:C8845	NCIT:C68683
NCIT:C8845	NCIT:C8141
NCIT:C8845	NCIT:C8486
NCIT:C8845	NCIT:C8656
NCIT:C8845	NCIT:C8857
NCIT:C8845	NCIT:C8873
NCIT:C8848	NCIT:C8080
NCIT:C8848	NCIT:C9185
NCIT:C8849	NCIT:C8126
NCIT:C8849	NCIT:C9186
NCIT:C8850	NCIT:C8139
NCIT:C8850	NCIT:C9187
NCIT:C8851	NCIT:C138211
NCIT:C8851	NCIT:C138320
NCIT:C8851	NCIT:C138899
NCIT:C8851	NCIT:C141254
NCIT:C8851	NCIT:C161602
NCIT:C8851	NCIT:C162467
NCIT:C8851	NCIT:C171264
NCIT:C8851	NCIT:C172850
NCIT:C8851	NCIT:C173811
NCIT:C8851	NCIT:C183146
NCIT:C8851	NCIT:C199576
NCIT:C8851	NCIT:C200687
NCIT:C8851	NCIT:C202930
NCIT:C8851	NCIT:C212057
NCIT:C8851	NCIT:C213754
NCIT:C8851	NCIT:C40375
NCIT:C8851	NCIT:C4342
NCIT:C8851	NCIT:C45193
NCIT:C8851	NCIT:C45605
NCIT:C8851	NCIT:C63533
NCIT:C8851	NCIT:C6915
NCIT:C8851	NCIT:C7212
NCIT:C8851	NCIT:C7224
NCIT:C8851	NCIT:C7225
NCIT:C8851	NCIT:C7246
NCIT:C8851	NCIT:C7253
NCIT:C8851	NCIT:C7308
NCIT:C8851	NCIT:C7615
NCIT:C8851	NCIT:C7616
NCIT:C8851	NCIT:C7933
NCIT:C8851	NCIT:C80280
NCIT:C8851	NCIT:C80281
NCIT:C8851	NCIT:C80289
NCIT:C8851	NCIT:C8852
NCIT:C8851	NCIT:C8853
NCIT:C8851	NCIT:C9280
NCIT:C8851	NCIT:C9496
NCIT:C8852	NCIT:C138015
NCIT:C8852	NCIT:C138025
NCIT:C8852	NCIT:C153331
NCIT:C8852	NCIT:C156696
NCIT:C8852	NCIT:C157679
NCIT:C8852	NCIT:C157683
NCIT:C8852	NCIT:C160229
NCIT:C8852	NCIT:C165240
NCIT:C8852	NCIT:C183140
NCIT:C8852	NCIT:C188790
NCIT:C8852	NCIT:C202986
NCIT:C8852	NCIT:C203667
NCIT:C8852	NCIT:C212058
NCIT:C8852	NCIT:C69144
NCIT:C8852	NCIT:C8874
NCIT:C8853	NCIT:C138018
NCIT:C8853	NCIT:C138026
NCIT:C8853	NCIT:C153332
NCIT:C8853	NCIT:C157678
NCIT:C8853	NCIT:C157680
NCIT:C8853	NCIT:C157684
NCIT:C8853	NCIT:C160233
NCIT:C8853	NCIT:C165241
NCIT:C8853	NCIT:C183142
NCIT:C8853	NCIT:C188791
NCIT:C8853	NCIT:C202987
NCIT:C8853	NCIT:C203669
NCIT:C8853	NCIT:C212059
NCIT:C8853	NCIT:C8875
NCIT:C8854	NCIT:C8078
NCIT:C8854	NCIT:C8876
NCIT:C8854	NCIT:C8928
NCIT:C8855	NCIT:C171158
NCIT:C8855	NCIT:C8124
NCIT:C8855	NCIT:C8877
NCIT:C8855	NCIT:C8929
NCIT:C8856	NCIT:C8137
NCIT:C8856	NCIT:C8878
NCIT:C8856	NCIT:C8930
NCIT:C8857	NCIT:C8150
NCIT:C8857	NCIT:C8879
NCIT:C8857	NCIT:C8931
NCIT:C8858	NCIT:C172309
NCIT:C8858	NCIT:C172312
NCIT:C8858	NCIT:C172314
NCIT:C8859	NCIT:C8071
NCIT:C8859	NCIT:C8072
NCIT:C8859	NCIT:C8073
NCIT:C8860	NCIT:C8116
NCIT:C8860	NCIT:C8117
NCIT:C8860	NCIT:C8119
NCIT:C8861	NCIT:C8129
NCIT:C8861	NCIT:C8130
NCIT:C8861	NCIT:C8132
NCIT:C8863	NCIT:C141261
NCIT:C8863	NCIT:C4997
NCIT:C8863	NCIT:C4998
NCIT:C8863	NCIT:C80299
NCIT:C8868	NCIT:C141250
NCIT:C8868	NCIT:C7209
NCIT:C8868	NCIT:C7310
NCIT:C8868	NCIT:C7338
NCIT:C8868	NCIT:C8869
NCIT:C8868	NCIT:C8870
NCIT:C8880	NCIT:C6441
NCIT:C8880	NCIT:C7010
NCIT:C8881	NCIT:C115385
NCIT:C8881	NCIT:C136410
NCIT:C8881	NCIT:C147104
NCIT:C8881	NCIT:C202983
NCIT:C8881	NCIT:C213596
NCIT:C8881	NCIT:C213598
NCIT:C8881	NCIT:C217538
NCIT:C8881	NCIT:C217539
NCIT:C8881	NCIT:C217541
NCIT:C8881	NCIT:C223543
NCIT:C8881	NCIT:C5371
NCIT:C8881	NCIT:C54099
NCIT:C8881	NCIT:C5486
NCIT:C8881	NCIT:C6446
NCIT:C8881	NCIT:C68632
NCIT:C8881	NCIT:C7327
NCIT:C8881	NCIT:C8885
NCIT:C8884	NCIT:C4668
NCIT:C8884	NCIT:C5256
NCIT:C8884	NCIT:C7014
NCIT:C8885	NCIT:C115427
NCIT:C8885	NCIT:C6439
NCIT:C8885	NCIT:C7011
NCIT:C8885	NCIT:C7012
NCIT:C8885	NCIT:C7015
NCIT:C8885	NCIT:C8880
NCIT:C8885	NCIT:C95749
NCIT:C88888	NCIT:C5642
NCIT:C88888	NCIT:C5643
NCIT:C88888	NCIT:C6671
NCIT:C88888	NCIT:C6673
NCIT:C88888	NCIT:C8764
NCIT:C88889	NCIT:C5644
NCIT:C88889	NCIT:C5645
NCIT:C88889	NCIT:C6678
NCIT:C88889	NCIT:C7777
NCIT:C88889	NCIT:C8765
NCIT:C88890	NCIT:C5646
NCIT:C88890	NCIT:C5647
NCIT:C88890	NCIT:C6679
NCIT:C88890	NCIT:C7778
NCIT:C88890	NCIT:C8766
NCIT:C88891	NCIT:C4012
NCIT:C88891	NCIT:C6682
NCIT:C88891	NCIT:C8767
NCIT:C88981	NCIT:C8222
NCIT:C88981	NCIT:C8223
NCIT:C88982	NCIT:C8224
NCIT:C88982	NCIT:C8225
NCIT:C88983	NCIT:C8226
NCIT:C88983	NCIT:C8227
NCIT:C88984	NCIT:C5995
NCIT:C88984	NCIT:C5996
NCIT:C88984	NCIT:C5997
NCIT:C88984	NCIT:C8228
NCIT:C88984	NCIT:C8229
NCIT:C89021	NCIT:C8219
NCIT:C89023	NCIT:C5985
NCIT:C89023	NCIT:C5986
NCIT:C89023	NCIT:C5987
NCIT:C89023	NCIT:C8220
NCIT:C89045	NCIT:C8232
NCIT:C89046	NCIT:C8234
NCIT:C89047	NCIT:C5992
NCIT:C89047	NCIT:C5993
NCIT:C89047	NCIT:C5994
NCIT:C89047	NCIT:C8235
NCIT:C89091	NCIT:C6003
NCIT:C89091	NCIT:C6004
NCIT:C89091	NCIT:C6005
NCIT:C89091	NCIT:C8243
NCIT:C89117	NCIT:C115073
NCIT:C89117	NCIT:C6009
NCIT:C89117	NCIT:C6010
NCIT:C89117	NCIT:C87501
NCIT:C89117	NCIT:C87502
NCIT:C89117	NCIT:C87503
NCIT:C89194	NCIT:C27790
NCIT:C89197	NCIT:C88104
NCIT:C89197	NCIT:C88105
NCIT:C8923	NCIT:C156723
NCIT:C8923	NCIT:C7152
NCIT:C8923	NCIT:C7467
NCIT:C8923	NCIT:C9153
NCIT:C8923	NCIT:C9164
NCIT:C89232	NCIT:C8947
NCIT:C89233	NCIT:C88106
NCIT:C89233	NCIT:C88107
NCIT:C89233	NCIT:C8948
NCIT:C89234	NCIT:C8949
NCIT:C89235	NCIT:C8950
NCIT:C8925	NCIT:C133504
NCIT:C8925	NCIT:C148494
NCIT:C8925	NCIT:C153169
NCIT:C8925	NCIT:C154473
NCIT:C8925	NCIT:C156072
NCIT:C8925	NCIT:C182020
NCIT:C8925	NCIT:C182024
NCIT:C8925	NCIT:C205130
NCIT:C8925	NCIT:C205131
NCIT:C8925	NCIT:C205132
NCIT:C8925	NCIT:C213510
NCIT:C8925	NCIT:C215392
NCIT:C8925	NCIT:C7092
NCIT:C8932	NCIT:C3638
NCIT:C8932	NCIT:C4853
NCIT:C8932	NCIT:C5017
NCIT:C89328	NCIT:C117984
NCIT:C89328	NCIT:C35095
NCIT:C89328	NCIT:C6283
NCIT:C89328	NCIT:C89330
NCIT:C89328	NCIT:C92719
NCIT:C89328	NCIT:C98996
NCIT:C8933	NCIT:C156269
NCIT:C8933	NCIT:C158960
NCIT:C8933	NCIT:C162153
NCIT:C8933	NCIT:C168583
NCIT:C8933	NCIT:C201196
NCIT:C89330	NCIT:C116942
NCIT:C89330	NCIT:C118190
NCIT:C89330	NCIT:C118200
NCIT:C89330	NCIT:C84392
NCIT:C89330	NCIT:C89338
NCIT:C89330	NCIT:C92561
NCIT:C89330	NCIT:C97155
NCIT:C89332	NCIT:C118188
NCIT:C89332	NCIT:C2875
NCIT:C89332	NCIT:C34387
NCIT:C89332	NCIT:C34440
NCIT:C89332	NCIT:C97162
NCIT:C89334	NCIT:C96410
NCIT:C89334	NCIT:C97165
NCIT:C89337	NCIT:C120673
NCIT:C89337	NCIT:C217403
NCIT:C89337	NCIT:C219878
NCIT:C89338	NCIT:C103236
NCIT:C89338	NCIT:C105595
NCIT:C89338	NCIT:C165531
NCIT:C89338	NCIT:C96412
NCIT:C89338	NCIT:C98874
NCIT:C8934	NCIT:C175515
NCIT:C8936	NCIT:C188453
NCIT:C8936	NCIT:C45241
NCIT:C8936	NCIT:C80326
NCIT:C8936	NCIT:C80328
NCIT:C8936	NCIT:C8644
NCIT:C8936	NCIT:C8868
NCIT:C89366	NCIT:C8898
NCIT:C89366	NCIT:C8906
NCIT:C89366	NCIT:C8941
NCIT:C8938	NCIT:C157696
NCIT:C8938	NCIT:C181045
NCIT:C8938	NCIT:C191820
NCIT:C8938	NCIT:C191824
NCIT:C8938	NCIT:C8687
NCIT:C8942	NCIT:C170804
NCIT:C8942	NCIT:C170805
NCIT:C8942	NCIT:C170806
NCIT:C8942	NCIT:C174043
NCIT:C8942	NCIT:C175596
NCIT:C8942	NCIT:C175599
NCIT:C8942	NCIT:C222633
NCIT:C8942	NCIT:C222638
NCIT:C8943	NCIT:C170807
NCIT:C8943	NCIT:C174045
NCIT:C8943	NCIT:C211518
NCIT:C8943	NCIT:C215414
NCIT:C8944	NCIT:C180920
NCIT:C89445	NCIT:C213311
NCIT:C89447	NCIT:C89448
NCIT:C89447	NCIT:C89449
NCIT:C8945	NCIT:C156286
NCIT:C8945	NCIT:C156287
NCIT:C8945	NCIT:C186455
NCIT:C8945	NCIT:C220613
NCIT:C8945	NCIT:C222471
NCIT:C8945	NCIT:C222491
NCIT:C8945	NCIT:C222493
NCIT:C89452	NCIT:C87003
NCIT:C89452	NCIT:C87004
NCIT:C89452	NCIT:C87005
NCIT:C89453	NCIT:C27247
NCIT:C89453	NCIT:C89454
NCIT:C8946	NCIT:C132881
NCIT:C8946	NCIT:C148536
NCIT:C8946	NCIT:C156284
NCIT:C8946	NCIT:C156285
NCIT:C8946	NCIT:C158913
NCIT:C8946	NCIT:C161584
NCIT:C8946	NCIT:C161587
NCIT:C8946	NCIT:C171265
NCIT:C8946	NCIT:C210981
NCIT:C8946	NCIT:C210982
NCIT:C8946	NCIT:C36307
NCIT:C8946	NCIT:C36308
NCIT:C8946	NCIT:C8945
NCIT:C8953	NCIT:C180923
NCIT:C8953	NCIT:C5014
NCIT:C8953	NCIT:C7783
NCIT:C8953	NCIT:C9050
NCIT:C89550	NCIT:C4520
NCIT:C89550	NCIT:C7347
NCIT:C89551	NCIT:C6320
NCIT:C89551	NCIT:C89552
NCIT:C89552	NCIT:C95172
NCIT:C89552	NCIT:C95173
NCIT:C8957	NCIT:C126877
NCIT:C8957	NCIT:C27531
NCIT:C8957	NCIT:C27723
NCIT:C8957	NCIT:C27749
NCIT:C8957	NCIT:C3147
NCIT:C8957	NCIT:C3312
NCIT:C8957	NCIT:C3452
NCIT:C8957	NCIT:C3694
NCIT:C8957	NCIT:C3721
NCIT:C8957	NCIT:C4233
NCIT:C8957	NCIT:C85019
NCIT:C8962	NCIT:C133550
NCIT:C8962	NCIT:C133564
NCIT:C8962	NCIT:C3955
NCIT:C8962	NCIT:C4839
NCIT:C8962	NCIT:C4843
NCIT:C8962	NCIT:C4845
NCIT:C8962	NCIT:C7658
NCIT:C8962	NCIT:C95918
NCIT:C8962	NCIT:C96418
NCIT:C89633	NCIT:C6301
NCIT:C89633	NCIT:C6302
NCIT:C89635	NCIT:C6306
NCIT:C89635	NCIT:C6307
NCIT:C89635	NCIT:C6308
NCIT:C89636	NCIT:C6309
NCIT:C89636	NCIT:C6310
NCIT:C8964	NCIT:C3402
NCIT:C8964	NCIT:C3829
NCIT:C8964	NCIT:C6531
NCIT:C8965	NCIT:C159214
NCIT:C8965	NCIT:C175498
NCIT:C8965	NCIT:C188252
NCIT:C8965	NCIT:C202654
NCIT:C8965	NCIT:C27508
NCIT:C8965	NCIT:C27509
NCIT:C8965	NCIT:C3203
NCIT:C8965	NCIT:C45485
NCIT:C8965	NCIT:C53316
NCIT:C8965	NCIT:C5482
NCIT:C8965	NCIT:C6595
NCIT:C8965	NCIT:C66792
NCIT:C8968	NCIT:C172312
NCIT:C8968	NCIT:C213742
NCIT:C8968	NCIT:C213751
NCIT:C8968	NCIT:C7219
NCIT:C8968	NCIT:C8072
NCIT:C8968	NCIT:C8117
NCIT:C8968	NCIT:C8130
NCIT:C8968	NCIT:C8143
NCIT:C8968	NCIT:C8156
NCIT:C8969	NCIT:C6589
NCIT:C89692	NCIT:C6273
NCIT:C89692	NCIT:C6274
NCIT:C89692	NCIT:C6275
NCIT:C8970	NCIT:C123398
NCIT:C8971	NCIT:C159668
NCIT:C8971	NCIT:C183250
NCIT:C8971	NCIT:C188115
NCIT:C8971	NCIT:C213583
NCIT:C8971	NCIT:C49204
NCIT:C8971	NCIT:C5525
NCIT:C8971	NCIT:C5847
NCIT:C8971	NCIT:C6246
NCIT:C8971	NCIT:C7957
NCIT:C8971	NCIT:C9150
NCIT:C89715	NCIT:C117004
NCIT:C89715	NCIT:C117005
NCIT:C89715	NCIT:C117009
NCIT:C89715	NCIT:C117011
NCIT:C89715	NCIT:C117013
NCIT:C89715	NCIT:C117015
NCIT:C89715	NCIT:C117022
NCIT:C89715	NCIT:C117024
NCIT:C8973	NCIT:C40219
NCIT:C8973	NCIT:C4263
NCIT:C8975	NCIT:C170929
NCIT:C8975	NCIT:C207060
NCIT:C8975	NCIT:C207061
NCIT:C8975	NCIT:C40124
NCIT:C8975	NCIT:C40278
NCIT:C8975	NCIT:C42700
NCIT:C8975	NCIT:C9192
NCIT:C89771	NCIT:C5023
NCIT:C89771	NCIT:C8629
NCIT:C8978	NCIT:C40040
NCIT:C8978	NCIT:C66775
NCIT:C8978	NCIT:C8979
NCIT:C8979	NCIT:C40041
NCIT:C89793	NCIT:C115117
NCIT:C89793	NCIT:C115118
NCIT:C89793	NCIT:C5022
NCIT:C89793	NCIT:C8630
NCIT:C89794	NCIT:C5021
NCIT:C89794	NCIT:C5691
NCIT:C89794	NCIT:C5692
NCIT:C89794	NCIT:C8628
NCIT:C89795	NCIT:C115119
NCIT:C89795	NCIT:C115120
NCIT:C89795	NCIT:C115121
NCIT:C89795	NCIT:C5020
NCIT:C89795	NCIT:C8631
NCIT:C89804	NCIT:C5019
NCIT:C89804	NCIT:C8632
NCIT:C8984	NCIT:C126311
NCIT:C8984	NCIT:C27287
NCIT:C8984	NCIT:C40069
NCIT:C8984	NCIT:C40230
NCIT:C8984	NCIT:C6337
NCIT:C8984	NCIT:C67090
NCIT:C8984	NCIT:C8978
NCIT:C8984	NCIT:C8985
NCIT:C8984	NCIT:C8986
NCIT:C8984	NCIT:C8987
NCIT:C8985	NCIT:C158622
NCIT:C8985	NCIT:C27288
NCIT:C8985	NCIT:C27289
NCIT:C8985	NCIT:C40020
NCIT:C8985	NCIT:C40032
NCIT:C8985	NCIT:C40114
NCIT:C8985	NCIT:C8979
NCIT:C8985	NCIT:C8988
NCIT:C89856	NCIT:C5468
NCIT:C89856	NCIT:C5469
NCIT:C89859	NCIT:C87775
NCIT:C89859	NCIT:C87776
NCIT:C8986	NCIT:C158622
NCIT:C8986	NCIT:C40028
NCIT:C89860	NCIT:C5470
NCIT:C89860	NCIT:C5471
NCIT:C89860	NCIT:C87777
NCIT:C8987	NCIT:C40081
NCIT:C8987	NCIT:C40085
NCIT:C8987	NCIT:C8988
NCIT:C8988	NCIT:C40083
NCIT:C8988	NCIT:C40086
NCIT:C8989	NCIT:C133192
NCIT:C8989	NCIT:C186731
NCIT:C8989	NCIT:C3191
NCIT:C8989	NCIT:C7606
NCIT:C8989	NCIT:C7608
NCIT:C8989	NCIT:C9316
NCIT:C8990	NCIT:C156087
NCIT:C8990	NCIT:C173720
NCIT:C8990	NCIT:C210742
NCIT:C8990	NCIT:C4587
NCIT:C8990	NCIT:C4824
NCIT:C8990	NCIT:C4833
NCIT:C8990	NCIT:C5883
NCIT:C8990	NCIT:C5884
NCIT:C8990	NCIT:C5885
NCIT:C8990	NCIT:C5886
NCIT:C8990	NCIT:C5914
NCIT:C8990	NCIT:C6076
NCIT:C8990	NCIT:C7721
NCIT:C8990	NCIT:C8177
NCIT:C8990	NCIT:C8179
NCIT:C8990	NCIT:C8463
NCIT:C8990	NCIT:C9319
NCIT:C8991	NCIT:C170816
NCIT:C8991	NCIT:C170817
NCIT:C8991	NCIT:C3169
NCIT:C8991	NCIT:C9284
NCIT:C8991	NCIT:C9285
NCIT:C8991	NCIT:C9348
NCIT:C8993	NCIT:C27818
NCIT:C8993	NCIT:C4830
NCIT:C8993	NCIT:C6154
NCIT:C8993	NCIT:C6155
NCIT:C8993	NCIT:C6159
NCIT:C8993	NCIT:C6176
NCIT:C8993	NCIT:C9255
NCIT:C8997	NCIT:C155304
NCIT:C8997	NCIT:C5669
NCIT:C89989	NCIT:C87813
NCIT:C89989	NCIT:C87814
NCIT:C89989	NCIT:C87815
NCIT:C89989	NCIT:C89990
NCIT:C89989	NCIT:C89991
NCIT:C89989	NCIT:C89992
NCIT:C89990	NCIT:C115041
NCIT:C89990	NCIT:C115042
NCIT:C89990	NCIT:C115043
NCIT:C89991	NCIT:C115044
NCIT:C89991	NCIT:C115045
NCIT:C89991	NCIT:C115046
NCIT:C89994	NCIT:C87816
NCIT:C89994	NCIT:C87817
NCIT:C89994	NCIT:C87818
NCIT:C89994	NCIT:C89995
NCIT:C89994	NCIT:C89996
NCIT:C89994	NCIT:C89997
NCIT:C89995	NCIT:C115047
NCIT:C89995	NCIT:C115048
NCIT:C89995	NCIT:C115049
NCIT:C89996	NCIT:C115050
NCIT:C89996	NCIT:C115051
NCIT:C89996	NCIT:C115052
NCIT:C89998	NCIT:C87819
NCIT:C89998	NCIT:C87820
NCIT:C89998	NCIT:C89999
NCIT:C89998	NCIT:C90016
NCIT:C89998	NCIT:C90019
NCIT:C89999	NCIT:C115053
NCIT:C89999	NCIT:C115054
NCIT:C90016	NCIT:C115055
NCIT:C90016	NCIT:C115056
NCIT:C9003	NCIT:C190068
NCIT:C9003	NCIT:C4163
NCIT:C9003	NCIT:C4164
NCIT:C9003	NCIT:C4165
NCIT:C9003	NCIT:C4166
NCIT:C9003	NCIT:C4167
NCIT:C9003	NCIT:C48447
NCIT:C9003	NCIT:C48449
NCIT:C9003	NCIT:C48451
NCIT:C9003	NCIT:C48452
NCIT:C9003	NCIT:C48458
NCIT:C9004	NCIT:C48319
NCIT:C9004	NCIT:C9003
NCIT:C9005	NCIT:C155852
NCIT:C9005	NCIT:C165456
NCIT:C9005	NCIT:C165631
NCIT:C9005	NCIT:C188217
NCIT:C9005	NCIT:C207229
NCIT:C9005	NCIT:C223532
NCIT:C9005	NCIT:C223534
NCIT:C9005	NCIT:C223543
NCIT:C9005	NCIT:C5714
NCIT:C9005	NCIT:C5715
NCIT:C9005	NCIT:C7430
NCIT:C9005	NCIT:C8543
NCIT:C9006	NCIT:C4356
NCIT:C9006	NCIT:C6375
NCIT:C9006	NCIT:C9007
NCIT:C9007	NCIT:C214775
NCIT:C9007	NCIT:C40291
NCIT:C9009	NCIT:C224827
NCIT:C9009	NCIT:C40290
NCIT:C9011	NCIT:C128113
NCIT:C9011	NCIT:C202975
NCIT:C9011	NCIT:C36092
NCIT:C9011	NCIT:C3856
NCIT:C9011	NCIT:C4632
NCIT:C9011	NCIT:C5508
NCIT:C9013	NCIT:C5794
NCIT:C9013	NCIT:C9012
NCIT:C9014	NCIT:C7283
NCIT:C9014	NCIT:C9011
NCIT:C9014	NCIT:C9012
NCIT:C9015	NCIT:C123836
NCIT:C9015	NCIT:C5260
NCIT:C9015	NCIT:C6355
NCIT:C9015	NCIT:C6744
NCIT:C9015	NCIT:C7013
NCIT:C9015	NCIT:C7104
NCIT:C9015	NCIT:C8112
NCIT:C9015	NCIT:C9011
NCIT:C9015	NCIT:C95559
NCIT:C9018	NCIT:C68697
NCIT:C90180	NCIT:C5708
NCIT:C90180	NCIT:C5761
NCIT:C90180	NCIT:C5762
NCIT:C90180	NCIT:C88044
NCIT:C90181	NCIT:C5764
NCIT:C90181	NCIT:C5765
NCIT:C90181	NCIT:C7838
NCIT:C9019	NCIT:C68698
NCIT:C90218	NCIT:C88056
NCIT:C90218	NCIT:C88057
NCIT:C90219	NCIT:C5741
NCIT:C90219	NCIT:C5742
NCIT:C9022	NCIT:C114956
NCIT:C9022	NCIT:C124275
NCIT:C9022	NCIT:C211954
NCIT:C9022	NCIT:C5136
NCIT:C9023	NCIT:C203583
NCIT:C9023	NCIT:C9024
NCIT:C9023	NCIT:C9028
NCIT:C9023	NCIT:C9029
NCIT:C9027	NCIT:C178473
NCIT:C9027	NCIT:C178480
NCIT:C9027	NCIT:C178483
NCIT:C9027	NCIT:C178484
NCIT:C90343	NCIT:C4003
NCIT:C90343	NCIT:C7823
NCIT:C90343	NCIT:C7824
NCIT:C90343	NCIT:C9220
NCIT:C90344	NCIT:C7895
NCIT:C90344	NCIT:C7896
NCIT:C90344	NCIT:C7897
NCIT:C90344	NCIT:C7898
NCIT:C90344	NCIT:C7900
NCIT:C90345	NCIT:C4522
NCIT:C90345	NCIT:C7854
NCIT:C90345	NCIT:C9051
NCIT:C90345	NCIT:C9052
NCIT:C90345	NCIT:C9053
NCIT:C90347	NCIT:C7597
NCIT:C90347	NCIT:C7855
NCIT:C90347	NCIT:C7856
NCIT:C90347	NCIT:C7857
NCIT:C90347	NCIT:C7858
NCIT:C9037	NCIT:C27283
NCIT:C9038	NCIT:C6684
NCIT:C9038	NCIT:C6685
NCIT:C9038	NCIT:C6699
NCIT:C9039	NCIT:C139733
NCIT:C9039	NCIT:C153387
NCIT:C9039	NCIT:C162225
NCIT:C9039	NCIT:C170513
NCIT:C9039	NCIT:C174024
NCIT:C9039	NCIT:C181562
NCIT:C9039	NCIT:C186619
NCIT:C9039	NCIT:C205287
NCIT:C9039	NCIT:C205308
NCIT:C9039	NCIT:C206192
NCIT:C9039	NCIT:C214997
NCIT:C9039	NCIT:C27675
NCIT:C9039	NCIT:C4028
NCIT:C9039	NCIT:C4519
NCIT:C9039	NCIT:C7432
NCIT:C9039	NCIT:C7453
NCIT:C9039	NCIT:C7804
NCIT:C9039	NCIT:C8577
NCIT:C9039	NCIT:C90493
NCIT:C9039	NCIT:C91208
NCIT:C9042	NCIT:C114759
NCIT:C9042	NCIT:C114760
NCIT:C9042	NCIT:C188924
NCIT:C9042	NCIT:C6216
NCIT:C9042	NCIT:C9190
NCIT:C9043	NCIT:C6268
NCIT:C9044	NCIT:C163958
NCIT:C9045	NCIT:C114836
NCIT:C9045	NCIT:C221718
NCIT:C9045	NCIT:C71712
NCIT:C9045	NCIT:C7834
NCIT:C9046	NCIT:C208269
NCIT:C9049	NCIT:C141077
NCIT:C9049	NCIT:C141078
NCIT:C9049	NCIT:C35756
NCIT:C9049	NCIT:C6682
NCIT:C90493	NCIT:C4000
NCIT:C90493	NCIT:C7803
NCIT:C90493	NCIT:C9204
NCIT:C90493	NCIT:C9205
NCIT:C90493	NCIT:C9206
NCIT:C90494	NCIT:C4006
NCIT:C90494	NCIT:C9071
NCIT:C90494	NCIT:C9207
NCIT:C90494	NCIT:C9208
NCIT:C90494	NCIT:C9209
NCIT:C90499	NCIT:C8720
NCIT:C90499	NCIT:C8721
NCIT:C90499	NCIT:C8722
NCIT:C90499	NCIT:C8963
NCIT:C9050	NCIT:C141077
NCIT:C9050	NCIT:C225008
NCIT:C90500	NCIT:C3637
NCIT:C90500	NCIT:C9210
NCIT:C90500	NCIT:C9211
NCIT:C90500	NCIT:C9212
NCIT:C90500	NCIT:C9213
NCIT:C90503	NCIT:C7772
NCIT:C90503	NCIT:C7773
NCIT:C90503	NCIT:C7774
NCIT:C90503	NCIT:C7788
NCIT:C90503	NCIT:C9036
NCIT:C90506	NCIT:C8513
NCIT:C90506	NCIT:C8514
NCIT:C90506	NCIT:C8515
NCIT:C90506	NCIT:C8516
NCIT:C90506	NCIT:C8932
NCIT:C90506	NCIT:C90507
NCIT:C90506	NCIT:C90508
NCIT:C90506	NCIT:C90509
NCIT:C90507	NCIT:C3638
NCIT:C90507	NCIT:C3993
NCIT:C90507	NCIT:C3994
NCIT:C90507	NCIT:C7766
NCIT:C90507	NCIT:C9358
NCIT:C90508	NCIT:C4853
NCIT:C90508	NCIT:C7790
NCIT:C90508	NCIT:C7791
NCIT:C90508	NCIT:C7792
NCIT:C90508	NCIT:C8412
NCIT:C90509	NCIT:C5015
NCIT:C90509	NCIT:C5016
NCIT:C90509	NCIT:C5017
NCIT:C90509	NCIT:C8635
NCIT:C90509	NCIT:C8636
NCIT:C90510	NCIT:C5758
NCIT:C90510	NCIT:C5759
NCIT:C90510	NCIT:C5760
NCIT:C90510	NCIT:C5763
NCIT:C90512	NCIT:C4439
NCIT:C90512	NCIT:C5737
NCIT:C90512	NCIT:C5738
NCIT:C90512	NCIT:C5739
NCIT:C90512	NCIT:C5740
NCIT:C90513	NCIT:C3641
NCIT:C90513	NCIT:C3995
NCIT:C90513	NCIT:C7767
NCIT:C90513	NCIT:C7768
NCIT:C90513	NCIT:C7769
NCIT:C90514	NCIT:C7916
NCIT:C90514	NCIT:C7917
NCIT:C90514	NCIT:C7918
NCIT:C90514	NCIT:C8423
NCIT:C90514	NCIT:C9096
NCIT:C90519	NCIT:C27467
NCIT:C90519	NCIT:C8772
NCIT:C90519	NCIT:C8773
NCIT:C90519	NCIT:C8774
NCIT:C90519	NCIT:C8954
NCIT:C90520	NCIT:C3643
NCIT:C90520	NCIT:C7867
NCIT:C90520	NCIT:C7868
NCIT:C90520	NCIT:C7869
NCIT:C90520	NCIT:C8959
NCIT:C90521	NCIT:C7551
NCIT:C90521	NCIT:C7553
NCIT:C90521	NCIT:C7555
NCIT:C90521	NCIT:C9075
NCIT:C90522	NCIT:C7395
NCIT:C90522	NCIT:C7396
NCIT:C90522	NCIT:C7397
NCIT:C90522	NCIT:C7920
NCIT:C90522	NCIT:C9099
NCIT:C90523	NCIT:C4590
NCIT:C90523	NCIT:C8048
NCIT:C90523	NCIT:C8049
NCIT:C90523	NCIT:C8050
NCIT:C90523	NCIT:C9218
NCIT:C90524	NCIT:C8038
NCIT:C90524	NCIT:C8039
NCIT:C90524	NCIT:C8040
NCIT:C90524	NCIT:C8533
NCIT:C90524	NCIT:C9101
NCIT:C90525	NCIT:C90522
NCIT:C90525	NCIT:C90523
NCIT:C90525	NCIT:C90524
NCIT:C90527	NCIT:C6868
NCIT:C90527	NCIT:C8041
NCIT:C90527	NCIT:C8042
NCIT:C90527	NCIT:C8043
NCIT:C90527	NCIT:C9100
NCIT:C90528	NCIT:C67554
NCIT:C90528	NCIT:C67555
NCIT:C90528	NCIT:C67556
NCIT:C90528	NCIT:C67557
NCIT:C90528	NCIT:C87498
NCIT:C9053	NCIT:C27247
NCIT:C9053	NCIT:C6330
NCIT:C9054	NCIT:C174200
NCIT:C9055	NCIT:C40293
NCIT:C9055	NCIT:C40295
NCIT:C9055	NCIT:C40296
NCIT:C9055	NCIT:C40297
NCIT:C9055	NCIT:C40298
NCIT:C9055	NCIT:C7719
NCIT:C90598	NCIT:C162474
NCIT:C90598	NCIT:C210893
NCIT:C90599	NCIT:C119756
NCIT:C90599	NCIT:C119757
NCIT:C90599	NCIT:C99057
NCIT:C9061	NCIT:C118820
NCIT:C9061	NCIT:C140075
NCIT:C9061	NCIT:C159248
NCIT:C9061	NCIT:C177150
NCIT:C9061	NCIT:C192223
NCIT:C9061	NCIT:C201837
NCIT:C9061	NCIT:C27784
NCIT:C9061	NCIT:C27817
NCIT:C9061	NCIT:C39961
NCIT:C9061	NCIT:C7729
NCIT:C9061	NCIT:C7870
NCIT:C9061	NCIT:C90520
NCIT:C9061	NCIT:C91234
NCIT:C9062	NCIT:C8080
NCIT:C9062	NCIT:C8126
NCIT:C9062	NCIT:C8139
NCIT:C9062	NCIT:C8152
NCIT:C9062	NCIT:C8159
NCIT:C9063	NCIT:C189057
NCIT:C9063	NCIT:C217543
NCIT:C9063	NCIT:C25771
NCIT:C9063	NCIT:C39921
NCIT:C9063	NCIT:C40962
NCIT:C9063	NCIT:C5027
NCIT:C9063	NCIT:C6347
NCIT:C9063	NCIT:C68628
NCIT:C9063	NCIT:C7326
NCIT:C9063	NCIT:C7328
NCIT:C9063	NCIT:C9077
NCIT:C9063	NCIT:C9369
NCIT:C9069	NCIT:C95596
NCIT:C9070	NCIT:C190786
NCIT:C9070	NCIT:C211682
NCIT:C9072	NCIT:C150094
NCIT:C9072	NCIT:C155818
NCIT:C9072	NCIT:C8261
NCIT:C9073	NCIT:C27786
NCIT:C9073	NCIT:C6364
NCIT:C9073	NCIT:C6365
NCIT:C9073	NCIT:C6366
NCIT:C9073	NCIT:C8911
NCIT:C9073	NCIT:C8918
NCIT:C9074	NCIT:C27787
NCIT:C9074	NCIT:C6367
NCIT:C9074	NCIT:C6368
NCIT:C9074	NCIT:C6369
NCIT:C9074	NCIT:C8913
NCIT:C9074	NCIT:C8919
NCIT:C9083	NCIT:C115038
NCIT:C9083	NCIT:C115039
NCIT:C9083	NCIT:C115040
NCIT:C9086	NCIT:C115035
NCIT:C9086	NCIT:C115036
NCIT:C9086	NCIT:C115037
NCIT:C9087	NCIT:C156474
NCIT:C9087	NCIT:C156475
NCIT:C9087	NCIT:C172955
NCIT:C9087	NCIT:C173477
NCIT:C9087	NCIT:C181938
NCIT:C9087	NCIT:C188980
NCIT:C9087	NCIT:C27500
NCIT:C9087	NCIT:C3550
NCIT:C9087	NCIT:C3551
NCIT:C9087	NCIT:C35873
NCIT:C9087	NCIT:C35874
NCIT:C9087	NCIT:C3992
NCIT:C9087	NCIT:C4578
NCIT:C9087	NCIT:C4579
NCIT:C9087	NCIT:C5363
NCIT:C9087	NCIT:C5523
NCIT:C9087	NCIT:C5952
NCIT:C9087	NCIT:C6377
NCIT:C9087	NCIT:C7006
NCIT:C9087	NCIT:C7935
NCIT:C9088	NCIT:C174498
NCIT:C9088	NCIT:C174506
NCIT:C9088	NCIT:C6098
NCIT:C9088	NCIT:C6101
NCIT:C9091	NCIT:C188925
NCIT:C9091	NCIT:C6954
NCIT:C9091	NCIT:C9370
NCIT:C9091	NCIT:C9371
NCIT:C9092	NCIT:C27399
NCIT:C9092	NCIT:C9372
NCIT:C9093	NCIT:C71299
NCIT:C9093	NCIT:C71304
NCIT:C9093	NCIT:C71305
NCIT:C9093	NCIT:C9374
NCIT:C9094	NCIT:C27183
NCIT:C9094	NCIT:C68701
NCIT:C9094	NCIT:C68702
NCIT:C9094	NCIT:C9375
NCIT:C9095	NCIT:C9185
NCIT:C9095	NCIT:C9186
NCIT:C9095	NCIT:C9187
NCIT:C9095	NCIT:C9188
NCIT:C9095	NCIT:C9189
NCIT:C9096	NCIT:C8784
NCIT:C9096	NCIT:C8789
NCIT:C9096	NCIT:C8793
NCIT:C9097	NCIT:C155306
NCIT:C9097	NCIT:C8785
NCIT:C9098	NCIT:C8069
NCIT:C9098	NCIT:C8082
NCIT:C9098	NCIT:C8127
NCIT:C9098	NCIT:C8140
NCIT:C9098	NCIT:C8153
NCIT:C9099	NCIT:C213307
NCIT:C9100	NCIT:C6121
NCIT:C9101	NCIT:C6048
NCIT:C9102	NCIT:C6665
NCIT:C9102	NCIT:C6698
NCIT:C9102	NCIT:C8951
NCIT:C9103	NCIT:C6664
NCIT:C9103	NCIT:C6697
NCIT:C9103	NCIT:C8952
NCIT:C9104	NCIT:C35758
NCIT:C9104	NCIT:C8748
NCIT:C9104	NCIT:C8758
NCIT:C9105	NCIT:C156082
NCIT:C9105	NCIT:C173576
NCIT:C9105	NCIT:C203016
NCIT:C9105	NCIT:C213478
NCIT:C9105	NCIT:C4825
NCIT:C9105	NCIT:C6241
NCIT:C9105	NCIT:C8051
NCIT:C9105	NCIT:C8181
NCIT:C9105	NCIT:C8395
NCIT:C9105	NCIT:C90523
NCIT:C9105	NCIT:C91248
NCIT:C9106	NCIT:C115210
NCIT:C9106	NCIT:C115334
NCIT:C9106	NCIT:C140457
NCIT:C9106	NCIT:C140464
NCIT:C9106	NCIT:C27819
NCIT:C9106	NCIT:C6165
NCIT:C9106	NCIT:C6166
NCIT:C9106	NCIT:C6167
NCIT:C9106	NCIT:C6168
NCIT:C9106	NCIT:C7508
NCIT:C9107	NCIT:C148029
NCIT:C9108	NCIT:C8074
NCIT:C9108	NCIT:C8118
NCIT:C9108	NCIT:C8131
NCIT:C9108	NCIT:C8144
NCIT:C9108	NCIT:C8157
NCIT:C9109	NCIT:C8081
NCIT:C9109	NCIT:C8123
NCIT:C9109	NCIT:C8136
NCIT:C9109	NCIT:C8149
NCIT:C9109	NCIT:C8162
NCIT:C9113	NCIT:C27640
NCIT:C9118	NCIT:C148301
NCIT:C9118	NCIT:C148302
NCIT:C9118	NCIT:C148331
NCIT:C9118	NCIT:C150605
NCIT:C9118	NCIT:C152076
NCIT:C9118	NCIT:C155647
NCIT:C9118	NCIT:C155873
NCIT:C9118	NCIT:C157652
NCIT:C9118	NCIT:C164198
NCIT:C9118	NCIT:C176558
NCIT:C9118	NCIT:C188981
NCIT:C9118	NCIT:C214801
NCIT:C9118	NCIT:C27005
NCIT:C9118	NCIT:C2946
NCIT:C9118	NCIT:C3043
NCIT:C9118	NCIT:C3088
NCIT:C9118	NCIT:C3194
NCIT:C9118	NCIT:C3746
NCIT:C9118	NCIT:C3798
NCIT:C9118	NCIT:C4817
NCIT:C9118	NCIT:C9023
NCIT:C9118	NCIT:C9145
NCIT:C9118	NCIT:C9306
NCIT:C9118	NCIT:C9312
NCIT:C9118	NCIT:C93125
NCIT:C9118	NCIT:C9417
NCIT:C9118	NCIT:C9418
NCIT:C9119	NCIT:C203341
NCIT:C9120	NCIT:C151995
NCIT:C9120	NCIT:C153619
NCIT:C9120	NCIT:C158960
NCIT:C9120	NCIT:C158961
NCIT:C9120	NCIT:C165450
NCIT:C9120	NCIT:C172245
NCIT:C9120	NCIT:C172811
NCIT:C9120	NCIT:C189009
NCIT:C9120	NCIT:C213375
NCIT:C9120	NCIT:C219508
NCIT:C9120	NCIT:C37214
NCIT:C9120	NCIT:C37256
NCIT:C9120	NCIT:C95426
NCIT:C9120	NCIT:C95427
NCIT:C9120	NCIT:C95428
NCIT:C9120	NCIT:C95465
NCIT:C9120	NCIT:C95466
NCIT:C91201	NCIT:C7823
NCIT:C91201	NCIT:C89301
NCIT:C91201	NCIT:C89302
NCIT:C91201	NCIT:C89303
NCIT:C91202	NCIT:C7895
NCIT:C91202	NCIT:C7896
NCIT:C91202	NCIT:C7897
NCIT:C91202	NCIT:C7898
NCIT:C91202	NCIT:C89366
NCIT:C91203	NCIT:C89445
NCIT:C91203	NCIT:C89447
NCIT:C91203	NCIT:C89451
NCIT:C91203	NCIT:C89452
NCIT:C91203	NCIT:C89453
NCIT:C91204	NCIT:C7597
NCIT:C91204	NCIT:C7856
NCIT:C91204	NCIT:C7857
NCIT:C91204	NCIT:C7858
NCIT:C91204	NCIT:C89476
NCIT:C91208	NCIT:C89550
NCIT:C91208	NCIT:C89551
NCIT:C91208	NCIT:C9204
NCIT:C91208	NCIT:C9205
NCIT:C91208	NCIT:C9206
NCIT:C91218	NCIT:C89632
NCIT:C91218	NCIT:C89633
NCIT:C91218	NCIT:C89634
NCIT:C91218	NCIT:C89635
NCIT:C91218	NCIT:C89636
NCIT:C91219	NCIT:C40105
NCIT:C91219	NCIT:C8720
NCIT:C91219	NCIT:C8721
NCIT:C91219	NCIT:C8963
NCIT:C91219	NCIT:C89692
NCIT:C91221	NCIT:C133411
NCIT:C91221	NCIT:C133442
NCIT:C91221	NCIT:C89771
NCIT:C91221	NCIT:C89793
NCIT:C91221	NCIT:C89794
NCIT:C91221	NCIT:C89795
NCIT:C91221	NCIT:C89804
NCIT:C91222	NCIT:C7788
NCIT:C91222	NCIT:C89856
NCIT:C91222	NCIT:C89859
NCIT:C91222	NCIT:C89860
NCIT:C91222	NCIT:C89861
NCIT:C91223	NCIT:C8513
NCIT:C91223	NCIT:C8932
NCIT:C91223	NCIT:C89989
NCIT:C91223	NCIT:C89994
NCIT:C91223	NCIT:C89998
NCIT:C91223	NCIT:C91224
NCIT:C91223	NCIT:C91225
NCIT:C91223	NCIT:C91226
NCIT:C91224	NCIT:C3638
NCIT:C91224	NCIT:C89990
NCIT:C91224	NCIT:C89995
NCIT:C91224	NCIT:C89999
NCIT:C91224	NCIT:C9358
NCIT:C91225	NCIT:C4853
NCIT:C91225	NCIT:C7790
NCIT:C91225	NCIT:C89991
NCIT:C91225	NCIT:C89996
NCIT:C91225	NCIT:C90016
NCIT:C91226	NCIT:C5016
NCIT:C91226	NCIT:C5017
NCIT:C91226	NCIT:C89992
NCIT:C91226	NCIT:C89997
NCIT:C91226	NCIT:C90019
NCIT:C91228	NCIT:C5758
NCIT:C91228	NCIT:C5759
NCIT:C91228	NCIT:C90180
NCIT:C91228	NCIT:C90181
NCIT:C91229	NCIT:C4439
NCIT:C91229	NCIT:C90216
NCIT:C91229	NCIT:C90217
NCIT:C91229	NCIT:C90218
NCIT:C91229	NCIT:C90219
NCIT:C91230	NCIT:C3641
NCIT:C91230	NCIT:C3995
NCIT:C91230	NCIT:C7768
NCIT:C91230	NCIT:C88375
NCIT:C91230	NCIT:C88376
NCIT:C91231	NCIT:C7917
NCIT:C91231	NCIT:C8423
NCIT:C91231	NCIT:C88414
NCIT:C91231	NCIT:C88415
NCIT:C91231	NCIT:C9096
NCIT:C91232	NCIT:C136491
NCIT:C91232	NCIT:C136494
NCIT:C91232	NCIT:C136496
NCIT:C91232	NCIT:C27467
NCIT:C91232	NCIT:C88888
NCIT:C91232	NCIT:C88889
NCIT:C91232	NCIT:C88890
NCIT:C91232	NCIT:C88891
NCIT:C91233	NCIT:C164186
NCIT:C91233	NCIT:C89232
NCIT:C91233	NCIT:C89233
NCIT:C91233	NCIT:C89234
NCIT:C91233	NCIT:C89235
NCIT:C91234	NCIT:C89194
NCIT:C91234	NCIT:C89195
NCIT:C91234	NCIT:C89196
NCIT:C91234	NCIT:C89197
NCIT:C91234	NCIT:C89198
NCIT:C9124	NCIT:C213658
NCIT:C9124	NCIT:C7209
NCIT:C9124	NCIT:C7210
NCIT:C9124	NCIT:C9056
NCIT:C9124	NCIT:C9057
NCIT:C9124	NCIT:C9058
NCIT:C9124	NCIT:C9059
NCIT:C9124	NCIT:C9060
NCIT:C91244	NCIT:C88981
NCIT:C91244	NCIT:C88982
NCIT:C91244	NCIT:C88983
NCIT:C91244	NCIT:C88984
NCIT:C91244	NCIT:C9099
NCIT:C91248	NCIT:C4590
NCIT:C91248	NCIT:C8048
NCIT:C91248	NCIT:C8049
NCIT:C91248	NCIT:C89021
NCIT:C91248	NCIT:C89023
NCIT:C91251	NCIT:C8039
NCIT:C91251	NCIT:C89045
NCIT:C91251	NCIT:C89046
NCIT:C91251	NCIT:C89047
NCIT:C91251	NCIT:C9101
NCIT:C91252	NCIT:C91244
NCIT:C91252	NCIT:C91248
NCIT:C91252	NCIT:C91251
NCIT:C91255	NCIT:C67554
NCIT:C91255	NCIT:C67555
NCIT:C91255	NCIT:C67556
NCIT:C91255	NCIT:C87498
NCIT:C91255	NCIT:C89117
NCIT:C91256	NCIT:C8041
NCIT:C91256	NCIT:C8042
NCIT:C91256	NCIT:C8043
NCIT:C91256	NCIT:C89091
NCIT:C91256	NCIT:C9100
NCIT:C9128	NCIT:C203904
NCIT:C9130	NCIT:C27369
NCIT:C9130	NCIT:C36099
NCIT:C9131	NCIT:C203342
NCIT:C9131	NCIT:C40355
NCIT:C9133	NCIT:C136492
NCIT:C9133	NCIT:C156093
NCIT:C9133	NCIT:C6684
NCIT:C9133	NCIT:C8747
NCIT:C9134	NCIT:C176009
NCIT:C9134	NCIT:C203344
NCIT:C9134	NCIT:C36085
NCIT:C9134	NCIT:C4190
NCIT:C9134	NCIT:C6870
NCIT:C9135	NCIT:C203362
NCIT:C9137	NCIT:C9379
NCIT:C9137	NCIT:C9423
NCIT:C9140	NCIT:C199240
NCIT:C9140	NCIT:C210135
NCIT:C9140	NCIT:C210136
NCIT:C9140	NCIT:C68659
NCIT:C9143	NCIT:C114819
NCIT:C9145	NCIT:C132850
NCIT:C9145	NCIT:C142857
NCIT:C9145	NCIT:C162661
NCIT:C9145	NCIT:C53707
NCIT:C9145	NCIT:C6585
NCIT:C9145	NCIT:C7780
NCIT:C9145	NCIT:C7781
NCIT:C9145	NCIT:C7881
NCIT:C9145	NCIT:C8810
NCIT:C9149	NCIT:C219039
NCIT:C9149	NCIT:C219040
NCIT:C9149	NCIT:C219041
NCIT:C9149	NCIT:C219042
NCIT:C9149	NCIT:C219043
NCIT:C9150	NCIT:C35574
NCIT:C9150	NCIT:C36099
NCIT:C9150	NCIT:C40268
NCIT:C9151	NCIT:C8785
NCIT:C9151	NCIT:C8786
NCIT:C9151	NCIT:C8787
NCIT:C9151	NCIT:C8788
NCIT:C9151	NCIT:C8789
NCIT:C9152	NCIT:C204843
NCIT:C9152	NCIT:C8790
NCIT:C9152	NCIT:C8791
NCIT:C9152	NCIT:C8792
NCIT:C9152	NCIT:C8793
NCIT:C9153	NCIT:C68693
NCIT:C9153	NCIT:C68694
NCIT:C9154	NCIT:C68700
NCIT:C9154	NCIT:C7319
NCIT:C9154	NCIT:C7882
NCIT:C9154	NCIT:C7961
NCIT:C9154	NCIT:C7962
NCIT:C9154	NCIT:C7964
NCIT:C9154	NCIT:C7965
NCIT:C9154	NCIT:C8303
NCIT:C9154	NCIT:C9153
NCIT:C9154	NCIT:C9380
NCIT:C9159	NCIT:C43295
NCIT:C9159	NCIT:C43529
NCIT:C9160	NCIT:C122625
NCIT:C9160	NCIT:C122725
NCIT:C9160	NCIT:C122726
NCIT:C9160	NCIT:C167089
NCIT:C9160	NCIT:C187449
NCIT:C9160	NCIT:C224907
NCIT:C9160	NCIT:C9068
NCIT:C9161	NCIT:C157575
NCIT:C9161	NCIT:C169102
NCIT:C9161	NCIT:C169103
NCIT:C9161	NCIT:C173156
NCIT:C9161	NCIT:C208291
NCIT:C9161	NCIT:C211565
NCIT:C9161	NCIT:C27681
NCIT:C9161	NCIT:C6925
NCIT:C9161	NCIT:C7469
NCIT:C9161	NCIT:C7470
NCIT:C9166	NCIT:C189064
NCIT:C9166	NCIT:C198617
NCIT:C9166	NCIT:C43604
NCIT:C9166	NCIT:C43605
NCIT:C9166	NCIT:C5743
NCIT:C9166	NCIT:C5744
NCIT:C9166	NCIT:C5745
NCIT:C9166	NCIT:C9169
NCIT:C9166	NCIT:C96887
NCIT:C9166	NCIT:C96890
NCIT:C9166	NCIT:C96891
NCIT:C9166	NCIT:C96915
NCIT:C9166	NCIT:C96916
NCIT:C9166	NCIT:C96928
NCIT:C9174	NCIT:C190020
NCIT:C91782	NCIT:C34378
NCIT:C9179	NCIT:C87140
NCIT:C9179	NCIT:C87144
NCIT:C9180	NCIT:C155818
NCIT:C9180	NCIT:C158381
NCIT:C9180	NCIT:C170931
NCIT:C9181	NCIT:C9117
NCIT:C9182	NCIT:C126358
NCIT:C9182	NCIT:C155875
NCIT:C9182	NCIT:C155877
NCIT:C9182	NCIT:C175667
NCIT:C9182	NCIT:C175670
NCIT:C9182	NCIT:C3741
NCIT:C9182	NCIT:C6489
NCIT:C9184	NCIT:C157065
NCIT:C9184	NCIT:C175451
NCIT:C9190	NCIT:C6217
NCIT:C9192	NCIT:C153347
NCIT:C9192	NCIT:C170933
NCIT:C9192	NCIT:C207056
NCIT:C9202	NCIT:C8473
NCIT:C9202	NCIT:C9198
NCIT:C9204	NCIT:C6313
NCIT:C9204	NCIT:C6316
NCIT:C9205	NCIT:C6321
NCIT:C9205	NCIT:C6322
NCIT:C9206	NCIT:C6323
NCIT:C9206	NCIT:C6324
NCIT:C9208	NCIT:C6304
NCIT:C9208	NCIT:C6305
NCIT:C92190	NCIT:C34588
NCIT:C92190	NCIT:C35014
NCIT:C92190	NCIT:C89329
NCIT:C92190	NCIT:C89334
NCIT:C92190	NCIT:C92565
NCIT:C92190	NCIT:C92566
NCIT:C92190	NCIT:C92567
NCIT:C92190	NCIT:C92568
NCIT:C92190	NCIT:C92569
NCIT:C92190	NCIT:C97163
NCIT:C92190	NCIT:C97179
NCIT:C92196	NCIT:C2981
NCIT:C92196	NCIT:C4786
NCIT:C92196	NCIT:C92642
NCIT:C92196	NCIT:C92643
NCIT:C92197	NCIT:C94328
NCIT:C92197	NCIT:C94329
NCIT:C92197	NCIT:C94330
NCIT:C92197	NCIT:C94331
NCIT:C92199	NCIT:C34870
NCIT:C92200	NCIT:C197893
NCIT:C92200	NCIT:C197949
NCIT:C92200	NCIT:C2982
NCIT:C92200	NCIT:C34423
NCIT:C92200	NCIT:C34562
NCIT:C92200	NCIT:C61374
NCIT:C92200	NCIT:C62592
NCIT:C92201	NCIT:C3362
NCIT:C92201	NCIT:C34957
NCIT:C92201	NCIT:C78576
NCIT:C92201	NCIT:C92632
NCIT:C92201	NCIT:C94376
NCIT:C92201	NCIT:C94378
NCIT:C92201	NCIT:C94379
NCIT:C92201	NCIT:C94390
NCIT:C92201	NCIT:C94391
NCIT:C92201	NCIT:C94392
NCIT:C92202	NCIT:C94362
NCIT:C92203	NCIT:C34957
NCIT:C92203	NCIT:C92623
NCIT:C92203	NCIT:C92643
NCIT:C92203	NCIT:C94350
NCIT:C92203	NCIT:C95079
NCIT:C9224	NCIT:C27014
NCIT:C9224	NCIT:C27105
NCIT:C9224	NCIT:C27106
NCIT:C9224	NCIT:C27107
NCIT:C9224	NCIT:C27108
NCIT:C9224	NCIT:C97066
NCIT:C9224	NCIT:C97067
NCIT:C9227	NCIT:C113347
NCIT:C9227	NCIT:C113348
NCIT:C9231	NCIT:C115440
NCIT:C9231	NCIT:C162572
NCIT:C9231	NCIT:C162786
NCIT:C9231	NCIT:C165741
NCIT:C9231	NCIT:C173385
NCIT:C9231	NCIT:C173586
NCIT:C9231	NCIT:C173587
NCIT:C9231	NCIT:C193450
NCIT:C9231	NCIT:C204383
NCIT:C9231	NCIT:C204385
NCIT:C9233	NCIT:C193422
NCIT:C9233	NCIT:C198680
NCIT:C9233	NCIT:C198682
NCIT:C9233	NCIT:C203523
NCIT:C9234	NCIT:C186495
NCIT:C9234	NCIT:C71712
NCIT:C9234	NCIT:C71714
NCIT:C9235	NCIT:C115460
NCIT:C9235	NCIT:C186735
NCIT:C9235	NCIT:C8991
NCIT:C9235	NCIT:C9286
NCIT:C9237	NCIT:C154622
NCIT:C9237	NCIT:C181856
NCIT:C9237	NCIT:C190198
NCIT:C9238	NCIT:C162443
NCIT:C9238	NCIT:C209992
NCIT:C9239	NCIT:C45666
NCIT:C9240	NCIT:C167266
NCIT:C9241	NCIT:C8236
NCIT:C9242	NCIT:C194076
NCIT:C9242	NCIT:C213278
NCIT:C9242	NCIT:C4793
NCIT:C9242	NCIT:C4910
NCIT:C9242	NCIT:C5495
NCIT:C9242	NCIT:C8411
NCIT:C9242	NCIT:C9329
NCIT:C9243	NCIT:C34943
NCIT:C9244	NCIT:C156232
NCIT:C9244	NCIT:C156233
NCIT:C9244	NCIT:C178541
NCIT:C9244	NCIT:C178547
NCIT:C9244	NCIT:C8492
NCIT:C9245	NCIT:C175581
NCIT:C9245	NCIT:C175604
NCIT:C9245	NCIT:C175607
NCIT:C9245	NCIT:C176504
NCIT:C9245	NCIT:C176579
NCIT:C9245	NCIT:C27829
NCIT:C9245	NCIT:C36085
NCIT:C9245	NCIT:C4001
NCIT:C9245	NCIT:C40347
NCIT:C9245	NCIT:C40354
NCIT:C9245	NCIT:C40367
NCIT:C9245	NCIT:C40374
NCIT:C9245	NCIT:C40395
NCIT:C9245	NCIT:C4189
NCIT:C9245	NCIT:C4194
NCIT:C9245	NCIT:C5130
NCIT:C9245	NCIT:C5142
NCIT:C9245	NCIT:C5164
NCIT:C9245	NCIT:C5166
NCIT:C9245	NCIT:C5175
NCIT:C9245	NCIT:C5177
NCIT:C9245	NCIT:C5457
NCIT:C9245	NCIT:C7950
NCIT:C9245	NCIT:C7951
NCIT:C9245	NCIT:C9131
NCIT:C9245	NCIT:C9135
NCIT:C9250	NCIT:C115357
NCIT:C9250	NCIT:C162688
NCIT:C9250	NCIT:C176680
NCIT:C9250	NCIT:C181044
NCIT:C9251	NCIT:C115369
NCIT:C9251	NCIT:C146990
NCIT:C9251	NCIT:C156232
NCIT:C9251	NCIT:C181796
NCIT:C9251	NCIT:C206293
NCIT:C9251	NCIT:C213661
NCIT:C9251	NCIT:C8098
NCIT:C9251	NCIT:C8663
NCIT:C9251	NCIT:C8702
NCIT:C9251	NCIT:C8841
NCIT:C9252	NCIT:C8079
NCIT:C9252	NCIT:C8080
NCIT:C9252	NCIT:C8247
NCIT:C9255	NCIT:C150516
NCIT:C92562	NCIT:C182452
NCIT:C92564	NCIT:C122579
NCIT:C9257	NCIT:C6664
NCIT:C9257	NCIT:C6665
NCIT:C9262	NCIT:C200582
NCIT:C9262	NCIT:C8037
NCIT:C92629	NCIT:C124272
NCIT:C9263	NCIT:C9352
NCIT:C9264	NCIT:C154082
NCIT:C9264	NCIT:C214839
NCIT:C9264	NCIT:C9046
NCIT:C9264	NCIT:C9067
NCIT:C92647	NCIT:C4335
NCIT:C9265	NCIT:C115439
NCIT:C9265	NCIT:C141142
NCIT:C9265	NCIT:C141346
NCIT:C9265	NCIT:C148129
NCIT:C9265	NCIT:C3246
NCIT:C9265	NCIT:C3366
NCIT:C9266	NCIT:C7899
NCIT:C9268	NCIT:C9240
NCIT:C9270	NCIT:C129707
NCIT:C9270	NCIT:C148065
NCIT:C9270	NCIT:C153169
NCIT:C9270	NCIT:C153171
NCIT:C9270	NCIT:C153172
NCIT:C9270	NCIT:C153185
NCIT:C9270	NCIT:C156486
NCIT:C9270	NCIT:C159904
NCIT:C9270	NCIT:C168721
NCIT:C9270	NCIT:C170469
NCIT:C9270	NCIT:C170812
NCIT:C9270	NCIT:C170928
NCIT:C9270	NCIT:C170966
NCIT:C9270	NCIT:C170967
NCIT:C9270	NCIT:C173333
NCIT:C9270	NCIT:C174568
NCIT:C9270	NCIT:C175547
NCIT:C9270	NCIT:C176859
NCIT:C9270	NCIT:C176863
NCIT:C9270	NCIT:C183305
NCIT:C9270	NCIT:C213052
NCIT:C9270	NCIT:C215400
NCIT:C9270	NCIT:C7865
NCIT:C92719	NCIT:C103236
NCIT:C92719	NCIT:C111779
NCIT:C92719	NCIT:C111908
NCIT:C92719	NCIT:C111909
NCIT:C92719	NCIT:C114875
NCIT:C92719	NCIT:C189052
NCIT:C92719	NCIT:C84713
NCIT:C92719	NCIT:C87093
NCIT:C92719	NCIT:C87115
NCIT:C92719	NCIT:C92727
NCIT:C92719	NCIT:C92728
NCIT:C92719	NCIT:C92780
NCIT:C92719	NCIT:C98906
NCIT:C92719	NCIT:C98927
NCIT:C92719	NCIT:C98928
NCIT:C92719	NCIT:C98929
NCIT:C92719	NCIT:C98930
NCIT:C92719	NCIT:C99082
NCIT:C9272	NCIT:C118824
NCIT:C9272	NCIT:C118825
NCIT:C9272	NCIT:C158463
NCIT:C9272	NCIT:C173649
NCIT:C9272	NCIT:C174034
NCIT:C9272	NCIT:C177722
NCIT:C9272	NCIT:C181079
NCIT:C9272	NCIT:C224096
NCIT:C9272	NCIT:C35700
NCIT:C9272	NCIT:C35701
NCIT:C9272	NCIT:C35736
NCIT:C9272	NCIT:C35737
NCIT:C9272	NCIT:C40410
NCIT:C9272	NCIT:C5907
NCIT:C9272	NCIT:C5908
NCIT:C9272	NCIT:C5957
NCIT:C9272	NCIT:C62191
NCIT:C9272	NCIT:C7926
NCIT:C9272	NCIT:C7991
NCIT:C9272	NCIT:C8012
NCIT:C9272	NCIT:C8018
NCIT:C9272	NCIT:C8021
NCIT:C9272	NCIT:C8024
NCIT:C9272	NCIT:C8026
NCIT:C9275	NCIT:C217178
NCIT:C9278	NCIT:C133095
NCIT:C9280	NCIT:C141262
NCIT:C9280	NCIT:C188455
NCIT:C9280	NCIT:C8874
NCIT:C9280	NCIT:C8875
NCIT:C9281	NCIT:C172846
NCIT:C9281	NCIT:C172847
NCIT:C9281	NCIT:C173580
NCIT:C9281	NCIT:C183374
NCIT:C9282	NCIT:C212198
NCIT:C9282	NCIT:C212200
NCIT:C9283	NCIT:C141222
NCIT:C9283	NCIT:C8061
NCIT:C9283	NCIT:C8649
NCIT:C9283	NCIT:C8650
NCIT:C9283	NCIT:C9125
NCIT:C9284	NCIT:C188031
NCIT:C9284	NCIT:C188041
NCIT:C9285	NCIT:C186732
NCIT:C92853	NCIT:C114375
NCIT:C92853	NCIT:C114376
NCIT:C9286	NCIT:C198573
NCIT:C9287	NCIT:C9018
NCIT:C9287	NCIT:C9019
NCIT:C9288	NCIT:C188450
NCIT:C9288	NCIT:C68699
NCIT:C9289	NCIT:C156720
NCIT:C9290	NCIT:C172132
NCIT:C9290	NCIT:C172281
NCIT:C9290	NCIT:C198593
NCIT:C9290	NCIT:C198663
NCIT:C9290	NCIT:C206204
NCIT:C9290	NCIT:C27262
NCIT:C9290	NCIT:C27912
NCIT:C9290	NCIT:C3172
NCIT:C9290	NCIT:C3247
NCIT:C9290	NCIT:C3520
NCIT:C9290	NCIT:C4345
NCIT:C9290	NCIT:C7064
NCIT:C9290	NCIT:C7066
NCIT:C9290	NCIT:C9295
NCIT:C9291	NCIT:C133794
NCIT:C9291	NCIT:C137857
NCIT:C9291	NCIT:C167354
NCIT:C9291	NCIT:C170514
NCIT:C9291	NCIT:C207789
NCIT:C9291	NCIT:C208295
NCIT:C9291	NCIT:C211963
NCIT:C9291	NCIT:C216217
NCIT:C9291	NCIT:C5600
NCIT:C9291	NCIT:C7472
NCIT:C9291	NCIT:C7489
NCIT:C9291	NCIT:C9161
NCIT:C9291	NCIT:C9278
NCIT:C9292	NCIT:C127156
NCIT:C9292	NCIT:C132146
NCIT:C9292	NCIT:C151940
NCIT:C9292	NCIT:C8101
NCIT:C9292	NCIT:C9107
NCIT:C9293	NCIT:C102871
NCIT:C9293	NCIT:C147113
NCIT:C9293	NCIT:C3229
NCIT:C9293	NCIT:C3381
NCIT:C9293	NCIT:C4627
NCIT:C9293	NCIT:C4953
NCIT:C9293	NCIT:C5131
NCIT:C9293	NCIT:C5132
NCIT:C9293	NCIT:C5503
NCIT:C9294	NCIT:C134168
NCIT:C9294	NCIT:C134172
NCIT:C9294	NCIT:C150692
NCIT:C9294	NCIT:C168980
NCIT:C9294	NCIT:C173485
NCIT:C9294	NCIT:C200105
NCIT:C9294	NCIT:C212210
NCIT:C9294	NCIT:C213905
NCIT:C9294	NCIT:C213906
NCIT:C9294	NCIT:C3451
NCIT:C9294	NCIT:C36075
NCIT:C9294	NCIT:C53972
NCIT:C9294	NCIT:C81767
NCIT:C9294	NCIT:C92944
NCIT:C92944	NCIT:C129806
NCIT:C92944	NCIT:C129807
NCIT:C92944	NCIT:C129808
NCIT:C92944	NCIT:C186663
NCIT:C9295	NCIT:C84269
NCIT:C9295	NCIT:C9303
NCIT:C9296	NCIT:C133548
NCIT:C9296	NCIT:C150577
NCIT:C9296	NCIT:C150578
NCIT:C9296	NCIT:C153359
NCIT:C9296	NCIT:C156166
NCIT:C9296	NCIT:C162538
NCIT:C9296	NCIT:C192204
NCIT:C9297	NCIT:C150542
NCIT:C9297	NCIT:C150543
NCIT:C9297	NCIT:C155950
NCIT:C9297	NCIT:C170943
NCIT:C9297	NCIT:C178453
NCIT:C9297	NCIT:C181197
NCIT:C9297	NCIT:C192668
NCIT:C9297	NCIT:C210823
NCIT:C9297	NCIT:C219668
NCIT:C9297	NCIT:C7548
NCIT:C9298	NCIT:C126110
NCIT:C9298	NCIT:C141446
NCIT:C9298	NCIT:C173503
NCIT:C9300	NCIT:C148429
NCIT:C9300	NCIT:C148431
NCIT:C9300	NCIT:C187056
NCIT:C9300	NCIT:C3167
NCIT:C9300	NCIT:C3171
NCIT:C9300	NCIT:C7400
NCIT:C9300	NCIT:C7464
NCIT:C9301	NCIT:C114779
NCIT:C9301	NCIT:C114951
NCIT:C9301	NCIT:C186658
NCIT:C9301	NCIT:C213352
NCIT:C9301	NCIT:C213353
NCIT:C9303	NCIT:C3217
NCIT:C9303	NCIT:C7136
NCIT:C9305	NCIT:C114940
NCIT:C9305	NCIT:C120186
NCIT:C9305	NCIT:C121500
NCIT:C9305	NCIT:C132146
NCIT:C9305	NCIT:C150602
NCIT:C9305	NCIT:C156484
NCIT:C9305	NCIT:C156711
NCIT:C9305	NCIT:C156714
NCIT:C9305	NCIT:C156715
NCIT:C9305	NCIT:C166357
NCIT:C9305	NCIT:C167168
NCIT:C9305	NCIT:C172183
NCIT:C9305	NCIT:C177364
NCIT:C9305	NCIT:C188021
NCIT:C9305	NCIT:C201136
NCIT:C9305	NCIT:C212210
NCIT:C9305	NCIT:C27209
NCIT:C9305	NCIT:C27223
NCIT:C9305	NCIT:C27359
NCIT:C9305	NCIT:C27770
NCIT:C9305	NCIT:C2916
NCIT:C9305	NCIT:C2920
NCIT:C9305	NCIT:C2947
NCIT:C9305	NCIT:C3161
NCIT:C9305	NCIT:C3208
NCIT:C9305	NCIT:C3224
NCIT:C9305	NCIT:C3520
NCIT:C9305	NCIT:C3539
NCIT:C9305	NCIT:C35427
NCIT:C9305	NCIT:C35501
NCIT:C9305	NCIT:C3575
NCIT:C9305	NCIT:C3576
NCIT:C9305	NCIT:C35812
NCIT:C9305	NCIT:C36025
NCIT:C9305	NCIT:C36041
NCIT:C9305	NCIT:C36049
NCIT:C9305	NCIT:C36050
NCIT:C9305	NCIT:C36051
NCIT:C9305	NCIT:C36052
NCIT:C9305	NCIT:C3716
NCIT:C9305	NCIT:C3729
NCIT:C9305	NCIT:C38156
NCIT:C9305	NCIT:C3851
NCIT:C9305	NCIT:C4005
NCIT:C9305	NCIT:C4013
NCIT:C9305	NCIT:C4090
NCIT:C9305	NCIT:C4456
NCIT:C9305	NCIT:C4571
NCIT:C9305	NCIT:C46080
NCIT:C9305	NCIT:C4767
NCIT:C9305	NCIT:C4788
NCIT:C9305	NCIT:C4813
NCIT:C9305	NCIT:C4867
NCIT:C9305	NCIT:C4890
NCIT:C9305	NCIT:C4925
NCIT:C9305	NCIT:C4968
NCIT:C9305	NCIT:C4969
NCIT:C9305	NCIT:C4992
NCIT:C9305	NCIT:C4993
NCIT:C9305	NCIT:C65153
NCIT:C9305	NCIT:C6894
NCIT:C9305	NCIT:C7055
NCIT:C9305	NCIT:C7627
NCIT:C9305	NCIT:C84270
NCIT:C9305	NCIT:C84509
NCIT:C9305	NCIT:C8505
NCIT:C9305	NCIT:C8576
NCIT:C9305	NCIT:C8991
NCIT:C9305	NCIT:C9118
NCIT:C9305	NCIT:C9226
NCIT:C9305	NCIT:C9335
NCIT:C9305	NCIT:C9479
NCIT:C9306	NCIT:C121571
NCIT:C9306	NCIT:C121671
NCIT:C9306	NCIT:C121793
NCIT:C9306	NCIT:C128054
NCIT:C9306	NCIT:C136693
NCIT:C9306	NCIT:C136707
NCIT:C9306	NCIT:C139001
NCIT:C9306	NCIT:C139002
NCIT:C9306	NCIT:C147098
NCIT:C9306	NCIT:C153068
NCIT:C9306	NCIT:C153069
NCIT:C9306	NCIT:C153086
NCIT:C9306	NCIT:C156283
NCIT:C9306	NCIT:C161641
NCIT:C9306	NCIT:C162493
NCIT:C9306	NCIT:C162495
NCIT:C9306	NCIT:C162497
NCIT:C9306	NCIT:C165190
NCIT:C9306	NCIT:C172849
NCIT:C9306	NCIT:C173118
NCIT:C9306	NCIT:C173408
NCIT:C9306	NCIT:C173481
NCIT:C9306	NCIT:C176467
NCIT:C9306	NCIT:C189240
NCIT:C9306	NCIT:C202611
NCIT:C9306	NCIT:C202853
NCIT:C9306	NCIT:C202859
NCIT:C9306	NCIT:C210654
NCIT:C9306	NCIT:C210658
NCIT:C9306	NCIT:C216961
NCIT:C9306	NCIT:C27502
NCIT:C9306	NCIT:C27707
NCIT:C9306	NCIT:C3255
NCIT:C9306	NCIT:C3400
NCIT:C9306	NCIT:C3714
NCIT:C9306	NCIT:C3745
NCIT:C9306	NCIT:C3750
NCIT:C9306	NCIT:C40128
NCIT:C9306	NCIT:C40317
NCIT:C9306	NCIT:C4525
NCIT:C9306	NCIT:C4669
NCIT:C9306	NCIT:C4670
NCIT:C9306	NCIT:C4716
NCIT:C9306	NCIT:C4832
NCIT:C9306	NCIT:C4860
NCIT:C9306	NCIT:C5153
NCIT:C9306	NCIT:C53677
NCIT:C9306	NCIT:C5585
NCIT:C9306	NCIT:C5983
NCIT:C9306	NCIT:C6041
NCIT:C9306	NCIT:C6050
NCIT:C9306	NCIT:C6339
NCIT:C9306	NCIT:C6359
NCIT:C9306	NCIT:C6605
NCIT:C9306	NCIT:C6606
NCIT:C9306	NCIT:C6926
NCIT:C9306	NCIT:C7135
NCIT:C9306	NCIT:C7707
NCIT:C9306	NCIT:C7715
NCIT:C9306	NCIT:C7723
NCIT:C9306	NCIT:C7730
NCIT:C9306	NCIT:C7731
NCIT:C9306	NCIT:C7737
NCIT:C9306	NCIT:C8267
NCIT:C9306	NCIT:C8300
NCIT:C9306	NCIT:C8810
NCIT:C9308	NCIT:C147861
NCIT:C9308	NCIT:C150399
NCIT:C9308	NCIT:C150672
NCIT:C9308	NCIT:C157686
NCIT:C9308	NCIT:C159717
NCIT:C9308	NCIT:C179052
NCIT:C9308	NCIT:C179053
NCIT:C9308	NCIT:C4939
NCIT:C9308	NCIT:C7065
NCIT:C9308	NCIT:C7614
NCIT:C9308	NCIT:C7764
NCIT:C9309	NCIT:C123840
NCIT:C9309	NCIT:C7327
NCIT:C9309	NCIT:C7328
NCIT:C9311	NCIT:C128054
NCIT:C9311	NCIT:C128055
NCIT:C9311	NCIT:C213638
NCIT:C9311	NCIT:C213739
NCIT:C9311	NCIT:C3553
NCIT:C9311	NCIT:C3554
NCIT:C9311	NCIT:C40228
NCIT:C9311	NCIT:C40236
NCIT:C9311	NCIT:C40239
NCIT:C9311	NCIT:C5052
NCIT:C9311	NCIT:C6385
NCIT:C9311	NCIT:C9039
NCIT:C9312	NCIT:C136632
NCIT:C9312	NCIT:C153072
NCIT:C9312	NCIT:C153073
NCIT:C9312	NCIT:C173841
NCIT:C9312	NCIT:C188064
NCIT:C9312	NCIT:C189017
NCIT:C9312	NCIT:C210655
NCIT:C9312	NCIT:C213348
NCIT:C9312	NCIT:C222481
NCIT:C9312	NCIT:C222482
NCIT:C9312	NCIT:C222485
NCIT:C9312	NCIT:C27482
NCIT:C9312	NCIT:C4304
NCIT:C9312	NCIT:C4835
NCIT:C9312	NCIT:C53493
NCIT:C9312	NCIT:C53707
NCIT:C9312	NCIT:C6475
NCIT:C9312	NCIT:C6476
NCIT:C9312	NCIT:C6479
NCIT:C9312	NCIT:C6604
NCIT:C9312	NCIT:C7154
NCIT:C9312	NCIT:C7155
NCIT:C9312	NCIT:C7357
NCIT:C9312	NCIT:C7598
NCIT:C9312	NCIT:C8563
NCIT:C93125	NCIT:C27513
NCIT:C93125	NCIT:C53706
NCIT:C9313	NCIT:C123843
NCIT:C9313	NCIT:C3877
NCIT:C9313	NCIT:C39934
NCIT:C9313	NCIT:C5027
NCIT:C9314	NCIT:C173489
NCIT:C9314	NCIT:C213660
NCIT:C9314	NCIT:C3530
NCIT:C9314	NCIT:C4812
NCIT:C9314	NCIT:C5915
NCIT:C9314	NCIT:C5916
NCIT:C9314	NCIT:C7404
NCIT:C9314	NCIT:C8990
NCIT:C9314	NCIT:C9317
NCIT:C9314	NCIT:C9318
NCIT:C9314	NCIT:C9320
NCIT:C9314	NCIT:C9345
NCIT:C9315	NCIT:C132728
NCIT:C9315	NCIT:C132736
NCIT:C9315	NCIT:C156086
NCIT:C9315	NCIT:C3490
NCIT:C9315	NCIT:C42690
NCIT:C9315	NCIT:C8037
NCIT:C9315	NCIT:C8990
NCIT:C9316	NCIT:C150530
NCIT:C9316	NCIT:C7485
NCIT:C9316	NCIT:C9262
NCIT:C9316	NCIT:C9314
NCIT:C9316	NCIT:C9315
NCIT:C9317	NCIT:C202622
NCIT:C9317	NCIT:C213518
NCIT:C9317	NCIT:C213549
NCIT:C9317	NCIT:C213652
NCIT:C9317	NCIT:C7721
NCIT:C9318	NCIT:C9319
NCIT:C9319	NCIT:C4041
NCIT:C9319	NCIT:C8178
NCIT:C9319	NCIT:C8180
NCIT:C9320	NCIT:C4040
NCIT:C9321	NCIT:C173357
NCIT:C9321	NCIT:C178522
NCIT:C9321	NCIT:C202985
NCIT:C9321	NCIT:C213584
NCIT:C9321	NCIT:C213636
NCIT:C9321	NCIT:C3871
NCIT:C9321	NCIT:C6030
NCIT:C9321	NCIT:C9268
NCIT:C93210	NCIT:C115965
NCIT:C93210	NCIT:C116778
NCIT:C93210	NCIT:C121604
NCIT:C93210	NCIT:C125711
NCIT:C93210	NCIT:C128351
NCIT:C93210	NCIT:C128368
NCIT:C93210	NCIT:C26726
NCIT:C93210	NCIT:C3138
NCIT:C9322	NCIT:C4906
NCIT:C9322	NCIT:C8557
NCIT:C9323	NCIT:C8595
NCIT:C9325	NCIT:C104030
NCIT:C9325	NCIT:C141098
NCIT:C9325	NCIT:C141100
NCIT:C9325	NCIT:C150580
NCIT:C9325	NCIT:C156070
NCIT:C9325	NCIT:C188036
NCIT:C9325	NCIT:C188181
NCIT:C9325	NCIT:C188182
NCIT:C9325	NCIT:C188183
NCIT:C9325	NCIT:C190069
NCIT:C9325	NCIT:C210617
NCIT:C9325	NCIT:C6417
NCIT:C9325	NCIT:C68635
NCIT:C9325	NCIT:C68644
NCIT:C93268	NCIT:C178393
NCIT:C93268	NCIT:C178394
NCIT:C9327	NCIT:C188185
NCIT:C9327	NCIT:C27381
NCIT:C9327	NCIT:C9325
NCIT:C9328	NCIT:C4803
NCIT:C9328	NCIT:C82972
NCIT:C9328	NCIT:C9263
NCIT:C9329	NCIT:C3491
NCIT:C9329	NCIT:C5515
NCIT:C9330	NCIT:C133733
NCIT:C9330	NCIT:C134117
NCIT:C9330	NCIT:C153802
NCIT:C9330	NCIT:C162275
NCIT:C9330	NCIT:C179177
NCIT:C9330	NCIT:C200577
NCIT:C9330	NCIT:C207705
NCIT:C9330	NCIT:C223265
NCIT:C9330	NCIT:C43556
NCIT:C9330	NCIT:C43564
NCIT:C9330	NCIT:C7718
NCIT:C9330	NCIT:C96425
NCIT:C9331	NCIT:C170940
NCIT:C9331	NCIT:C172659
NCIT:C9331	NCIT:C175304
NCIT:C9331	NCIT:C178519
NCIT:C9331	NCIT:C188051
NCIT:C9331	NCIT:C27439
NCIT:C9331	NCIT:C4636
NCIT:C9331	NCIT:C4911
NCIT:C9331	NCIT:C5484
NCIT:C9331	NCIT:C5486
NCIT:C9331	NCIT:C9354
NCIT:C9331	NCIT:C95903
NCIT:C9332	NCIT:C6064
NCIT:C9332	NCIT:C6239
NCIT:C9332	NCIT:C6240
NCIT:C9333	NCIT:C170734
NCIT:C9333	NCIT:C5513
NCIT:C9333	NCIT:C9330
NCIT:C9333	NCIT:C96434
NCIT:C9333	NCIT:C96435
NCIT:C9334	NCIT:C159663
NCIT:C9334	NCIT:C159677
NCIT:C9334	NCIT:C4669
NCIT:C9334	NCIT:C4912
NCIT:C9334	NCIT:C6164
NCIT:C9334	NCIT:C6416
NCIT:C9334	NCIT:C7650
NCIT:C9334	NCIT:C9266
NCIT:C9335	NCIT:C170726
NCIT:C9335	NCIT:C170728
NCIT:C9335	NCIT:C179218
NCIT:C9335	NCIT:C190575
NCIT:C9335	NCIT:C4504
NCIT:C9335	NCIT:C4670
NCIT:C9335	NCIT:C4671
NCIT:C9335	NCIT:C4872
NCIT:C9335	NCIT:C5143
NCIT:C9335	NCIT:C5180
NCIT:C9335	NCIT:C5213
NCIT:C9335	NCIT:C7511
NCIT:C9335	NCIT:C8410
NCIT:C9336	NCIT:C118817
NCIT:C9336	NCIT:C202996
NCIT:C9336	NCIT:C27389
NCIT:C9336	NCIT:C4589
NCIT:C9336	NCIT:C6010
NCIT:C9336	NCIT:C6011
NCIT:C9336	NCIT:C6012
NCIT:C9336	NCIT:C6013
NCIT:C9336	NCIT:C6015
NCIT:C9336	NCIT:C8192
NCIT:C9337	NCIT:C174026
NCIT:C9337	NCIT:C4653
NCIT:C9337	NCIT:C4765
NCIT:C9337	NCIT:C54262
NCIT:C9338	NCIT:C156945
NCIT:C9338	NCIT:C156956
NCIT:C9338	NCIT:C4396
NCIT:C9338	NCIT:C8610
NCIT:C9338	NCIT:C9327
NCIT:C9339	NCIT:C225041
NCIT:C9341	NCIT:C142850
NCIT:C9341	NCIT:C27471
NCIT:C9341	NCIT:C27899
NCIT:C9341	NCIT:C27903
NCIT:C9341	NCIT:C67214
NCIT:C9341	NCIT:C7542
NCIT:C9341	NCIT:C8776
NCIT:C9343	NCIT:C121926
NCIT:C9343	NCIT:C168693
NCIT:C9343	NCIT:C178607
NCIT:C9343	NCIT:C178609
NCIT:C9343	NCIT:C178613
NCIT:C9343	NCIT:C189015
NCIT:C9343	NCIT:C202880
NCIT:C9343	NCIT:C3375
NCIT:C9343	NCIT:C3738
NCIT:C9343	NCIT:C4016
NCIT:C9343	NCIT:C4880
NCIT:C9343	NCIT:C6478
NCIT:C9343	NCIT:C6480
NCIT:C9344	NCIT:C114812
NCIT:C9344	NCIT:C186568
NCIT:C9344	NCIT:C186569
NCIT:C9344	NCIT:C186570
NCIT:C9344	NCIT:C186571
NCIT:C9344	NCIT:C186572
NCIT:C9344	NCIT:C201966
NCIT:C9344	NCIT:C8292
NCIT:C9345	NCIT:C156274
NCIT:C9345	NCIT:C213659
NCIT:C9345	NCIT:C3524
NCIT:C9345	NCIT:C4824
NCIT:C9345	NCIT:C6061
NCIT:C9346	NCIT:C4887
NCIT:C9346	NCIT:C6050
NCIT:C9346	NCIT:C6248
NCIT:C9346	NCIT:C9347
NCIT:C9347	NCIT:C4448
NCIT:C9347	NCIT:C6051
NCIT:C9349	NCIT:C118421
NCIT:C9349	NCIT:C4002
NCIT:C9349	NCIT:C6932
NCIT:C9350	NCIT:C162940
NCIT:C9350	NCIT:C168804
NCIT:C9350	NCIT:C168805
NCIT:C9350	NCIT:C173612
NCIT:C9350	NCIT:C179462
NCIT:C9350	NCIT:C8705
NCIT:C9351	NCIT:C4499
NCIT:C9351	NCIT:C45660
NCIT:C9351	NCIT:C7376
NCIT:C9353	NCIT:C9241
NCIT:C9354	NCIT:C9237
NCIT:C9356	NCIT:C162616
NCIT:C9357	NCIT:C114949
NCIT:C9357	NCIT:C114951
NCIT:C9357	NCIT:C141141
NCIT:C9357	NCIT:C141168
NCIT:C9357	NCIT:C172373
NCIT:C9357	NCIT:C181205
NCIT:C9357	NCIT:C181207
NCIT:C9357	NCIT:C202922
NCIT:C9357	NCIT:C213755
NCIT:C9357	NCIT:C27692
NCIT:C9357	NCIT:C38163
NCIT:C9357	NCIT:C4937
NCIT:C9357	NCIT:C5055
NCIT:C9357	NCIT:C6634
NCIT:C9357	NCIT:C6723
NCIT:C9357	NCIT:C68666
NCIT:C9357	NCIT:C7164
NCIT:C9357	NCIT:C7221
NCIT:C9357	NCIT:C7256
NCIT:C9357	NCIT:C7295
NCIT:C9357	NCIT:C7702
NCIT:C9357	NCIT:C7714
NCIT:C9357	NCIT:C8836
NCIT:C9357	NCIT:C9279
NCIT:C9360	NCIT:C151978
NCIT:C9360	NCIT:C213661
NCIT:C9360	NCIT:C6919
NCIT:C9360	NCIT:C7312
NCIT:C9360	NCIT:C8298
NCIT:C9360	NCIT:C8868
NCIT:C9360	NCIT:C9124
NCIT:C9360	NCIT:C9361
NCIT:C9361	NCIT:C7226
NCIT:C9361	NCIT:C7338
NCIT:C9361	NCIT:C8079
NCIT:C9361	NCIT:C8125
NCIT:C9361	NCIT:C8138
NCIT:C9361	NCIT:C8151
NCIT:C9361	NCIT:C8164
NCIT:C9372	NCIT:C188938
NCIT:C9372	NCIT:C188945
NCIT:C9375	NCIT:C9370
NCIT:C9377	NCIT:C114773
NCIT:C9377	NCIT:C9376
NCIT:C9382	NCIT:C118823
NCIT:C9382	NCIT:C134258
NCIT:C9382	NCIT:C156098
NCIT:C9382	NCIT:C162156
NCIT:C9382	NCIT:C177776
NCIT:C9382	NCIT:C203385
NCIT:C9382	NCIT:C211964
NCIT:C9382	NCIT:C220571
NCIT:C9382	NCIT:C43594
NCIT:C9382	NCIT:C5554
NCIT:C9382	NCIT:C5556
NCIT:C9382	NCIT:C7974
NCIT:C9382	NCIT:C90508
NCIT:C9382	NCIT:C91225
NCIT:C9382	NCIT:C9238
NCIT:C9382	NCIT:C9383
NCIT:C9383	NCIT:C160820
NCIT:C9383	NCIT:C162117
NCIT:C9383	NCIT:C162157
NCIT:C9383	NCIT:C162443
NCIT:C9383	NCIT:C213379
NCIT:C9383	NCIT:C213456
NCIT:C9383	NCIT:C213481
NCIT:C9383	NCIT:C60640
NCIT:C9383	NCIT:C7973
NCIT:C9383	NCIT:C9168
NCIT:C9383	NCIT:C9449
NCIT:C9383	NCIT:C9450
NCIT:C9383	NCIT:C9451
NCIT:C9383	NCIT:C96487
NCIT:C9383	NCIT:C96490
NCIT:C9383	NCIT:C96493
NCIT:C9384	NCIT:C159224
NCIT:C9384	NCIT:C172622
NCIT:C9384	NCIT:C172623
NCIT:C9384	NCIT:C174565
NCIT:C9384	NCIT:C189241
NCIT:C9384	NCIT:C189244
NCIT:C9384	NCIT:C210816
NCIT:C9384	NCIT:C218459
NCIT:C9384	NCIT:C27806
NCIT:C9384	NCIT:C39807
NCIT:C9384	NCIT:C6142
NCIT:C9384	NCIT:C6194
NCIT:C9384	NCIT:C7572
NCIT:C9384	NCIT:C9385
NCIT:C9385	NCIT:C100051
NCIT:C9385	NCIT:C140322
NCIT:C9385	NCIT:C150359
NCIT:C9385	NCIT:C150595
NCIT:C9385	NCIT:C154494
NCIT:C9385	NCIT:C154545
NCIT:C9385	NCIT:C154547
NCIT:C9385	NCIT:C156464
NCIT:C9385	NCIT:C157718
NCIT:C9385	NCIT:C164156
NCIT:C9385	NCIT:C165745
NCIT:C9385	NCIT:C189249
NCIT:C9385	NCIT:C191370
NCIT:C9385	NCIT:C191375
NCIT:C9385	NCIT:C202497
NCIT:C9385	NCIT:C205361
NCIT:C9385	NCIT:C207787
NCIT:C9385	NCIT:C27638
NCIT:C9385	NCIT:C39789
NCIT:C9385	NCIT:C4033
NCIT:C9385	NCIT:C6568
NCIT:C9385	NCIT:C7825
NCIT:C9385	NCIT:C90343
NCIT:C9385	NCIT:C91201
NCIT:C9387	NCIT:C9388
NCIT:C9387	NCIT:C9400
NCIT:C9387	NCIT:C9415
NCIT:C9396	NCIT:C9399
NCIT:C9400	NCIT:C9391
NCIT:C9400	NCIT:C9409
NCIT:C9400	NCIT:C9411
NCIT:C9400	NCIT:C9413
NCIT:C9415	NCIT:C9390
NCIT:C9415	NCIT:C9410
NCIT:C9415	NCIT:C9412
NCIT:C9415	NCIT:C9414
NCIT:C9417	NCIT:C197815
NCIT:C9417	NCIT:C4263
NCIT:C9417	NCIT:C6851
NCIT:C9417	NCIT:C9026
NCIT:C9417	NCIT:C9027
NCIT:C9418	NCIT:C121871
NCIT:C9418	NCIT:C168667
NCIT:C9418	NCIT:C197813
NCIT:C9418	NCIT:C213627
NCIT:C9418	NCIT:C53994
NCIT:C9418	NCIT:C6850
NCIT:C9418	NCIT:C9030
NCIT:C9431	NCIT:C114483
NCIT:C9431	NCIT:C188453
NCIT:C9431	NCIT:C198662
NCIT:C9431	NCIT:C209277
NCIT:C9431	NCIT:C43223
NCIT:C9431	NCIT:C4989
NCIT:C9431	NCIT:C5165
NCIT:C9431	NCIT:C5640
NCIT:C9431	NCIT:C68744
NCIT:C9431	NCIT:C80373
NCIT:C9431	NCIT:C82339
NCIT:C9431	NCIT:C82596
NCIT:C9431	NCIT:C9233
NCIT:C94378	NCIT:C197963
NCIT:C94378	NCIT:C197964
NCIT:C94379	NCIT:C94382
NCIT:C94379	NCIT:C94383
NCIT:C94379	NCIT:C94385
NCIT:C94379	NCIT:C94386
NCIT:C94379	NCIT:C94387
NCIT:C94379	NCIT:C94388
NCIT:C94379	NCIT:C94389
NCIT:C94408	NCIT:C220173
NCIT:C94408	NCIT:C99087
NCIT:C9446	NCIT:C9451
NCIT:C9446	NCIT:C9452
NCIT:C9447	NCIT:C9450
NCIT:C9447	NCIT:C9453
NCIT:C9448	NCIT:C9449
NCIT:C9448	NCIT:C9454
NCIT:C9460	NCIT:C135725
NCIT:C9460	NCIT:C135726
NCIT:C94604	NCIT:C17375
NCIT:C94604	NCIT:C19260
NCIT:C9461	NCIT:C157763
NCIT:C9461	NCIT:C191857
NCIT:C9461	NCIT:C191860
NCIT:C9461	NCIT:C191861
NCIT:C9465	NCIT:C133003
NCIT:C9465	NCIT:C156081
NCIT:C9465	NCIT:C213291
NCIT:C9465	NCIT:C4043
NCIT:C9465	NCIT:C6700
NCIT:C9465	NCIT:C8595
NCIT:C9465	NCIT:C90524
NCIT:C9465	NCIT:C91251
NCIT:C9465	NCIT:C9241
NCIT:C9466	NCIT:C102872
NCIT:C9466	NCIT:C132814
NCIT:C9466	NCIT:C156080
NCIT:C9466	NCIT:C222757
NCIT:C9466	NCIT:C35692
NCIT:C9466	NCIT:C3871
NCIT:C9466	NCIT:C4942
NCIT:C9466	NCIT:C5103
NCIT:C9466	NCIT:C5818
NCIT:C9466	NCIT:C8768
NCIT:C9466	NCIT:C8769
NCIT:C9466	NCIT:C8770
NCIT:C9466	NCIT:C8771
NCIT:C9466	NCIT:C90525
NCIT:C9466	NCIT:C9105
NCIT:C9466	NCIT:C91252
NCIT:C9466	NCIT:C9465
NCIT:C9470	NCIT:C162688
NCIT:C9470	NCIT:C162689
NCIT:C9470	NCIT:C206377
NCIT:C9470	NCIT:C27366
NCIT:C9470	NCIT:C37195
NCIT:C9470	NCIT:C37196
NCIT:C9470	NCIT:C9471
NCIT:C9474	NCIT:C102570
NCIT:C9474	NCIT:C217655
NCIT:C9474	NCIT:C40125
NCIT:C9474	NCIT:C40229
NCIT:C9474	NCIT:C40277
NCIT:C9474	NCIT:C6336
NCIT:C9474	NCIT:C7317
NCIT:C9475	NCIT:C6286
NCIT:C9475	NCIT:C6809
NCIT:C94754	NCIT:C9111
NCIT:C94756	NCIT:C212070
NCIT:C94759	NCIT:C176705
NCIT:C94759	NCIT:C45840
NCIT:C94759	NCIT:C8388
NCIT:C94760	NCIT:C140329
NCIT:C94760	NCIT:C176706
NCIT:C94760	NCIT:C4348
NCIT:C94760	NCIT:C45837
NCIT:C94760	NCIT:C48458
NCIT:C94764	NCIT:C136518
NCIT:C94764	NCIT:C136519
NCIT:C94764	NCIT:C188924
NCIT:C94764	NCIT:C188925
NCIT:C94764	NCIT:C213342
NCIT:C94764	NCIT:C223906
NCIT:C94768	NCIT:C213310
NCIT:C9477	NCIT:C129290
NCIT:C9477	NCIT:C129291
NCIT:C9477	NCIT:C129292
NCIT:C9477	NCIT:C136517
NCIT:C9477	NCIT:C169075
NCIT:C9477	NCIT:C185879
NCIT:C9477	NCIT:C206427
NCIT:C9477	NCIT:C206429
NCIT:C9477	NCIT:C5123
NCIT:C9477	NCIT:C5124
NCIT:C9477	NCIT:C5416
NCIT:C9477	NCIT:C5966
NCIT:C9477	NCIT:C6215
NCIT:C9477	NCIT:C8257
NCIT:C94774	NCIT:C181081
NCIT:C94774	NCIT:C190215
NCIT:C94774	NCIT:C212980
NCIT:C94774	NCIT:C222569
NCIT:C94777	NCIT:C94779
NCIT:C94777	NCIT:C94780
NCIT:C94777	NCIT:C94781
NCIT:C9479	NCIT:C103817
NCIT:C9479	NCIT:C115212
NCIT:C9479	NCIT:C115225
NCIT:C9479	NCIT:C118829
NCIT:C9479	NCIT:C130038
NCIT:C9479	NCIT:C155950
NCIT:C9479	NCIT:C164228
NCIT:C9479	NCIT:C168742
NCIT:C9479	NCIT:C220790
NCIT:C9479	NCIT:C36102
NCIT:C9479	NCIT:C40455
NCIT:C9479	NCIT:C43295
NCIT:C9479	NCIT:C43298
NCIT:C9479	NCIT:C4503
NCIT:C9479	NCIT:C46099
NCIT:C9479	NCIT:C8495
NCIT:C9479	NCIT:C8498
NCIT:C94791	NCIT:C115029
NCIT:C94791	NCIT:C9056
NCIT:C94791	NCIT:C9185
NCIT:C94792	NCIT:C115030
NCIT:C94792	NCIT:C9057
NCIT:C94792	NCIT:C9186
NCIT:C94793	NCIT:C115031
NCIT:C94793	NCIT:C9058
NCIT:C94793	NCIT:C9187
NCIT:C94794	NCIT:C115032
NCIT:C94794	NCIT:C9059
NCIT:C94794	NCIT:C9188
NCIT:C94796	NCIT:C185073
NCIT:C94796	NCIT:C190194
NCIT:C94796	NCIT:C213666
NCIT:C94796	NCIT:C213763
NCIT:C9480	NCIT:C136709
NCIT:C9480	NCIT:C150570
NCIT:C9480	NCIT:C156123
NCIT:C9480	NCIT:C162531
NCIT:C9480	NCIT:C167354
NCIT:C9480	NCIT:C183109
NCIT:C9480	NCIT:C38760
NCIT:C9480	NCIT:C39853
NCIT:C9480	NCIT:C41246
NCIT:C9480	NCIT:C48596
NCIT:C9480	NCIT:C4908
NCIT:C9480	NCIT:C65178
NCIT:C9480	NCIT:C65200
NCIT:C9480	NCIT:C7438
NCIT:C9480	NCIT:C8577
NCIT:C9480	NCIT:C9245
NCIT:C94810	NCIT:C61235
NCIT:C94810	NCIT:C61236
NCIT:C94810	NCIT:C62505
NCIT:C9482	NCIT:C45629
NCIT:C9482	NCIT:C6596
NCIT:C9482	NCIT:C7001
NCIT:C94836	NCIT:C95076
NCIT:C94836	NCIT:C95077
NCIT:C94836	NCIT:C95078
NCIT:C9489	NCIT:C35106
NCIT:C9492	NCIT:C27941
NCIT:C9492	NCIT:C40387
NCIT:C9492	NCIT:C5200
NCIT:C9492	NCIT:C8436
NCIT:C9494	NCIT:C35056
NCIT:C9496	NCIT:C156696
NCIT:C9496	NCIT:C157678
NCIT:C9496	NCIT:C45215
NCIT:C9498	NCIT:C136825
NCIT:C9498	NCIT:C165498
NCIT:C9498	NCIT:C165525
NCIT:C9498	NCIT:C175223
NCIT:C9498	NCIT:C204514
NCIT:C9498	NCIT:C4662
NCIT:C9502	NCIT:C5657
NCIT:C9505	NCIT:C188931
NCIT:C9505	NCIT:C188932
NCIT:C95071	NCIT:C95073
NCIT:C95071	NCIT:C95074
NCIT:C95071	NCIT:C95075
NCIT:C95397	NCIT:C161906
NCIT:C95397	NCIT:C45429
NCIT:C95397	NCIT:C95763
NCIT:C95404	NCIT:C135129
NCIT:C95404	NCIT:C167327
NCIT:C95404	NCIT:C172660
NCIT:C95404	NCIT:C190076
NCIT:C95404	NCIT:C204037
NCIT:C95404	NCIT:C223237
NCIT:C95404	NCIT:C26749
NCIT:C95404	NCIT:C27448
NCIT:C95404	NCIT:C27720
NCIT:C95404	NCIT:C3050
NCIT:C95404	NCIT:C3379
NCIT:C95404	NCIT:C5783
NCIT:C95404	NCIT:C6421
NCIT:C95404	NCIT:C6423
NCIT:C95404	NCIT:C7709
NCIT:C95404	NCIT:C95616
NCIT:C95404	NCIT:C95871
NCIT:C95404	NCIT:C96062
NCIT:C95404	NCIT:C96166
NCIT:C95404	NCIT:C96422
NCIT:C95404	NCIT:C96918
NCIT:C95404	NCIT:C96955
NCIT:C95405	NCIT:C126324
NCIT:C95405	NCIT:C154617
NCIT:C95405	NCIT:C154641
NCIT:C95405	NCIT:C155935
NCIT:C95405	NCIT:C155936
NCIT:C95405	NCIT:C155937
NCIT:C95405	NCIT:C155938
NCIT:C95405	NCIT:C3770
NCIT:C95405	NCIT:C95619
NCIT:C95405	NCIT:C95884
NCIT:C95405	NCIT:C96063
NCIT:C95405	NCIT:C96425
NCIT:C95405	NCIT:C96787
NCIT:C95405	NCIT:C96919
NCIT:C95405	NCIT:C96956
NCIT:C95406	NCIT:C163967
NCIT:C95406	NCIT:C172718
NCIT:C95406	NCIT:C172808
NCIT:C95406	NCIT:C43564
NCIT:C95406	NCIT:C45843
NCIT:C95406	NCIT:C95621
NCIT:C95406	NCIT:C95886
NCIT:C95406	NCIT:C96066
NCIT:C95406	NCIT:C96158
NCIT:C95406	NCIT:C96553
NCIT:C95406	NCIT:C96927
NCIT:C95406	NCIT:C96959
NCIT:C95437	NCIT:C184324
NCIT:C95437	NCIT:C219784
NCIT:C95437	NCIT:C219956
NCIT:C95470	NCIT:C209395
NCIT:C95470	NCIT:C5712
NCIT:C95470	NCIT:C95476
NCIT:C95476	NCIT:C213040
NCIT:C95476	NCIT:C213041
NCIT:C95488	NCIT:C95483
NCIT:C95488	NCIT:C95493
NCIT:C95505	NCIT:C38342
NCIT:C95505	NCIT:C95506
NCIT:C95505	NCIT:C95507
NCIT:C95505	NCIT:C95514
NCIT:C95534	NCIT:C39800
NCIT:C95534	NCIT:C95535
NCIT:C95534	NCIT:C95536
NCIT:C95558	NCIT:C95559
NCIT:C95584	NCIT:C190712
NCIT:C95584	NCIT:C222478
NCIT:C95584	NCIT:C95585
NCIT:C95595	NCIT:C67369
NCIT:C95596	NCIT:C67458
NCIT:C95597	NCIT:C65187
NCIT:C95598	NCIT:C65186
NCIT:C95599	NCIT:C67461
NCIT:C95610	NCIT:C179888
NCIT:C95616	NCIT:C172661
NCIT:C95616	NCIT:C5820
NCIT:C95616	NCIT:C95617
NCIT:C95619	NCIT:C6762
NCIT:C95619	NCIT:C95620
NCIT:C95743	NCIT:C5250
NCIT:C95767	NCIT:C4373
NCIT:C95767	NCIT:C7033
NCIT:C95773	NCIT:C7036
NCIT:C95773	NCIT:C7037
NCIT:C95773	NCIT:C7038
NCIT:C95775	NCIT:C43526
NCIT:C95775	NCIT:C95779
NCIT:C95834	NCIT:C124569
NCIT:C95834	NCIT:C128803
NCIT:C95834	NCIT:C197880
NCIT:C95834	NCIT:C197881
NCIT:C95834	NCIT:C197882
NCIT:C95834	NCIT:C197884
NCIT:C95834	NCIT:C197885
NCIT:C95834	NCIT:C197886
NCIT:C95834	NCIT:C220209
NCIT:C95834	NCIT:C34619
NCIT:C95834	NCIT:C34666
NCIT:C95834	NCIT:C34804
NCIT:C95834	NCIT:C34921
NCIT:C95834	NCIT:C84482
NCIT:C95834	NCIT:C84505
NCIT:C95834	NCIT:C98818
NCIT:C95834	NCIT:C98880
NCIT:C95834	NCIT:C98992
NCIT:C95834	NCIT:C99004
NCIT:C95834	NCIT:C99031
NCIT:C95834	NCIT:C99265
NCIT:C95834	NCIT:C99544
NCIT:C95871	NCIT:C135045
NCIT:C95871	NCIT:C172662
NCIT:C95871	NCIT:C208301
NCIT:C95871	NCIT:C27443
NCIT:C95871	NCIT:C27444
NCIT:C95871	NCIT:C4635
NCIT:C95871	NCIT:C95880
NCIT:C95884	NCIT:C156682
NCIT:C95884	NCIT:C6764
NCIT:C95884	NCIT:C95885
NCIT:C95885	NCIT:C156684
NCIT:C95897	NCIT:C211865
NCIT:C95909	NCIT:C6657
NCIT:C95909	NCIT:C95913
NCIT:C95909	NCIT:C95918
NCIT:C95913	NCIT:C95914
NCIT:C95913	NCIT:C95915
NCIT:C95980	NCIT:C95981
NCIT:C95980	NCIT:C95984
NCIT:C95981	NCIT:C135081
NCIT:C95981	NCIT:C172673
NCIT:C95981	NCIT:C207858
NCIT:C95981	NCIT:C95982
NCIT:C95981	NCIT:C95983
NCIT:C95981	NCIT:C95987
NCIT:C95981	NCIT:C95988
NCIT:C95981	NCIT:C95989
NCIT:C95984	NCIT:C6655
NCIT:C95984	NCIT:C95985
NCIT:C95992	NCIT:C216954
NCIT:C95992	NCIT:C216955
NCIT:C96053	NCIT:C27409
NCIT:C96053	NCIT:C27441
NCIT:C96053	NCIT:C3132
NCIT:C96053	NCIT:C5635
NCIT:C96053	NCIT:C96055
NCIT:C96053	NCIT:C96056
NCIT:C96054	NCIT:C150504
NCIT:C96054	NCIT:C39610
NCIT:C96055	NCIT:C96057
NCIT:C96058	NCIT:C150132
NCIT:C96058	NCIT:C150504
NCIT:C96058	NCIT:C157694
NCIT:C96061	NCIT:C172664
NCIT:C96061	NCIT:C207852
NCIT:C96061	NCIT:C208152
NCIT:C96061	NCIT:C27450
NCIT:C96061	NCIT:C27451
NCIT:C96061	NCIT:C27452
NCIT:C96061	NCIT:C27453
NCIT:C96061	NCIT:C27455
NCIT:C96061	NCIT:C4638
NCIT:C96061	NCIT:C96067
NCIT:C96061	NCIT:C96073
NCIT:C96062	NCIT:C172670
NCIT:C96062	NCIT:C4637
NCIT:C96062	NCIT:C5325
NCIT:C96062	NCIT:C96061
NCIT:C96062	NCIT:C96159
NCIT:C96062	NCIT:C96165
NCIT:C96062	NCIT:C96540
NCIT:C96063	NCIT:C96064
NCIT:C96063	NCIT:C96156
NCIT:C96063	NCIT:C96549
NCIT:C96064	NCIT:C156686
NCIT:C96064	NCIT:C27449
NCIT:C96064	NCIT:C95984
NCIT:C96064	NCIT:C96065
NCIT:C96065	NCIT:C156689
NCIT:C96065	NCIT:C95985
NCIT:C96066	NCIT:C95986
NCIT:C96067	NCIT:C160437
NCIT:C96067	NCIT:C160440
NCIT:C96067	NCIT:C160442
NCIT:C96067	NCIT:C95983
NCIT:C96073	NCIT:C210699
NCIT:C96073	NCIT:C95989
NCIT:C96152	NCIT:C5697
NCIT:C96152	NCIT:C5698
NCIT:C96152	NCIT:C96156
NCIT:C96152	NCIT:C96159
NCIT:C96156	NCIT:C203384
NCIT:C96156	NCIT:C203385
NCIT:C96156	NCIT:C43587
NCIT:C96156	NCIT:C96157
NCIT:C96157	NCIT:C170977
NCIT:C96157	NCIT:C176697
NCIT:C96159	NCIT:C135205
NCIT:C96159	NCIT:C135212
NCIT:C96159	NCIT:C135213
NCIT:C96159	NCIT:C172701
NCIT:C96159	NCIT:C208090
NCIT:C96159	NCIT:C96160
NCIT:C96159	NCIT:C96161
NCIT:C96159	NCIT:C96162
NCIT:C96159	NCIT:C96163
NCIT:C96160	NCIT:C5497
NCIT:C96160	NCIT:C5547
NCIT:C96161	NCIT:C27447
NCIT:C96162	NCIT:C27446
NCIT:C96163	NCIT:C160443
NCIT:C96163	NCIT:C160451
NCIT:C96165	NCIT:C96067
NCIT:C96165	NCIT:C96163
NCIT:C96165	NCIT:C96546
NCIT:C96166	NCIT:C167328
NCIT:C96166	NCIT:C172720
NCIT:C96166	NCIT:C179415
NCIT:C96166	NCIT:C187345
NCIT:C96166	NCIT:C203259
NCIT:C96166	NCIT:C203265
NCIT:C96166	NCIT:C45835
NCIT:C96166	NCIT:C95617
NCIT:C96166	NCIT:C95880
NCIT:C96166	NCIT:C96165
NCIT:C96166	NCIT:C96423
NCIT:C96166	NCIT:C96925
NCIT:C96166	NCIT:C96957
NCIT:C96186	NCIT:C96179
NCIT:C96224	NCIT:C96225
NCIT:C96224	NCIT:C96226
NCIT:C96228	NCIT:C39860
NCIT:C96228	NCIT:C96230
NCIT:C96407	NCIT:C113672
NCIT:C96407	NCIT:C116799
NCIT:C96407	NCIT:C71079
NCIT:C96407	NCIT:C97132
NCIT:C96411	NCIT:C115988
NCIT:C96411	NCIT:C116799
NCIT:C96412	NCIT:C116933
NCIT:C96412	NCIT:C124057
NCIT:C96412	NCIT:C190872
NCIT:C96412	NCIT:C220611
NCIT:C96412	NCIT:C85874
NCIT:C96412	NCIT:C98949
NCIT:C96412	NCIT:C98988
NCIT:C96412	NCIT:C98990
NCIT:C96413	NCIT:C213851
NCIT:C96413	NCIT:C2907
NCIT:C96413	NCIT:C34870
NCIT:C96413	NCIT:C97154
NCIT:C96414	NCIT:C83176
NCIT:C96414	NCIT:C96415
NCIT:C96418	NCIT:C96419
NCIT:C96418	NCIT:C96420
NCIT:C96422	NCIT:C135155
NCIT:C96422	NCIT:C135156
NCIT:C96422	NCIT:C172666
NCIT:C96422	NCIT:C190029
NCIT:C96422	NCIT:C207999
NCIT:C96422	NCIT:C27445
NCIT:C96422	NCIT:C4138
NCIT:C96422	NCIT:C43565
NCIT:C96422	NCIT:C96423
NCIT:C96422	NCIT:C96424
NCIT:C96425	NCIT:C43555
NCIT:C96425	NCIT:C96426
NCIT:C96466	NCIT:C96468
NCIT:C96469	NCIT:C5682
NCIT:C96474	NCIT:C5519
NCIT:C96474	NCIT:C5681
NCIT:C96474	NCIT:C96476
NCIT:C96475	NCIT:C36206
NCIT:C96475	NCIT:C3826
NCIT:C96475	NCIT:C4373
NCIT:C96475	NCIT:C4733
NCIT:C96475	NCIT:C96474
NCIT:C96478	NCIT:C96479
NCIT:C96478	NCIT:C96480
NCIT:C96485	NCIT:C96486
NCIT:C96485	NCIT:C96487
NCIT:C96488	NCIT:C96489
NCIT:C96488	NCIT:C96490
NCIT:C96491	NCIT:C96492
NCIT:C96491	NCIT:C96493
NCIT:C96494	NCIT:C5556
NCIT:C96498	NCIT:C4793
NCIT:C96498	NCIT:C5553
NCIT:C96498	NCIT:C96499
NCIT:C96498	NCIT:C96500
NCIT:C96499	NCIT:C213728
NCIT:C96499	NCIT:C213731
NCIT:C96499	NCIT:C4950
NCIT:C96499	NCIT:C96502
NCIT:C96499	NCIT:C96503
NCIT:C96499	NCIT:C96505
NCIT:C96499	NCIT:C96506
NCIT:C96500	NCIT:C5499
NCIT:C96502	NCIT:C27465
NCIT:C96503	NCIT:C96501
NCIT:C96503	NCIT:C96504
NCIT:C96505	NCIT:C27411
NCIT:C96506	NCIT:C213787
NCIT:C96506	NCIT:C5498
NCIT:C96508	NCIT:C211869
NCIT:C96508	NCIT:C5495
NCIT:C96508	NCIT:C5548
NCIT:C96508	NCIT:C96509
NCIT:C96508	NCIT:C96510
NCIT:C96508	NCIT:C96511
NCIT:C96509	NCIT:C5494
NCIT:C96509	NCIT:C5549
NCIT:C96510	NCIT:C5516
NCIT:C96510	NCIT:C5550
NCIT:C96514	NCIT:C7042
NCIT:C96540	NCIT:C96543
NCIT:C96540	NCIT:C96546
NCIT:C96549	NCIT:C96550
NCIT:C96549	NCIT:C96551
NCIT:C96716	NCIT:C2898
NCIT:C96716	NCIT:C35774
NCIT:C96717	NCIT:C122822
NCIT:C96717	NCIT:C168216
NCIT:C96717	NCIT:C34465
NCIT:C96717	NCIT:C78305
NCIT:C96717	NCIT:C78306
NCIT:C96756	NCIT:C3758
NCIT:C96756	NCIT:C7126
NCIT:C96756	NCIT:C96826
NCIT:C96760	NCIT:C172707
NCIT:C96767	NCIT:C157366
NCIT:C96767	NCIT:C36302
NCIT:C96767	NCIT:C36306
NCIT:C96786	NCIT:C5783
NCIT:C96786	NCIT:C96787
NCIT:C96787	NCIT:C172722
NCIT:C96787	NCIT:C172725
NCIT:C96810	NCIT:C96948
NCIT:C96810	NCIT:C96949
NCIT:C96835	NCIT:C96947
NCIT:C96847	NCIT:C219664
NCIT:C96847	NCIT:C219665
NCIT:C96849	NCIT:C213598
NCIT:C96849	NCIT:C96850
NCIT:C96853	NCIT:C189014
NCIT:C96853	NCIT:C35774
NCIT:C96853	NCIT:C53550
NCIT:C96853	NCIT:C96717
NCIT:C96869	NCIT:C99233
NCIT:C96881	NCIT:C96883
NCIT:C96881	NCIT:C96886
NCIT:C96881	NCIT:C96887
NCIT:C96917	NCIT:C96918
NCIT:C96917	NCIT:C96919
NCIT:C96918	NCIT:C172742
NCIT:C96918	NCIT:C96924
NCIT:C96918	NCIT:C96925
NCIT:C96918	NCIT:C96930
NCIT:C96919	NCIT:C6763
NCIT:C96919	NCIT:C96921
NCIT:C96945	NCIT:C96942
NCIT:C96945	NCIT:C96943
NCIT:C96954	NCIT:C96955
NCIT:C96954	NCIT:C96956
NCIT:C96955	NCIT:C172743
NCIT:C96955	NCIT:C5861
NCIT:C96955	NCIT:C96957
NCIT:C96956	NCIT:C5845
NCIT:C96956	NCIT:C96958
NCIT:C96963	NCIT:C133839
NCIT:C96963	NCIT:C151906
NCIT:C96963	NCIT:C155903
NCIT:C96963	NCIT:C156909
NCIT:C96963	NCIT:C203673
NCIT:C96963	NCIT:C210140
NCIT:C96963	NCIT:C210710
NCIT:C96963	NCIT:C214986
NCIT:C96963	NCIT:C216181
NCIT:C96963	NCIT:C2955
NCIT:C96963	NCIT:C35180
NCIT:C96963	NCIT:C4911
NCIT:C96963	NCIT:C7622
NCIT:C96963	NCIT:C7724
NCIT:C96963	NCIT:C9291
NCIT:C96963	NCIT:C9330
NCIT:C96963	NCIT:C95405
NCIT:C96963	NCIT:C95406
NCIT:C97045	NCIT:C26838
NCIT:C97045	NCIT:C3292
NCIT:C97045	NCIT:C3298
NCIT:C97045	NCIT:C34955
NCIT:C97073	NCIT:C175210
NCIT:C97073	NCIT:C175707
NCIT:C97073	NCIT:C202073
NCIT:C97073	NCIT:C210892
NCIT:C97073	NCIT:C214868
NCIT:C97073	NCIT:C8967
NCIT:C97075	NCIT:C34807
NCIT:C97075	NCIT:C5183
NCIT:C97075	NCIT:C75471
NCIT:C97077	NCIT:C117323
NCIT:C97078	NCIT:C175429
NCIT:C97078	NCIT:C175478
NCIT:C97078	NCIT:C181909
NCIT:C97078	NCIT:C216953
NCIT:C97078	NCIT:C97084
NCIT:C97085	NCIT:C197974
NCIT:C97087	NCIT:C99034
NCIT:C97089	NCIT:C128119
NCIT:C97089	NCIT:C131645
NCIT:C97089	NCIT:C3154
NCIT:C97089	NCIT:C53655
NCIT:C97089	NCIT:C61259
NCIT:C97089	NCIT:C84615
NCIT:C97089	NCIT:C84720
NCIT:C97089	NCIT:C84723
NCIT:C97089	NCIT:C99015
NCIT:C97090	NCIT:C81315
NCIT:C97090	NCIT:C84523
NCIT:C97090	NCIT:C84546
NCIT:C97090	NCIT:C84568
NCIT:C97090	NCIT:C84597
NCIT:C97090	NCIT:C84765
NCIT:C97090	NCIT:C84937
NCIT:C97090	NCIT:C85040
NCIT:C97090	NCIT:C98640
NCIT:C97090	NCIT:C98674
NCIT:C97090	NCIT:C98863
NCIT:C97090	NCIT:C99101
NCIT:C97092	NCIT:C117115
NCIT:C97092	NCIT:C117254
NCIT:C97092	NCIT:C84525
NCIT:C97092	NCIT:C84710
NCIT:C97092	NCIT:C84890
NCIT:C97092	NCIT:C98699
NCIT:C97092	NCIT:C98991
NCIT:C97093	NCIT:C131296
NCIT:C97093	NCIT:C131814
NCIT:C97093	NCIT:C131815
NCIT:C97093	NCIT:C48899
NCIT:C97093	NCIT:C84594
NCIT:C97096	NCIT:C172807
NCIT:C97096	NCIT:C27725
NCIT:C97096	NCIT:C84536
NCIT:C97096	NCIT:C84697
NCIT:C97096	NCIT:C84698
NCIT:C97096	NCIT:C84759
NCIT:C97096	NCIT:C85219
NCIT:C97109	NCIT:C118707
NCIT:C97109	NCIT:C217398
NCIT:C97109	NCIT:C3891
NCIT:C97110	NCIT:C123638
NCIT:C97110	NCIT:C213852
NCIT:C97110	NCIT:C3381
NCIT:C97110	NCIT:C6815
NCIT:C97110	NCIT:C85179
NCIT:C97110	NCIT:C99063
NCIT:C97145	NCIT:C27162
NCIT:C97151	NCIT:C101038
NCIT:C97151	NCIT:C101039
NCIT:C97151	NCIT:C34348
NCIT:C97151	NCIT:C35107
NCIT:C97151	NCIT:C35729
NCIT:C97151	NCIT:C87121
NCIT:C97151	NCIT:C89337
NCIT:C97151	NCIT:C97171
NCIT:C97151	NCIT:C97172
NCIT:C97151	NCIT:C97173
NCIT:C97151	NCIT:C97174
NCIT:C97151	NCIT:C98887
NCIT:C97151	NCIT:C99011
NCIT:C97151	NCIT:C99105
NCIT:C97151	NCIT:C99142
NCIT:C97154	NCIT:C129069
NCIT:C97154	NCIT:C197925
NCIT:C97154	NCIT:C197976
NCIT:C97154	NCIT:C198703
NCIT:C97154	NCIT:C26760
NCIT:C97154	NCIT:C26920
NCIT:C97154	NCIT:C27030
NCIT:C97154	NCIT:C27199
NCIT:C97154	NCIT:C2936
NCIT:C97154	NCIT:C2938
NCIT:C97154	NCIT:C3020
NCIT:C97154	NCIT:C3111
NCIT:C97154	NCIT:C40423
NCIT:C97154	NCIT:C84624
NCIT:C97154	NCIT:C84947
NCIT:C97154	NCIT:C85186
NCIT:C97154	NCIT:C96412
NCIT:C97154	NCIT:C98890
NCIT:C97154	NCIT:C98920
NCIT:C97154	NCIT:C99056
NCIT:C97155	NCIT:C92562
NCIT:C97155	NCIT:C92563
NCIT:C97160	NCIT:C35092
NCIT:C97171	NCIT:C121970
NCIT:C97171	NCIT:C219796
NCIT:C97171	NCIT:C219877
NCIT:C97171	NCIT:C34421
NCIT:C97171	NCIT:C35080
NCIT:C97171	NCIT:C35515
NCIT:C97171	NCIT:C35611
NCIT:C97171	NCIT:C84790
NCIT:C97171	NCIT:C87072
NCIT:C97171	NCIT:C97071
NCIT:C97171	NCIT:C97072
NCIT:C97171	NCIT:C98813
NCIT:C97171	NCIT:C98881
NCIT:C97171	NCIT:C98924
NCIT:C97171	NCIT:C98960
NCIT:C97171	NCIT:C98961
NCIT:C97171	NCIT:C98975
NCIT:C97171	NCIT:C98987
NCIT:C97172	NCIT:C101198
NCIT:C97172	NCIT:C101214
NCIT:C97172	NCIT:C105595
NCIT:C97172	NCIT:C116936
NCIT:C97172	NCIT:C124557
NCIT:C97172	NCIT:C4976
NCIT:C97172	NCIT:C84687
NCIT:C97172	NCIT:C84834
NCIT:C97172	NCIT:C84937
NCIT:C97172	NCIT:C97073
NCIT:C97172	NCIT:C98874
NCIT:C97172	NCIT:C98876
NCIT:C97172	NCIT:C98890
NCIT:C97172	NCIT:C98905
NCIT:C97172	NCIT:C98907
NCIT:C97172	NCIT:C98913
NCIT:C97172	NCIT:C98949
NCIT:C97172	NCIT:C98988
NCIT:C97172	NCIT:C98990
NCIT:C97172	NCIT:C98999
NCIT:C97172	NCIT:C99056
NCIT:C97173	NCIT:C35376
NCIT:C97173	NCIT:C35754
NCIT:C97173	NCIT:C98882
NCIT:C97173	NCIT:C99028
NCIT:C97174	NCIT:C156032
NCIT:C97174	NCIT:C206690
NCIT:C97174	NCIT:C27048
NCIT:C97174	NCIT:C98822
NCIT:C97179	NCIT:C88412
NCIT:C97179	NCIT:C97164
NCIT:C97310	NCIT:C198587
NCIT:C97310	NCIT:C198594
NCIT:C98291	NCIT:C3877
NCIT:C98291	NCIT:C8110
NCIT:C98541	NCIT:C120169
NCIT:C98541	NCIT:C155312
NCIT:C98541	NCIT:C26861
NCIT:C98541	NCIT:C26869
NCIT:C98541	NCIT:C28397
NCIT:C98541	NCIT:C2888
NCIT:C98541	NCIT:C3199
NCIT:C98541	NCIT:C34997
NCIT:C98541	NCIT:C35390
NCIT:C98541	NCIT:C35712
NCIT:C98541	NCIT:C35713
NCIT:C98541	NCIT:C39658
NCIT:C98541	NCIT:C51447
NCIT:C98541	NCIT:C85037
NCIT:C98541	NCIT:C90599
NCIT:C98541	NCIT:C91762
NCIT:C98541	NCIT:C98847
NCIT:C98585	NCIT:C98590
NCIT:C98585	NCIT:C98592
NCIT:C98585	NCIT:C98597
NCIT:C98585	NCIT:C98598
NCIT:C98640	NCIT:C129032
NCIT:C98640	NCIT:C98641
NCIT:C98678	NCIT:C173146
NCIT:C98678	NCIT:C84585
NCIT:C98678	NCIT:C98683
NCIT:C98700	NCIT:C118313
NCIT:C98700	NCIT:C118374
NCIT:C98700	NCIT:C118375
NCIT:C98700	NCIT:C220122
NCIT:C98802	NCIT:C101191
NCIT:C98802	NCIT:C101192
NCIT:C98802	NCIT:C27064
NCIT:C98802	NCIT:C35012
NCIT:C98802	NCIT:C50614
NCIT:C98803	NCIT:C197915
NCIT:C98805	NCIT:C101045
NCIT:C98805	NCIT:C110936
NCIT:C98814	NCIT:C101187
NCIT:C98814	NCIT:C101188
NCIT:C98826	NCIT:C101338
NCIT:C98826	NCIT:C98701
NCIT:C98827	NCIT:C101024
NCIT:C98828	NCIT:C101025
NCIT:C98828	NCIT:C101026
NCIT:C98828	NCIT:C101027
NCIT:C98842	NCIT:C99247
NCIT:C98874	NCIT:C98875
NCIT:C98874	NCIT:C98900
NCIT:C98874	NCIT:C98976
NCIT:C98874	NCIT:C99128
NCIT:C98877	NCIT:C103956
NCIT:C98877	NCIT:C98879
NCIT:C98882	NCIT:C103226
NCIT:C98882	NCIT:C97124
NCIT:C98882	NCIT:C98809
NCIT:C98882	NCIT:C98892
NCIT:C98882	NCIT:C98895
NCIT:C98882	NCIT:C99034
NCIT:C98882	NCIT:C99035
NCIT:C98885	NCIT:C123026
NCIT:C98885	NCIT:C123254
NCIT:C98885	NCIT:C123255
NCIT:C98885	NCIT:C220215
NCIT:C98885	NCIT:C40341
NCIT:C98885	NCIT:C98915
NCIT:C98885	NCIT:C98917
NCIT:C98885	NCIT:C98947
NCIT:C98885	NCIT:C99005
NCIT:C98885	NCIT:C99006
NCIT:C98885	NCIT:C99021
NCIT:C98885	NCIT:C99041
NCIT:C98887	NCIT:C161553
NCIT:C98887	NCIT:C161554
NCIT:C98887	NCIT:C161555
NCIT:C98887	NCIT:C174562
NCIT:C98887	NCIT:C219880
NCIT:C98887	NCIT:C98814
NCIT:C98887	NCIT:C98888
NCIT:C98887	NCIT:C98989
NCIT:C98888	NCIT:C101194
NCIT:C98888	NCIT:C101195
NCIT:C98896	NCIT:C48900
NCIT:C98896	NCIT:C87110
NCIT:C98896	NCIT:C87120
NCIT:C98896	NCIT:C87125
NCIT:C98896	NCIT:C98897
NCIT:C98896	NCIT:C99141
NCIT:C98899	NCIT:C103923
NCIT:C98910	NCIT:C176895
NCIT:C98912	NCIT:C219875
NCIT:C98920	NCIT:C99013
NCIT:C98923	NCIT:C123177
NCIT:C98923	NCIT:C123178
NCIT:C98942	NCIT:C131644
NCIT:C98942	NCIT:C219981
NCIT:C98942	NCIT:C26721
NCIT:C98942	NCIT:C26770
NCIT:C98942	NCIT:C26799
NCIT:C98942	NCIT:C27146
NCIT:C98942	NCIT:C84705
NCIT:C98942	NCIT:C98937
NCIT:C98942	NCIT:C98938
NCIT:C98942	NCIT:C98939
NCIT:C98942	NCIT:C98940
NCIT:C98942	NCIT:C98941
NCIT:C98985	NCIT:C157504
NCIT:C98986	NCIT:C142171
NCIT:C98986	NCIT:C142172
NCIT:C98986	NCIT:C148366
NCIT:C98986	NCIT:C183527
NCIT:C98986	NCIT:C183531
NCIT:C98986	NCIT:C219868
NCIT:C98989	NCIT:C101189
NCIT:C98989	NCIT:C101190
NCIT:C98989	NCIT:C206113
NCIT:C98995	NCIT:C101200
NCIT:C98996	NCIT:C101304
NCIT:C98996	NCIT:C111857
NCIT:C98996	NCIT:C112865
NCIT:C98996	NCIT:C113156
NCIT:C98996	NCIT:C113421
NCIT:C98996	NCIT:C113485
NCIT:C98996	NCIT:C114906
NCIT:C98996	NCIT:C114907
NCIT:C98996	NCIT:C116008
NCIT:C98996	NCIT:C116708
NCIT:C98996	NCIT:C116771
NCIT:C98996	NCIT:C116783
NCIT:C98996	NCIT:C116800
NCIT:C98996	NCIT:C116818
NCIT:C98996	NCIT:C116819
NCIT:C98996	NCIT:C116955
NCIT:C98996	NCIT:C118509
NCIT:C98996	NCIT:C3845
NCIT:C98996	NCIT:C50666
NCIT:C98996	NCIT:C50667
NCIT:C98996	NCIT:C84446
NCIT:C98996	NCIT:C84593
NCIT:C98996	NCIT:C99231
NCIT:C98996	NCIT:C99232
NCIT:C98996	NCIT:C99233
NCIT:C98996	NCIT:C99236
NCIT:C98996	NCIT:C99247
NCIT:C98996	NCIT:C99248
NCIT:C98996	NCIT:C99251
NCIT:C98996	NCIT:C99255
NCIT:C98998	NCIT:C99255
NCIT:C98999	NCIT:C101268
NCIT:C98999	NCIT:C101269
NCIT:C99013	NCIT:C99112
NCIT:C99017	NCIT:C101199
NCIT:C99017	NCIT:C103189
NCIT:C99017	NCIT:C116900
NCIT:C99021	NCIT:C123210
NCIT:C99021	NCIT:C123211
NCIT:C99030	NCIT:C99066
NCIT:C99030	NCIT:C99144
NCIT:C99030	NCIT:C99897
NCIT:C99031	NCIT:C99032
NCIT:C99031	NCIT:C99033
NCIT:C99041	NCIT:C101219
NCIT:C99041	NCIT:C101220
NCIT:C99061	NCIT:C101032
NCIT:C99063	NCIT:C101272
NCIT:C99064	NCIT:C34754
NCIT:C99064	NCIT:C34787
NCIT:C99064	NCIT:C78603
NCIT:C99067	NCIT:C99068
NCIT:C99067	NCIT:C99069
NCIT:C99067	NCIT:C99070
NCIT:C99067	NCIT:C99071
NCIT:C99067	NCIT:C99072
NCIT:C99087	NCIT:C220134
NCIT:C99107	NCIT:C101339
NCIT:C99107	NCIT:C123901
NCIT:C99107	NCIT:C132727
NCIT:C99107	NCIT:C150134
NCIT:C99107	NCIT:C159323
NCIT:C99107	NCIT:C3410
NCIT:C99107	NCIT:C49343
NCIT:C99107	NCIT:C78565
NCIT:C99107	NCIT:C99042
NCIT:C99108	NCIT:C111857
NCIT:C99109	NCIT:C126740
NCIT:C99109	NCIT:C126741
NCIT:C99109	NCIT:C126742
NCIT:C99109	NCIT:C126743
NCIT:C99109	NCIT:C128118
NCIT:C99110	NCIT:C99111
NCIT:C99137	NCIT:C103917
NCIT:C99137	NCIT:C110942
NCIT:C99137	NCIT:C186229
NCIT:C99137	NCIT:C84742
NCIT:C99137	NCIT:C98886
NCIT:C99137	NCIT:C98916
NCIT:C99137	NCIT:C98958
NCIT:C99137	NCIT:C99106
NCIT:C99231	NCIT:C115988
NCIT:C99231	NCIT:C116799
NCIT:C99231	NCIT:C116802
NCIT:C99231	NCIT:C116806
NCIT:C99231	NCIT:C116807
NCIT:C99231	NCIT:C116810
NCIT:C99231	NCIT:C116811
NCIT:C99231	NCIT:C116814
NCIT:C99231	NCIT:C116816
NCIT:C99231	NCIT:C116817
NCIT:C99231	NCIT:C122427
NCIT:C99231	NCIT:C34992
NCIT:C99232	NCIT:C101028
NCIT:C99232	NCIT:C101037
NCIT:C99232	NCIT:C118312
NCIT:C99248	NCIT:C114899
NCIT:C99248	NCIT:C114902
NCIT:C99383	NCIT:C116345
NCIT:C99383	NCIT:C116919
NCIT:C99383	NCIT:C122414
NCIT:C99383	NCIT:C3243
NCIT:C99383	NCIT:C60989
NCIT:C99538	NCIT:C101050
NCIT:C99538	NCIT:C124589
NCIT:C99538	NCIT:C124591
NCIT:C99538	NCIT:C191625
NCIT:C99538	NCIT:C61453
NCIT:C99538	NCIT:C84473
NCIT:C99538	NCIT:C84506
NCIT:C99544	NCIT:C157266
NCIT:C99704	NCIT:C165532
NCIT:C99704	NCIT:C197895
NCIT:C99704	NCIT:C197896
NCIT:C99704	NCIT:C197899
NCIT:C99704	NCIT:C50461
NCIT:C99704	NCIT:C99709
NCIT:C99938	NCIT:C100062
